pair_id,score,edge_id,fine_partition,coarse_partition,fine_components,coarse_components,merged_blocks,mean_budget_delta,ncsAURC_delta,direction
HandWritten-Mfeat__TMC,native_nonvacuity,E000,P001,P000,2,1,0+1,-1.2204063463222703,-0.04911827869258145,coarsening_improves
HandWritten-Mfeat__TMC,native_nonvacuity,E001,P002,P000,2,1,0+1,-0.7950895618789946,0.37622339914713054,coarsening_worsens
HandWritten-Mfeat__TMC,native_nonvacuity,E002,P003,P000,2,1,0+1,-0.5812958631259972,0.3074370523719495,coarsening_worsens
HandWritten-Mfeat__TMC,native_nonvacuity,E003,P004,P001,3,2,0+1,-0.8991493423304635,0.38802911764804926,coarsening_worsens
HandWritten-Mfeat__TMC,native_nonvacuity,E004,P004,P002,3,2,0+2,-1.3244661267737392,-0.037312560191662736,coarsening_improves
HandWritten-Mfeat__TMC,native_nonvacuity,E005,P004,P003,3,2,1+2,-1.5382598255267368,0.03147378658351832,coarsening_worsens
HandWritten-Mfeat__TMC,native_nonvacuity,E006,P005,P000,2,1,0+1,-0.9946322264971168,0.2261565945959788,coarsening_worsens
HandWritten-Mfeat__TMC,native_nonvacuity,E007,P006,P000,2,1,0+1,-0.5024360918714157,0.2561264467886101,coarsening_worsens
HandWritten-Mfeat__TMC,native_nonvacuity,E008,P007,P001,3,2,0+1,-1.004733733167122,0.33774584210558534,coarsening_worsens
HandWritten-Mfeat__TMC,native_nonvacuity,E009,P007,P005,3,2,0+2,-1.2305078529922755,0.06247096881702505,coarsening_worsens
HandWritten-Mfeat__TMC,native_nonvacuity,E010,P007,P006,3,2,1+2,-1.7227039876179768,0.032501116624393755,coarsening_worsens
HandWritten-Mfeat__TMC,native_nonvacuity,E011,P008,P000,2,1,0+1,-0.3695374144300659,0.37350491918705053,coarsening_worsens
HandWritten-Mfeat__TMC,native_nonvacuity,E012,P009,P000,2,1,0+1,-0.708445483294905,0.3651105171886364,coarsening_worsens
HandWritten-Mfeat__TMC,native_nonvacuity,E013,P010,P001,3,2,0+1,-0.7365939738251106,0.28897972048905285,coarsening_worsens
HandWritten-Mfeat__TMC,native_nonvacuity,E014,P010,P008,3,2,0+2,-1.587462905717315,-0.13364347739057916,coarsening_improves
HandWritten-Mfeat__TMC,native_nonvacuity,E015,P010,P009,3,2,1+2,-1.248554836852476,-0.12524907539216504,coarsening_improves
HandWritten-Mfeat__TMC,native_nonvacuity,E016,P011,P002,3,2,0+1,-1.024075506522153,0.0505213315361325,coarsening_worsens
HandWritten-Mfeat__TMC,native_nonvacuity,E017,P011,P005,3,2,0+2,-0.8245328419040308,0.20058813608728424,coarsening_worsens
HandWritten-Mfeat__TMC,native_nonvacuity,E018,P011,P008,3,2,1+2,-1.4496276539710817,0.053239811496212514,coarsening_worsens
HandWritten-Mfeat__TMC,native_nonvacuity,E019,P012,P002,3,2,0+1,-0.888834424621491,0.04438783550134541,coarsening_worsens
HandWritten-Mfeat__TMC,native_nonvacuity,E020,P012,P006,3,2,0+2,-1.1814878946290701,0.16448478785986587,coarsening_worsens
HandWritten-Mfeat__TMC,native_nonvacuity,E021,P012,P009,3,2,1+2,-0.9754785032055806,0.055500717459839546,coarsening_worsens
HandWritten-Mfeat__TMC,native_nonvacuity,E022,P013,P003,3,2,0+1,-1.287072285465729,0.06786194325169281,coarsening_worsens
HandWritten-Mfeat__TMC,native_nonvacuity,E023,P013,P005,3,2,0+2,-0.8737359220946093,0.1491424010276635,coarsening_worsens
HandWritten-Mfeat__TMC,native_nonvacuity,E024,P013,P009,3,2,1+2,-1.159922665296821,0.010188478435005893,coarsening_worsens
HandWritten-Mfeat__TMC,native_nonvacuity,E025,P014,P004,4,3,0+1,-1.2870722854657286,0.09627988892131444,coarsening_worsens
HandWritten-Mfeat__TMC,native_nonvacuity,E026,P014,P007,4,3,0+2,-1.1814878946290701,0.14656316446377837,coarsening_worsens
HandWritten-Mfeat__TMC,native_nonvacuity,E027,P014,P010,4,3,1+2,-1.4496276539710815,0.19532928608031086,coarsening_worsens
HandWritten-Mfeat__TMC,native_nonvacuity,E028,P014,P011,4,3,0+3,-1.5874629057173149,0.008445997193519197,coarsening_worsens
HandWritten-Mfeat__TMC,native_nonvacuity,E029,P014,P012,4,3,1+3,-1.7227039876179768,0.01457949322830629,coarsening_worsens
HandWritten-Mfeat__TMC,native_nonvacuity,E030,P014,P013,4,3,2+3,-1.5382598255267363,0.05989173225313994,coarsening_worsens
HandWritten-Mfeat__TMC,native_nonvacuity,E031,P015,P000,2,1,0+1,-5.20675875305964,0.4849924315196089,coarsening_worsens
HandWritten-Mfeat__TMC,native_nonvacuity,E032,P016,P000,2,1,0+1,-0.391581946237686,0.31112279998088466,coarsening_worsens
HandWritten-Mfeat__TMC,native_nonvacuity,E033,P017,P001,3,2,0+1,-5.207111704722254,0.5344941573293627,coarsening_worsens
HandWritten-Mfeat__TMC,native_nonvacuity,E034,P017,P015,3,2,0+2,-1.220759297984884,0.00038344711717226265,coarsening_worsens
HandWritten-Mfeat__TMC,native_nonvacuity,E035,P017,P016,3,2,1+2,-6.035936104806838,0.1742530786558965,coarsening_worsens
HandWritten-Mfeat__TMC,native_nonvacuity,E036,P018,P000,2,1,0+1,-0.4822681965921403,0.4113806576831497,coarsening_worsens
HandWritten-Mfeat__TMC,native_nonvacuity,E037,P019,P000,2,1,0+1,-0.34777044343905095,0.3727645694976222,coarsening_worsens
HandWritten-Mfeat__TMC,native_nonvacuity,E038,P020,P001,3,2,0+1,-0.587739711832288,0.4283136488098869,coarsening_worsens
HandWritten-Mfeat__TMC,native_nonvacuity,E039,P020,P018,3,2,0+2,-1.325877861562418,-0.032185287565844226,coarsening_improves
HandWritten-Mfeat__TMC,native_nonvacuity,E040,P020,P019,3,2,1+2,-1.4603756147155074,0.006430800619683291,coarsening_worsens
HandWritten-Mfeat__TMC,native_nonvacuity,E041,P021,P002,3,2,0+1,-5.210355184653633,0.10955630576388035,coarsening_worsens
HandWritten-Mfeat__TMC,native_nonvacuity,E042,P021,P015,3,2,0+2,-0.7986859934729873,0.0007872733914019697,coarsening_worsens
HandWritten-Mfeat__TMC,native_nonvacuity,E043,P021,P018,3,2,1+2,-5.523176549940487,0.07439904722786118,coarsening_worsens
HandWritten-Mfeat__TMC,native_nonvacuity,E044,P022,P002,3,2,0+1,-0.5002969414092115,0.049997669628920605,coarsening_worsens
HandWritten-Mfeat__TMC,native_nonvacuity,E045,P022,P016,3,2,0+2,-0.9038045570505202,0.11509826879516646,coarsening_worsens
HandWritten-Mfeat__TMC,native_nonvacuity,E046,P022,P019,3,2,1+2,-0.9476160598491552,0.05345649927842895,coarsening_worsens
HandWritten-Mfeat__TMC,native_nonvacuity,E047,P023,P003,3,2,0+1,-5.21176691944231,0.17736225543642262,coarsening_worsens
HandWritten-Mfeat__TMC,native_nonvacuity,E048,P023,P015,3,2,0+2,-0.5863040295086668,-0.00019312371123682195,coarsening_improves
HandWritten-Mfeat__TMC,native_nonvacuity,E049,P023,P019,3,2,1+2,-5.4452923391292565,0.1120347383107499,coarsening_worsens
HandWritten-Mfeat__TMC,native_nonvacuity,E050,P024,P004,4,3,0+1,-5.21176691944231,0.14737685811672943,coarsening_worsens
HandWritten-Mfeat__TMC,native_nonvacuity,E051,P024,P017,4,3,0+2,-0.9038045570505195,0.0009118184354160431,coarsening_worsens
HandWritten-Mfeat__TMC,native_nonvacuity,E052,P024,P020,4,3,1+2,-5.5231765499404855,0.10709232695489174,coarsening_worsens
HandWritten-Mfeat__TMC,native_nonvacuity,E053,P024,P021,4,3,0+3,-1.3258778615624163,0.0005079921611863361,coarsening_worsens
HandWritten-Mfeat__TMC,native_nonvacuity,E054,P024,P022,4,3,1+3,-6.035936104806838,0.060066628296146084,coarsening_worsens
HandWritten-Mfeat__TMC,native_nonvacuity,E055,P024,P023,4,3,2+3,-1.5382598255267368,0.0014883892638251277,coarsening_worsens
HandWritten-Mfeat__TMC,native_nonvacuity,E056,P025,P000,2,1,0+1,-0.6340326631181634,0.38363507689352805,coarsening_worsens
HandWritten-Mfeat__TMC,native_nonvacuity,E057,P026,P000,2,1,0+1,-0.27432028115314844,0.3891878363210415,coarsening_worsens
HandWritten-Mfeat__TMC,native_nonvacuity,E058,P027,P001,3,2,0+1,-0.6446560048042558,0.40508388485018526,coarsening_worsens
HandWritten-Mfeat__TMC,native_nonvacuity,E059,P027,P025,3,2,0+2,-1.2310296880083627,-0.027669470735924212,coarsening_improves
HandWritten-Mfeat__TMC,native_nonvacuity,E060,P027,P026,3,2,1+2,-1.5907420699733776,-0.03322223016343767,coarsening_improves
HandWritten-Mfeat__TMC,native_nonvacuity,E061,P028,P000,2,1,0+1,-0.2596533979656053,0.3831453612463923,coarsening_worsens
HandWritten-Mfeat__TMC,native_nonvacuity,E062,P029,P000,2,1,0+1,-0.6176660085468431,0.3624609034891673,coarsening_worsens
HandWritten-Mfeat__TMC,native_nonvacuity,E063,P030,P001,3,2,0+1,-0.6369265828583264,0.28602502503422567,coarsening_worsens
HandWritten-Mfeat__TMC,native_nonvacuity,E064,P030,P028,3,2,0+2,-1.5976795312149914,-0.14623861490474813,coarsening_improves
HandWritten-Mfeat__TMC,native_nonvacuity,E065,P030,P029,3,2,1+2,-1.2396669206337536,-0.1255541571475231,coarsening_improves
HandWritten-Mfeat__TMC,native_nonvacuity,E066,P031,P002,3,2,0+1,-0.6707224247995294,0.08362599409695456,coarsening_worsens
HandWritten-Mfeat__TMC,native_nonvacuity,E067,P031,P025,3,2,0+2,-0.8317793235603606,0.07621431635055709,coarsening_worsens
HandWritten-Mfeat__TMC,native_nonvacuity,E068,P031,P028,3,2,1+2,-1.2061585887129187,0.07670403199769277,coarsening_worsens
HandWritten-Mfeat__TMC,native_nonvacuity,E069,P032,P002,3,2,0+1,-0.6776598860411431,0.039856994364108764,coarsening_worsens
HandWritten-Mfeat__TMC,native_nonvacuity,E070,P032,P026,3,2,0+2,-1.1984291667669893,0.026892557190197827,coarsening_worsens
HandWritten-Mfeat__TMC,native_nonvacuity,E071,P032,P029,3,2,1+2,-0.8550834393732947,0.05361949002207199,coarsening_worsens
HandWritten-Mfeat__TMC,native_nonvacuity,E072,P033,P003,3,2,0+1,-0.9439358292407815,0.11325158016203614,coarsening_worsens
HandWritten-Mfeat__TMC,native_nonvacuity,E073,P033,P025,3,2,0+2,-0.8911990292486152,0.037053555640457606,coarsening_worsens
HandWritten-Mfeat__TMC,native_nonvacuity,E074,P033,P029,3,2,1+2,-0.9075656838199355,0.05822772904481831,coarsening_worsens
HandWritten-Mfeat__TMC,native_nonvacuity,E075,P034,P004,4,3,0+1,-0.9439358292407811,0.11376072820536917,coarsening_worsens
HandWritten-Mfeat__TMC,native_nonvacuity,E076,P034,P027,4,3,0+2,-1.1984291667669889,0.09670596100323317,coarsening_worsens
HandWritten-Mfeat__TMC,native_nonvacuity,E077,P034,P030,4,3,1+2,-1.2061585887129183,0.21576482081919277,coarsening_worsens
HandWritten-Mfeat__TMC,native_nonvacuity,E078,P034,P031,4,3,0+3,-1.597679531214991,-0.007177826083248129,coarsening_improves
HandWritten-Mfeat__TMC,native_nonvacuity,E079,P034,P032,4,3,1+3,-1.5907420699733772,0.03659117364959768,coarsening_worsens
HandWritten-Mfeat__TMC,native_nonvacuity,E080,P034,P033,4,3,2+3,-1.5382598255267363,0.03198293462685136,coarsening_worsens
HandWritten-Mfeat__TMC,native_nonvacuity,E081,P035,P005,3,2,0+1,-5.207035078835918,0.25847493214828254,coarsening_worsens
HandWritten-Mfeat__TMC,native_nonvacuity,E082,P035,P015,3,2,0+2,-0.9949085522733938,-0.0003609047753475869,coarsening_improves
HandWritten-Mfeat__TMC,native_nonvacuity,E083,P035,P025,3,2,1+2,-5.567634642214871,0.10099644985073332,coarsening_worsens
HandWritten-Mfeat__TMC,native_nonvacuity,E084,P036,P005,3,2,0+1,-0.4021286620374416,0.15628307799892394,coarsening_worsens
HandWritten-Mfeat__TMC,native_nonvacuity,E085,P036,P016,3,2,0+2,-1.0051789422968724,0.07131687261401806,coarsening_worsens
HandWritten-Mfeat__TMC,native_nonvacuity,E086,P036,P026,3,2,1+2,-1.12244060738141,-0.006748163726138734,coarsening_improves
HandWritten-Mfeat__TMC,native_nonvacuity,E087,P037,P006,3,2,0+1,-5.207556913852004,0.22973464712379915,coarsening_worsens
HandWritten-Mfeat__TMC,native_nonvacuity,E088,P037,P015,3,2,0+2,-0.5032342526637796,0.0008686623928003275,coarsening_worsens
HandWritten-Mfeat__TMC,native_nonvacuity,E089,P037,P026,3,2,1+2,-5.435672724570272,0.09667325759136777,coarsening_worsens
HandWritten-Mfeat__TMC,native_nonvacuity,E090,P038,P007,4,3,0+1,-5.207556913852004,0.19724004681107543,coarsening_worsens
HandWritten-Mfeat__TMC,native_nonvacuity,E091,P038,P017,4,3,0+2,-1.0051789422968724,0.0004917315872981047,coarsening_worsens
HandWritten-Mfeat__TMC,native_nonvacuity,E092,P038,P027,4,3,1+2,-5.567634642214871,0.12990200406647548,coarsening_worsens
HandWritten-Mfeat__TMC,native_nonvacuity,E093,P038,P035,4,3,0+3,-1.2310296880083627,0.0012360834798179543,coarsening_worsens
HandWritten-Mfeat__TMC,native_nonvacuity,E094,P038,P036,4,3,1+3,-6.035936104806838,0.10342793762917654,coarsening_worsens
HandWritten-Mfeat__TMC,native_nonvacuity,E095,P038,P037,4,3,2+3,-1.7227039876179768,6.51631167003985e-06,coarsening_worsens
HandWritten-Mfeat__TMC,native_nonvacuity,E096,P039,P005,3,2,0+1,-0.5156378524557916,0.20547026825351622,coarsening_worsens
HandWritten-Mfeat__TMC,native_nonvacuity,E097,P039,P018,3,2,0+2,-1.0280018823607682,0.020246205166345302,coarsening_worsens
HandWritten-Mfeat__TMC,native_nonvacuity,E098,P039,P028,3,2,1+2,-1.2506166809873032,0.048481501603102675,coarsening_worsens
HandWritten-Mfeat__TMC,native_nonvacuity,E099,P040,P005,3,2,0+1,-0.6529417689552759,0.15034326036201676,coarsening_worsens
HandWritten-Mfeat__TMC,native_nonvacuity,E100,P040,P019,3,2,0+2,-1.2998035520133417,0.0037352854603733693,coarsening_worsens
HandWritten-Mfeat__TMC,native_nonvacuity,E101,P040,P029,3,2,1+2,-1.0299079869055496,0.014038951468828248,coarsening_worsens
HandWritten-Mfeat__TMC,native_nonvacuity,E102,P041,P006,3,2,0+1,-0.8828095306785074,0.17570465142831446,coarsening_worsens
HandWritten-Mfeat__TMC,native_nonvacuity,E103,P041,P018,3,2,0+2,-0.9029774259577827,0.020450440533774844,coarsening_worsens
HandWritten-Mfeat__TMC,native_nonvacuity,E104,P041,P029,3,2,1+2,-0.76757961400308,0.06937019472775724,coarsening_worsens
HandWritten-Mfeat__TMC,native_nonvacuity,E105,P042,P007,4,3,0+1,-0.8828095306785073,0.1483400502984667,coarsening_worsens
HandWritten-Mfeat__TMC,native_nonvacuity,E106,P042,P020,4,3,0+2,-1.2998035520133413,0.05777224359416507,coarsening_worsens
HandWritten-Mfeat__TMC,native_nonvacuity,E107,P042,P030,4,3,1+2,-1.250616680987303,0.20006086736982634,coarsening_worsens
HandWritten-Mfeat__TMC,native_nonvacuity,E108,P042,P039,4,3,0+3,-1.5976795312149912,0.005340750861975545,coarsening_worsens
HandWritten-Mfeat__TMC,native_nonvacuity,E109,P042,P040,4,3,1+3,-1.460375614715507,0.060467758753474994,coarsening_worsens
HandWritten-Mfeat__TMC,native_nonvacuity,E110,P042,P041,4,3,2+3,-1.7227039876179766,0.005136515494546003,coarsening_worsens
HandWritten-Mfeat__TMC,native_nonvacuity,E111,P043,P008,3,2,0+1,-5.214281560492248,0.11162974701466749,coarsening_worsens
HandWritten-Mfeat__TMC,native_nonvacuity,E112,P043,P015,3,2,0+2,-0.3770602218626733,0.0001422346821091016,coarsening_worsens
HandWritten-Mfeat__TMC,native_nonvacuity,E113,P043,P028,3,2,1+2,-5.324165576956709,0.10198930495532568,coarsening_worsens
HandWritten-Mfeat__TMC,native_nonvacuity,E114,P044,P008,3,2,0+1,-0.7760249869004001,0.014185810378834818,coarsening_worsens
HandWritten-Mfeat__TMC,native_nonvacuity,E115,P044,P016,3,2,0+2,-0.75398045509278,0.07656792958500067,coarsening_worsens
HandWritten-Mfeat__TMC,native_nonvacuity,E116,P044,P029,3,2,1+2,-0.5278963927836229,0.02522982607671803,coarsening_worsens
HandWritten-Mfeat__TMC,native_nonvacuity,E117,P045,P009,3,2,0+1,-5.2244981859899235,0.11937734020657143,coarsening_worsens
HandWritten-Mfeat__TMC,native_nonvacuity,E118,P045,P015,3,2,0+2,-0.7261849162251881,-0.0005045741244010986,coarsening_improves
HandWritten-Mfeat__TMC,native_nonvacuity,E119,P045,P029,3,2,1+2,-5.315277660737985,0.12202695390604051,coarsening_worsens
HandWritten-Mfeat__TMC,native_nonvacuity,E120,P046,P010,4,3,0+1,-5.2244981859899235,0.2436492809070036,coarsening_worsens
HandWritten-Mfeat__TMC,native_nonvacuity,E121,P046,P017,4,3,0+2,-0.7539804550927798,-0.0018651559333062112,coarsening_improves
HandWritten-Mfeat__TMC,native_nonvacuity,E122,P046,P030,4,3,1+2,-5.324165576956707,0.24660397636183076,coarsening_worsens
HandWritten-Mfeat__TMC,native_nonvacuity,E123,P046,P043,4,3,0+3,-1.5976795312149905,-0.0016239434982430502,coarsening_improves
HandWritten-Mfeat__TMC,native_nonvacuity,E124,P046,P044,4,3,1+3,-6.035936104806838,0.09581999313758963,coarsening_worsens
HandWritten-Mfeat__TMC,native_nonvacuity,E125,P046,P045,4,3,2+3,-1.2485548368524757,-0.00097713469173285,coarsening_improves
HandWritten-Mfeat__TMC,native_nonvacuity,E126,P047,P011,4,3,0+1,-5.214281560492246,0.05851360145626386,coarsening_worsens
HandWritten-Mfeat__TMC,native_nonvacuity,E127,P047,P021,4,3,0+2,-1.0280018823607664,-0.0005213727714839913,coarsening_improves
HandWritten-Mfeat__TMC,native_nonvacuity,E128,P047,P031,4,3,1+2,-5.56763464221487,0.02540893889544179,coarsening_worsens
HandWritten-Mfeat__TMC,native_nonvacuity,E129,P047,P035,4,3,0+3,-0.8317793235603599,0.0006268053952655653,coarsening_worsens
HandWritten-Mfeat__TMC,native_nonvacuity,E130,P047,P039,4,3,1+3,-5.5231765499404855,0.05363146929003189,coarsening_worsens
HandWritten-Mfeat__TMC,native_nonvacuity,E131,P047,P043,4,3,2+3,-1.4496276539710804,0.0001236659378088768,coarsening_worsens
HandWritten-Mfeat__TMC,native_nonvacuity,E132,P048,P011,4,3,0+1,-0.7760249869003997,0.01710026757933543,coarsening_worsens
HandWritten-Mfeat__TMC,native_nonvacuity,E133,P048,P022,4,3,0+2,-1.299803552013341,0.017623929486547327,coarsening_worsens
HandWritten-Mfeat__TMC,native_nonvacuity,E134,P048,P032,4,3,1+2,-1.1224406073814095,0.027764604751359168,coarsening_worsens
HandWritten-Mfeat__TMC,native_nonvacuity,E135,P048,P036,4,3,0+3,-1.1984291667669889,0.06140532566769573,coarsening_worsens
HandWritten-Mfeat__TMC,native_nonvacuity,E136,P048,P040,4,3,1+3,-0.9476160598491545,0.06734514330460291,coarsening_worsens
HandWritten-Mfeat__TMC,native_nonvacuity,E137,P048,P044,4,3,2+3,-1.4496276539710813,0.056154268696713125,coarsening_worsens
HandWritten-Mfeat__TMC,native_nonvacuity,E138,P049,P012,4,3,0+1,-5.224498185989923,0.06365034384506281,coarsening_worsens
HandWritten-Mfeat__TMC,native_nonvacuity,E139,P049,P021,4,3,0+2,-0.902977425957781,-0.0015181264174721244,coarsening_improves
HandWritten-Mfeat__TMC,native_nonvacuity,E140,P049,P032,4,3,1+2,-5.435672724570271,0.06818118498229946,coarsening_worsens
HandWritten-Mfeat__TMC,native_nonvacuity,E141,P049,P037,4,3,0+3,-1.1984291667669886,-0.0015995154188704823,coarsening_improves
HandWritten-Mfeat__TMC,native_nonvacuity,E142,P049,P041,4,3,1+3,-5.5231765499404855,0.05243048027661421,coarsening_worsens
HandWritten-Mfeat__TMC,native_nonvacuity,E143,P049,P045,4,3,2+3,-0.9754785032055802,-0.00022627890166905616,coarsening_improves
HandWritten-Mfeat__TMC,native_nonvacuity,E144,P050,P013,4,3,0+1,-5.2244981859899235,0.10774591757968326,coarsening_worsens
HandWritten-Mfeat__TMC,native_nonvacuity,E145,P050,P023,4,3,0+2,-1.2998035520133424,-0.00175439460504654,coarsening_improves
HandWritten-Mfeat__TMC,native_nonvacuity,E146,P050,P033,4,3,1+2,-5.5676346422148715,0.06235628066933994,coarsening_worsens
HandWritten-Mfeat__TMC,native_nonvacuity,E147,P050,P035,4,3,0+3,-0.8911990292486154,-0.001586613540935775,coarsening_improves
HandWritten-Mfeat__TMC,native_nonvacuity,E148,P050,P040,4,3,1+3,-5.4452923391292565,0.10654505824532999,coarsening_worsens
HandWritten-Mfeat__TMC,native_nonvacuity,E149,P050,P045,4,3,2+3,-1.159922665296821,-0.0014429441918822634,coarsening_improves
HandWritten-Mfeat__TMC,native_nonvacuity,E150,P051,P014,5,4,0+1,-5.224498185989924,0.04807082023504053,coarsening_worsens
HandWritten-Mfeat__TMC,native_nonvacuity,E151,P051,P024,5,4,0+2,-1.2998035520133424,-0.003026148960374456,coarsening_improves
HandWritten-Mfeat__TMC,native_nonvacuity,E152,P051,P034,5,4,1+2,-5.5676346422148715,0.030589980950985786,coarsening_worsens
HandWritten-Mfeat__TMC,native_nonvacuity,E153,P051,P038,5,4,0+3,-1.1984291667669895,-0.0026060621122565176,coarsening_improves
HandWritten-Mfeat__TMC,native_nonvacuity,E154,P051,P042,5,4,1+3,-5.523176549940487,0.04629393440035221,coarsening_worsens
HandWritten-Mfeat__TMC,native_nonvacuity,E155,P051,P046,5,4,2+3,-1.4496276539710822,-0.00024917459165220163,coarsening_improves
HandWritten-Mfeat__TMC,native_nonvacuity,E156,P051,P047,5,4,0+4,-1.5976795312149923,-0.0019967840277041286,coarsening_improves
HandWritten-Mfeat__TMC,native_nonvacuity,E157,P051,P048,5,4,1+4,-6.035936104806839,0.0394165498492243,coarsening_worsens
HandWritten-Mfeat__TMC,native_nonvacuity,E158,P051,P049,5,4,2+4,-1.7227039876179777,-0.0010000303817159955,coarsening_improves
HandWritten-Mfeat__TMC,native_nonvacuity,E159,P051,P050,5,4,3+4,-1.5382598255267368,0.00021663490849721176,coarsening_worsens
HandWritten-Mfeat__TMC,native_nonvacuity,E160,P052,P000,2,1,0+1,-0.7963170262803108,0.26916402867865763,coarsening_worsens
HandWritten-Mfeat__TMC,native_nonvacuity,E161,P053,P000,2,1,0+1,-0.36410203448587714,0.33992826144097493,coarsening_worsens
HandWritten-Mfeat__TMC,native_nonvacuity,E162,P054,P001,3,2,0+1,-0.8139099231706712,0.2562870693545727,coarsening_worsens
HandWritten-Mfeat__TMC,native_nonvacuity,E163,P054,P052,3,2,0+2,-1.2379992432126308,-0.0619952380166664,coarsening_improves
HandWritten-Mfeat__TMC,native_nonvacuity,E164,P054,P053,3,2,1+2,-1.6702142350070646,-0.1327594707789837,coarsening_improves
HandWritten-Mfeat__TMC,native_nonvacuity,E165,P055,P000,2,1,0+1,-0.2639994841097287,0.41206844496930006,coarsening_worsens
HandWritten-Mfeat__TMC,native_nonvacuity,E166,P056,P000,2,1,0+1,-0.6016249640011593,0.4184516390159474,coarsening_worsens
HandWritten-Mfeat__TMC,native_nonvacuity,E167,P057,P001,3,2,0+1,-0.6144802097003339,0.4069557646494072,coarsening_worsens
HandWritten-Mfeat__TMC,native_nonvacuity,E168,P057,P055,3,2,0+2,-1.5708870719128756,-0.05423095901247435,coarsening_improves
HandWritten-Mfeat__TMC,native_nonvacuity,E169,P057,P056,3,2,1+2,-1.233261592021445,-0.060614153059121656,coarsening_improves
HandWritten-Mfeat__TMC,native_nonvacuity,E170,P058,P002,3,2,0+1,-0.8247755228244713,0.013298299698099675,coarsening_worsens
HandWritten-Mfeat__TMC,native_nonvacuity,E171,P058,P052,3,2,0+2,-0.8235480584231553,0.12035767016657259,coarsening_worsens
HandWritten-Mfeat__TMC,native_nonvacuity,E172,P058,P055,3,2,1+2,-1.3558656005937373,-0.022546746124069844,coarsening_improves
HandWritten-Mfeat__TMC,native_nonvacuity,E173,P059,P002,3,2,0+1,-0.7254483597302823,0.08595507391227471,coarsening_worsens
HandWritten-Mfeat__TMC,native_nonvacuity,E174,P059,P053,3,2,0+2,-1.1564358871233997,0.12225021161843032,coarsening_worsens
HandWritten-Mfeat__TMC,native_nonvacuity,E175,P059,P056,3,2,1+2,-0.9189129576081178,0.04372683404345788,coarsening_worsens
HandWritten-Mfeat__TMC,native_nonvacuity,E176,P060,P003,3,2,0+1,-1.0711964679636075,0.09798229580106979,coarsening_worsens
HandWritten-Mfeat__TMC,native_nonvacuity,E177,P060,P052,3,2,0+2,-0.8561753048092938,0.13625531949436165,coarsening_worsens
HandWritten-Mfeat__TMC,native_nonvacuity,E178,P060,P056,3,2,1+2,-1.0508673670884452,-0.01303229084292809,coarsening_improves
HandWritten-Mfeat__TMC,native_nonvacuity,E179,P061,P004,4,3,0+1,-1.0711964679636075,0.10714519169974708,coarsening_worsens
HandWritten-Mfeat__TMC,native_nonvacuity,E180,P061,P054,4,3,0+2,-1.1564358871233997,0.23888723999322364,coarsening_worsens
HandWritten-Mfeat__TMC,native_nonvacuity,E181,P061,P057,4,3,1+2,-1.355865600593737,0.08821854469838918,coarsening_worsens
HandWritten-Mfeat__TMC,native_nonvacuity,E182,P061,P058,4,3,0+3,-1.5708870719128754,0.05653433180998467,coarsening_worsens
HandWritten-Mfeat__TMC,native_nonvacuity,E183,P061,P059,4,3,1+3,-1.6702142350070643,-0.01612244240419036,coarsening_improves
HandWritten-Mfeat__TMC,native_nonvacuity,E184,P061,P060,4,3,2+3,-1.5382598255267368,0.04063668248219561,coarsening_worsens
HandWritten-Mfeat__TMC,native_nonvacuity,E185,P062,P000,2,1,0+1,-0.4087293633976224,0.3471910912867976,coarsening_worsens
HandWritten-Mfeat__TMC,native_nonvacuity,E186,P063,P000,2,1,0+1,-0.5108131828917393,0.43138141292824994,coarsening_worsens
HandWritten-Mfeat__TMC,native_nonvacuity,E187,P064,P001,3,2,0+1,-0.6353632431732692,0.43581264701754907,coarsening_worsens
HandWritten-Mfeat__TMC,native_nonvacuity,E188,P064,P062,3,2,0+2,-1.4470402260979172,0.039503277038170026,coarsening_worsens
HandWritten-Mfeat__TMC,native_nonvacuity,E189,P064,P063,3,2,1+2,-1.3449564066038002,-0.044687044603282336,coarsening_improves
HandWritten-Mfeat__TMC,native_nonvacuity,E190,P065,P000,2,1,0+1,-0.33804024927630966,0.35644803751847065,coarsening_worsens
HandWritten-Mfeat__TMC,native_nonvacuity,E191,P066,P000,2,1,0+1,-4.749788060719947,0.4882605044171227,coarsening_worsens
HandWritten-Mfeat__TMC,native_nonvacuity,E192,P067,P001,3,2,0+1,-4.752136367387938,0.5375358183627063,coarsening_worsens
HandWritten-Mfeat__TMC,native_nonvacuity,E193,P067,P065,3,2,0+2,-5.634502464433899,0.1319695021516541,coarsening_worsens
HandWritten-Mfeat__TMC,native_nonvacuity,E194,P067,P066,3,2,1+2,-1.222754652990261,0.00015703525300206963,coarsening_worsens
HandWritten-Mfeat__TMC,native_nonvacuity,E195,P068,P002,3,2,0+1,-0.5086814912351982,0.04859170520919369,coarsening_worsens
HandWritten-Mfeat__TMC,native_nonvacuity,E196,P068,P062,3,2,0+2,-0.8950416897165705,0.07762401306952667,coarsening_worsens
HandWritten-Mfeat__TMC,native_nonvacuity,E197,P068,P065,3,2,1+2,-0.9657308038378832,0.06836706683785355,coarsening_worsens
HandWritten-Mfeat__TMC,native_nonvacuity,E198,P069,P002,3,2,0+1,-4.798227549065297,0.11207849993233202,coarsening_worsens
HandWritten-Mfeat__TMC,native_nonvacuity,E199,P069,P063,3,2,0+2,-5.082503928052553,0.05692048615121263,coarsening_worsens
HandWritten-Mfeat__TMC,native_nonvacuity,E200,P069,P066,3,2,1+2,-0.8435290502243449,4.1394662339840245e-05,coarsening_worsens
HandWritten-Mfeat__TMC,native_nonvacuity,E201,P070,P003,3,2,0+1,-4.818717828895358,0.17985243980815183,coarsening_worsens
HandWritten-Mfeat__TMC,native_nonvacuity,E202,P070,P062,3,2,0+2,-4.991284328623733,0.14009840089330375,coarsening_worsens
HandWritten-Mfeat__TMC,native_nonvacuity,E203,P070,P066,3,2,1+2,-0.6502256313014083,-0.0009710122370214062,coarsening_improves
HandWritten-Mfeat__TMC,native_nonvacuity,E204,P071,P004,4,3,0+1,-4.818717828895359,0.14963596093266818,coarsening_worsens
HandWritten-Mfeat__TMC,native_nonvacuity,E205,P071,P064,4,3,0+2,-5.082503928052553,0.1018524315631684,coarsening_worsens
HandWritten-Mfeat__TMC,native_nonvacuity,E206,P071,P067,4,3,1+2,-0.965730803837884,0.0001292602180112041,coarsening_worsens
HandWritten-Mfeat__TMC,native_nonvacuity,E207,P071,P068,4,3,0+3,-5.6345024644339,0.06373169553181175,coarsening_worsens
HandWritten-Mfeat__TMC,native_nonvacuity,E208,P071,P069,4,3,1+3,-1.3449564066038002,0.0002449008086734335,coarsening_worsens
HandWritten-Mfeat__TMC,native_nonvacuity,E209,P071,P070,4,3,2+3,-1.5382598255267368,0.00125730770803468,coarsening_worsens
HandWritten-Mfeat__TMC,native_nonvacuity,E210,P072,P005,3,2,0+1,-0.817962748627622,0.12651254530190512,coarsening_worsens
HandWritten-Mfeat__TMC,native_nonvacuity,E211,P072,P052,3,2,0+2,-1.016277948844428,0.0835051112192263,coarsening_worsens
HandWritten-Mfeat__TMC,native_nonvacuity,E212,P072,P062,3,2,1+2,-1.4038656117271164,0.005478048611086361,coarsening_worsens
HandWritten-Mfeat__TMC,native_nonvacuity,E213,P073,P005,3,2,0+1,-0.594788739718475,0.20608470395794967,coarsening_worsens
HandWritten-Mfeat__TMC,native_nonvacuity,E214,P073,P053,3,2,0+2,-1.2253189317297148,0.09231303711295355,coarsening_worsens
HandWritten-Mfeat__TMC,native_nonvacuity,E215,P073,P063,3,2,1+2,-1.0786077833238525,0.0008598856256785622,coarsening_worsens
HandWritten-Mfeat__TMC,native_nonvacuity,E216,P074,P006,3,2,0+1,-1.0344951217332636,0.16290880629855609,coarsening_worsens
HandWritten-Mfeat__TMC,native_nonvacuity,E217,P074,P052,3,2,0+2,-0.7406141873243687,0.14987122440850859,coarsening_worsens
HandWritten-Mfeat__TMC,native_nonvacuity,E218,P074,P063,3,2,1+2,-1.02611803071294,-0.012346159841083726,coarsening_improves
HandWritten-Mfeat__TMC,native_nonvacuity,E219,P075,P007,4,3,0+1,-1.0344951217332636,0.1366667064023252,coarsening_worsens
HandWritten-Mfeat__TMC,native_nonvacuity,E220,P075,P054,4,3,0+2,-1.2253189317297144,0.21812547915333783,coarsening_worsens
HandWritten-Mfeat__TMC,native_nonvacuity,E221,P075,P064,4,3,1+2,-1.4038656117271164,0.038599901490361466,coarsening_worsens
HandWritten-Mfeat__TMC,native_nonvacuity,E222,P075,P072,4,3,0+3,-1.4470402260979172,0.07262512991744513,coarsening_worsens
HandWritten-Mfeat__TMC,native_nonvacuity,E223,P075,P073,4,3,1+3,-1.6702142350070641,-0.0069470287385994325,coarsening_improves
HandWritten-Mfeat__TMC,native_nonvacuity,E224,P075,P074,4,3,2+3,-1.7227039876179766,0.006259016728162856,coarsening_worsens
HandWritten-Mfeat__TMC,native_nonvacuity,E225,P076,P005,3,2,0+1,-0.3571388377504554,0.15974300781905884,coarsening_worsens
HandWritten-Mfeat__TMC,native_nonvacuity,E226,P076,P055,3,2,0+2,-1.0877715801378436,-0.02616884255426241,coarsening_improves
HandWritten-Mfeat__TMC,native_nonvacuity,E227,P076,P065,3,2,1+2,-1.0137308149712627,0.029451564896566973,coarsening_worsens
HandWritten-Mfeat__TMC,native_nonvacuity,E228,P077,P005,3,2,0+1,-4.7583797101629095,0.26250904845109496,coarsening_worsens
HandWritten-Mfeat__TMC,native_nonvacuity,E229,P077,P056,3,2,0+2,-5.151386972658867,0.0702140040311264,coarsening_worsens
HandWritten-Mfeat__TMC,native_nonvacuity,E230,P077,P066,3,2,1+2,-1.003223875940079,0.00040513862995104964,coarsening_worsens
HandWritten-Mfeat__TMC,native_nonvacuity,E231,P078,P006,3,2,0+1,-4.761133449192078,0.23230684707070218,coarsening_worsens
HandWritten-Mfeat__TMC,native_nonvacuity,E232,P078,P055,3,2,0+2,-4.9995700569537656,0.07636484889001223,coarsening_worsens
HandWritten-Mfeat__TMC,native_nonvacuity,E233,P078,P066,3,2,1+2,-0.513781480343547,0.00017278944218957317,coarsening_worsens
HandWritten-Mfeat__TMC,native_nonvacuity,E234,P079,P007,4,3,0+1,-4.761133449192078,0.20016961986790063,coarsening_worsens
HandWritten-Mfeat__TMC,native_nonvacuity,E235,P079,P057,4,3,0+2,-5.151386972658867,0.13095969732407878,coarsening_worsens
HandWritten-Mfeat__TMC,native_nonvacuity,E236,P079,P067,4,3,1+2,-1.0137308149712627,0.0003796436107797016,coarsening_worsens
HandWritten-Mfeat__TMC,native_nonvacuity,E237,P079,P076,4,3,0+3,-5.634502464433899,0.10289758086586684,coarsening_worsens
HandWritten-Mfeat__TMC,native_nonvacuity,E238,P079,P077,4,3,1+3,-1.233261592021445,0.00013154023383072158,coarsening_worsens
HandWritten-Mfeat__TMC,native_nonvacuity,E239,P079,P078,4,3,2+3,-1.7227039876179768,0.00036388942159219805,coarsening_worsens
HandWritten-Mfeat__TMC,native_nonvacuity,E240,P080,P008,3,2,0+1,-0.8884715964401619,0.00015160384779148994,coarsening_worsens
HandWritten-Mfeat__TMC,native_nonvacuity,E241,P080,P052,3,2,0+2,-0.4616919845899171,0.10449249435618439,coarsening_worsens
HandWritten-Mfeat__TMC,native_nonvacuity,E242,P080,P065,3,2,1+2,-0.9199687615939182,0.017208485516371344,coarsening_worsens
HandWritten-Mfeat__TMC,native_nonvacuity,E243,P081,P008,3,2,0+1,-4.852759825866997,0.11496138000987588,coarsening_worsens
HandWritten-Mfeat__TMC,native_nonvacuity,E244,P081,P053,3,2,0+2,-4.858195205811185,0.14853803775595148,coarsening_worsens
HandWritten-Mfeat__TMC,native_nonvacuity,E245,P081,P066,3,2,1+2,-0.47250917957711547,0.00020579477980369235,coarsening_worsens
HandWritten-Mfeat__TMC,native_nonvacuity,E246,P082,P009,3,2,0+1,-4.935511155156746,0.12202330564990244,coarsening_worsens
HandWritten-Mfeat__TMC,native_nonvacuity,E247,P082,P052,3,2,0+2,-4.84763961217134,0.2179697941598812,coarsening_worsens
HandWritten-Mfeat__TMC,native_nonvacuity,E248,P082,P066,3,2,1+2,-0.8941685777317039,-0.0011266815785838705,coarsening_improves
HandWritten-Mfeat__TMC,native_nonvacuity,E249,P083,P010,4,3,0+1,-4.935511155156746,0.24872486619348713,coarsening_worsens
HandWritten-Mfeat__TMC,native_nonvacuity,E250,P083,P054,4,3,0+2,-4.858195205811185,0.28141751732796727,coarsening_worsens
HandWritten-Mfeat__TMC,native_nonvacuity,E251,P083,P067,4,3,1+2,-0.9199687615939185,0.00016876831983372626,coarsening_worsens
HandWritten-Mfeat__TMC,native_nonvacuity,E252,P083,P080,4,3,0+3,-5.634502464433899,0.11492978495511649,coarsening_worsens
HandWritten-Mfeat__TMC,native_nonvacuity,E253,P083,P081,4,3,1+3,-1.6702142350070641,0.00012000879303210353,coarsening_worsens
HandWritten-Mfeat__TMC,native_nonvacuity,E254,P083,P082,4,3,2+3,-1.2485548368524757,0.0014524851514196664,coarsening_worsens
HandWritten-Mfeat__TMC,native_nonvacuity,E255,P084,P011,4,3,0+1,-0.8884715964401617,0.0016918165659133982,coarsening_worsens
HandWritten-Mfeat__TMC,native_nonvacuity,E256,P084,P058,4,3,0+2,-1.0877715801378434,0.038914848403946226,coarsening_worsens
HandWritten-Mfeat__TMC,native_nonvacuity,E257,P084,P068,4,3,1+2,-1.4038656117271164,0.0036214428928522113,coarsening_worsens
HandWritten-Mfeat__TMC,native_nonvacuity,E258,P084,P072,4,3,0+3,-0.8950416897165705,0.07576740735129252,coarsening_worsens
HandWritten-Mfeat__TMC,native_nonvacuity,E259,P084,P076,4,3,1+3,-1.355865600593737,0.04253694483413879,coarsening_worsens
HandWritten-Mfeat__TMC,native_nonvacuity,E260,P084,P080,4,3,2+3,-1.4496276539710815,0.05478002421433442,coarsening_worsens
HandWritten-Mfeat__TMC,native_nonvacuity,E261,P085,P011,4,3,0+1,-4.852759825866997,0.06201418850224004,coarsening_worsens
HandWritten-Mfeat__TMC,native_nonvacuity,E262,P085,P059,4,3,0+2,-5.151386972658867,0.026580446126097838,coarsening_worsens
HandWritten-Mfeat__TMC,native_nonvacuity,E263,P085,P069,4,3,1+2,-1.0786077833238519,0.0004570201060405271,coarsening_worsens
HandWritten-Mfeat__TMC,native_nonvacuity,E264,P085,P073,4,3,0+3,-5.082503928052552,0.056517620631574596,coarsening_worsens
HandWritten-Mfeat__TMC,native_nonvacuity,E265,P085,P077,4,3,1+3,-0.9189129576081179,9.32761384293177e-05,coarsening_worsens
HandWritten-Mfeat__TMC,native_nonvacuity,E266,P085,P081,4,3,2+3,-1.4496276539710813,0.000292619988576675,coarsening_worsens
HandWritten-Mfeat__TMC,native_nonvacuity,E267,P086,P012,4,3,0+1,-4.935511155156746,0.06667631380079429,coarsening_worsens
HandWritten-Mfeat__TMC,native_nonvacuity,E268,P086,P058,4,3,0+2,-4.9995700569537656,0.09776584960404003,coarsening_worsens
HandWritten-Mfeat__TMC,native_nonvacuity,E269,P086,P069,4,3,1+2,-1.0261180307129392,-0.0010143506301923152,coarsening_improves
HandWritten-Mfeat__TMC,native_nonvacuity,E270,P086,P074,4,3,0+3,-5.082503928052552,0.06825229536210405,coarsening_worsens
HandWritten-Mfeat__TMC,native_nonvacuity,E271,P086,P078,4,3,1+3,-1.355865600593737,-0.0011457454100420482,coarsening_improves
HandWritten-Mfeat__TMC,native_nonvacuity,E272,P086,P082,4,3,2+3,-0.9754785032055802,0.00015372561073139553,coarsening_worsens
HandWritten-Mfeat__TMC,native_nonvacuity,E273,P087,P013,4,3,0+1,-4.935511155156746,0.10987451597138383,coarsening_worsens
HandWritten-Mfeat__TMC,native_nonvacuity,E274,P087,P060,4,3,0+2,-5.151386972658868,0.07975416342200685,coarsening_worsens
HandWritten-Mfeat__TMC,native_nonvacuity,E275,P087,P070,4,3,1+2,-1.4038656117271167,-0.0021159805850751857,coarsening_improves
HandWritten-Mfeat__TMC,native_nonvacuity,E276,P087,P072,4,3,0+3,-4.991284328623733,0.1325043716971422,coarsening_worsens
HandWritten-Mfeat__TMC,native_nonvacuity,E277,P087,P077,4,3,1+3,-1.050867367088446,-0.0034921314520476414,coarsening_improves
HandWritten-Mfeat__TMC,native_nonvacuity,E278,P087,P082,4,3,2+3,-1.159922665296821,-0.0019603112435127214,coarsening_improves
HandWritten-Mfeat__TMC,native_nonvacuity,E279,P088,P014,5,4,0+1,-4.935511155156748,0.05369798867623692,coarsening_worsens
HandWritten-Mfeat__TMC,native_nonvacuity,E280,P088,P061,5,4,0+2,-5.151386972658869,0.04283268589780428,coarsening_worsens
HandWritten-Mfeat__TMC,native_nonvacuity,E281,P088,P071,5,4,1+2,-1.4038656117271175,0.00034191666488317797,coarsening_worsens
HandWritten-Mfeat__TMC,native_nonvacuity,E282,P088,P075,5,4,0+3,-5.082503928052554,0.06359444673769012,coarsening_worsens
HandWritten-Mfeat__TMC,native_nonvacuity,E283,P088,P079,5,4,1+3,-1.3558656005937388,9.153327211468049e-05,coarsening_worsens
HandWritten-Mfeat__TMC,native_nonvacuity,E284,P088,P083,5,4,2+3,-1.449627653971083,0.0003024085630606558,coarsening_worsens
HandWritten-Mfeat__TMC,native_nonvacuity,E285,P088,P084,5,4,0+4,-5.634502464433901,0.06045216930384272,coarsening_worsens
HandWritten-Mfeat__TMC,native_nonvacuity,E286,P088,P085,5,4,1+4,-1.670214235007066,0.00012979736751608437,coarsening_worsens
HandWritten-Mfeat__TMC,native_nonvacuity,E287,P088,P086,5,4,2+4,-1.7227039876179786,0.0016011681037489266,coarsening_worsens
HandWritten-Mfeat__TMC,native_nonvacuity,E288,P088,P087,5,4,3+4,-1.5382598255267377,0.0037152049579930436,coarsening_worsens
HandWritten-Mfeat__TMC,native_nonvacuity,E289,P089,P000,2,1,0+1,-0.6293210180466304,0.3555276527812625,coarsening_worsens
HandWritten-Mfeat__TMC,native_nonvacuity,E290,P090,P000,2,1,0+1,-0.25721979675435086,0.39268413270757463,coarsening_worsens
HandWritten-Mfeat__TMC,native_nonvacuity,E291,P091,P001,3,2,0+1,-0.6478753071296268,0.2892728348861505,coarsening_worsens
HandWritten-Mfeat__TMC,native_nonvacuity,E292,P091,P089,3,2,0+2,-1.2389606354052667,-0.11537309658769349,coarsening_improves
HandWritten-Mfeat__TMC,native_nonvacuity,E293,P091,P090,3,2,1+2,-1.6110618566975463,-0.15252957651400562,coarsening_improves
HandWritten-Mfeat__TMC,native_nonvacuity,E294,P092,P000,2,1,0+1,-0.23568793201084576,0.4184028807620649,coarsening_worsens
HandWritten-Mfeat__TMC,native_nonvacuity,E295,P093,P000,2,1,0+1,-0.5812038559691175,0.4090267469522034,coarsening_worsens
HandWritten-Mfeat__TMC,native_nonvacuity,E296,P094,P001,3,2,0+1,-0.5919401980891017,0.3964080623127054,coarsening_worsens
HandWritten-Mfeat__TMC,native_nonvacuity,E297,P094,P092,3,2,0+2,-1.5766586124005264,-0.07111309714194096,coarsening_improves
HandWritten-Mfeat__TMC,native_nonvacuity,E298,P094,P093,3,2,1+2,-1.2311426884422545,-0.06173696333207948,coarsening_improves
HandWritten-Mfeat__TMC,native_nonvacuity,E299,P095,P002,3,2,0+1,-0.6656701807276586,0.04096742114766125,coarsening_worsens
HandWritten-Mfeat__TMC,native_nonvacuity,E300,P095,P089,3,2,0+2,-0.8314387245600228,0.061663167513529266,coarsening_worsens
HandWritten-Mfeat__TMC,native_nonvacuity,E301,P095,P092,3,2,1+2,-1.2250718105958076,-0.00121206046727311,coarsening_improves
HandWritten-Mfeat__TMC,native_nonvacuity,E302,P096,P002,3,2,0+1,-0.6312669364306387,0.08620826956098827,coarsening_worsens
HandWritten-Mfeat__TMC,native_nonvacuity,E303,P096,P090,3,2,0+2,-1.1691367015552825,0.06974753600054416,coarsening_worsens
HandWritten-Mfeat__TMC,native_nonvacuity,E304,P096,P093,3,2,1+2,-0.8451526423405159,0.053404921755915394,coarsening_worsens
HandWritten-Mfeat__TMC,native_nonvacuity,E305,P097,P003,3,2,0+1,-0.9178626663544457,0.12208016685709876,coarsening_worsens
HandWritten-Mfeat__TMC,native_nonvacuity,E306,P097,P089,3,2,0+2,-0.8698375114338124,0.07398956644778572,coarsening_worsens
HandWritten-Mfeat__TMC,native_nonvacuity,E307,P097,P093,3,2,1+2,-0.9179546735113254,0.02049047227684482,coarsening_worsens
HandWritten-Mfeat__TMC,native_nonvacuity,E308,P098,P004,4,3,0+1,-0.9178626663544454,0.11390455037399687,coarsening_worsens
HandWritten-Mfeat__TMC,native_nonvacuity,E309,P098,P091,4,3,0+2,-1.169136701555282,0.21266083313589562,coarsening_worsens
HandWritten-Mfeat__TMC,native_nonvacuity,E310,P098,P094,4,3,1+2,-1.2250718105958072,0.10552560570934073,coarsening_worsens
HandWritten-Mfeat__TMC,native_nonvacuity,E311,P098,P095,4,3,0+3,-1.576658612400526,0.035624569034672884,coarsening_worsens
HandWritten-Mfeat__TMC,native_nonvacuity,E312,P098,P096,4,3,1+3,-1.6110618566975459,-0.009616279378654138,coarsening_improves
HandWritten-Mfeat__TMC,native_nonvacuity,E313,P098,P097,4,3,2+3,-1.5382598255267363,0.023298170100416432,coarsening_worsens
HandWritten-Mfeat__TMC,native_nonvacuity,E314,P099,P000,2,1,0+1,-0.3412234534338606,0.36436650000147863,coarsening_worsens
HandWritten-Mfeat__TMC,native_nonvacuity,E315,P100,P000,2,1,0+1,-0.4596305262377975,0.4272908971231894,coarsening_worsens
HandWritten-Mfeat__TMC,native_nonvacuity,E316,P101,P001,3,2,0+1,-0.5715202540230495,0.43686937860603586,coarsening_worsens
HandWritten-Mfeat__TMC,native_nonvacuity,E317,P101,P099,3,2,0+2,-1.4507031469114593,0.023384599911975765,coarsening_worsens
HandWritten-Mfeat__TMC,native_nonvacuity,E318,P101,P100,3,2,1+2,-1.3322960741075223,-0.03953979720973497,coarsening_improves
HandWritten-Mfeat__TMC,native_nonvacuity,E319,P102,P000,2,1,0+1,-0.3383067260275968,0.27291542286270165,coarsening_worsens
HandWritten-Mfeat__TMC,native_nonvacuity,E320,P103,P000,2,1,0+1,-8.608841573680138,0.4894295629197125,coarsening_worsens
HandWritten-Mfeat__TMC,native_nonvacuity,E321,P104,P001,3,2,0+1,-8.609418397806902,0.538547841612294,coarsening_worsens
HandWritten-Mfeat__TMC,native_nonvacuity,E322,P104,P102,3,2,0+2,-9.491518018101575,0.2165141400570109,coarsening_worsens
HandWritten-Mfeat__TMC,native_nonvacuity,E323,P104,P103,3,2,1+2,-1.2209831704490348,0.0,tie
HandWritten-Mfeat__TMC,native_nonvacuity,E324,P105,P002,3,2,0+1,-0.46595900343698693,0.04488772348972567,coarsening_worsens
HandWritten-Mfeat__TMC,native_nonvacuity,E325,P105,P099,3,2,0+2,-0.919825111882121,0.05674462263537755,coarsening_worsens
HandWritten-Mfeat__TMC,native_nonvacuity,E326,P105,P102,3,2,1+2,-0.9227418392883848,0.1481956997741546,coarsening_worsens
HandWritten-Mfeat__TMC,native_nonvacuity,E327,P106,P002,3,2,0+1,-8.625180947431039,0.11320616377258197,coarsening_worsens
HandWritten-Mfeat__TMC,native_nonvacuity,E328,P106,P100,3,2,0+2,-8.960639983072236,0.06213866579652312,coarsening_worsens
HandWritten-Mfeat__TMC,native_nonvacuity,E329,P106,P103,3,2,1+2,-0.8114289356298965,0.0,tie
HandWritten-Mfeat__TMC,native_nonvacuity,E330,P107,P003,3,2,0+1,-8.633010894764823,0.18199251054776303,coarsening_worsens
HandWritten-Mfeat__TMC,native_nonvacuity,E331,P107,P099,3,2,0+2,-8.87308330445696,0.12506306291823385,coarsening_worsens
HandWritten-Mfeat__TMC,native_nonvacuity,E332,P107,P103,3,2,1+2,-0.6054651842106828,0.0,tie
HandWritten-Mfeat__TMC,native_nonvacuity,E333,P108,P004,4,3,0+1,-8.633010894764823,0.1505187239642447,coarsening_worsens
HandWritten-Mfeat__TMC,native_nonvacuity,E334,P108,P101,4,3,0+2,-8.960639983072237,0.10167846300625809,coarsening_worsens
HandWritten-Mfeat__TMC,native_nonvacuity,E335,P108,P104,4,3,1+2,-0.9227418392883848,0.0,tie
HandWritten-Mfeat__TMC,native_nonvacuity,E336,P108,P105,4,3,0+3,-9.491518018101576,0.0683184402828563,coarsening_worsens
HandWritten-Mfeat__TMC,native_nonvacuity,E337,P108,P106,4,3,1+3,-1.3322960741075232,0.0,tie
HandWritten-Mfeat__TMC,native_nonvacuity,E338,P108,P107,4,3,2+3,-1.5382598255267368,0.0,tie
HandWritten-Mfeat__TMC,native_nonvacuity,E339,P109,P005,3,2,0+1,-0.6543671932362161,0.12878706191617292,coarsening_worsens
HandWritten-Mfeat__TMC,native_nonvacuity,E340,P109,P089,3,2,0+2,-1.0196784016867024,-0.0005839962691107925,coarsening_improves
HandWritten-Mfeat__TMC,native_nonvacuity,E341,P109,P099,3,2,1+2,-1.3077759662994723,-0.009422843489326926,coarsening_improves
HandWritten-Mfeat__TMC,native_nonvacuity,E342,P110,P005,3,2,0+1,-0.4940084834501288,0.20432603093002483,coarsening_worsens
HandWritten-Mfeat__TMC,native_nonvacuity,E343,P110,P090,3,2,0+2,-1.2314209131928948,0.037798492818428994,coarsening_worsens
HandWritten-Mfeat__TMC,native_nonvacuity,E344,P110,P100,3,2,1+2,-1.029010183709448,0.003191728402814259,coarsening_worsens
HandWritten-Mfeat__TMC,native_nonvacuity,E345,P111,P006,3,2,0+1,-0.8745624871553995,0.1776341702248265,coarsening_worsens
HandWritten-Mfeat__TMC,native_nonvacuity,E346,P111,P089,3,2,0+2,-0.7476775609801847,0.07823296423217407,coarsening_worsens
HandWritten-Mfeat__TMC,native_nonvacuity,E347,P111,P100,3,2,1+2,-0.9173680527890177,0.006469719890247208,coarsening_worsens
HandWritten-Mfeat__TMC,native_nonvacuity,E348,P112,P007,4,3,0+1,-0.8745624871553992,0.149463109805685,coarsening_worsens
HandWritten-Mfeat__TMC,native_nonvacuity,E349,P112,P091,4,3,0+2,-1.2314209131928944,0.19793611702511982,coarsening_worsens
HandWritten-Mfeat__TMC,native_nonvacuity,E350,P112,P101,4,3,1+2,-1.3077759662994717,0.05033957330523444,coarsening_worsens
HandWritten-Mfeat__TMC,native_nonvacuity,E351,P112,P109,4,3,0+3,-1.4507031469114586,0.08314701670653712,coarsening_worsens
HandWritten-Mfeat__TMC,native_nonvacuity,E352,P112,P110,4,3,1+3,-1.6110618566975459,0.0076080476926852145,coarsening_worsens
HandWritten-Mfeat__TMC,native_nonvacuity,E353,P112,P111,4,3,2+3,-1.7227039876179764,0.004330056205252265,coarsening_worsens
HandWritten-Mfeat__TMC,native_nonvacuity,E354,P113,P005,3,2,0+1,-0.34912049452252925,0.14509897834848878,coarsening_worsens
HandWritten-Mfeat__TMC,native_nonvacuity,E355,P113,P092,3,2,0+2,-1.1080647890088002,-0.04714730781759732,coarsening_improves
HandWritten-Mfeat__TMC,native_nonvacuity,E356,P113,P102,3,2,1+2,-1.0054459949920493,0.09834015008176596,coarsening_worsens
HandWritten-Mfeat__TMC,native_nonvacuity,E357,P114,P005,3,2,0+1,-8.60949582418185,0.2632729683237337,coarsening_worsens
HandWritten-Mfeat__TMC,native_nonvacuity,E358,P114,P093,3,2,0+2,-9.02292419470985,0.08040281596750909,coarsening_worsens
HandWritten-Mfeat__TMC,native_nonvacuity,E359,P114,P103,3,2,1+2,-0.9952864769988299,0.0,tie
HandWritten-Mfeat__TMC,native_nonvacuity,E360,P115,P006,3,2,0+1,-8.610130659631828,0.2333031161311024,coarsening_worsens
HandWritten-Mfeat__TMC,native_nonvacuity,E361,P115,P092,3,2,0+2,-8.876878819492399,0.07102668215764761,coarsening_worsens
HandWritten-Mfeat__TMC,native_nonvacuity,E362,P115,P103,3,2,1+2,-0.5037251778231067,0.0,tie
HandWritten-Mfeat__TMC,native_nonvacuity,E363,P116,P007,4,3,0+1,-8.61013065963183,0.20080199950670866,coarsening_worsens
HandWritten-Mfeat__TMC,native_nonvacuity,E364,P116,P094,4,3,0+2,-9.02292419470985,0.14213977929958857,coarsening_worsens
HandWritten-Mfeat__TMC,native_nonvacuity,E365,P116,P104,4,3,1+2,-1.0054459949920496,0.0,tie
HandWritten-Mfeat__TMC,native_nonvacuity,E366,P116,P113,4,3,0+3,-9.491518018101576,0.11817398997524493,coarsening_worsens
HandWritten-Mfeat__TMC,native_nonvacuity,E367,P116,P114,4,3,1+3,-1.2311426884422545,0.0,tie
HandWritten-Mfeat__TMC,native_nonvacuity,E368,P116,P115,4,3,2+3,-1.7227039876179777,0.0,tie
HandWritten-Mfeat__TMC,native_nonvacuity,E369,P117,P008,3,2,0+1,-0.7496594632143063,0.010884265589360911,coarsening_worsens
HandWritten-Mfeat__TMC,native_nonvacuity,E370,P117,P089,3,2,0+2,-0.4898758595977417,0.028861531995148917,coarsening_worsens
HandWritten-Mfeat__TMC,native_nonvacuity,E371,P117,P102,3,2,1+2,-0.7808901516167754,0.11147376191370982,coarsening_worsens
HandWritten-Mfeat__TMC,native_nonvacuity,E372,P118,P008,3,2,0+1,-8.630115624618336,0.11592464373266198,coarsening_worsens
HandWritten-Mfeat__TMC,native_nonvacuity,E373,P118,P090,3,2,0+2,-8.742433242294052,0.09674543021213786,coarsening_worsens
HandWritten-Mfeat__TMC,native_nonvacuity,E374,P118,P103,3,2,1+2,-0.39081146536826417,0.0,tie
HandWritten-Mfeat__TMC,native_nonvacuity,E375,P119,P009,3,2,0+1,-8.653714575598567,0.1243190457310761,coarsening_worsens
HandWritten-Mfeat__TMC,native_nonvacuity,E376,P119,P089,3,2,0+2,-8.73283904084684,0.13390191013845,coarsening_worsens
HandWritten-Mfeat__TMC,native_nonvacuity,E377,P119,P103,3,2,1+2,-0.7533184852133346,0.0,tie
HandWritten-Mfeat__TMC,native_nonvacuity,E378,P120,P010,4,3,0+1,-8.653714575598567,0.24956812112324114,coarsening_worsens
HandWritten-Mfeat__TMC,native_nonvacuity,E379,P120,P091,4,3,0+2,-8.74243324229405,0.24927500672614347,coarsening_worsens
HandWritten-Mfeat__TMC,native_nonvacuity,E380,P120,P104,4,3,1+2,-0.7808901516167754,0.0,tie
HandWritten-Mfeat__TMC,native_nonvacuity,E381,P120,P117,4,3,0+3,-9.491518018101576,0.10504037814330107,coarsening_worsens
HandWritten-Mfeat__TMC,native_nonvacuity,E382,P120,P118,4,3,1+3,-1.611061856697546,0.0,tie
HandWritten-Mfeat__TMC,native_nonvacuity,E383,P120,P119,4,3,2+3,-1.2485548368524757,0.0,tie
HandWritten-Mfeat__TMC,native_nonvacuity,E384,P121,P011,4,3,0+1,-0.7496594632143059,0.016286077143166412,coarsening_worsens
HandWritten-Mfeat__TMC,native_nonvacuity,E385,P121,P095,4,3,0+2,-1.1080647890088002,0.025839987531637666,coarsening_worsens
HandWritten-Mfeat__TMC,native_nonvacuity,E386,P121,P105,4,3,1+2,-1.307775966299472,0.021919685189573247,coarsening_worsens
HandWritten-Mfeat__TMC,native_nonvacuity,E387,P121,P109,4,3,0+3,-0.9198251118821206,0.08808715131427772,coarsening_worsens
HandWritten-Mfeat__TMC,native_nonvacuity,E388,P121,P113,4,3,1+3,-1.2250718105958074,0.07177523488196189,coarsening_worsens
HandWritten-Mfeat__TMC,native_nonvacuity,E389,P121,P117,4,3,2+3,-1.4496276539710813,0.058641623050018014,coarsening_worsens
HandWritten-Mfeat__TMC,native_nonvacuity,E390,P122,P011,4,3,0+1,-8.630115624618336,0.06268483223644947,coarsening_worsens
HandWritten-Mfeat__TMC,native_nonvacuity,E391,P122,P096,4,3,0+2,-9.02292419470985,0.0269978942115937,coarsening_worsens
HandWritten-Mfeat__TMC,native_nonvacuity,E392,P122,P106,4,3,1+2,-1.029010183709449,0.0,tie
HandWritten-Mfeat__TMC,native_nonvacuity,E393,P122,P110,4,3,0+3,-8.960639983072237,0.05894693739370886,coarsening_worsens
HandWritten-Mfeat__TMC,native_nonvacuity,E394,P122,P114,4,3,1+3,-0.8451526423405156,0.0,tie
HandWritten-Mfeat__TMC,native_nonvacuity,E395,P122,P118,4,3,2+3,-1.4496276539710813,0.0,tie
HandWritten-Mfeat__TMC,native_nonvacuity,E396,P123,P012,4,3,0+1,-8.653714575598567,0.06881832827123656,coarsening_worsens
HandWritten-Mfeat__TMC,native_nonvacuity,E397,P123,P095,4,3,0+2,-8.8768788194924,0.07223874262492072,coarsening_worsens
HandWritten-Mfeat__TMC,native_nonvacuity,E398,P123,P106,4,3,1+2,-0.9173680527890191,0.0,tie
HandWritten-Mfeat__TMC,native_nonvacuity,E399,P123,P111,4,3,0+3,-8.960639983072237,0.05566894590627591,coarsening_worsens
HandWritten-Mfeat__TMC,native_nonvacuity,E400,P123,P115,4,3,1+3,-1.225071810595809,0.0,tie
HandWritten-Mfeat__TMC,native_nonvacuity,E401,P123,P119,4,3,2+3,-0.975478503205581,0.0,tie
HandWritten-Mfeat__TMC,native_nonvacuity,E402,P124,P013,4,3,0+1,-8.653714575598567,0.11413056729607021,coarsening_worsens
HandWritten-Mfeat__TMC,native_nonvacuity,E403,P124,P097,4,3,0+2,-9.02292419470985,0.05991234369066427,coarsening_worsens
HandWritten-Mfeat__TMC,native_nonvacuity,E404,P124,P107,4,3,1+2,-1.307775966299472,0.0,tie
HandWritten-Mfeat__TMC,native_nonvacuity,E405,P124,P109,4,3,0+3,-8.873083304456959,0.13448590640756078,coarsening_worsens
HandWritten-Mfeat__TMC,native_nonvacuity,E406,P124,P114,4,3,1+3,-0.9179546735113249,0.0,tie
HandWritten-Mfeat__TMC,native_nonvacuity,E407,P124,P119,4,3,2+3,-1.1599226652968202,0.0,tie
HandWritten-Mfeat__TMC,native_nonvacuity,E408,P125,P014,5,4,0+1,-8.653714575598567,0.05423883504293027,coarsening_worsens
HandWritten-Mfeat__TMC,native_nonvacuity,E409,P125,P098,5,4,0+2,-9.02292419470985,0.03661417359024784,coarsening_worsens
HandWritten-Mfeat__TMC,native_nonvacuity,E410,P125,P108,5,4,1+2,-1.307775966299472,0.0,tie
HandWritten-Mfeat__TMC,native_nonvacuity,E411,P125,P112,5,4,0+3,-8.960639983072237,0.05133888970102365,coarsening_worsens
HandWritten-Mfeat__TMC,native_nonvacuity,E412,P125,P116,5,4,1+3,-1.2250718105958072,0.0,tie
HandWritten-Mfeat__TMC,native_nonvacuity,E413,P125,P120,5,4,2+3,-1.4496276539710813,0.0,tie
HandWritten-Mfeat__TMC,native_nonvacuity,E414,P125,P121,5,4,0+4,-9.491518018101576,0.046398755093283055,coarsening_worsens
HandWritten-Mfeat__TMC,native_nonvacuity,E415,P125,P122,5,4,1+4,-1.611061856697546,0.0,tie
HandWritten-Mfeat__TMC,native_nonvacuity,E416,P125,P123,5,4,2+4,-1.722703987617976,0.0,tie
HandWritten-Mfeat__TMC,native_nonvacuity,E417,P125,P124,5,4,3+4,-1.5382598255267368,0.0,tie
HandWritten-Mfeat__TMC,native_nonvacuity,E418,P126,P015,3,2,0+1,-0.7994038959021914,-0.00033040504719189425,coarsening_improves
HandWritten-Mfeat__TMC,native_nonvacuity,E419,P126,P052,3,2,0+2,-5.209845622681521,0.2154979977937594,coarsening_worsens
HandWritten-Mfeat__TMC,native_nonvacuity,E420,P126,P089,3,2,1+2,-5.376841630915202,0.1291343736911545,coarsening_worsens
HandWritten-Mfeat__TMC,native_nonvacuity,E421,P127,P015,3,2,0+1,-0.36815029630039486,0.00033547723317529313,coarsening_worsens
HandWritten-Mfeat__TMC,native_nonvacuity,E422,P127,P053,3,2,0+2,-5.210807014874158,0.1453996473118093,coarsening_worsens
HandWritten-Mfeat__TMC,native_nonvacuity,E423,P127,P090,3,2,1+2,-5.3176892526056845,0.09264377604520956,coarsening_worsens
HandWritten-Mfeat__TMC,native_nonvacuity,E424,P128,P016,3,2,0+1,-0.8176052333225743,0.05121063916781776,coarsening_worsens
HandWritten-Mfeat__TMC,native_nonvacuity,E425,P128,P052,3,2,0+2,-0.4128701532799496,0.09316941047004482,coarsening_worsens
HandWritten-Mfeat__TMC,native_nonvacuity,E426,P128,P090,3,2,1+2,-0.9519673828059094,-0.03035069355887221,coarsening_improves
HandWritten-Mfeat__TMC,native_nonvacuity,E427,P129,P017,4,3,0+1,-0.8176052333225741,-0.0017137542156096764,coarsening_improves
HandWritten-Mfeat__TMC,native_nonvacuity,E428,P129,P054,4,3,0+2,-5.210807014874157,0.2764933337591803,coarsening_worsens
HandWritten-Mfeat__TMC,native_nonvacuity,E429,P129,P091,4,3,1+2,-5.376841630915202,0.24350756822760247,coarsening_worsens
HandWritten-Mfeat__TMC,native_nonvacuity,E430,P129,P126,4,3,0+3,-1.2389606354052667,-0.0009999020512455195,coarsening_improves
HandWritten-Mfeat__TMC,native_nonvacuity,E431,P129,P127,4,3,1+3,-1.6702142350070632,-0.001665784331612707,coarsening_improves
HandWritten-Mfeat__TMC,native_nonvacuity,E432,P129,P128,4,3,2+3,-6.035936104806838,0.12132868527246907,coarsening_worsens
HandWritten-Mfeat__TMC,native_nonvacuity,E433,P130,P015,3,2,0+1,-0.2749770198684782,0.0009313060569123167,coarsening_worsens
HandWritten-Mfeat__TMC,native_nonvacuity,E434,P130,P055,3,2,0+2,-5.21773628881839,0.07385529260722118,coarsening_worsens
HandWritten-Mfeat__TMC,native_nonvacuity,E435,P130,P092,3,2,1+2,-5.246047840917273,0.06752085681445634,coarsening_worsens
HandWritten-Mfeat__TMC,native_nonvacuity,E436,P131,P015,3,2,0+1,-0.6183740402475584,8.626945797780578e-05,coarsening_worsens
HandWritten-Mfeat__TMC,native_nonvacuity,E437,P131,P056,3,2,0+2,-5.2235078293060395,0.06662706196163937,coarsening_worsens
HandWritten-Mfeat__TMC,native_nonvacuity,E438,P131,P093,3,2,1+2,-5.243928937338081,0.07605195402538331,coarsening_worsens
HandWritten-Mfeat__TMC,native_nonvacuity,E439,P132,P016,3,2,0+1,-0.6308763342841195,0.12305180276700212,coarsening_worsens
HandWritten-Mfeat__TMC,native_nonvacuity,E440,P132,P055,3,2,0+2,-0.7584587964120768,0.022106157778586745,coarsening_worsens
HandWritten-Mfeat__TMC,native_nonvacuity,E441,P132,P093,3,2,1+2,-0.44125442455268804,0.025147855795683384,coarsening_worsens
HandWritten-Mfeat__TMC,native_nonvacuity,E442,P133,P017,4,3,0+1,-0.6308763342841193,0.0008651665398637237,coarsening_worsens
HandWritten-Mfeat__TMC,native_nonvacuity,E443,P133,P057,4,3,0+2,-5.2235078293060395,0.1284035592198192,coarsening_worsens
HandWritten-Mfeat__TMC,native_nonvacuity,E444,P133,P094,4,3,1+2,-5.246047840917272,0.13895126155652096,coarsening_worsens
HandWritten-Mfeat__TMC,native_nonvacuity,E445,P133,P130,4,3,0+3,-1.576658612400525,0.0003173076001236697,coarsening_worsens
HandWritten-Mfeat__TMC,native_nonvacuity,E446,P133,P131,4,3,1+3,-1.233261592021445,0.0011623441990581806,coarsening_worsens
HandWritten-Mfeat__TMC,native_nonvacuity,E447,P133,P132,4,3,2+3,-6.035936104806838,0.0520664424287581,coarsening_worsens
HandWritten-Mfeat__TMC,native_nonvacuity,E448,P134,P018,3,2,0+1,-0.8321566269892284,-0.0020241424330172536,coarsening_improves
HandWritten-Mfeat__TMC,native_nonvacuity,E449,P134,P052,3,2,0+2,-0.518107797301058,0.14019248657147482,coarsening_worsens
HandWritten-Mfeat__TMC,native_nonvacuity,E450,P134,P092,3,2,1+2,-1.0787368915705229,-0.009046365511932442,coarsening_improves
HandWritten-Mfeat__TMC,native_nonvacuity,E451,P135,P018,3,2,0+1,-0.7386010043826903,0.05554305344566196,coarsening_worsens
HandWritten-Mfeat__TMC,native_nonvacuity,E452,P135,P053,3,2,0+2,-0.8567671664889535,0.12699544968783674,coarsening_worsens
HandWritten-Mfeat__TMC,native_nonvacuity,E453,P135,P093,3,2,1+2,-0.6396653450057131,0.05789696417660825,coarsening_worsens
HandWritten-Mfeat__TMC,native_nonvacuity,E454,P136,P019,3,2,0+1,-1.0829373778273368,0.03445303823366104,coarsening_worsens
HandWritten-Mfeat__TMC,native_nonvacuity,E455,P136,P052,3,2,0+2,-0.6343907949860771,0.1380535790526256,coarsening_worsens
HandWritten-Mfeat__TMC,native_nonvacuity,E456,P136,P093,3,2,1+2,-0.8495039652972703,-0.0018091392209201862,coarsening_improves
HandWritten-Mfeat__TMC,native_nonvacuity,E457,P137,P020,4,3,0+1,-1.0829373778273361,0.07056393584147574,coarsening_worsens
HandWritten-Mfeat__TMC,native_nonvacuity,E458,P137,P054,4,3,0+2,-0.8567671664889529,0.24259051529679002,coarsening_worsens
HandWritten-Mfeat__TMC,native_nonvacuity,E459,P137,P094,4,3,1+2,-1.0787368915705224,0.1024695223386573,coarsening_worsens
HandWritten-Mfeat__TMC,native_nonvacuity,E460,P137,P134,4,3,0+3,-1.5766586124005257,0.04040279070864878,coarsening_worsens
HandWritten-Mfeat__TMC,native_nonvacuity,E461,P137,P135,4,3,1+3,-1.670214235007064,-0.01716440517003044,coarsening_improves
HandWritten-Mfeat__TMC,native_nonvacuity,E462,P137,P136,4,3,2+3,-1.4603756147155067,0.042541698227498,coarsening_worsens
HandWritten-Mfeat__TMC,native_nonvacuity,E463,P138,P021,4,3,0+1,-0.8321566269892271,-0.0008140358326893743,coarsening_improves
HandWritten-Mfeat__TMC,native_nonvacuity,E464,P138,P058,4,3,0+2,-5.217736288818389,0.0954439702330913,coarsening_worsens
HandWritten-Mfeat__TMC,native_nonvacuity,E465,P138,P095,4,3,1+2,-5.376841630915202,0.06777484878352973,coarsening_worsens
HandWritten-Mfeat__TMC,native_nonvacuity,E466,P138,P126,4,3,0+3,-0.831438724560023,0.0003036426059044896,coarsening_worsens
HandWritten-Mfeat__TMC,native_nonvacuity,E467,P138,P130,4,3,1+3,-1.3558656005937362,-0.0009580684981997213,coarsening_improves
HandWritten-Mfeat__TMC,native_nonvacuity,E468,P138,P134,4,3,2+3,-5.523176549940486,0.07560915382818906,coarsening_worsens
HandWritten-Mfeat__TMC,native_nonvacuity,E469,P139,P021,4,3,0+1,-0.7386010043826889,0.00012080914038888838,coarsening_worsens
HandWritten-Mfeat__TMC,native_nonvacuity,E470,P139,P059,4,3,0+2,-5.2235078293060395,0.023722040991994535,coarsening_worsens
HandWritten-Mfeat__TMC,native_nonvacuity,E471,P139,P096,4,3,1+2,-5.317689252605684,0.023468845343280968,coarsening_worsens
HandWritten-Mfeat__TMC,native_nonvacuity,E472,P139,P127,4,3,0+3,-1.1691367015552814,0.0005726052986155649,coarsening_worsens
HandWritten-Mfeat__TMC,native_nonvacuity,E473,P139,P131,4,3,1+3,-0.9189129576081179,0.0008218130738130523,coarsening_worsens
HandWritten-Mfeat__TMC,native_nonvacuity,E474,P139,P135,4,3,2+3,-5.523176549940486,0.018976802922588104,coarsening_worsens
HandWritten-Mfeat__TMC,native_nonvacuity,E475,P140,P022,4,3,0+1,-1.0829373778273363,0.023534428426908997,coarsening_worsens
HandWritten-Mfeat__TMC,native_nonvacuity,E476,P140,P058,4,3,0+2,-0.7584587964120766,0.06023379835772993,coarsening_worsens
HandWritten-Mfeat__TMC,native_nonvacuity,E477,P140,P096,4,3,1+2,-0.9519673828059092,-0.012676171505158668,coarsening_improves
HandWritten-Mfeat__TMC,native_nonvacuity,E478,P140,P128,4,3,0+3,-1.1691367015552823,0.0874220580542577,coarsening_worsens
HandWritten-Mfeat__TMC,native_nonvacuity,E479,P140,P132,4,3,1+3,-1.355865600593737,0.015580894455073338,coarsening_worsens
HandWritten-Mfeat__TMC,native_nonvacuity,E480,P140,P136,4,3,2+3,-0.9476160598491548,0.04253788947167691,coarsening_worsens
HandWritten-Mfeat__TMC,native_nonvacuity,E481,P141,P023,4,3,0+1,-1.0829373778273368,-0.0006227041862262384,coarsening_improves
HandWritten-Mfeat__TMC,native_nonvacuity,E482,P141,P060,4,3,0+2,-5.2235078293060395,0.07875725544912658,coarsening_worsens
HandWritten-Mfeat__TMC,native_nonvacuity,E483,P141,P097,4,3,1+2,-5.376841630915202,0.05465938439309762,coarsening_worsens
HandWritten-Mfeat__TMC,native_nonvacuity,E484,P141,P126,4,3,0+3,-0.8698375114338122,-0.0004854228502711661,coarsening_improves
HandWritten-Mfeat__TMC,native_nonvacuity,E485,P141,P131,4,3,1+3,-1.0508673670884452,-0.0009020973554408661,coarsening_improves
HandWritten-Mfeat__TMC,native_nonvacuity,E486,P141,P136,4,3,2+3,-5.4452923391292565,0.07695899589086262,coarsening_worsens
HandWritten-Mfeat__TMC,native_nonvacuity,E487,P142,P024,5,4,0+1,-1.0829373778273386,-0.002159359811671021,coarsening_improves
HandWritten-Mfeat__TMC,native_nonvacuity,E488,P142,P061,5,4,0+2,-5.223507829306041,0.03807230660531132,coarsening_worsens
HandWritten-Mfeat__TMC,native_nonvacuity,E489,P142,P098,5,4,1+2,-5.376841630915203,0.031312947931061534,coarsening_worsens
HandWritten-Mfeat__TMC,native_nonvacuity,E490,P142,P129,5,4,0+3,-1.169136701555284,0.0004662128393546983,coarsening_worsens
HandWritten-Mfeat__TMC,native_nonvacuity,E491,P142,P133,5,4,1+3,-1.3558656005937388,-0.002112707916118702,coarsening_improves
HandWritten-Mfeat__TMC,native_nonvacuity,E492,P142,P137,5,4,2+3,-5.523176549940488,0.03436903130174497,coarsening_worsens
HandWritten-Mfeat__TMC,native_nonvacuity,E493,P142,P138,5,4,0+4,-1.5766586124005277,-0.0008373318177953108,coarsening_improves
HandWritten-Mfeat__TMC,native_nonvacuity,E494,P142,P139,5,4,1+4,-1.670214235007066,-0.0017721767908735735,coarsening_improves
HandWritten-Mfeat__TMC,native_nonvacuity,E495,P142,P140,5,4,2+4,-6.03593610480684,0.034372840057566065,coarsening_worsens
HandWritten-Mfeat__TMC,native_nonvacuity,E496,P142,P141,5,4,3+4,-1.5382598255267386,-4.826636161965516e-05,coarsening_improves
HandWritten-Mfeat__TMC,native_nonvacuity,E497,P143,P015,3,2,0+1,-0.41521668586177807,0.0001591724394156219,coarsening_worsens
HandWritten-Mfeat__TMC,native_nonvacuity,E498,P143,P062,3,2,0+2,-5.213246075523796,0.13796051267222698,coarsening_worsens
HandWritten-Mfeat__TMC,native_nonvacuity,E499,P143,P099,3,2,1+2,-5.280751985487558,0.12078510395754588,coarsening_worsens
HandWritten-Mfeat__TMC,native_nonvacuity,E500,P144,P015,3,2,0+1,-0.5209634261694367,0.0011834567292466486,coarsening_worsens
HandWritten-Mfeat__TMC,native_nonvacuity,E501,P144,P063,3,2,0+2,-5.216908996337338,0.05479447532060565,coarsening_worsens
HandWritten-Mfeat__TMC,native_nonvacuity,E502,P144,P100,3,2,1+2,-5.26809165299128,0.05888499112566618,coarsening_worsens
HandWritten-Mfeat__TMC,native_nonvacuity,E503,P145,P016,3,2,0+1,-0.6451605347883524,0.1316162286506397,coarsening_worsens
HandWritten-Mfeat__TMC,native_nonvacuity,E504,P145,P062,3,2,0+2,-0.628013117628416,0.09554793734472684,coarsening_worsens
HandWritten-Mfeat__TMC,native_nonvacuity,E505,P145,P100,3,2,1+2,-0.577111954788241,0.015448131508335017,coarsening_worsens
HandWritten-Mfeat__TMC,native_nonvacuity,E506,P146,P017,4,3,0+1,-0.645160534788352,0.0013676875918618844,coarsening_worsens
HandWritten-Mfeat__TMC,native_nonvacuity,E507,P146,P064,4,3,0+2,-5.216908996337337,0.10004919790367547,coarsening_worsens
HandWritten-Mfeat__TMC,native_nonvacuity,E508,P146,P101,4,3,1+2,-5.280751985487557,0.09899246631518864,coarsening_worsens
HandWritten-Mfeat__TMC,native_nonvacuity,E509,P146,P143,4,3,0+3,-1.450703146911458,0.0015919622696185251,coarsening_worsens
HandWritten-Mfeat__TMC,native_nonvacuity,E510,P146,P144,4,3,1+3,-1.3449564066037993,0.0005676779797874985,coarsening_worsens
HandWritten-Mfeat__TMC,native_nonvacuity,E511,P146,P145,4,3,2+3,-6.035936104806838,0.04400453759711866,coarsening_worsens
HandWritten-Mfeat__TMC,native_nonvacuity,E512,P147,P015,3,2,0+1,-0.36931099390601574,0.00087844509851287,coarsening_worsens
HandWritten-Mfeat__TMC,native_nonvacuity,E513,P147,P065,3,2,0+2,-5.238029497689347,0.1294228390996511,coarsening_worsens
HandWritten-Mfeat__TMC,native_nonvacuity,E514,P147,P102,3,2,1+2,-5.2377630209380595,0.21295545375542016,coarsening_worsens
HandWritten-Mfeat__TMC,native_nonvacuity,E515,P148,P015,3,2,0+1,-8.638074359017331,0.0041201251775296556,coarsening_worsens
HandWritten-Mfeat__TMC,native_nonvacuity,E516,P148,P066,3,2,0+2,-9.095045051357022,0.0008520522800158633,coarsening_worsens
HandWritten-Mfeat__TMC,native_nonvacuity,E517,P148,P103,3,2,1+2,-5.235991538396833,-0.000317006222573933,coarsening_improves
HandWritten-Mfeat__TMC,native_nonvacuity,E518,P149,P016,3,2,0+1,-8.640069714022706,0.17830676293882783,coarsening_worsens
HandWritten-Mfeat__TMC,native_nonvacuity,E519,P149,P065,3,2,0+2,-8.693611410984081,0.13298152540124183,coarsening_worsens
HandWritten-Mfeat__TMC,native_nonvacuity,E520,P149,P103,3,2,1+2,-0.4228100865802542,0.0,tie
HandWritten-Mfeat__TMC,native_nonvacuity,E521,P150,P017,4,3,0+1,-8.640069714022708,0.003802128888655152,coarsening_worsens
HandWritten-Mfeat__TMC,native_nonvacuity,E522,P150,P067,4,3,0+2,-9.095045051357022,0.0007604678553115527,coarsening_worsens
HandWritten-Mfeat__TMC,native_nonvacuity,E523,P150,P104,4,3,1+2,-5.2377630209380595,-0.000251555394276174,coarsening_improves
HandWritten-Mfeat__TMC,native_nonvacuity,E524,P150,P147,4,3,0+3,-9.491518018101576,0.003307130907314545,coarsening_worsens
HandWritten-Mfeat__TMC,native_nonvacuity,E525,P150,P148,4,3,1+3,-1.222754652990261,6.545082829775904e-05,coarsening_worsens
HandWritten-Mfeat__TMC,native_nonvacuity,E526,P150,P149,4,3,2+3,-6.03593610480684,-0.000251555394276174,coarsening_improves
HandWritten-Mfeat__TMC,native_nonvacuity,E527,P151,P018,3,2,0+1,-0.536355804270912,0.016570475129716364,coarsening_worsens
HandWritten-Mfeat__TMC,native_nonvacuity,E528,P151,P062,3,2,0+2,-0.6098946374654299,0.08076004152606851,coarsening_worsens
HandWritten-Mfeat__TMC,native_nonvacuity,E529,P151,P102,3,2,1+2,-0.6803172748354556,0.15503570995016447,coarsening_worsens
HandWritten-Mfeat__TMC,native_nonvacuity,E530,P152,P018,3,2,0+1,-8.682917415768687,0.0780489052365628,coarsening_worsens
HandWritten-Mfeat__TMC,native_nonvacuity,E531,P152,P063,3,2,0+2,-8.654372429469088,0.058048149991462586,coarsening_worsens
HandWritten-Mfeat__TMC,native_nonvacuity,E532,P152,P103,3,2,1+2,-0.5563440386806899,0.0,tie
HandWritten-Mfeat__TMC,native_nonvacuity,E533,P153,P019,3,2,0+1,-8.70199596081007,0.11666499342209032,coarsening_worsens
HandWritten-Mfeat__TMC,native_nonvacuity,E534,P153,P062,3,2,0+2,-8.641037040851499,0.14223847163291495,coarsening_worsens
HandWritten-Mfeat__TMC,native_nonvacuity,E535,P153,P103,3,2,1+2,-0.44092483056898324,0.0,tie
HandWritten-Mfeat__TMC,native_nonvacuity,E536,P154,P020,4,3,0+1,-8.70199596081007,0.11023419280240702,coarsening_worsens
HandWritten-Mfeat__TMC,native_nonvacuity,E537,P154,P064,4,3,0+2,-8.654372429469088,0.10273519459474492,coarsening_worsens
HandWritten-Mfeat__TMC,native_nonvacuity,E538,P154,P104,4,3,1+2,-0.6803172748354562,0.0,tie
HandWritten-Mfeat__TMC,native_nonvacuity,E539,P154,P151,4,3,0+3,-9.491518018101576,0.061478430106846435,coarsening_worsens
HandWritten-Mfeat__TMC,native_nonvacuity,E540,P154,P152,4,3,1+3,-1.3449564066038011,0.0,tie
HandWritten-Mfeat__TMC,native_nonvacuity,E541,P154,P153,4,3,2+3,-1.4603756147155078,0.0,tie
HandWritten-Mfeat__TMC,native_nonvacuity,E542,P155,P021,4,3,0+1,-0.5363558042709107,0.0009815075440732452,coarsening_worsens
HandWritten-Mfeat__TMC,native_nonvacuity,E543,P155,P068,4,3,0+2,-5.238029497689346,0.0619461080987599,coarsening_worsens
HandWritten-Mfeat__TMC,native_nonvacuity,E544,P155,P105,4,3,1+2,-5.280751985487557,0.06565008981822792,coarsening_worsens
HandWritten-Mfeat__TMC,native_nonvacuity,E545,P155,P143,4,3,0+3,-0.9198251118821199,0.001609608496059593,coarsening_worsens
HandWritten-Mfeat__TMC,native_nonvacuity,E546,P155,P147,4,3,1+3,-0.9657308038378822,0.0008903358369623448,coarsening_worsens
HandWritten-Mfeat__TMC,native_nonvacuity,E547,P155,P151,4,3,2+3,-5.523176549940486,0.05881007964221806,coarsening_worsens
HandWritten-Mfeat__TMC,native_nonvacuity,E548,P156,P021,4,3,0+1,-8.682917415768687,0.0033401617693136244,coarsening_worsens
HandWritten-Mfeat__TMC,native_nonvacuity,E549,P156,P069,4,3,0+2,-9.095045051357022,0.0008179676008619617,coarsening_worsens
HandWritten-Mfeat__TMC,native_nonvacuity,E550,P156,P106,4,3,1+2,-5.268091652991281,-0.00030969623938799444,coarsening_improves
HandWritten-Mfeat__TMC,native_nonvacuity,E551,P156,P144,4,3,0+3,-8.960639983072237,0.0029439784314689455,coarsening_worsens
HandWritten-Mfeat__TMC,native_nonvacuity,E552,P156,P148,4,3,1+3,-0.843529050224344,7.309983185938582e-06,coarsening_worsens
HandWritten-Mfeat__TMC,native_nonvacuity,E553,P156,P152,4,3,2+3,-5.523176549940487,-0.00030969623938799444,coarsening_improves
HandWritten-Mfeat__TMC,native_nonvacuity,E554,P157,P022,4,3,0+1,-8.70199596081007,0.06320849414366136,coarsening_worsens
HandWritten-Mfeat__TMC,native_nonvacuity,E555,P157,P068,4,3,0+2,-8.693611410984083,0.06461445856338828,coarsening_worsens
HandWritten-Mfeat__TMC,native_nonvacuity,E556,P157,P106,4,3,1+2,-0.5771119547882417,0.0,tie
HandWritten-Mfeat__TMC,native_nonvacuity,E557,P157,P145,4,3,0+3,-8.960639983072237,0.046690534288188104,coarsening_worsens
HandWritten-Mfeat__TMC,native_nonvacuity,E558,P157,P149,4,3,1+3,-0.965730803837884,0.0,tie
HandWritten-Mfeat__TMC,native_nonvacuity,E559,P157,P153,4,3,2+3,-0.947616059849155,0.0,tie
HandWritten-Mfeat__TMC,native_nonvacuity,E560,P158,P023,4,3,0+1,-8.70199596081007,0.004335094328901438,coarsening_worsens
HandWritten-Mfeat__TMC,native_nonvacuity,E561,P158,P070,4,3,0+2,-9.095045051357022,0.0018449099571722291,coarsening_worsens
HandWritten-Mfeat__TMC,native_nonvacuity,E562,P158,P107,4,3,1+2,-5.280751985487557,-0.00029516078243897335,coarsening_improves
HandWritten-Mfeat__TMC,native_nonvacuity,E563,P158,P143,4,3,0+3,-8.873083304456959,0.003982798178248994,coarsening_worsens
HandWritten-Mfeat__TMC,native_nonvacuity,E564,P158,P148,4,3,1+3,-0.6502256313014065,2.1845440134959666e-05,coarsening_worsens
HandWritten-Mfeat__TMC,native_nonvacuity,E565,P158,P153,4,3,2+3,-5.4452923391292565,-0.00029516078243897335,coarsening_improves
HandWritten-Mfeat__TMC,native_nonvacuity,E566,P159,P024,5,4,0+1,-8.70199596081007,0.002954967871859077,coarsening_worsens
HandWritten-Mfeat__TMC,native_nonvacuity,E567,P159,P071,5,4,0+2,-9.095045051357022,0.0006958650559203166,coarsening_worsens
HandWritten-Mfeat__TMC,native_nonvacuity,E568,P159,P108,5,4,1+2,-5.280751985487557,-0.00018689797565620602,coarsening_improves
HandWritten-Mfeat__TMC,native_nonvacuity,E569,P159,P146,5,4,0+3,-8.960639983072237,0.0024990987154132355,coarsening_worsens
HandWritten-Mfeat__TMC,native_nonvacuity,E570,P159,P150,5,4,1+3,-0.9657308038378822,6.465741861996796e-05,coarsening_worsens
HandWritten-Mfeat__TMC,native_nonvacuity,E571,P159,P154,5,4,2+3,-5.5231765499404855,-0.00018689797565620602,coarsening_improves
HandWritten-Mfeat__TMC,native_nonvacuity,E572,P159,P155,5,4,0+4,-9.491518018101576,0.0024814524889721678,coarsening_worsens
HandWritten-Mfeat__TMC,native_nonvacuity,E573,P159,P156,5,4,1+4,-1.3449564066037993,0.00012279826373178841,coarsening_worsens
HandWritten-Mfeat__TMC,native_nonvacuity,E574,P159,P157,5,4,2+4,-6.035936104806838,-0.00018689797565620602,coarsening_improves
HandWritten-Mfeat__TMC,native_nonvacuity,E575,P159,P158,5,4,3+4,-1.5382598255267368,0.00010826280678276733,coarsening_worsens
HandWritten-Mfeat__TMC,native_nonvacuity,E576,P160,P025,3,2,0+1,-0.8241737453155003,0.007225649251870192,coarsening_worsens
HandWritten-Mfeat__TMC,native_nonvacuity,E577,P160,P052,3,2,0+2,-0.661889382153353,0.12169669746674058,coarsening_worsens
HandWritten-Mfeat__TMC,native_nonvacuity,E578,P160,P099,3,2,1+2,-1.1169829549998032,0.026494226143919553,coarsening_worsens
HandWritten-Mfeat__TMC,native_nonvacuity,E579,P161,P025,3,2,0+1,-0.604662657219895,0.08198070016913445,coarsening_worsens
HandWritten-Mfeat__TMC,native_nonvacuity,E580,P161,P053,3,2,0+2,-0.8745932858521813,0.12568751562168753,coarsening_worsens
HandWritten-Mfeat__TMC,native_nonvacuity,E581,P161,P100,3,2,1+2,-0.779064794100261,0.03832487993947307,coarsening_worsens
HandWritten-Mfeat__TMC,native_nonvacuity,E582,P162,P026,3,2,0+1,-1.043847204218597,0.019072054298932134,coarsening_worsens
HandWritten-Mfeat__TMC,native_nonvacuity,E583,P162,P052,3,2,0+2,-0.5218504590914347,0.13909586194131598,coarsening_worsens
HandWritten-Mfeat__TMC,native_nonvacuity,E584,P162,P100,3,2,1+2,-0.8585369591339479,-0.019031006503215778,coarsening_improves
HandWritten-Mfeat__TMC,native_nonvacuity,E585,P163,P027,4,3,0+1,-1.0438472042185964,0.08854209680802792,coarsening_worsens
HandWritten-Mfeat__TMC,native_nonvacuity,E586,P163,P054,4,3,0+2,-0.874593285852181,0.23733891230364051,coarsening_worsens
HandWritten-Mfeat__TMC,native_nonvacuity,E587,P163,P101,4,3,1+2,-1.1169829549998027,0.05675660305217731,coarsening_worsens
HandWritten-Mfeat__TMC,native_nonvacuity,E588,P163,P160,4,3,0+3,-1.4507031469114589,0.05364697682023352,coarsening_worsens
HandWritten-Mfeat__TMC,native_nonvacuity,E589,P163,P161,4,3,1+3,-1.6702142350070641,-0.021108074097030728,coarsening_improves
HandWritten-Mfeat__TMC,native_nonvacuity,E590,P163,P162,4,3,2+3,-1.5907420699733772,0.03624781234565812,coarsening_worsens
HandWritten-Mfeat__TMC,native_nonvacuity,E591,P164,P025,3,2,0+1,-0.38813325660388376,0.04247564068286287,coarsening_worsens
HandWritten-Mfeat__TMC,native_nonvacuity,E592,P164,P055,3,2,0+2,-0.7581664356123186,0.01404227260709083,coarsening_worsens
HandWritten-Mfeat__TMC,native_nonvacuity,E593,P164,P102,3,2,1+2,-0.6838591936944505,0.15319529471368926,coarsening_worsens
HandWritten-Mfeat__TMC,native_nonvacuity,E594,P165,P025,3,2,0+1,-8.646389682684013,0.10579448602618449,coarsening_worsens
HandWritten-Mfeat__TMC,native_nonvacuity,E595,P165,P056,3,2,0+2,-8.678797381801019,0.07097792390376514,coarsening_worsens
HandWritten-Mfeat__TMC,native_nonvacuity,E596,P165,P103,3,2,1+2,-0.6715807721220397,0.0,tie
HandWritten-Mfeat__TMC,native_nonvacuity,E597,P166,P026,3,2,0+1,-8.648621586697098,0.10024172659867103,coarsening_worsens
HandWritten-Mfeat__TMC,native_nonvacuity,E598,P166,P055,3,2,0+2,-8.658942383740516,0.07736111795041245,coarsening_worsens
HandWritten-Mfeat__TMC,native_nonvacuity,E599,P166,P103,3,2,1+2,-0.31410029417010854,0.0,tie
HandWritten-Mfeat__TMC,native_nonvacuity,E600,P167,P027,4,3,0+1,-8.648621586697097,0.1334639567621087,coarsening_worsens
HandWritten-Mfeat__TMC,native_nonvacuity,E601,P167,P057,4,3,0+2,-8.678797381801019,0.1315920769628868,coarsening_worsens
HandWritten-Mfeat__TMC,native_nonvacuity,E602,P167,P104,4,3,1+2,-0.6838591936944507,0.0,tie
HandWritten-Mfeat__TMC,native_nonvacuity,E603,P167,P164,4,3,0+3,-9.491518018101576,0.06331884534332162,coarsening_worsens
HandWritten-Mfeat__TMC,native_nonvacuity,E604,P167,P165,4,3,1+3,-1.2332615920214458,0.0,tie
HandWritten-Mfeat__TMC,native_nonvacuity,E605,P167,P166,4,3,2+3,-1.590742069973377,0.0,tie
HandWritten-Mfeat__TMC,native_nonvacuity,E606,P168,P028,3,2,0+1,-0.9122195336372607,-0.028737662014900744,coarsening_improves
HandWritten-Mfeat__TMC,native_nonvacuity,E607,P168,P052,3,2,0+2,-0.37555590532255534,0.08524367055283397,coarsening_worsens
HandWritten-Mfeat__TMC,native_nonvacuity,E608,P168,P102,3,2,1+2,-0.8335662055752693,0.08149227636878997,coarsening_worsens
HandWritten-Mfeat__TMC,native_nonvacuity,E609,P169,P028,3,2,0+1,-8.733523316731771,0.10628420167332017,coarsening_worsens
HandWritten-Mfeat__TMC,native_nonvacuity,E610,P169,P053,3,2,0+2,-8.629074680211499,0.14950130147873758,coarsening_worsens
HandWritten-Mfeat__TMC,native_nonvacuity,E611,P169,P103,3,2,1+2,-0.38433514101723887,0.0,tie
HandWritten-Mfeat__TMC,native_nonvacuity,E612,P170,P029,3,2,0+1,-8.806058020523846,0.1269686594305452,coarsening_worsens
HandWritten-Mfeat__TMC,native_nonvacuity,E613,P170,P052,3,2,0+2,-8.627407002790378,0.22026553424105488,coarsening_worsens
HandWritten-Mfeat__TMC,native_nonvacuity,E614,P170,P103,3,2,1+2,-0.8148824553905509,0.0,tie
HandWritten-Mfeat__TMC,native_nonvacuity,E615,P171,P030,4,3,0+1,-8.806058020523846,0.2525228165780683,coarsening_worsens
HandWritten-Mfeat__TMC,native_nonvacuity,E616,P171,P054,4,3,0+2,-8.6290746802115,0.2822607722577213,coarsening_worsens
HandWritten-Mfeat__TMC,native_nonvacuity,E617,P171,P104,4,3,1+2,-0.83356620557527,0.0,tie
HandWritten-Mfeat__TMC,native_nonvacuity,E618,P171,P168,4,3,0+3,-9.491518018101576,0.13502186368822092,coarsening_worsens
HandWritten-Mfeat__TMC,native_nonvacuity,E619,P171,P169,4,3,1+3,-1.670214235007066,0.0,tie
HandWritten-Mfeat__TMC,native_nonvacuity,E620,P171,P170,4,3,2+3,-1.2396669206337538,0.0,tie
HandWritten-Mfeat__TMC,native_nonvacuity,E621,P172,P031,4,3,0+1,-0.91221953363726,-0.0160027244466608,coarsening_improves
HandWritten-Mfeat__TMC,native_nonvacuity,E622,P172,P058,4,3,0+2,-0.7581664356123181,0.054324969952194095,coarsening_worsens
HandWritten-Mfeat__TMC,native_nonvacuity,E623,P172,P105,4,3,1+2,-1.1169829549998025,0.022735546160568103,coarsening_worsens
HandWritten-Mfeat__TMC,native_nonvacuity,E624,P172,P160,4,3,0+3,-0.9198251118821203,0.0529859426520261,coarsening_worsens
HandWritten-Mfeat__TMC,native_nonvacuity,E625,P172,P164,4,3,1+3,-1.3558656005937368,0.01773595122103342,coarsening_worsens
HandWritten-Mfeat__TMC,native_nonvacuity,E626,P172,P168,4,3,2+3,-1.206158588712918,0.08943896956593272,coarsening_worsens
HandWritten-Mfeat__TMC,native_nonvacuity,E627,P173,P031,4,3,0+1,-8.733523316731771,0.029580169675627398,coarsening_worsens
HandWritten-Mfeat__TMC,native_nonvacuity,E628,P173,P059,4,3,0+2,-8.678797381801019,0.027251089860307266,coarsening_worsens
HandWritten-Mfeat__TMC,native_nonvacuity,E629,P173,P106,4,3,1+2,-0.7790647941002611,0.0,tie
HandWritten-Mfeat__TMC,native_nonvacuity,E630,P173,P161,4,3,0+3,-8.960639983072237,0.023813785857050053,coarsening_worsens
HandWritten-Mfeat__TMC,native_nonvacuity,E631,P173,P165,4,3,1+3,-0.9189129576081179,0.0,tie
HandWritten-Mfeat__TMC,native_nonvacuity,E632,P173,P169,4,3,2+3,-1.2061585887129187,0.0,tie
HandWritten-Mfeat__TMC,native_nonvacuity,E633,P174,P032,4,3,0+1,-8.806058020523844,0.0733491694084732,coarsening_worsens
HandWritten-Mfeat__TMC,native_nonvacuity,E634,P174,P058,4,3,0+2,-8.658942383740516,0.0999078640744823,coarsening_worsens
HandWritten-Mfeat__TMC,native_nonvacuity,E635,P174,P106,4,3,1+2,-0.8585369591339482,0.0,tie
HandWritten-Mfeat__TMC,native_nonvacuity,E636,P174,P162,4,3,0+3,-8.960639983072237,0.0811696722997389,coarsening_worsens
HandWritten-Mfeat__TMC,native_nonvacuity,E637,P174,P166,4,3,1+3,-1.3558656005937362,0.0,tie
HandWritten-Mfeat__TMC,native_nonvacuity,E638,P174,P170,4,3,2+3,-0.8550834393732938,0.0,tie
HandWritten-Mfeat__TMC,native_nonvacuity,E639,P175,P033,4,3,0+1,-8.806058020523846,0.06866579866779549,coarsening_worsens
HandWritten-Mfeat__TMC,native_nonvacuity,E640,P175,P060,4,3,0+2,-8.678797381801019,0.08393508302876183,coarsening_worsens
HandWritten-Mfeat__TMC,native_nonvacuity,E641,P175,P107,4,3,1+2,-1.1169829549998038,-7.513171793140287e-05,coarsening_improves
HandWritten-Mfeat__TMC,native_nonvacuity,E642,P175,P160,4,3,0+3,-8.87308330445696,0.0984937050563829,coarsening_worsens
HandWritten-Mfeat__TMC,native_nonvacuity,E643,P175,P165,4,3,1+3,-1.050867367088447,-7.513171793140287e-05,coarsening_improves
HandWritten-Mfeat__TMC,native_nonvacuity,E644,P175,P170,4,3,2+3,-0.9075656838199357,-7.513171793140287e-05,coarsening_improves
HandWritten-Mfeat__TMC,native_nonvacuity,E645,P176,P034,5,4,0+1,-8.806058020523844,0.03675799575887553,coarsening_worsens
HandWritten-Mfeat__TMC,native_nonvacuity,E646,P176,P061,5,4,0+2,-8.678797381801019,0.043373532264497625,coarsening_worsens
HandWritten-Mfeat__TMC,native_nonvacuity,E647,P176,P108,5,4,1+2,-1.116982954999802,0.0,tie
HandWritten-Mfeat__TMC,native_nonvacuity,E648,P176,P163,5,4,0+3,-8.960639983072237,0.04492185995408078,coarsening_worsens
HandWritten-Mfeat__TMC,native_nonvacuity,E649,P176,P167,5,4,1+3,-1.3558656005937362,0.0,tie
HandWritten-Mfeat__TMC,native_nonvacuity,E650,P176,P171,5,4,2+3,-1.206158588712917,0.0,tie
HandWritten-Mfeat__TMC,native_nonvacuity,E651,P176,P172,5,4,0+4,-9.491518018101575,0.0455828941222882,coarsening_worsens
HandWritten-Mfeat__TMC,native_nonvacuity,E652,P176,P173,5,4,1+4,-1.6702142350070641,0.0,tie
HandWritten-Mfeat__TMC,native_nonvacuity,E653,P176,P174,5,4,2+4,-1.590742069973377,0.0,tie
HandWritten-Mfeat__TMC,native_nonvacuity,E654,P176,P175,5,4,3+4,-1.538259825526735,7.513171793140287e-05,coarsening_worsens
HandWritten-Mfeat__TMC,native_nonvacuity,E655,P177,P035,4,3,0+1,-0.8241737453155,-0.001324813428048366,coarsening_improves
HandWritten-Mfeat__TMC,native_nonvacuity,E656,P177,P072,4,3,0+2,-5.213246075523795,0.13063757341832904,coarsening_worsens
HandWritten-Mfeat__TMC,native_nonvacuity,E657,P177,P109,4,3,1+2,-5.376841630915202,0.12836305680406124,coarsening_worsens
HandWritten-Mfeat__TMC,native_nonvacuity,E658,P177,P126,4,3,0+3,-1.0196784016867024,-0.0013553131562040587,coarsening_improves
HandWritten-Mfeat__TMC,native_nonvacuity,E659,P177,P143,4,3,1+3,-1.4038656117271158,-0.0018448906428115749,coarsening_improves
HandWritten-Mfeat__TMC,native_nonvacuity,E660,P177,P160,4,3,2+3,-5.567634642214871,0.09244598717081476,coarsening_worsens
HandWritten-Mfeat__TMC,native_nonvacuity,E661,P178,P035,4,3,0+1,-0.6046626572198948,0.001042030262636212,coarsening_worsens
HandWritten-Mfeat__TMC,native_nonvacuity,E662,P178,P073,4,3,0+2,-5.216908996337337,0.05343225845296906,coarsening_worsens
HandWritten-Mfeat__TMC,native_nonvacuity,E663,P178,P110,4,3,1+2,-5.317689252605684,0.0551909314808939,coarsening_worsens
HandWritten-Mfeat__TMC,native_nonvacuity,E664,P178,P127,4,3,0+3,-1.2314209131928937,0.000345648254113332,coarsening_worsens
HandWritten-Mfeat__TMC,native_nonvacuity,E665,P178,P144,4,3,1+3,-1.0786077833238519,-0.0005023312419580235,coarsening_improves
HandWritten-Mfeat__TMC,native_nonvacuity,E666,P178,P161,4,3,2+3,-5.567634642214871,0.02005777994423509,coarsening_worsens
HandWritten-Mfeat__TMC,native_nonvacuity,E667,P179,P036,4,3,0+1,-1.0438472042185964,0.04492179102574937,coarsening_worsens
HandWritten-Mfeat__TMC,native_nonvacuity,E668,P179,P072,4,3,0+2,-0.628013117628416,0.07469232372276818,coarsening_worsens
HandWritten-Mfeat__TMC,native_nonvacuity,E669,P179,P110,4,3,1+2,-0.9519673828059092,-0.003121161905351534,coarsening_improves
HandWritten-Mfeat__TMC,native_nonvacuity,E670,P179,P128,4,3,0+3,-1.2314209131928946,0.06502802447194966,coarsening_worsens
HandWritten-Mfeat__TMC,native_nonvacuity,E671,P179,P145,4,3,1+3,-1.4038656117271164,-0.015377565010872292,coarsening_improves
HandWritten-Mfeat__TMC,native_nonvacuity,E672,P179,P162,4,3,2+3,-1.1224406073814095,0.019101573000678503,coarsening_worsens
HandWritten-Mfeat__TMC,native_nonvacuity,E673,P180,P037,4,3,0+1,-1.0438472042185962,-0.0013805003092953847,coarsening_improves
HandWritten-Mfeat__TMC,native_nonvacuity,E674,P180,P074,4,3,0+2,-5.216908996337337,0.06544534051594766,coarsening_worsens
HandWritten-Mfeat__TMC,native_nonvacuity,E675,P180,P111,4,3,1+2,-5.376841630915202,0.050719976589677265,coarsening_worsens
HandWritten-Mfeat__TMC,native_nonvacuity,E676,P180,P126,4,3,0+3,-0.7476775609801845,-0.0001814328693031629,coarsening_improves
HandWritten-Mfeat__TMC,native_nonvacuity,E677,P180,P144,4,3,1+3,-1.0261180307129392,-0.0016952946457417057,coarsening_improves
HandWritten-Mfeat__TMC,native_nonvacuity,E678,P180,P162,4,3,2+3,-5.435672724570271,0.07622070298314025,coarsening_worsens
HandWritten-Mfeat__TMC,native_nonvacuity,E679,P181,P038,5,4,0+1,-1.043847204218598,-0.0020537739794709593,coarsening_improves
HandWritten-Mfeat__TMC,native_nonvacuity,E680,P181,P075,5,4,0+2,-5.216908996337339,0.058519566429279274,coarsening_worsens
HandWritten-Mfeat__TMC,native_nonvacuity,E681,P181,P112,5,4,1+2,-5.376841630915203,0.045723163025919465,coarsening_worsens
HandWritten-Mfeat__TMC,native_nonvacuity,E682,P181,P129,5,4,0+3,-1.2314209131928964,0.0001517118234368219,coarsening_worsens
HandWritten-Mfeat__TMC,native_nonvacuity,E683,P181,P146,5,4,1+3,-1.4038656117271184,-0.002929729984034739,coarsening_improves
HandWritten-Mfeat__TMC,native_nonvacuity,E684,P181,P163,5,4,2+3,-5.567634642214872,0.0393061332789766,coarsening_worsens
HandWritten-Mfeat__TMC,native_nonvacuity,E685,P181,P177,5,4,0+4,-1.4507031469114606,0.0005071229283953611,coarsening_worsens
HandWritten-Mfeat__TMC,native_nonvacuity,E686,P181,P178,5,4,1+4,-1.670214235007066,-0.001859720762289217,coarsening_improves
HandWritten-Mfeat__TMC,native_nonvacuity,E687,P181,P179,5,4,2+4,-6.03593610480684,0.056452372623956214,coarsening_worsens
HandWritten-Mfeat__TMC,native_nonvacuity,E688,P181,P180,5,4,3+4,-1.7227039876179786,-0.0006667573585055347,coarsening_improves
HandWritten-Mfeat__TMC,native_nonvacuity,E689,P182,P035,4,3,0+1,-0.38813325660388376,0.001972098626857346,coarsening_worsens
HandWritten-Mfeat__TMC,native_nonvacuity,E690,P182,P076,4,3,0+2,-5.238029497689346,0.10070402295608104,coarsening_worsens
HandWritten-Mfeat__TMC,native_nonvacuity,E691,P182,P113,4,3,1+2,-5.246047840917272,0.11534805242665111,coarsening_worsens
HandWritten-Mfeat__TMC,native_nonvacuity,E692,P182,P130,4,3,0+3,-1.1080647890087993,0.0006798877945974422,coarsening_worsens
HandWritten-Mfeat__TMC,native_nonvacuity,E693,P182,P147,4,3,1+3,-1.0137308149712618,0.0007327487529968889,coarsening_worsens
HandWritten-Mfeat__TMC,native_nonvacuity,E694,P182,P164,4,3,2+3,-5.567634642214871,0.06049290779472779,coarsening_worsens
HandWritten-Mfeat__TMC,native_nonvacuity,E695,P183,P035,4,3,0+1,-8.646389682684013,0.004596564564039914,coarsening_worsens
HandWritten-Mfeat__TMC,native_nonvacuity,E696,P183,P077,4,3,0+2,-9.095045051357022,0.0005624482612274847,coarsening_worsens
HandWritten-Mfeat__TMC,native_nonvacuity,E697,P183,P114,4,3,1+2,-5.243928937338081,-0.00020147161141126192,coarsening_improves
HandWritten-Mfeat__TMC,native_nonvacuity,E698,P183,P131,4,3,0+3,-9.02292419470985,0.004149390330714521,coarsening_worsens
HandWritten-Mfeat__TMC,native_nonvacuity,E699,P183,P148,4,3,1+3,-1.003223875940078,0.0001155346111626711,coarsening_worsens
HandWritten-Mfeat__TMC,native_nonvacuity,E700,P183,P165,4,3,2+3,-5.5676346422148715,-0.00020147161141126192,coarsening_improves
HandWritten-Mfeat__TMC,native_nonvacuity,E701,P184,P036,4,3,0+1,-8.648621586697097,0.10698989032480977,coarsening_worsens
HandWritten-Mfeat__TMC,native_nonvacuity,E702,P184,P076,4,3,0+2,-8.693611410984083,0.10352996050467486,coarsening_worsens
HandWritten-Mfeat__TMC,native_nonvacuity,E703,P184,P114,4,3,1+2,-0.44125442455268704,0.0,tie
HandWritten-Mfeat__TMC,native_nonvacuity,E704,P184,P132,4,3,0+3,-9.022924194709848,0.055254960171825705,coarsening_worsens
HandWritten-Mfeat__TMC,native_nonvacuity,E705,P184,P149,4,3,1+3,-1.0137308149712627,0.0,tie
HandWritten-Mfeat__TMC,native_nonvacuity,E706,P184,P166,4,3,2+3,-1.1224406073814084,0.0,tie
HandWritten-Mfeat__TMC,native_nonvacuity,E707,P185,P037,4,3,0+1,-8.648621586697097,0.0032948590934314135,coarsening_worsens
HandWritten-Mfeat__TMC,native_nonvacuity,E708,P185,P078,4,3,0+2,-9.095045051357022,0.0007226591465283754,coarsening_worsens
HandWritten-Mfeat__TMC,native_nonvacuity,E709,P185,P115,4,3,1+2,-5.246047840917273,-0.00027360991387184773,coarsening_improves
HandWritten-Mfeat__TMC,native_nonvacuity,E710,P185,P130,4,3,0+3,-8.876878819492397,0.0032322154293194243,coarsening_worsens
HandWritten-Mfeat__TMC,native_nonvacuity,E711,P185,P148,4,3,1+3,-0.5137814803435461,4.3396308702085286e-05,coarsening_worsens
HandWritten-Mfeat__TMC,native_nonvacuity,E712,P185,P166,4,3,2+3,-5.435672724570271,-0.00027360991387184773,coarsening_improves
HandWritten-Mfeat__TMC,native_nonvacuity,E713,P186,P038,5,4,0+1,-8.648621586697097,0.003460205859533533,coarsening_worsens
HandWritten-Mfeat__TMC,native_nonvacuity,E714,P186,P079,5,4,0+2,-9.095045051357022,0.0005306328027083365,coarsening_worsens
HandWritten-Mfeat__TMC,native_nonvacuity,E715,P186,P116,5,4,1+2,-5.246047840917271,-0.00010174683609968861,coarsening_improves
HandWritten-Mfeat__TMC,native_nonvacuity,E716,P186,P133,5,4,0+3,-9.022924194709848,0.003086770906967914,coarsening_worsens
HandWritten-Mfeat__TMC,native_nonvacuity,E717,P186,P150,5,4,1+3,-1.013730814971261,0.00014980855817648537,coarsening_worsens
HandWritten-Mfeat__TMC,native_nonvacuity,E718,P186,P167,5,4,2+3,-5.56763464221487,-0.00010174683609968861,coarsening_improves
HandWritten-Mfeat__TMC,native_nonvacuity,E719,P186,P182,5,4,0+4,-9.491518018101575,0.0027241907124941414,coarsening_worsens
HandWritten-Mfeat__TMC,native_nonvacuity,E720,P186,P183,5,4,1+4,-1.233261592021444,9.97247753115733e-05,coarsening_worsens
HandWritten-Mfeat__TMC,native_nonvacuity,E721,P186,P184,5,4,2+4,-6.035936104806838,-0.00010174683609968861,coarsening_improves
HandWritten-Mfeat__TMC,native_nonvacuity,E722,P186,P185,5,4,3+4,-1.722703987617976,0.00017186307777215912,coarsening_worsens
HandWritten-Mfeat__TMC,native_nonvacuity,E723,P187,P039,4,3,0+1,-0.9122195336372603,-0.002001072037002255,coarsening_improves
HandWritten-Mfeat__TMC,native_nonvacuity,E724,P187,P072,4,3,0+2,-0.6098946374654299,0.07695665091460883,coarsening_worsens
HandWritten-Mfeat__TMC,native_nonvacuity,E725,P187,P113,4,3,1+2,-1.0787368915705227,0.05837021786802518,coarsening_worsens
HandWritten-Mfeat__TMC,native_nonvacuity,E726,P187,P134,4,3,0+3,-1.1080647890088,0.0202692755623603,coarsening_worsens
HandWritten-Mfeat__TMC,native_nonvacuity,E727,P187,P151,4,3,1+3,-1.4038656117271164,0.001674657999626683,coarsening_worsens
HandWritten-Mfeat__TMC,native_nonvacuity,E728,P187,P168,4,3,2+3,-1.2506166809873027,0.07521809158100116,coarsening_worsens
HandWritten-Mfeat__TMC,native_nonvacuity,E729,P188,P039,4,3,0+1,-8.733523316731771,0.0578027000702175,coarsening_worsens
HandWritten-Mfeat__TMC,native_nonvacuity,E730,P188,P073,4,3,0+2,-8.654372429469088,0.057188264365784024,coarsening_worsens
HandWritten-Mfeat__TMC,native_nonvacuity,E731,P188,P114,4,3,1+2,-0.6396653450057119,0.0,tie
HandWritten-Mfeat__TMC,native_nonvacuity,E732,P188,P135,4,3,0+3,-9.022924194709848,0.022505851790900835,coarsening_worsens
HandWritten-Mfeat__TMC,native_nonvacuity,E733,P188,P152,4,3,1+3,-1.0786077833238519,0.0,tie
HandWritten-Mfeat__TMC,native_nonvacuity,E734,P188,P169,4,3,2+3,-1.250616680987303,0.0,tie
HandWritten-Mfeat__TMC,native_nonvacuity,E735,P189,P040,4,3,0+1,-8.806058020523844,0.1128619292273671,coarsening_worsens
HandWritten-Mfeat__TMC,native_nonvacuity,E736,P189,P072,4,3,0+2,-8.641037040851499,0.13669264428747874,coarsening_worsens
HandWritten-Mfeat__TMC,native_nonvacuity,E737,P189,P114,4,3,1+2,-0.84950396529727,-6.777873434985095e-05,coarsening_improves
HandWritten-Mfeat__TMC,native_nonvacuity,E738,P189,P136,4,3,0+3,-9.02292419470985,0.08214417645407943,coarsening_worsens
HandWritten-Mfeat__TMC,native_nonvacuity,E739,P189,P153,4,3,1+3,-1.4038656117271167,-6.777873434985095e-05,coarsening_improves
HandWritten-Mfeat__TMC,native_nonvacuity,E740,P189,P170,4,3,2+3,-1.029907986905549,-6.777873434985095e-05,coarsening_improves
HandWritten-Mfeat__TMC,native_nonvacuity,E741,P190,P041,4,3,0+1,-8.806058020523844,0.057598464702787955,coarsening_worsens
HandWritten-Mfeat__TMC,native_nonvacuity,E742,P190,P074,4,3,0+2,-8.654372429469088,0.07039430983254631,coarsening_worsens
HandWritten-Mfeat__TMC,native_nonvacuity,E743,P190,P115,4,3,1+2,-1.0787368915705233,0.0,tie
HandWritten-Mfeat__TMC,native_nonvacuity,E744,P190,P134,4,3,0+3,-8.876878819492399,0.08007304766958005,coarsening_worsens
HandWritten-Mfeat__TMC,native_nonvacuity,E745,P190,P152,4,3,1+3,-1.02611803071294,0.0,tie
HandWritten-Mfeat__TMC,native_nonvacuity,E746,P190,P170,4,3,2+3,-0.7675796140030791,0.0,tie
HandWritten-Mfeat__TMC,native_nonvacuity,E747,P191,P042,5,4,0+1,-8.806058020523846,0.05246194920824195,coarsening_worsens
HandWritten-Mfeat__TMC,native_nonvacuity,E748,P191,P075,5,4,0+2,-8.654372429469088,0.06413529310438346,coarsening_worsens
HandWritten-Mfeat__TMC,native_nonvacuity,E749,P191,P116,5,4,1+2,-1.0787368915705233,0.0,tie
HandWritten-Mfeat__TMC,native_nonvacuity,E750,P191,P137,5,4,0+3,-9.022924194709852,0.03967025696093127,coarsening_worsens
HandWritten-Mfeat__TMC,native_nonvacuity,E751,P191,P154,5,4,1+3,-1.4038656117271167,0.0,tie
HandWritten-Mfeat__TMC,native_nonvacuity,E752,P191,P171,5,4,2+3,-1.250616680987303,0.0,tie
HandWritten-Mfeat__TMC,native_nonvacuity,E753,P191,P187,5,4,0+4,-9.491518018101576,0.05980377210721975,coarsening_worsens
HandWritten-Mfeat__TMC,native_nonvacuity,E754,P191,P188,5,4,1+4,-1.670214235007066,0.0,tie
HandWritten-Mfeat__TMC,native_nonvacuity,E755,P191,P189,5,4,2+4,-1.4603756147155078,6.777873434985095e-05,coarsening_worsens
HandWritten-Mfeat__TMC,native_nonvacuity,E756,P191,P190,5,4,3+4,-1.7227039876179777,0.0,tie
HandWritten-Mfeat__TMC,native_nonvacuity,E757,P192,P043,4,3,0+1,-0.91221953363726,-0.0010359540511464312,coarsening_improves
HandWritten-Mfeat__TMC,native_nonvacuity,E758,P192,P080,4,3,0+2,-5.238029497689346,0.11044218911572957,coarsening_worsens
HandWritten-Mfeat__TMC,native_nonvacuity,E759,P192,P117,4,3,1+2,-5.376841630915202,0.09970952737416015,coarsening_worsens
HandWritten-Mfeat__TMC,native_nonvacuity,E760,P192,P126,4,3,0+3,-0.48987585959774194,-0.0005633143218454354,coarsening_improves
HandWritten-Mfeat__TMC,native_nonvacuity,E761,P192,P147,4,3,1+3,-0.9199687615939176,-0.0017721644675501996,coarsening_improves
HandWritten-Mfeat__TMC,native_nonvacuity,E762,P192,P168,4,3,2+3,-5.324165576956708,0.12969101291908,coarsening_worsens
HandWritten-Mfeat__TMC,native_nonvacuity,E763,P193,P043,4,3,0+1,-8.733523316731771,0.003992299916776905,coarsening_worsens
HandWritten-Mfeat__TMC,native_nonvacuity,E764,P193,P081,4,3,0+2,-9.095045051357022,0.0006606669215685221,coarsening_worsens
HandWritten-Mfeat__TMC,native_nonvacuity,E765,P193,P118,4,3,1+2,-5.317689252605684,-0.00030259680121758195,coarsening_improves
HandWritten-Mfeat__TMC,native_nonvacuity,E766,P193,P127,4,3,0+3,-8.74243324229405,0.0037990573657107137,coarsening_worsens
HandWritten-Mfeat__TMC,native_nonvacuity,E767,P193,P148,4,3,1+3,-0.4725091795771146,1.4409421356351073e-05,coarsening_worsens
HandWritten-Mfeat__TMC,native_nonvacuity,E768,P193,P169,4,3,2+3,-5.324165576956709,-0.00030259680121758195,coarsening_improves
HandWritten-Mfeat__TMC,native_nonvacuity,E769,P194,P044,4,3,0+1,-8.806058020523846,0.10173883335382716,coarsening_worsens
HandWritten-Mfeat__TMC,native_nonvacuity,E770,P194,P080,4,3,0+2,-8.693611410984083,0.11577303988487049,coarsening_worsens
HandWritten-Mfeat__TMC,native_nonvacuity,E771,P194,P118,4,3,1+2,-0.9519673828059094,0.0,tie
HandWritten-Mfeat__TMC,native_nonvacuity,E772,P194,P128,4,3,0+3,-8.742433242294052,0.12709612377101007,coarsening_worsens
HandWritten-Mfeat__TMC,native_nonvacuity,E773,P194,P149,4,3,1+3,-0.9199687615939194,0.0,tie
HandWritten-Mfeat__TMC,native_nonvacuity,E774,P194,P170,4,3,2+3,-0.5278963927836227,0.0,tie
HandWritten-Mfeat__TMC,native_nonvacuity,E775,P195,P045,4,3,0+1,-8.806058020523846,0.004733295816550545,coarsening_worsens
HandWritten-Mfeat__TMC,native_nonvacuity,E776,P195,P082,4,3,0+2,-9.095045051357022,0.0020873303732195253,coarsening_worsens
HandWritten-Mfeat__TMC,native_nonvacuity,E777,P195,P119,4,3,1+2,-5.376841630915202,-0.00020840970795414176,coarsening_improves
HandWritten-Mfeat__TMC,native_nonvacuity,E778,P195,P126,4,3,0+3,-8.73283904084684,0.004559126739341341,coarsening_worsens
HandWritten-Mfeat__TMC,native_nonvacuity,E779,P195,P148,4,3,1+3,-0.894168577731703,0.00010859651461979125,coarsening_worsens
HandWritten-Mfeat__TMC,native_nonvacuity,E780,P195,P170,4,3,2+3,-5.315277660737985,-0.00020840970795414176,coarsening_improves
HandWritten-Mfeat__TMC,native_nonvacuity,E781,P196,P046,5,4,0+1,-8.806058020523846,0.005774719371627337,coarsening_worsens
HandWritten-Mfeat__TMC,native_nonvacuity,E782,P196,P083,5,4,0+2,-9.095045051357022,0.0006991340851438003,coarsening_worsens
HandWritten-Mfeat__TMC,native_nonvacuity,E783,P196,P120,5,4,1+2,-5.376841630915202,-0.00014412084461020013,coarsening_improves
HandWritten-Mfeat__TMC,native_nonvacuity,E784,P196,P129,5,4,0+3,-8.742433242294052,0.005623317653930802,coarsening_worsens
HandWritten-Mfeat__TMC,native_nonvacuity,E785,P196,P150,5,4,1+3,-0.9199687615939176,0.00010743454966597384,coarsening_worsens
HandWritten-Mfeat__TMC,native_nonvacuity,E786,P196,P171,5,4,2+3,-5.324165576956707,-0.00014412084461020013,coarsening_improves
HandWritten-Mfeat__TMC,native_nonvacuity,E787,P196,P192,5,4,0+4,-9.491518018101576,0.005186729924530718,coarsening_worsens
HandWritten-Mfeat__TMC,native_nonvacuity,E788,P196,P193,5,4,1+4,-1.6702142350070641,0.0001584759566073818,coarsening_worsens
HandWritten-Mfeat__TMC,native_nonvacuity,E789,P196,P194,5,4,2+4,-6.035936104806838,-0.00014412084461020013,coarsening_improves
HandWritten-Mfeat__TMC,native_nonvacuity,E790,P196,P195,5,4,3+4,-1.2485548368524757,6.428886334394163e-05,coarsening_worsens
HandWritten-Mfeat__TMC,native_nonvacuity,E791,P197,P047,5,4,0+1,-0.9122195336372609,-0.0011697088743670469,coarsening_improves
HandWritten-Mfeat__TMC,native_nonvacuity,E792,P197,P084,5,4,0+2,-5.238029497689346,0.05565207601598341,coarsening_worsens
HandWritten-Mfeat__TMC,native_nonvacuity,E793,P197,P121,5,4,1+2,-5.376841630915202,0.0410578154387304,coarsening_worsens
HandWritten-Mfeat__TMC,native_nonvacuity,E794,P197,P138,5,4,0+3,-1.1080647890088002,-0.0008770458131616638,coarsening_improves
HandWritten-Mfeat__TMC,native_nonvacuity,E795,P197,P155,5,4,1+3,-1.4038656117271167,-0.0026725891899242833,coarsening_improves
HandWritten-Mfeat__TMC,native_nonvacuity,E796,P197,P172,5,4,2+3,-5.5676346422148715,0.04024195446773554,coarsening_worsens
HandWritten-Mfeat__TMC,native_nonvacuity,E797,P197,P177,5,4,0+4,-0.9198251118821208,0.0007819099489468845,coarsening_worsens
HandWritten-Mfeat__TMC,native_nonvacuity,E798,P197,P182,5,4,1+4,-1.355865600593737,-0.0025150021059588273,coarsening_improves
HandWritten-Mfeat__TMC,native_nonvacuity,E799,P197,P187,5,4,2+4,-5.523176549940486,0.054462832452667094,coarsening_worsens
HandWritten-Mfeat__TMC,native_nonvacuity,E800,P197,P192,5,4,3+4,-1.4496276539710813,-1.008888541173883e-05,coarsening_improves
HandWritten-Mfeat__TMC,native_nonvacuity,E801,P198,P047,5,4,0+1,-8.733523316731773,0.00401278309196608,coarsening_worsens
HandWritten-Mfeat__TMC,native_nonvacuity,E802,P198,P085,5,4,0+2,-9.095045051357022,0.0005121960459898989,coarsening_worsens
HandWritten-Mfeat__TMC,native_nonvacuity,E803,P198,P122,5,4,1+2,-5.317689252605684,-0.00015844768821953012,coarsening_improves
HandWritten-Mfeat__TMC,native_nonvacuity,E804,P198,P139,5,4,0+3,-9.02292419470985,0.0033706011800932007,coarsening_worsens
HandWritten-Mfeat__TMC,native_nonvacuity,E805,P198,P156,5,4,1+3,-1.0786077833238519,0.00015124855116846432,coarsening_worsens
HandWritten-Mfeat__TMC,native_nonvacuity,E806,P198,P173,5,4,2+3,-5.5676346422148715,-0.00015844768821953012,coarsening_improves
HandWritten-Mfeat__TMC,native_nonvacuity,E807,P198,P178,5,4,0+4,-8.960639983072237,0.0035975582245954332,coarsening_worsens
HandWritten-Mfeat__TMC,native_nonvacuity,E808,P198,P183,5,4,1+4,-0.9189129576081179,4.30239231917318e-05,coarsening_worsens
HandWritten-Mfeat__TMC,native_nonvacuity,E809,P198,P188,5,4,2+4,-5.523176549940487,-0.00015844768821953012,coarsening_improves
HandWritten-Mfeat__TMC,native_nonvacuity,E810,P198,P193,5,4,3+4,-1.4496276539710813,0.00014414911299805183,coarsening_worsens
HandWritten-Mfeat__TMC,native_nonvacuity,E811,P199,P048,5,4,0+1,-8.806058020523846,0.04558456465711404,coarsening_worsens
HandWritten-Mfeat__TMC,native_nonvacuity,E812,P199,P084,5,4,0+2,-8.693611410984083,0.06099301567053607,coarsening_worsens
HandWritten-Mfeat__TMC,native_nonvacuity,E813,P199,P122,5,4,1+2,-0.9519673828059094,0.0,tie
HandWritten-Mfeat__TMC,native_nonvacuity,E814,P199,P140,5,4,0+3,-9.02292419470985,0.03967406571675237,coarsening_worsens
HandWritten-Mfeat__TMC,native_nonvacuity,E815,P199,P157,5,4,1+3,-1.4038656117271167,0.0,tie
HandWritten-Mfeat__TMC,native_nonvacuity,E816,P199,P174,5,4,2+3,-1.1224406073814102,0.0,tie
HandWritten-Mfeat__TMC,native_nonvacuity,E817,P199,P179,5,4,0+4,-8.960639983072237,0.062068099299060396,coarsening_worsens
HandWritten-Mfeat__TMC,native_nonvacuity,E818,P199,P184,5,4,1+4,-1.355865600593738,0.0,tie
HandWritten-Mfeat__TMC,native_nonvacuity,E819,P199,P189,5,4,2+4,-0.947616059849155,6.777873434985095e-05,coarsening_worsens
HandWritten-Mfeat__TMC,native_nonvacuity,E820,P199,P194,5,4,3+4,-1.4496276539710813,0.0,tie
HandWritten-Mfeat__TMC,native_nonvacuity,E821,P200,P049,5,4,0+1,-8.806058020523846,0.0049883109831852825,coarsening_worsens
HandWritten-Mfeat__TMC,native_nonvacuity,E822,P200,P086,5,4,0+2,-9.095045051357022,0.0019623410274538108,coarsening_worsens
HandWritten-Mfeat__TMC,native_nonvacuity,E823,P200,P123,5,4,1+2,-5.376841630915202,-0.00017967344298846076,coarsening_improves
HandWritten-Mfeat__TMC,native_nonvacuity,E824,P200,P138,5,4,0+3,-8.8768788194924,0.004284220398402532,coarsening_worsens
HandWritten-Mfeat__TMC,native_nonvacuity,E825,P200,P156,5,4,1+3,-1.02611803071294,0.00013002279639953368,coarsening_worsens
HandWritten-Mfeat__TMC,native_nonvacuity,E826,P200,P174,5,4,2+3,-5.4356727245702725,-0.00017967344298846076,coarsening_improves
HandWritten-Mfeat__TMC,native_nonvacuity,E827,P200,P180,5,4,0+4,-8.960639983072237,0.004769295873610185,coarsening_worsens
HandWritten-Mfeat__TMC,native_nonvacuity,E828,P200,P185,5,4,1+4,-1.355865600593738,9.393647088338697e-05,coarsening_worsens
HandWritten-Mfeat__TMC,native_nonvacuity,E829,P200,P190,5,4,2+4,-5.523176549940487,-0.00017967344298846076,coarsening_improves
HandWritten-Mfeat__TMC,native_nonvacuity,E830,P200,P195,5,4,3+4,-0.975478503205581,2.8736264965681006e-05,coarsening_worsens
HandWritten-Mfeat__TMC,native_nonvacuity,E831,P201,P050,5,4,0+1,-8.806058020523844,0.00620497627339849,coarsening_worsens
HandWritten-Mfeat__TMC,native_nonvacuity,E832,P201,P087,5,4,0+2,-9.095045051357022,0.004076377881697927,coarsening_worsens
HandWritten-Mfeat__TMC,native_nonvacuity,E833,P201,P124,5,4,1+2,-5.376841630915202,-0.00017967344298846076,coarsening_improves
HandWritten-Mfeat__TMC,native_nonvacuity,E834,P201,P141,5,4,0+3,-9.02292419470985,0.005073285854578188,coarsening_worsens
HandWritten-Mfeat__TMC,native_nonvacuity,E835,P201,P158,5,4,1+3,-1.4038656117271167,0.0001154873394505126,coarsening_worsens
HandWritten-Mfeat__TMC,native_nonvacuity,E836,P201,P175,5,4,2+3,-5.56763464221487,-0.00010454172505705789,coarsening_improves
HandWritten-Mfeat__TMC,native_nonvacuity,E837,P201,P177,5,4,0+4,-8.873083304456959,0.005943176160511081,coarsening_worsens
HandWritten-Mfeat__TMC,native_nonvacuity,E838,P201,P183,5,4,1+4,-1.0508673670884452,2.179816842280116e-05,coarsening_worsens
HandWritten-Mfeat__TMC,native_nonvacuity,E839,P201,P189,5,4,2+4,-5.4452923391292565,-0.00011189470863860981,coarsening_improves
HandWritten-Mfeat__TMC,native_nonvacuity,E840,P201,P195,5,4,3+4,-1.1599226652968202,2.8736264965681006e-05,coarsening_worsens
HandWritten-Mfeat__TMC,native_nonvacuity,E841,P202,P051,6,5,0+1,-8.806058020523844,0.006104940784401034,coarsening_worsens
HandWritten-Mfeat__TMC,native_nonvacuity,E842,P202,P088,6,5,0+2,-9.09504505135702,0.00047777234320463984,coarsening_worsens
HandWritten-Mfeat__TMC,native_nonvacuity,E843,P202,P125,6,5,1+2,-5.376841630915202,-6.30740234887048e-05,coarsening_improves
HandWritten-Mfeat__TMC,native_nonvacuity,E844,P202,P142,6,5,0+3,-9.022924194709848,0.0052381516356975995,coarsening_worsens
HandWritten-Mfeat__TMC,native_nonvacuity,E845,P202,P159,6,5,1+3,-1.4038656117271167,0.00012382395216750121,coarsening_worsens
HandWritten-Mfeat__TMC,native_nonvacuity,E846,P202,P176,6,5,2+3,-5.5676346422148715,-6.30740234887048e-05,coarsening_improves
HandWritten-Mfeat__TMC,native_nonvacuity,E847,P202,P181,6,5,0+4,-8.960639983072236,0.005552652651615476,coarsening_worsens
HandWritten-Mfeat__TMC,native_nonvacuity,E848,P202,P186,6,5,1+4,-1.355865600593738,3.867281261098382e-05,coarsening_worsens
HandWritten-Mfeat__TMC,native_nonvacuity,E849,P202,P191,6,5,2+4,-5.5231765499404855,-6.30740234887048e-05,coarsening_improves
HandWritten-Mfeat__TMC,native_nonvacuity,E850,P202,P196,6,5,3+4,-1.4496276539710813,8.104682112149534e-05,coarsening_worsens
HandWritten-Mfeat__TMC,native_nonvacuity,E851,P202,P197,6,5,0+5,-9.491518018101576,0.0052778656310639525,coarsening_worsens
HandWritten-Mfeat__TMC,native_nonvacuity,E852,P202,P198,6,5,1+5,-1.6702142350070641,9.537366473082533e-05,coarsening_worsens
HandWritten-Mfeat__TMC,native_nonvacuity,E853,P202,P199,6,5,2+5,-6.035936104806838,-6.30740234887048e-05,coarsening_improves
HandWritten-Mfeat__TMC,native_nonvacuity,E854,P202,P200,6,5,3+5,-1.722703987617976,0.00011659941949975596,coarsening_worsens
HandWritten-Mfeat__TMC,native_nonvacuity,E855,P202,P201,6,5,4+5,-1.5382598255267368,0.00011659941949975596,coarsening_worsens
HandWritten-Mfeat__TMC,posterior_confidence,E000,P001,P000,2,1,0+1,-1.2204063463222703,-0.01833256542076339,coarsening_improves
HandWritten-Mfeat__TMC,posterior_confidence,E001,P002,P000,2,1,0+1,-0.7950895618789946,0.3636247871528416,coarsening_worsens
HandWritten-Mfeat__TMC,posterior_confidence,E002,P003,P000,2,1,0+1,-0.5812958631259972,0.3211924218196732,coarsening_worsens
HandWritten-Mfeat__TMC,posterior_confidence,E003,P004,P001,3,2,0+1,-0.8991493423304635,0.4122044434657193,coarsening_worsens
HandWritten-Mfeat__TMC,posterior_confidence,E004,P004,P002,3,2,0+2,-1.3244661267737392,0.030247090892114345,coarsening_worsens
HandWritten-Mfeat__TMC,posterior_confidence,E005,P004,P003,3,2,1+2,-1.5382598255267368,0.07267945622528271,coarsening_worsens
HandWritten-Mfeat__TMC,posterior_confidence,E006,P005,P000,2,1,0+1,-0.9946322264971168,0.2387259702472349,coarsening_worsens
HandWritten-Mfeat__TMC,posterior_confidence,E007,P006,P000,2,1,0+1,-0.5024360918714157,0.3097124225657397,coarsening_worsens
HandWritten-Mfeat__TMC,posterior_confidence,E008,P007,P001,3,2,0+1,-1.004733733167122,0.33529437738646817,coarsening_worsens
HandWritten-Mfeat__TMC,posterior_confidence,E009,P007,P005,3,2,0+2,-1.2305078529922755,0.07823584171846987,coarsening_worsens
HandWritten-Mfeat__TMC,posterior_confidence,E010,P007,P006,3,2,1+2,-1.7227039876179768,0.007249389399965084,coarsening_worsens
HandWritten-Mfeat__TMC,posterior_confidence,E011,P008,P000,2,1,0+1,-0.3695374144300659,0.3662509486807546,coarsening_worsens
HandWritten-Mfeat__TMC,posterior_confidence,E012,P009,P000,2,1,0+1,-0.708445483294905,0.3566308814579074,coarsening_worsens
HandWritten-Mfeat__TMC,posterior_confidence,E013,P010,P001,3,2,0+1,-0.7365939738251106,0.314123469215366,coarsening_worsens
HandWritten-Mfeat__TMC,posterior_confidence,E014,P010,P008,3,2,0+2,-1.587462905717315,-0.07046004488615201,coarsening_improves
HandWritten-Mfeat__TMC,posterior_confidence,E015,P010,P009,3,2,1+2,-1.248554836852476,-0.060839977663304776,coarsening_improves
HandWritten-Mfeat__TMC,posterior_confidence,E016,P011,P002,3,2,0+1,-1.024075506522153,0.069130673400848,coarsening_worsens
HandWritten-Mfeat__TMC,posterior_confidence,E017,P011,P005,3,2,0+2,-0.8245328419040308,0.19402949030645464,coarsening_worsens
HandWritten-Mfeat__TMC,posterior_confidence,E018,P011,P008,3,2,1+2,-1.4496276539710817,0.06650451187293493,coarsening_worsens
HandWritten-Mfeat__TMC,posterior_confidence,E019,P012,P002,3,2,0+1,-0.888834424621491,0.051123580184423464,coarsening_worsens
HandWritten-Mfeat__TMC,posterior_confidence,E020,P012,P006,3,2,0+2,-1.1814878946290701,0.10503594477152534,coarsening_worsens
HandWritten-Mfeat__TMC,posterior_confidence,E021,P012,P009,3,2,1+2,-0.9754785032055806,0.05811748587935765,coarsening_worsens
HandWritten-Mfeat__TMC,posterior_confidence,E022,P013,P003,3,2,0+1,-1.287072285465729,0.03314450824798856,coarsening_worsens
HandWritten-Mfeat__TMC,posterior_confidence,E023,P013,P005,3,2,0+2,-0.8737359220946093,0.11561095982042685,coarsening_worsens
HandWritten-Mfeat__TMC,posterior_confidence,E024,P013,P009,3,2,1+2,-1.159922665296821,-0.002293951390245616,coarsening_improves
HandWritten-Mfeat__TMC,posterior_confidence,E025,P014,P004,4,3,0+1,-1.2870722854657286,0.04368024226627392,coarsening_worsens
HandWritten-Mfeat__TMC,posterior_confidence,E026,P014,P007,4,3,0+2,-1.1814878946290701,0.12059030834552506,coarsening_worsens
HandWritten-Mfeat__TMC,posterior_confidence,E027,P014,P010,4,3,1+2,-1.4496276539710815,0.14176121651662724,coarsening_worsens
HandWritten-Mfeat__TMC,posterior_confidence,E028,P014,P011,4,3,0+3,-1.5874629057173149,0.004796659757540275,coarsening_worsens
HandWritten-Mfeat__TMC,posterior_confidence,E029,P014,P012,4,3,1+3,-1.7227039876179768,0.0228037529739648,coarsening_worsens
HandWritten-Mfeat__TMC,posterior_confidence,E030,P014,P013,4,3,2+3,-1.5382598255267363,0.08321519024356808,coarsening_worsens
HandWritten-Mfeat__TMC,posterior_confidence,E031,P015,P000,2,1,0+1,-5.20675875305964,0.47470904292868477,coarsening_worsens
HandWritten-Mfeat__TMC,posterior_confidence,E032,P016,P000,2,1,0+1,-0.391581946237686,0.34823790782759423,coarsening_worsens
HandWritten-Mfeat__TMC,posterior_confidence,E033,P017,P001,3,2,0+1,-5.207111704722254,0.4935841024741725,coarsening_worsens
HandWritten-Mfeat__TMC,posterior_confidence,E034,P017,P015,3,2,0+2,-1.220759297984884,0.0005424941247243195,coarsening_worsens
HandWritten-Mfeat__TMC,posterior_confidence,E035,P017,P016,3,2,1+2,-6.035936104806838,0.1270136292258149,coarsening_worsens
HandWritten-Mfeat__TMC,posterior_confidence,E036,P018,P000,2,1,0+1,-0.4822681965921403,0.41394586822551044,coarsening_worsens
HandWritten-Mfeat__TMC,posterior_confidence,E037,P019,P000,2,1,0+1,-0.34777044343905095,0.38526246482372994,coarsening_worsens
HandWritten-Mfeat__TMC,posterior_confidence,E038,P020,P001,3,2,0+1,-0.587739711832288,0.4348295022332424,coarsening_worsens
HandWritten-Mfeat__TMC,posterior_confidence,E039,P020,P018,3,2,0+2,-1.325877861562418,0.0025510685869685468,coarsening_worsens
HandWritten-Mfeat__TMC,posterior_confidence,E040,P020,P019,3,2,1+2,-1.4603756147155074,0.031234471988749027,coarsening_worsens
HandWritten-Mfeat__TMC,posterior_confidence,E041,P021,P002,3,2,0+1,-5.210355184653633,0.11187685200599749,coarsening_worsens
HandWritten-Mfeat__TMC,posterior_confidence,E042,P021,P015,3,2,0+2,-0.7986859934729873,0.0007925962301542739,coarsening_worsens
HandWritten-Mfeat__TMC,posterior_confidence,E043,P021,P018,3,2,1+2,-5.523176549940487,0.061555770933328605,coarsening_worsens
HandWritten-Mfeat__TMC,posterior_confidence,E044,P022,P002,3,2,0+1,-0.5002969414092115,0.06400284455497565,coarsening_worsens
HandWritten-Mfeat__TMC,posterior_confidence,E045,P022,P016,3,2,0+2,-0.9038045570505202,0.079389723880223,coarsening_worsens
HandWritten-Mfeat__TMC,posterior_confidence,E046,P022,P019,3,2,1+2,-0.9476160598491552,0.04236516688408724,coarsening_worsens
HandWritten-Mfeat__TMC,posterior_confidence,E047,P023,P003,3,2,0+1,-5.21176691944231,0.1539516699541802,coarsening_worsens
HandWritten-Mfeat__TMC,posterior_confidence,E048,P023,P015,3,2,0+2,-0.5863040295086668,0.0004350488451686043,coarsening_worsens
HandWritten-Mfeat__TMC,posterior_confidence,E049,P023,P019,3,2,1+2,-5.4452923391292565,0.08988162695012342,coarsening_worsens
HandWritten-Mfeat__TMC,posterior_confidence,E050,P024,P004,4,3,0+1,-5.21176691944231,0.08191453749404001,coarsening_worsens
HandWritten-Mfeat__TMC,posterior_confidence,E051,P024,P017,4,3,0+2,-0.9038045570505195,0.0005348784855868215,coarsening_worsens
HandWritten-Mfeat__TMC,posterior_confidence,E052,P024,P020,4,3,1+2,-5.5231765499404855,0.05928947872651692,coarsening_worsens
HandWritten-Mfeat__TMC,posterior_confidence,E053,P024,P021,4,3,0+3,-1.3258778615624163,0.0002847763801568672,coarsening_worsens
HandWritten-Mfeat__TMC,posterior_confidence,E054,P024,P022,4,3,1+3,-6.035936104806838,0.04815878383117871,coarsening_worsens
HandWritten-Mfeat__TMC,posterior_confidence,E055,P024,P023,4,3,2+3,-1.5382598255267368,0.0006423237651425368,coarsening_worsens
HandWritten-Mfeat__TMC,posterior_confidence,E056,P025,P000,2,1,0+1,-0.6340326631181634,0.38301634001481255,coarsening_worsens
HandWritten-Mfeat__TMC,posterior_confidence,E057,P026,P000,2,1,0+1,-0.27432028115314844,0.39669942561323573,coarsening_worsens
HandWritten-Mfeat__TMC,posterior_confidence,E058,P027,P001,3,2,0+1,-0.6446560048042558,0.39218731459496425,coarsening_worsens
HandWritten-Mfeat__TMC,posterior_confidence,E059,P027,P025,3,2,0+2,-1.2310296880083627,-0.009161590840611689,coarsening_improves
HandWritten-Mfeat__TMC,posterior_confidence,E060,P027,P026,3,2,1+2,-1.5907420699733776,-0.022844676439034886,coarsening_improves
HandWritten-Mfeat__TMC,posterior_confidence,E061,P028,P000,2,1,0+1,-0.2596533979656053,0.381814304124486,coarsening_worsens
HandWritten-Mfeat__TMC,posterior_confidence,E062,P029,P000,2,1,0+1,-0.6176660085468431,0.3608212308004884,coarsening_worsens
HandWritten-Mfeat__TMC,posterior_confidence,E063,P030,P001,3,2,0+1,-0.6369265828583264,0.3053429746756006,coarsening_worsens
HandWritten-Mfeat__TMC,posterior_confidence,E064,P030,P028,3,2,0+2,-1.5976795312149914,-0.09480389486964882,coarsening_improves
HandWritten-Mfeat__TMC,posterior_confidence,E065,P030,P029,3,2,1+2,-1.2396669206337536,-0.07381082154565115,coarsening_improves
HandWritten-Mfeat__TMC,posterior_confidence,E066,P031,P002,3,2,0+1,-0.6707224247995294,0.09428402553340381,coarsening_worsens
HandWritten-Mfeat__TMC,posterior_confidence,E067,P031,P025,3,2,0+2,-0.8317793235603606,0.07489247267143284,coarsening_worsens
HandWritten-Mfeat__TMC,posterior_confidence,E068,P031,P028,3,2,1+2,-1.2061585887129187,0.07609450856175931,coarsening_worsens
HandWritten-Mfeat__TMC,posterior_confidence,E069,P032,P002,3,2,0+1,-0.6776598860411431,0.05480531552807974,coarsening_worsens
HandWritten-Mfeat__TMC,posterior_confidence,E070,P032,P026,3,2,0+2,-1.1984291667669893,0.02173067706768557,coarsening_worsens
HandWritten-Mfeat__TMC,posterior_confidence,E071,P032,P029,3,2,1+2,-0.8550834393732947,0.05760887188043293,coarsening_worsens
HandWritten-Mfeat__TMC,posterior_confidence,E072,P033,P003,3,2,0+1,-0.9439358292407815,0.10096446183628226,coarsening_worsens
HandWritten-Mfeat__TMC,posterior_confidence,E073,P033,P025,3,2,0+2,-0.8911990292486152,0.039140543641142916,coarsening_worsens
HandWritten-Mfeat__TMC,posterior_confidence,E074,P033,P029,3,2,1+2,-0.9075656838199355,0.06133565285546708,coarsening_worsens
HandWritten-Mfeat__TMC,posterior_confidence,E075,P034,P004,4,3,0+1,-0.9439358292407811,0.06217174667641581,coarsening_worsens
HandWritten-Mfeat__TMC,posterior_confidence,E076,P034,P027,4,3,0+2,-1.1984291667669889,0.08218887554717087,coarsening_worsens
HandWritten-Mfeat__TMC,posterior_confidence,E077,P034,P030,4,3,1+2,-1.2061585887129183,0.1690332154665345,coarsening_worsens
HandWritten-Mfeat__TMC,posterior_confidence,E078,P034,P031,4,3,0+3,-1.597679531214991,-0.001865187964873647,coarsening_improves
HandWritten-Mfeat__TMC,posterior_confidence,E079,P034,P032,4,3,1+3,-1.5907420699733772,0.03761352204045042,coarsening_worsens
HandWritten-Mfeat__TMC,posterior_confidence,E080,P034,P033,4,3,2+3,-1.5382598255267363,0.03388674106541627,coarsening_worsens
HandWritten-Mfeat__TMC,posterior_confidence,E081,P035,P005,3,2,0+1,-5.207035078835918,0.23638701942826013,coarsening_worsens
HandWritten-Mfeat__TMC,posterior_confidence,E082,P035,P015,3,2,0+2,-0.9949085522733938,0.0004039467468102552,coarsening_worsens
HandWritten-Mfeat__TMC,posterior_confidence,E083,P035,P025,3,2,1+2,-5.567634642214871,0.0920966496606825,coarsening_worsens
HandWritten-Mfeat__TMC,posterior_confidence,E084,P036,P005,3,2,0+1,-0.4021286620374416,0.1328973745792167,coarsening_worsens
HandWritten-Mfeat__TMC,posterior_confidence,E085,P036,P016,3,2,0+2,-1.0051789422968724,0.02338543699885741,coarsening_worsens
HandWritten-Mfeat__TMC,posterior_confidence,E086,P036,P026,3,2,1+2,-1.12244060738141,-0.025076080786784125,coarsening_improves
HandWritten-Mfeat__TMC,posterior_confidence,E087,P037,P006,3,2,0+1,-5.207556913852004,0.16539318034800055,coarsening_worsens
HandWritten-Mfeat__TMC,posterior_confidence,E088,P037,P015,3,2,0+2,-0.5032342526637796,0.0003965599850554633,coarsening_worsens
HandWritten-Mfeat__TMC,posterior_confidence,E089,P037,P026,3,2,1+2,-5.435672724570272,0.0784061773005045,coarsening_worsens
HandWritten-Mfeat__TMC,posterior_confidence,E090,P038,P007,4,3,0+1,-5.207556913852004,0.15849657990326776,coarsening_worsens
HandWritten-Mfeat__TMC,posterior_confidence,E091,P038,P017,4,3,0+2,-1.0051789422968724,0.00020685481556345035,coarsening_worsens
HandWritten-Mfeat__TMC,posterior_confidence,E092,P038,P027,4,3,1+2,-5.567634642214871,0.1016036426947717,coarsening_worsens
HandWritten-Mfeat__TMC,posterior_confidence,E093,P038,P035,4,3,0+3,-1.2310296880083627,0.0003454021934775147,coarsening_worsens
HandWritten-Mfeat__TMC,posterior_confidence,E094,P038,P036,4,3,1+3,-6.035936104806838,0.10383504704252094,coarsening_worsens
HandWritten-Mfeat__TMC,posterior_confidence,E095,P038,P037,4,3,2+3,-1.7227039876179768,0.0003527889552323066,coarsening_worsens
HandWritten-Mfeat__TMC,posterior_confidence,E096,P039,P005,3,2,0+1,-0.5156378524557916,0.19906124887831184,coarsening_worsens
HandWritten-Mfeat__TMC,posterior_confidence,E097,P039,P018,3,2,0+2,-1.0280018823607682,0.023841350900036286,coarsening_worsens
HandWritten-Mfeat__TMC,posterior_confidence,E098,P039,P028,3,2,1+2,-1.2506166809873032,0.055972915001060684,coarsening_worsens
HandWritten-Mfeat__TMC,posterior_confidence,E099,P040,P005,3,2,0+1,-0.6529417689552759,0.1223409141158173,coarsening_worsens
HandWritten-Mfeat__TMC,posterior_confidence,E100,P040,P019,3,2,0+2,-1.2998035520133417,-0.024195580460677768,coarsening_improves
HandWritten-Mfeat__TMC,posterior_confidence,E101,P040,P029,3,2,1+2,-1.0299079869055496,0.0002456535625638273,coarsening_worsens
HandWritten-Mfeat__TMC,posterior_confidence,E102,P041,P006,3,2,0+1,-0.8828095306785074,0.12398987570742877,coarsening_worsens
HandWritten-Mfeat__TMC,posterior_confidence,E103,P041,P018,3,2,0+2,-0.9029774259577827,0.019756430047658008,coarsening_worsens
HandWritten-Mfeat__TMC,posterior_confidence,E104,P041,P029,3,2,1+2,-0.76757961400308,0.07288106747268008,coarsening_worsens
HandWritten-Mfeat__TMC,posterior_confidence,E105,P042,P007,4,3,0+1,-0.8828095306785073,0.1235820127480527,coarsening_worsens
HandWritten-Mfeat__TMC,posterior_confidence,E106,P042,P020,4,3,0+2,-1.2998035520133413,0.02404688790127847,coarsening_worsens
HandWritten-Mfeat__TMC,posterior_confidence,E107,P042,P030,4,3,1+2,-1.250616680987303,0.15353341545892024,coarsening_worsens
HandWritten-Mfeat__TMC,posterior_confidence,E108,P042,P039,4,3,0+3,-1.5976795312149912,0.0027566055882107324,coarsening_worsens
HandWritten-Mfeat__TMC,posterior_confidence,E109,P042,P040,4,3,1+3,-1.460375614715507,0.07947694035070527,coarsening_worsens
HandWritten-Mfeat__TMC,posterior_confidence,E110,P042,P041,4,3,2+3,-1.7227039876179766,0.00684152644058901,coarsening_worsens
HandWritten-Mfeat__TMC,posterior_confidence,E111,P043,P008,3,2,0+1,-5.214281560492248,0.10900929374512403,coarsening_worsens
HandWritten-Mfeat__TMC,posterior_confidence,E112,P043,P015,3,2,0+2,-0.3770602218626733,0.0005511994971938547,coarsening_worsens
HandWritten-Mfeat__TMC,posterior_confidence,E113,P043,P028,3,2,1+2,-5.324165576956709,0.09344593830139258,coarsening_worsens
HandWritten-Mfeat__TMC,posterior_confidence,E114,P044,P008,3,2,0+1,-0.7760249869004001,0.039215801354233054,coarsening_worsens
HandWritten-Mfeat__TMC,posterior_confidence,E115,P044,P016,3,2,0+2,-0.75398045509278,0.057228842207393466,coarsening_worsens
HandWritten-Mfeat__TMC,posterior_confidence,E116,P044,P029,3,2,1+2,-0.5278963927836229,0.04464551923449929,coarsening_worsens
HandWritten-Mfeat__TMC,posterior_confidence,E117,P045,P009,3,2,0+1,-5.2244981859899235,0.11852936686691481,coarsening_worsens
HandWritten-Mfeat__TMC,posterior_confidence,E118,P045,P015,3,2,0+2,-0.7261849162251881,0.0004512053961374142,coarsening_worsens
HandWritten-Mfeat__TMC,posterior_confidence,E119,P045,P029,3,2,1+2,-5.315277660737985,0.11433901752433381,coarsening_worsens
HandWritten-Mfeat__TMC,posterior_confidence,E120,P046,P010,4,3,0+1,-5.2244981859899235,0.1797595024260329,coarsening_worsens
HandWritten-Mfeat__TMC,posterior_confidence,E121,P046,P017,4,3,0+2,-0.7539804550927798,0.000298869167226397,coarsening_worsens
HandWritten-Mfeat__TMC,posterior_confidence,E122,P046,P030,4,3,1+2,-5.324165576956707,0.18853999696579826,coarsening_worsens
HandWritten-Mfeat__TMC,posterior_confidence,E123,P046,P043,4,3,0+3,-1.5976795312149905,0.00029016379475686185,coarsening_worsens
HandWritten-Mfeat__TMC,posterior_confidence,E124,P046,P044,4,3,1+3,-6.035936104806838,0.07008365618564784,coarsening_worsens
HandWritten-Mfeat__TMC,posterior_confidence,E125,P046,P045,4,3,2+3,-1.2485548368524757,0.00039015789581330236,coarsening_worsens
HandWritten-Mfeat__TMC,posterior_confidence,E126,P047,P011,4,3,0+1,-5.214281560492246,0.043063481898381585,coarsening_worsens
HandWritten-Mfeat__TMC,posterior_confidence,E127,P047,P021,4,3,0+2,-1.0280018823607664,0.0003173032932320824,coarsening_worsens
HandWritten-Mfeat__TMC,posterior_confidence,E128,P047,P031,4,3,1+2,-5.56763464221487,0.017910129765825768,coarsening_worsens
HandWritten-Mfeat__TMC,posterior_confidence,E129,P047,P035,4,3,0+3,-0.8317793235603599,0.0007059527765761011,coarsening_worsens
HandWritten-Mfeat__TMC,posterior_confidence,E130,P047,P039,4,3,1+3,-5.5231765499404855,0.0380317233265244,coarsening_worsens
HandWritten-Mfeat__TMC,posterior_confidence,E131,P047,P043,4,3,2+3,-1.4496276539710804,0.0005587000261925016,coarsening_worsens
HandWritten-Mfeat__TMC,posterior_confidence,E132,P048,P011,4,3,0+1,-0.7760249869003997,0.014114982579121332,coarsening_worsens
HandWritten-Mfeat__TMC,posterior_confidence,E133,P048,P022,4,3,0+2,-1.299803552013341,0.019242811424993678,coarsening_worsens
HandWritten-Mfeat__TMC,posterior_confidence,E134,P048,P032,4,3,1+2,-1.1224406073814095,0.028440340451889583,coarsening_worsens
HandWritten-Mfeat__TMC,posterior_confidence,E135,P048,P036,4,3,0+3,-1.1984291667669889,0.07524709830635928,coarsening_worsens
HandWritten-Mfeat__TMC,posterior_confidence,E136,P048,P040,4,3,1+3,-0.9476160598491545,0.08580355876975868,coarsening_worsens
HandWritten-Mfeat__TMC,posterior_confidence,E137,P048,P044,4,3,2+3,-1.4496276539710813,0.04140369309782322,coarsening_worsens
HandWritten-Mfeat__TMC,posterior_confidence,E138,P049,P012,4,3,0+1,-5.224498185989923,0.06088386587997731,coarsening_worsens
HandWritten-Mfeat__TMC,posterior_confidence,E139,P049,P021,4,3,0+2,-0.902977425957781,0.0001305940584032817,coarsening_worsens
HandWritten-Mfeat__TMC,posterior_confidence,E140,P049,P032,4,3,1+2,-5.435672724570271,0.05720213053632103,coarsening_worsens
HandWritten-Mfeat__TMC,posterior_confidence,E141,P049,P037,4,3,0+3,-1.1984291667669886,0.0005266303035020923,coarsening_worsens
HandWritten-Mfeat__TMC,posterior_confidence,E142,P049,P041,4,3,1+3,-5.5231765499404855,0.04192993494407388,coarsening_worsens
HandWritten-Mfeat__TMC,posterior_confidence,E143,P049,P045,4,3,2+3,-0.9754785032055802,0.0004719848924201414,coarsening_worsens
HandWritten-Mfeat__TMC,posterior_confidence,E144,P050,P013,4,3,0+1,-5.2244981859899235,0.12102398745192329,coarsening_worsens
HandWritten-Mfeat__TMC,posterior_confidence,E145,P050,P023,4,3,0+2,-1.2998035520133424,0.00021682574573166275,coarsening_worsens
HandWritten-Mfeat__TMC,posterior_confidence,E146,P050,P033,4,3,1+2,-5.5676346422148715,0.053204033863629596,coarsening_worsens
HandWritten-Mfeat__TMC,posterior_confidence,E147,P050,P035,4,3,0+3,-0.8911990292486154,0.00024792784409001186,coarsening_worsens
HandWritten-Mfeat__TMC,posterior_confidence,E148,P050,P040,4,3,1+3,-5.4452923391292565,0.11429403315653285,coarsening_worsens
HandWritten-Mfeat__TMC,posterior_confidence,E149,P050,P045,4,3,2+3,-1.159922665296821,0.00020066919476285287,coarsening_worsens
HandWritten-Mfeat__TMC,posterior_confidence,E150,P051,P014,5,4,0+1,-5.224498185989924,0.038417577915561094,coarsening_worsens
HandWritten-Mfeat__TMC,posterior_confidence,E151,P051,P024,5,4,0+2,-1.2998035520133424,0.00018328268779499706,coarsening_worsens
HandWritten-Mfeat__TMC,posterior_confidence,E152,P051,P034,5,4,1+2,-5.5676346422148715,0.019926073505419195,coarsening_worsens
HandWritten-Mfeat__TMC,posterior_confidence,E153,P051,P038,5,4,0+3,-1.1984291667669895,0.0005113063578183683,coarsening_worsens
HandWritten-Mfeat__TMC,posterior_confidence,E154,P051,P042,5,4,1+3,-5.523176549940487,0.03542587351303345,coarsening_worsens
HandWritten-Mfeat__TMC,posterior_confidence,E155,P051,P046,5,4,2+3,-1.4496276539710822,0.0004192920061554216,coarsening_worsens
HandWritten-Mfeat__TMC,posterior_confidence,E156,P051,P047,5,4,0+4,-1.5976795312149923,0.00015075577471978185,coarsening_worsens
HandWritten-Mfeat__TMC,posterior_confidence,E157,P051,P048,5,4,1+4,-6.035936104806839,0.029099255093980033,coarsening_worsens
HandWritten-Mfeat__TMC,posterior_confidence,E158,P051,P049,5,4,2+4,-1.7227039876179777,0.00033746500954858253,coarsening_worsens
HandWritten-Mfeat__TMC,posterior_confidence,E159,P051,P050,5,4,3+4,-1.5382598255267368,0.0006087807072058711,coarsening_worsens
HandWritten-Mfeat__TMC,posterior_confidence,E160,P052,P000,2,1,0+1,-0.7963170262803108,0.26694476664792777,coarsening_worsens
HandWritten-Mfeat__TMC,posterior_confidence,E161,P053,P000,2,1,0+1,-0.36410203448587714,0.34179125178475167,coarsening_worsens
HandWritten-Mfeat__TMC,posterior_confidence,E162,P054,P001,3,2,0+1,-0.8139099231706712,0.2614367690379419,coarsening_worsens
HandWritten-Mfeat__TMC,posterior_confidence,E163,P054,P052,3,2,0+2,-1.2379992432126308,-0.023840563030749273,coarsening_improves
HandWritten-Mfeat__TMC,posterior_confidence,E164,P054,P053,3,2,1+2,-1.6702142350070646,-0.09868704816757315,coarsening_improves
HandWritten-Mfeat__TMC,posterior_confidence,E165,P055,P000,2,1,0+1,-0.2639994841097287,0.4114348929398172,coarsening_worsens
HandWritten-Mfeat__TMC,posterior_confidence,E166,P056,P000,2,1,0+1,-0.6016249640011593,0.4156635383946322,coarsening_worsens
HandWritten-Mfeat__TMC,posterior_confidence,E167,P057,P001,3,2,0+1,-0.6144802097003339,0.4022067874852693,coarsening_worsens
HandWritten-Mfeat__TMC,posterior_confidence,E168,P057,P055,3,2,0+2,-1.5708870719128756,-0.027560670875311333,coarsening_improves
HandWritten-Mfeat__TMC,posterior_confidence,E169,P057,P056,3,2,1+2,-1.233261592021445,-0.03178931633012634,coarsening_improves
HandWritten-Mfeat__TMC,posterior_confidence,E170,P058,P002,3,2,0+1,-0.8247755228244713,0.03910951153836924,coarsening_worsens
HandWritten-Mfeat__TMC,posterior_confidence,E171,P058,P052,3,2,0+2,-0.8235480584231553,0.13578953204328303,coarsening_worsens
HandWritten-Mfeat__TMC,posterior_confidence,E172,P058,P055,3,2,1+2,-1.3558656005937373,-0.008700594248606405,coarsening_improves
HandWritten-Mfeat__TMC,posterior_confidence,E173,P059,P002,3,2,0+1,-0.7254483597302823,0.09647225291069375,coarsening_worsens
HandWritten-Mfeat__TMC,posterior_confidence,E174,P059,P053,3,2,0+2,-1.1564358871233997,0.11830578827878369,coarsening_worsens
HandWritten-Mfeat__TMC,posterior_confidence,E175,P059,P056,3,2,1+2,-0.9189129576081178,0.04443350166890311,coarsening_worsens
HandWritten-Mfeat__TMC,posterior_confidence,E176,P060,P003,3,2,0+1,-1.0711964679636075,0.09031529017986252,coarsening_worsens
HandWritten-Mfeat__TMC,posterior_confidence,E177,P060,P052,3,2,0+2,-0.8561753048092938,0.14456294535160796,coarsening_worsens
HandWritten-Mfeat__TMC,posterior_confidence,E178,P060,P056,3,2,1+2,-1.0508673670884452,-0.0041558263950964985,coarsening_improves
HandWritten-Mfeat__TMC,posterior_confidence,E179,P061,P004,4,3,0+1,-1.0711964679636075,0.058657339732957524,coarsening_worsens
HandWritten-Mfeat__TMC,posterior_confidence,E180,P061,P054,4,3,0+2,-1.1564358871233997,0.20942501416073495,coarsening_worsens
HandWritten-Mfeat__TMC,posterior_confidence,E181,P061,P057,4,3,1+2,-1.355865600593737,0.06865499571340755,coarsening_worsens
HandWritten-Mfeat__TMC,posterior_confidence,E182,P061,P058,4,3,0+3,-1.5708870719128754,0.04979491908670263,coarsening_worsens
HandWritten-Mfeat__TMC,posterior_confidence,E183,P061,P059,4,3,1+3,-1.6702142350070643,-0.007567822285621889,coarsening_improves
HandWritten-Mfeat__TMC,posterior_confidence,E184,P061,P060,4,3,2+3,-1.5382598255267368,0.041021505778377716,coarsening_worsens
HandWritten-Mfeat__TMC,posterior_confidence,E185,P062,P000,2,1,0+1,-0.4087293633976224,0.3580043458885687,coarsening_worsens
HandWritten-Mfeat__TMC,posterior_confidence,E186,P063,P000,2,1,0+1,-0.5108131828917393,0.4266845488035248,coarsening_worsens
HandWritten-Mfeat__TMC,posterior_confidence,E187,P064,P001,3,2,0+1,-0.6353632431732692,0.43864282959848494,coarsening_worsens
HandWritten-Mfeat__TMC,posterior_confidence,E188,P064,P062,3,2,0+2,-1.4470402260979172,0.06230591828915282,coarsening_worsens
HandWritten-Mfeat__TMC,posterior_confidence,E189,P064,P063,3,2,1+2,-1.3449564066038002,-0.00637428462580325,coarsening_improves
HandWritten-Mfeat__TMC,posterior_confidence,E190,P065,P000,2,1,0+1,-0.33804024927630966,0.40269874585605103,coarsening_worsens
HandWritten-Mfeat__TMC,posterior_confidence,E191,P066,P000,2,1,0+1,-4.749788060719947,0.4759834439214894,coarsening_worsens
HandWritten-Mfeat__TMC,posterior_confidence,E192,P067,P001,3,2,0+1,-4.752136367387938,0.49457487839225434,coarsening_worsens
HandWritten-Mfeat__TMC,posterior_confidence,E193,P067,P065,3,2,0+2,-5.634502464433899,0.07354356711543993,coarsening_worsens
HandWritten-Mfeat__TMC,posterior_confidence,E194,P067,P066,3,2,1+2,-1.222754652990261,0.0002588690500015451,coarsening_worsens
HandWritten-Mfeat__TMC,posterior_confidence,E195,P068,P002,3,2,0+1,-0.5086814912351982,0.0678197252469239,coarsening_worsens
HandWritten-Mfeat__TMC,posterior_confidence,E196,P068,P062,3,2,0+2,-0.8950416897165705,0.07344016651119675,coarsening_worsens
HandWritten-Mfeat__TMC,posterior_confidence,E197,P068,P065,3,2,1+2,-0.9657308038378832,0.02874576654371444,coarsening_worsens
HandWritten-Mfeat__TMC,posterior_confidence,E198,P069,P002,3,2,0+1,-4.798227549065297,0.11269886333263618,coarsening_worsens
HandWritten-Mfeat__TMC,posterior_confidence,E199,P069,P063,3,2,0+2,-5.082503928052553,0.04963910168195297,coarsening_worsens
HandWritten-Mfeat__TMC,posterior_confidence,E200,P069,P066,3,2,1+2,-0.8435290502243449,0.0003402065639883415,coarsening_worsens
HandWritten-Mfeat__TMC,posterior_confidence,E201,P070,P003,3,2,0+1,-4.818717828895358,0.15506644056745145,coarsening_worsens
HandWritten-Mfeat__TMC,posterior_confidence,E202,P070,P062,3,2,0+2,-4.991284328623733,0.11825451649855592,coarsening_worsens
HandWritten-Mfeat__TMC,posterior_confidence,E203,P070,P066,3,2,1+2,-0.6502256313014083,0.0002754184656352302,coarsening_worsens
HandWritten-Mfeat__TMC,posterior_confidence,E204,P071,P004,4,3,0+1,-4.818717828895359,0.08261942591383355,coarsening_worsens
HandWritten-Mfeat__TMC,posterior_confidence,E205,P071,P064,4,3,0+2,-5.082503928052553,0.05618103978106793,coarsening_worsens
HandWritten-Mfeat__TMC,posterior_confidence,E206,P071,P067,4,3,1+2,-0.965730803837884,0.0002489909872985048,coarsening_worsens
HandWritten-Mfeat__TMC,posterior_confidence,E207,P071,P068,4,3,0+3,-5.6345024644339,0.045046791559023996,coarsening_worsens
HandWritten-Mfeat__TMC,posterior_confidence,E208,P071,P069,4,3,1+3,-1.3449564066038002,0.00016765347331170843,coarsening_worsens
HandWritten-Mfeat__TMC,posterior_confidence,E209,P071,P070,4,3,2+3,-1.5382598255267368,0.00023244157166481976,coarsening_worsens
HandWritten-Mfeat__TMC,posterior_confidence,E210,P072,P005,3,2,0+1,-0.817962748627622,0.1005491192404836,coarsening_worsens
HandWritten-Mfeat__TMC,posterior_confidence,E211,P072,P052,3,2,0+2,-1.016277948844428,0.07233032283979074,coarsening_worsens
HandWritten-Mfeat__TMC,posterior_confidence,E212,P072,P062,3,2,1+2,-1.4038656117271164,-0.0187292564008502,coarsening_improves
HandWritten-Mfeat__TMC,posterior_confidence,E213,P073,P005,3,2,0+1,-0.594788739718475,0.19793124850343086,coarsening_worsens
HandWritten-Mfeat__TMC,posterior_confidence,E214,P073,P053,3,2,0+2,-1.2253189317297148,0.09486596696591414,coarsening_worsens
HandWritten-Mfeat__TMC,posterior_confidence,E215,P073,P063,3,2,1+2,-1.0786077833238525,0.009972669947141001,coarsening_worsens
HandWritten-Mfeat__TMC,posterior_confidence,E216,P074,P006,3,2,0+1,-1.0344951217332636,0.10938240989182657,coarsening_worsens
HandWritten-Mfeat__TMC,posterior_confidence,E217,P074,P052,3,2,0+2,-0.7406141873243687,0.1521500658096385,coarsening_worsens
HandWritten-Mfeat__TMC,posterior_confidence,E218,P074,P063,3,2,1+2,-1.02611803071294,-0.007589716345958508,coarsening_improves
HandWritten-Mfeat__TMC,posterior_confidence,E219,P075,P007,4,3,0+1,-1.0344951217332636,0.11394650442011993,coarsening_worsens
HandWritten-Mfeat__TMC,posterior_confidence,E220,P075,P054,4,3,0+2,-1.2253189317297144,0.18780411276864623,coarsening_worsens
HandWritten-Mfeat__TMC,posterior_confidence,E221,P075,P064,4,3,1+2,-1.4038656117271164,0.010598052208103177,coarsening_worsens
HandWritten-Mfeat__TMC,posterior_confidence,E222,P075,P072,4,3,0+3,-1.4470402260979172,0.0916332268981062,coarsening_worsens
HandWritten-Mfeat__TMC,posterior_confidence,E223,P075,P073,4,3,1+3,-1.6702142350070641,-0.005748902364841074,coarsening_improves
HandWritten-Mfeat__TMC,posterior_confidence,E224,P075,P074,4,3,2+3,-1.7227039876179766,0.011813483928258435,coarsening_worsens
HandWritten-Mfeat__TMC,posterior_confidence,E225,P076,P005,3,2,0+1,-0.3571388377504554,0.13690202860366413,coarsening_worsens
HandWritten-Mfeat__TMC,posterior_confidence,E226,P076,P055,3,2,0+2,-1.0877715801378436,-0.03580689408891817,coarsening_improves
HandWritten-Mfeat__TMC,posterior_confidence,E227,P076,P065,3,2,1+2,-1.0137308149712627,-0.027070747005151982,coarsening_improves
HandWritten-Mfeat__TMC,posterior_confidence,E228,P077,P005,3,2,0+1,-4.7583797101629095,0.2375323228101305,coarsening_worsens
HandWritten-Mfeat__TMC,posterior_confidence,E229,P077,P056,3,2,0+2,-5.151386972658867,0.06059475466273319,coarsening_worsens
HandWritten-Mfeat__TMC,posterior_confidence,E230,P077,P066,3,2,1+2,-1.003223875940079,0.0002748491358759999,coarsening_worsens
HandWritten-Mfeat__TMC,posterior_confidence,E231,P078,P006,3,2,0+1,-4.761133449192078,0.16640595807414407,coarsening_worsens
HandWritten-Mfeat__TMC,posterior_confidence,E232,P078,P055,3,2,0+2,-4.9995700569537656,0.06468348770006654,coarsening_worsens
HandWritten-Mfeat__TMC,posterior_confidence,E233,P078,P066,3,2,1+2,-0.513781480343547,0.0001349367183943503,coarsening_worsens
HandWritten-Mfeat__TMC,posterior_confidence,E234,P079,P007,4,3,0+1,-4.761133449192078,0.1593930345351236,coarsening_worsens
HandWritten-Mfeat__TMC,posterior_confidence,E235,P079,P057,4,3,0+2,-5.151386972658867,0.0924806244363225,coarsening_worsens
HandWritten-Mfeat__TMC,posterior_confidence,E236,P079,P067,4,3,1+2,-1.0137308149712627,0.00011253352933742497,coarsening_worsens
HandWritten-Mfeat__TMC,posterior_confidence,E237,P079,P076,4,3,0+3,-5.634502464433899,0.10072684764992934,coarsening_worsens
HandWritten-Mfeat__TMC,posterior_confidence,E238,P079,P077,4,3,1+3,-1.233261592021445,9.655344346297021e-05,coarsening_worsens
HandWritten-Mfeat__TMC,posterior_confidence,E239,P079,P078,4,3,2+3,-1.7227039876179768,0.0002364658609446198,coarsening_worsens
HandWritten-Mfeat__TMC,posterior_confidence,E240,P080,P008,3,2,0+1,-0.8884715964401619,0.024519352545672404,coarsening_worsens
HandWritten-Mfeat__TMC,posterior_confidence,E241,P080,P052,3,2,0+2,-0.4616919845899171,0.12382553457849925,coarsening_worsens
HandWritten-Mfeat__TMC,posterior_confidence,E242,P080,P065,3,2,1+2,-0.9199687615939182,-0.011928444629624002,coarsening_improves
HandWritten-Mfeat__TMC,posterior_confidence,E243,P081,P008,3,2,0+1,-4.852759825866997,0.10995744851520271,coarsening_worsens
HandWritten-Mfeat__TMC,posterior_confidence,E244,P081,P053,3,2,0+2,-4.858195205811185,0.1344171454112057,coarsening_worsens
HandWritten-Mfeat__TMC,posterior_confidence,E245,P081,P066,3,2,1+2,-0.47250917957711547,0.00022495327446792448,coarsening_worsens
HandWritten-Mfeat__TMC,posterior_confidence,E246,P082,P009,3,2,0+1,-4.935511155156746,0.11959092744637535,coarsening_worsens
HandWritten-Mfeat__TMC,posterior_confidence,E247,P082,P052,3,2,0+2,-4.84763961217134,0.20927704225635496,coarsening_worsens
HandWritten-Mfeat__TMC,posterior_confidence,E248,P082,P066,3,2,1+2,-0.8941685777317039,0.00023836498279332743,coarsening_worsens
HandWritten-Mfeat__TMC,posterior_confidence,E249,P083,P010,4,3,0+1,-4.935511155156746,0.18063669902878418,coarsening_worsens
HandWritten-Mfeat__TMC,posterior_confidence,E250,P083,P054,4,3,0+2,-4.858195205811185,0.2333233992062083,coarsening_worsens
HandWritten-Mfeat__TMC,posterior_confidence,E251,P083,P067,4,3,1+2,-0.9199687615939185,0.00018528985189582075,coarsening_worsens
HandWritten-Mfeat__TMC,posterior_confidence,E252,P083,P080,4,3,0+3,-5.634502464433899,0.08565730159695975,coarsening_worsens
HandWritten-Mfeat__TMC,posterior_confidence,E253,P083,P081,4,3,1+3,-1.6702142350070641,0.0002192056274294414,coarsening_worsens
HandWritten-Mfeat__TMC,posterior_confidence,E254,P083,P082,4,3,2+3,-1.2485548368524757,0.00020579391910403844,coarsening_worsens
HandWritten-Mfeat__TMC,posterior_confidence,E255,P084,P011,4,3,0+1,-0.8884715964401617,0.006133708296336728,coarsening_worsens
HandWritten-Mfeat__TMC,posterior_confidence,E256,P084,P058,4,3,0+2,-1.0877715801378434,0.03615487015881548,coarsening_worsens
HandWritten-Mfeat__TMC,posterior_confidence,E257,P084,P068,4,3,1+2,-1.4038656117271164,0.007444656450260823,coarsening_worsens
HandWritten-Mfeat__TMC,posterior_confidence,E258,P084,P072,4,3,0+3,-0.8950416897165705,0.09961407936230778,coarsening_worsens
HandWritten-Mfeat__TMC,posterior_confidence,E259,P084,P076,4,3,1+3,-1.355865600593737,0.06326116999912725,coarsening_worsens
HandWritten-Mfeat__TMC,posterior_confidence,E260,P084,P080,4,3,2+3,-1.4496276539710815,0.048118867623599265,coarsening_worsens
HandWritten-Mfeat__TMC,posterior_confidence,E261,P085,P011,4,3,0+1,-4.852759825866997,0.04375888706527151,coarsening_worsens
HandWritten-Mfeat__TMC,posterior_confidence,E262,P085,P059,4,3,0+2,-5.151386972658867,0.01641730755542574,coarsening_worsens
HandWritten-Mfeat__TMC,posterior_confidence,E263,P085,P069,4,3,1+2,-1.0786077833238519,0.00019069713348331238,coarsening_worsens
HandWritten-Mfeat__TMC,posterior_confidence,E264,P085,P073,4,3,0+3,-5.082503928052552,0.03985712886829528,coarsening_worsens
HandWritten-Mfeat__TMC,posterior_confidence,E265,P085,P077,4,3,1+3,-0.9189129576081179,0.000256054561595654,coarsening_worsens
HandWritten-Mfeat__TMC,posterior_confidence,E266,P085,P081,4,3,2+3,-1.4496276539710813,0.0003059504230037294,coarsening_worsens
HandWritten-Mfeat__TMC,posterior_confidence,E267,P086,P012,4,3,0+1,-4.935511155156746,0.0617657370310597,coarsening_worsens
HandWritten-Mfeat__TMC,posterior_confidence,E268,P086,P058,4,3,0+2,-4.9995700569537656,0.07377980567711392,coarsening_worsens
HandWritten-Mfeat__TMC,posterior_confidence,E269,P086,P069,4,3,1+2,-1.0261180307129392,0.00019045388284697731,coarsening_worsens
HandWritten-Mfeat__TMC,posterior_confidence,E270,P086,P074,4,3,0+3,-5.082503928052552,0.057419271910758456,coarsening_worsens
HandWritten-Mfeat__TMC,posterior_confidence,E271,P086,P078,4,3,1+3,-1.355865600593737,0.0003957237284409685,coarsening_worsens
HandWritten-Mfeat__TMC,posterior_confidence,E272,P086,P082,4,3,2+3,-0.9754785032055802,0.0002922954640419914,coarsening_worsens
HandWritten-Mfeat__TMC,posterior_confidence,E273,P087,P013,4,3,0+1,-4.935511155156746,0.12201284348092307,coarsening_worsens
HandWritten-Mfeat__TMC,posterior_confidence,E274,P087,P060,4,3,0+2,-5.151386972658868,0.06484206154904912,coarsening_worsens
HandWritten-Mfeat__TMC,posterior_confidence,E275,P087,P070,4,3,1+2,-1.4038656117271167,9.091116146019227e-05,coarsening_worsens
HandWritten-Mfeat__TMC,posterior_confidence,E276,P087,P072,4,3,0+3,-4.991284328623733,0.13707468406086631,coarsening_worsens
HandWritten-Mfeat__TMC,posterior_confidence,E277,P087,P077,4,3,1+3,-1.050867367088446,9.148049121942257e-05,coarsening_worsens
HandWritten-Mfeat__TMC,posterior_confidence,E278,P087,P082,4,3,2+3,-1.159922665296821,0.00012796464430209502,coarsening_worsens
HandWritten-Mfeat__TMC,posterior_confidence,E279,P088,P014,5,4,0+1,-4.935511155156748,0.03915480226806473,coarsening_worsens
HandWritten-Mfeat__TMC,posterior_confidence,E280,P088,P061,5,4,0+2,-5.151386972658869,0.02417770480138113,coarsening_worsens
HandWritten-Mfeat__TMC,posterior_confidence,E281,P088,P071,5,4,1+2,-1.4038656117271175,0.00021561862050510606,coarsening_worsens
HandWritten-Mfeat__TMC,posterior_confidence,E282,P088,P075,5,4,0+3,-5.082503928052554,0.04579860619346986,coarsening_worsens
HandWritten-Mfeat__TMC,posterior_confidence,E283,P088,P079,5,4,1+3,-1.3558656005937388,0.0003520760784661859,coarsening_worsens
HandWritten-Mfeat__TMC,posterior_confidence,E284,P088,P083,5,4,2+3,-1.449627653971083,0.0002793197559077901,coarsening_worsens
HandWritten-Mfeat__TMC,posterior_confidence,E285,P088,P084,5,4,0+4,-5.634502464433901,0.03781775372926828,coarsening_worsens
HandWritten-Mfeat__TMC,posterior_confidence,E286,P088,P085,5,4,1+4,-1.670214235007066,0.0001925749603335021,coarsening_worsens
HandWritten-Mfeat__TMC,posterior_confidence,E287,P088,P086,5,4,2+4,-1.7227039876179786,0.00019281821096983718,coarsening_worsens
HandWritten-Mfeat__TMC,posterior_confidence,E288,P088,P087,5,4,3+4,-1.5382598255267377,0.00035714903070973355,coarsening_worsens
HandWritten-Mfeat__TMC,posterior_confidence,E289,P089,P000,2,1,0+1,-0.6293210180466304,0.354136931499498,coarsening_worsens
HandWritten-Mfeat__TMC,posterior_confidence,E290,P090,P000,2,1,0+1,-0.25721979675435086,0.38894537335970014,coarsening_worsens
HandWritten-Mfeat__TMC,posterior_confidence,E291,P091,P001,3,2,0+1,-0.6478753071296268,0.31099013350749094,coarsening_worsens
HandWritten-Mfeat__TMC,posterior_confidence,E292,P091,P089,3,2,0+2,-1.2389606354052667,-0.061479363412770466,coarsening_improves
HandWritten-Mfeat__TMC,posterior_confidence,E293,P091,P090,3,2,1+2,-1.6110618566975463,-0.09628780527297257,coarsening_improves
HandWritten-Mfeat__TMC,posterior_confidence,E294,P092,P000,2,1,0+1,-0.23568793201084576,0.4173825992925972,coarsening_worsens
HandWritten-Mfeat__TMC,posterior_confidence,E295,P093,P000,2,1,0+1,-0.5812038559691175,0.4065148075185301,coarsening_worsens
HandWritten-Mfeat__TMC,posterior_confidence,E296,P094,P001,3,2,0+1,-0.5919401980891017,0.39011603954533053,coarsening_worsens
HandWritten-Mfeat__TMC,posterior_confidence,E297,P094,P092,3,2,0+2,-1.5766586124005264,-0.04559912516803005,coarsening_improves
HandWritten-Mfeat__TMC,posterior_confidence,E298,P094,P093,3,2,1+2,-1.2311426884422545,-0.034731333393962976,coarsening_improves
HandWritten-Mfeat__TMC,posterior_confidence,E299,P095,P002,3,2,0+1,-0.6656701807276586,0.05719674127528629,coarsening_worsens
HandWritten-Mfeat__TMC,posterior_confidence,E300,P095,P089,3,2,0+2,-0.8314387245600228,0.06668459692862984,coarsening_worsens
HandWritten-Mfeat__TMC,posterior_confidence,E301,P095,P092,3,2,1+2,-1.2250718105958076,0.0034389291355306634,coarsening_worsens
HandWritten-Mfeat__TMC,posterior_confidence,E302,P096,P002,3,2,0+1,-0.6312669364306387,0.09593885640445739,coarsening_worsens
HandWritten-Mfeat__TMC,posterior_confidence,E303,P096,P090,3,2,0+2,-1.1691367015552825,0.07061827019759884,coarsening_worsens
HandWritten-Mfeat__TMC,posterior_confidence,E304,P096,P093,3,2,1+2,-0.8451526423405159,0.05304883603876884,coarsening_worsens
HandWritten-Mfeat__TMC,posterior_confidence,E305,P097,P003,3,2,0+1,-0.9178626663544457,0.10784703883009533,coarsening_worsens
HandWritten-Mfeat__TMC,posterior_confidence,E306,P097,P089,3,2,0+2,-0.8698375114338124,0.07490252915027051,coarsening_worsens
HandWritten-Mfeat__TMC,posterior_confidence,E307,P097,P093,3,2,1+2,-0.9179546735113254,0.022524653131238415,coarsening_worsens
HandWritten-Mfeat__TMC,posterior_confidence,E308,P098,P004,4,3,0+1,-0.9178626663544454,0.06289791057957939,coarsening_worsens
HandWritten-Mfeat__TMC,posterior_confidence,E309,P098,P091,4,3,0+2,-1.169136701555282,0.16411222053780775,coarsening_worsens
HandWritten-Mfeat__TMC,posterior_confidence,E310,P098,P094,4,3,1+2,-1.2250718105958072,0.08498631449996816,coarsening_worsens
HandWritten-Mfeat__TMC,posterior_confidence,E311,P098,P095,4,3,0+3,-1.576658612400526,0.03594826019640744,coarsening_worsens
HandWritten-Mfeat__TMC,posterior_confidence,E312,P098,P096,4,3,1+3,-1.6110618566975459,-0.002793854932763653,coarsening_improves
HandWritten-Mfeat__TMC,posterior_confidence,E313,P098,P097,4,3,2+3,-1.5382598255267363,0.02773032797476677,coarsening_worsens
HandWritten-Mfeat__TMC,posterior_confidence,E314,P099,P000,2,1,0+1,-0.3412234534338606,0.38072417511357504,coarsening_worsens
HandWritten-Mfeat__TMC,posterior_confidence,E315,P100,P000,2,1,0+1,-0.4596305262377975,0.4253912693330854,coarsening_worsens
HandWritten-Mfeat__TMC,posterior_confidence,E316,P101,P001,3,2,0+1,-0.5715202540230495,0.44211262892077685,coarsening_worsens
HandWritten-Mfeat__TMC,posterior_confidence,E317,P101,P099,3,2,0+2,-1.4507031469114593,0.04305588838643841,coarsening_worsens
HandWritten-Mfeat__TMC,posterior_confidence,E318,P101,P100,3,2,1+2,-1.3322960741075223,-0.0016112058330719423,coarsening_improves
HandWritten-Mfeat__TMC,posterior_confidence,E319,P102,P000,2,1,0+1,-0.3383067260275968,0.33522891721949644,coarsening_worsens
HandWritten-Mfeat__TMC,posterior_confidence,E320,P103,P000,2,1,0+1,-8.608841573680138,0.47727110209161505,coarsening_worsens
HandWritten-Mfeat__TMC,posterior_confidence,E321,P104,P001,3,2,0+1,-8.609418397806902,0.49560366751237844,coarsening_worsens
HandWritten-Mfeat__TMC,posterior_confidence,E322,P104,P102,3,2,0+2,-9.491518018101575,0.1420421848721186,coarsening_worsens
HandWritten-Mfeat__TMC,posterior_confidence,E323,P104,P103,3,2,1+2,-1.2209831704490348,0.0,tie
HandWritten-Mfeat__TMC,posterior_confidence,E324,P105,P002,3,2,0+1,-0.46595900343698693,0.06539589346592856,coarsening_worsens
HandWritten-Mfeat__TMC,posterior_confidence,E325,P105,P099,3,2,0+2,-0.919825111882121,0.04829650550519508,coarsening_worsens
HandWritten-Mfeat__TMC,posterior_confidence,E326,P105,P102,3,2,1+2,-0.9227418392883848,0.09379176339927364,coarsening_worsens
HandWritten-Mfeat__TMC,posterior_confidence,E327,P106,P002,3,2,0+1,-8.625180947431039,0.11364631493877349,coarsening_worsens
HandWritten-Mfeat__TMC,posterior_confidence,E328,P106,P100,3,2,0+2,-8.960639983072236,0.05187983275852966,coarsening_worsens
HandWritten-Mfeat__TMC,posterior_confidence,E329,P106,P103,3,2,1+2,-0.8114289356298965,0.0,tie
HandWritten-Mfeat__TMC,posterior_confidence,E330,P107,P003,3,2,0+1,-8.633010894764823,0.15607868027194186,coarsening_worsens
HandWritten-Mfeat__TMC,posterior_confidence,E331,P107,P099,3,2,0+2,-8.87308330445696,0.09654692697804002,coarsening_worsens
HandWritten-Mfeat__TMC,posterior_confidence,E332,P107,P103,3,2,1+2,-0.6054651842106828,0.0,tie
HandWritten-Mfeat__TMC,posterior_confidence,E333,P108,P004,4,3,0+1,-8.633010894764823,0.08339922404665914,coarsening_worsens
HandWritten-Mfeat__TMC,posterior_confidence,E334,P108,P101,4,3,0+2,-8.960639983072237,0.053491038591601606,coarsening_worsens
HandWritten-Mfeat__TMC,posterior_confidence,E335,P108,P104,4,3,1+2,-0.9227418392883848,0.0,tie
HandWritten-Mfeat__TMC,posterior_confidence,E336,P108,P105,4,3,0+3,-9.491518018101576,0.04825042147284494,coarsening_worsens
HandWritten-Mfeat__TMC,posterior_confidence,E337,P108,P106,4,3,1+3,-1.3322960741075232,0.0,tie
HandWritten-Mfeat__TMC,posterior_confidence,E338,P108,P107,4,3,2+3,-1.5382598255267368,0.0,tie
HandWritten-Mfeat__TMC,posterior_confidence,E339,P109,P005,3,2,0+1,-0.6543671932362161,0.11226956523937823,coarsening_worsens
HandWritten-Mfeat__TMC,posterior_confidence,E340,P109,P089,3,2,0+2,-1.0196784016867024,-0.0031413960128848784,coarsening_improves
HandWritten-Mfeat__TMC,posterior_confidence,E341,P109,P099,3,2,1+2,-1.3077759662994723,-0.0297286396269619,coarsening_improves
HandWritten-Mfeat__TMC,posterior_confidence,E342,P110,P005,3,2,0+1,-0.4940084834501288,0.19922989844764027,coarsening_worsens
HandWritten-Mfeat__TMC,posterior_confidence,E343,P110,P090,3,2,0+2,-1.2314209131928948,0.04901049533517508,coarsening_worsens
HandWritten-Mfeat__TMC,posterior_confidence,E344,P110,P100,3,2,1+2,-1.029010183709448,0.012564599361789809,coarsening_worsens
HandWritten-Mfeat__TMC,posterior_confidence,E345,P111,P006,3,2,0+1,-0.8745624871553995,0.12778556493829116,coarsening_worsens
HandWritten-Mfeat__TMC,posterior_confidence,E346,P111,P089,3,2,0+2,-0.7476775609801847,0.08336105600453284,coarsening_worsens
HandWritten-Mfeat__TMC,posterior_confidence,E347,P111,P100,3,2,1+2,-0.9173680527890177,0.012106718170945462,coarsening_worsens
HandWritten-Mfeat__TMC,posterior_confidence,E348,P112,P007,4,3,0+1,-0.8745624871553992,0.12422640336190756,coarsening_worsens
HandWritten-Mfeat__TMC,posterior_confidence,E349,P112,P091,4,3,0+2,-1.2314209131928944,0.14853064724088477,coarsening_worsens
HandWritten-Mfeat__TMC,posterior_confidence,E350,P112,P101,4,3,1+2,-1.3077759662994717,0.01740815182759889,coarsening_worsens
HandWritten-Mfeat__TMC,posterior_confidence,E351,P112,P109,4,3,0+3,-1.4507031469114586,0.0901926798409992,coarsening_worsens
HandWritten-Mfeat__TMC,posterior_confidence,E352,P112,P110,4,3,1+3,-1.6110618566975459,0.0032323466327371375,coarsening_worsens
HandWritten-Mfeat__TMC,posterior_confidence,E353,P112,P111,4,3,2+3,-1.7227039876179764,0.003690227823581485,coarsening_worsens
HandWritten-Mfeat__TMC,posterior_confidence,E354,P113,P005,3,2,0+1,-0.34912049452252925,0.13041440930681306,coarsening_worsens
HandWritten-Mfeat__TMC,posterior_confidence,E355,P113,P092,3,2,0+2,-1.1080647890088002,-0.048242219738549225,coarsening_improves
HandWritten-Mfeat__TMC,posterior_confidence,E356,P113,P102,3,2,1+2,-1.0054459949920493,0.0339114623345515,coarsening_worsens
HandWritten-Mfeat__TMC,posterior_confidence,E357,P114,P005,3,2,0+1,-8.60949582418185,0.23854513184438014,coarsening_worsens
HandWritten-Mfeat__TMC,posterior_confidence,E358,P114,P093,3,2,0+2,-9.02292419470985,0.07075629457308494,coarsening_worsens
HandWritten-Mfeat__TMC,posterior_confidence,E359,P114,P103,3,2,1+2,-0.9952864769988299,0.0,tie
HandWritten-Mfeat__TMC,posterior_confidence,E360,P115,P006,3,2,0+1,-8.610130659631828,0.16755867952587536,coarsening_worsens
HandWritten-Mfeat__TMC,posterior_confidence,E361,P115,P092,3,2,0+2,-8.876878819492399,0.05988850279901786,coarsening_worsens
HandWritten-Mfeat__TMC,posterior_confidence,E362,P115,P103,3,2,1+2,-0.5037251778231067,0.0,tie
HandWritten-Mfeat__TMC,posterior_confidence,E363,P116,P007,4,3,0+1,-8.61013065963183,0.16030929012591028,coarsening_worsens
HandWritten-Mfeat__TMC,posterior_confidence,E364,P116,P094,4,3,0+2,-9.02292419470985,0.10548762796704791,coarsening_worsens
HandWritten-Mfeat__TMC,posterior_confidence,E365,P116,P104,4,3,1+2,-1.0054459949920496,0.0,tie
HandWritten-Mfeat__TMC,posterior_confidence,E366,P116,P113,4,3,0+3,-9.491518018101576,0.10813072253756709,coarsening_worsens
HandWritten-Mfeat__TMC,posterior_confidence,E367,P116,P114,4,3,1+3,-1.2311426884422545,0.0,tie
HandWritten-Mfeat__TMC,posterior_confidence,E368,P116,P115,4,3,2+3,-1.7227039876179777,0.0,tie
HandWritten-Mfeat__TMC,posterior_confidence,E369,P117,P008,3,2,0+1,-0.7496594632143063,0.03939604112094275,coarsening_worsens
HandWritten-Mfeat__TMC,posterior_confidence,E370,P117,P089,3,2,0+2,-0.4898758595977417,0.051510058302199346,coarsening_worsens
HandWritten-Mfeat__TMC,posterior_confidence,E371,P117,P102,3,2,1+2,-0.7808901516167754,0.0704180725822009,coarsening_worsens
HandWritten-Mfeat__TMC,posterior_confidence,E372,P118,P008,3,2,0+1,-8.630115624618336,0.11102015341086044,coarsening_worsens
HandWritten-Mfeat__TMC,posterior_confidence,E373,P118,P090,3,2,0+2,-8.742433242294052,0.08832572873191494,coarsening_worsens
HandWritten-Mfeat__TMC,posterior_confidence,E374,P118,P103,3,2,1+2,-0.39081146536826417,0.0,tie
HandWritten-Mfeat__TMC,posterior_confidence,E375,P119,P009,3,2,0+1,-8.653714575598567,0.12064022063370768,coarsening_worsens
HandWritten-Mfeat__TMC,posterior_confidence,E376,P119,P089,3,2,0+2,-8.73283904084684,0.12313417059211704,coarsening_worsens
HandWritten-Mfeat__TMC,posterior_confidence,E377,P119,P103,3,2,1+2,-0.7533184852133346,0.0,tie
HandWritten-Mfeat__TMC,posterior_confidence,E378,P120,P010,4,3,0+1,-8.653714575598567,0.18148019829701245,coarsening_worsens
HandWritten-Mfeat__TMC,posterior_confidence,E379,P120,P091,4,3,0+2,-8.74243324229405,0.1846135340048875,coarsening_worsens
HandWritten-Mfeat__TMC,posterior_confidence,E380,P120,P104,4,3,1+2,-0.7808901516167754,0.0,tie
HandWritten-Mfeat__TMC,posterior_confidence,E381,P120,P117,4,3,0+3,-9.491518018101576,0.07162411228991769,coarsening_worsens
HandWritten-Mfeat__TMC,posterior_confidence,E382,P120,P118,4,3,1+3,-1.611061856697546,0.0,tie
HandWritten-Mfeat__TMC,posterior_confidence,E383,P120,P119,4,3,2+3,-1.2485548368524757,0.0,tie
HandWritten-Mfeat__TMC,posterior_confidence,E384,P121,P011,4,3,0+1,-0.7496594632143059,0.014162529388788002,coarsening_worsens
HandWritten-Mfeat__TMC,posterior_confidence,E385,P121,P095,4,3,0+2,-1.1080647890088002,0.026096461514349703,coarsening_worsens
HandWritten-Mfeat__TMC,posterior_confidence,E386,P121,P105,4,3,1+2,-1.307775966299472,0.017897309323707443,coarsening_worsens
HandWritten-Mfeat__TMC,posterior_confidence,E387,P121,P109,4,3,0+3,-0.9198251118821206,0.09592245445586442,coarsening_worsens
HandWritten-Mfeat__TMC,posterior_confidence,E388,P121,P113,4,3,1+3,-1.2250718105958074,0.07777761038842959,coarsening_worsens
HandWritten-Mfeat__TMC,posterior_confidence,E389,P121,P117,4,3,2+3,-1.4496276539710813,0.041271000140780195,coarsening_worsens
HandWritten-Mfeat__TMC,posterior_confidence,E390,P122,P011,4,3,0+1,-8.630115624618336,0.0445156415379255,coarsening_worsens
HandWritten-Mfeat__TMC,posterior_confidence,E391,P122,P096,4,3,0+2,-9.02292419470985,0.0177074585343161,coarsening_worsens
HandWritten-Mfeat__TMC,posterior_confidence,E392,P122,P106,4,3,1+2,-1.029010183709449,0.0,tie
HandWritten-Mfeat__TMC,posterior_confidence,E393,P122,P110,4,3,0+3,-8.960639983072237,0.039315233396739854,coarsening_worsens
HandWritten-Mfeat__TMC,posterior_confidence,E394,P122,P114,4,3,1+3,-0.8451526423405156,0.0,tie
HandWritten-Mfeat__TMC,posterior_confidence,E395,P122,P118,4,3,2+3,-1.4496276539710813,0.0,tie
HandWritten-Mfeat__TMC,posterior_confidence,E396,P123,P012,4,3,0+1,-8.653714575598567,0.06252273475435002,coarsening_worsens
HandWritten-Mfeat__TMC,posterior_confidence,E397,P123,P095,4,3,0+2,-8.8768788194924,0.0564495736634872,coarsening_worsens
HandWritten-Mfeat__TMC,posterior_confidence,E398,P123,P106,4,3,1+2,-0.9173680527890191,0.0,tie
HandWritten-Mfeat__TMC,posterior_confidence,E399,P123,P111,4,3,0+3,-8.960639983072237,0.0397731145875842,coarsening_worsens
HandWritten-Mfeat__TMC,posterior_confidence,E400,P123,P115,4,3,1+3,-1.225071810595809,0.0,tie
HandWritten-Mfeat__TMC,posterior_confidence,E401,P123,P119,4,3,2+3,-0.975478503205581,0.0,tie
HandWritten-Mfeat__TMC,posterior_confidence,E402,P124,P013,4,3,0+1,-8.653714575598567,0.12293417202395329,coarsening_worsens
HandWritten-Mfeat__TMC,posterior_confidence,E403,P124,P097,4,3,0+2,-9.02292419470985,0.04823164144184652,coarsening_worsens
HandWritten-Mfeat__TMC,posterior_confidence,E404,P124,P107,4,3,1+2,-1.307775966299472,0.0,tie
HandWritten-Mfeat__TMC,posterior_confidence,E405,P124,P109,4,3,0+3,-8.873083304456959,0.12627556660500192,coarsening_worsens
HandWritten-Mfeat__TMC,posterior_confidence,E406,P124,P114,4,3,1+3,-0.9179546735113249,0.0,tie
HandWritten-Mfeat__TMC,posterior_confidence,E407,P124,P119,4,3,2+3,-1.1599226652968202,0.0,tie
HandWritten-Mfeat__TMC,posterior_confidence,E408,P125,P014,5,4,0+1,-8.653714575598567,0.03971898178038522,coarsening_worsens
HandWritten-Mfeat__TMC,posterior_confidence,E409,P125,P098,5,4,0+2,-9.02292419470985,0.020501313467079754,coarsening_worsens
HandWritten-Mfeat__TMC,posterior_confidence,E410,P125,P108,5,4,1+2,-1.307775966299472,0.0,tie
HandWritten-Mfeat__TMC,posterior_confidence,E411,P125,P112,5,4,0+3,-8.960639983072237,0.03608288676400272,coarsening_worsens
HandWritten-Mfeat__TMC,posterior_confidence,E412,P125,P116,5,4,1+3,-1.2250718105958072,0.0,tie
HandWritten-Mfeat__TMC,posterior_confidence,E413,P125,P120,5,4,2+3,-1.4496276539710813,0.0,tie
HandWritten-Mfeat__TMC,posterior_confidence,E414,P125,P121,5,4,0+4,-9.491518018101576,0.030353112149137496,coarsening_worsens
HandWritten-Mfeat__TMC,posterior_confidence,E415,P125,P122,5,4,1+4,-1.611061856697546,0.0,tie
HandWritten-Mfeat__TMC,posterior_confidence,E416,P125,P123,5,4,2+4,-1.722703987617976,0.0,tie
HandWritten-Mfeat__TMC,posterior_confidence,E417,P125,P124,5,4,3+4,-1.5382598255267368,0.0,tie
HandWritten-Mfeat__TMC,posterior_confidence,E418,P126,P015,3,2,0+1,-0.7994038959021914,0.0004822477551245435,coarsening_worsens
HandWritten-Mfeat__TMC,posterior_confidence,E419,P126,P052,3,2,0+2,-5.209845622681521,0.20824652403588156,coarsening_worsens
HandWritten-Mfeat__TMC,posterior_confidence,E420,P126,P089,3,2,1+2,-5.376841630915202,0.12105435918431132,coarsening_worsens
HandWritten-Mfeat__TMC,posterior_confidence,E421,P127,P015,3,2,0+1,-0.36815029630039486,0.0005205810646939338,coarsening_worsens
HandWritten-Mfeat__TMC,posterior_confidence,E422,P127,P053,3,2,0+2,-5.210807014874158,0.13343837220862706,coarsening_worsens
HandWritten-Mfeat__TMC,posterior_confidence,E423,P127,P090,3,2,1+2,-5.3176892526056845,0.0862842506336786,coarsening_worsens
HandWritten-Mfeat__TMC,posterior_confidence,E424,P128,P016,3,2,0+1,-0.8176052333225743,0.030537644603056024,coarsening_worsens
HandWritten-Mfeat__TMC,posterior_confidence,E425,P128,P052,3,2,0+2,-0.4128701532799496,0.11183078578272246,coarsening_worsens
HandWritten-Mfeat__TMC,posterior_confidence,E426,P128,P090,3,2,1+2,-0.9519673828059094,-0.010169820929049889,coarsening_improves
HandWritten-Mfeat__TMC,posterior_confidence,E427,P129,P017,4,3,0+1,-0.8176052333225741,0.0002643672053434234,coarsening_worsens
HandWritten-Mfeat__TMC,posterior_confidence,E428,P129,P054,4,3,0+2,-5.210807014874157,0.23241170064157404,coarsening_worsens
HandWritten-Mfeat__TMC,posterior_confidence,E429,P129,P091,4,3,1+2,-5.376841630915202,0.182858336172025,coarsening_worsens
HandWritten-Mfeat__TMC,posterior_confidence,E430,P129,P126,4,3,0+3,-1.2389606354052667,0.00032461357494319946,coarsening_worsens
HandWritten-Mfeat__TMC,posterior_confidence,E431,P129,P127,4,3,1+3,-1.6702142350070632,0.00028628026537380917,coarsening_worsens
HandWritten-Mfeat__TMC,posterior_confidence,E432,P129,P128,4,3,2+3,-6.035936104806838,0.0967403518281023,coarsening_worsens
HandWritten-Mfeat__TMC,posterior_confidence,E433,P130,P015,3,2,0+1,-0.2749770198684782,0.0004331751876333798,coarsening_worsens
HandWritten-Mfeat__TMC,posterior_confidence,E434,P130,P055,3,2,0+2,-5.21773628881839,0.06370732517650096,coarsening_worsens
HandWritten-Mfeat__TMC,posterior_confidence,E435,P130,P092,3,2,1+2,-5.246047840917273,0.05775961882372097,coarsening_worsens
HandWritten-Mfeat__TMC,posterior_confidence,E436,P131,P015,3,2,0+1,-0.6183740402475584,0.0006606473862316026,coarsening_worsens
HandWritten-Mfeat__TMC,posterior_confidence,E437,P131,P056,3,2,0+2,-5.2235078293060395,0.05970615192028417,coarsening_worsens
HandWritten-Mfeat__TMC,posterior_confidence,E438,P131,P093,3,2,1+2,-5.243928937338081,0.06885488279638627,coarsening_worsens
HandWritten-Mfeat__TMC,posterior_confidence,E439,P132,P016,3,2,0+1,-0.6308763342841195,0.08416269193969411,coarsening_worsens
HandWritten-Mfeat__TMC,posterior_confidence,E440,P132,P055,3,2,0+2,-0.7584587964120768,0.020965706827471113,coarsening_worsens
HandWritten-Mfeat__TMC,posterior_confidence,E441,P132,P093,3,2,1+2,-0.44125442455268804,0.025885792248758206,coarsening_worsens
HandWritten-Mfeat__TMC,posterior_confidence,E442,P133,P017,4,3,0+1,-0.6308763342841193,0.00038118482416545866,coarsening_worsens
HandWritten-Mfeat__TMC,posterior_confidence,E443,P133,P057,4,3,0+2,-5.2235078293060395,0.09175849981306869,coarsening_worsens
HandWritten-Mfeat__TMC,posterior_confidence,E444,P133,P094,4,3,1+2,-5.246047840917272,0.10384924775300743,coarsening_worsens
HandWritten-Mfeat__TMC,posterior_confidence,E445,P133,P130,4,3,0+3,-1.576658612400525,0.0004905037612563984,coarsening_worsens
HandWritten-Mfeat__TMC,posterior_confidence,E446,P133,P131,4,3,1+3,-1.233261592021445,0.00026303156265817564,coarsening_worsens
HandWritten-Mfeat__TMC,posterior_confidence,E447,P133,P132,4,3,2+3,-6.035936104806838,0.04323212211028624,coarsening_worsens
HandWritten-Mfeat__TMC,posterior_confidence,E448,P134,P018,3,2,0+1,-0.8321566269892284,0.0052462731639909,coarsening_worsens
HandWritten-Mfeat__TMC,posterior_confidence,E449,P134,P052,3,2,0+2,-0.518107797301058,0.15224737474157357,coarsening_worsens
HandWritten-Mfeat__TMC,posterior_confidence,E450,P134,P092,3,2,1+2,-1.0787368915705229,0.0018095420969041626,coarsening_worsens
HandWritten-Mfeat__TMC,posterior_confidence,E451,P135,P018,3,2,0+1,-0.7386010043826903,0.04936876134889144,coarsening_worsens
HandWritten-Mfeat__TMC,posterior_confidence,E452,P135,P053,3,2,0+2,-0.8567671664889535,0.12152337778965025,coarsening_worsens
HandWritten-Mfeat__TMC,posterior_confidence,E453,P135,P093,3,2,1+2,-0.6396653450057131,0.05679982205587178,coarsening_worsens
HandWritten-Mfeat__TMC,posterior_confidence,E454,P136,P019,3,2,0+1,-1.0829373778273368,0.024554786175795096,coarsening_worsens
HandWritten-Mfeat__TMC,posterior_confidence,E455,P136,P052,3,2,0+2,-0.6343907949860771,0.1428724843515973,coarsening_worsens
HandWritten-Mfeat__TMC,posterior_confidence,E456,P136,P093,3,2,1+2,-0.8495039652972703,0.0033024434809949543,coarsening_worsens
HandWritten-Mfeat__TMC,posterior_confidence,E457,P137,P020,4,3,0+1,-1.0829373778273361,0.035868262903480226,coarsening_worsens
HandWritten-Mfeat__TMC,posterior_confidence,E458,P137,P054,4,3,0+2,-0.8567671664889529,0.20926099609878074,coarsening_worsens
HandWritten-Mfeat__TMC,posterior_confidence,E459,P137,P094,4,3,1+2,-1.0787368915705224,0.0805817255913921,coarsening_worsens
HandWritten-Mfeat__TMC,posterior_confidence,E460,P137,P134,4,3,0+3,-1.5766586124005257,0.03317305832645787,coarsening_worsens
HandWritten-Mfeat__TMC,posterior_confidence,E461,P137,P135,4,3,1+3,-1.670214235007064,-0.010949429858442671,coarsening_improves
HandWritten-Mfeat__TMC,posterior_confidence,E462,P137,P136,4,3,2+3,-1.4603756147155067,0.04254794871643416,coarsening_worsens
HandWritten-Mfeat__TMC,posterior_confidence,E463,P138,P021,4,3,0+1,-0.8321566269892271,0.0001839323268604913,coarsening_worsens
HandWritten-Mfeat__TMC,posterior_confidence,E464,P138,P058,4,3,0+2,-5.217736288818389,0.07295127279448875,coarsening_worsens
HandWritten-Mfeat__TMC,posterior_confidence,E465,P138,P095,4,3,1+2,-5.376841630915202,0.05486404305757169,coarsening_worsens
HandWritten-Mfeat__TMC,posterior_confidence,E466,P138,P126,4,3,0+3,-0.831438724560023,0.0004942808018902217,coarsening_worsens
HandWritten-Mfeat__TMC,posterior_confidence,E467,P138,P130,4,3,1+3,-1.3558656005937362,0.0005433533693813854,coarsening_worsens
HandWritten-Mfeat__TMC,posterior_confidence,E468,P138,P134,4,3,2+3,-5.523176549940486,0.05649343009619819,coarsening_worsens
HandWritten-Mfeat__TMC,posterior_confidence,E469,P139,P021,4,3,0+1,-0.7386010043826889,0.00040389011481490613,coarsening_worsens
HandWritten-Mfeat__TMC,posterior_confidence,E470,P139,P059,4,3,0+2,-5.2235078293060395,0.01580848921011864,coarsening_worsens
HandWritten-Mfeat__TMC,posterior_confidence,E471,P139,P096,4,3,1+2,-5.317689252605684,0.01634188571635501,coarsening_worsens
HandWritten-Mfeat__TMC,posterior_confidence,E472,P139,P127,4,3,0+3,-1.1691367015552814,0.0006759052802752462,coarsening_worsens
HandWritten-Mfeat__TMC,posterior_confidence,E473,P139,P131,4,3,1+3,-0.9189129576081179,0.0005358389587375775,coarsening_worsens
HandWritten-Mfeat__TMC,posterior_confidence,E474,P139,P135,4,3,2+3,-5.523176549940486,0.012590899699252065,coarsening_worsens
HandWritten-Mfeat__TMC,posterior_confidence,E475,P140,P022,4,3,0+1,-1.0829373778273363,0.02931811294241124,coarsening_worsens
HandWritten-Mfeat__TMC,posterior_confidence,E476,P140,P058,4,3,0+2,-0.7584587964120766,0.05421144595901765,coarsening_worsens
HandWritten-Mfeat__TMC,posterior_confidence,E477,P140,P096,4,3,1+2,-0.9519673828059092,-0.0026178989070705025,coarsening_improves
HandWritten-Mfeat__TMC,posterior_confidence,E478,P140,P128,4,3,0+3,-1.1691367015552823,0.07817019221957822,coarsening_worsens
HandWritten-Mfeat__TMC,posterior_confidence,E479,P140,P132,4,3,1+3,-1.355865600593737,0.02454514488294013,coarsening_worsens
HandWritten-Mfeat__TMC,posterior_confidence,E480,P140,P136,4,3,2+3,-0.9476160598491548,0.04712849365070338,coarsening_worsens
HandWritten-Mfeat__TMC,posterior_confidence,E481,P141,P023,4,3,0+1,-1.0829373778273368,0.00032075525096238893,coarsening_worsens
HandWritten-Mfeat__TMC,posterior_confidence,E482,P141,P060,4,3,0+2,-5.2235078293060395,0.06395713502528005,coarsening_worsens
HandWritten-Mfeat__TMC,posterior_confidence,E483,P141,P097,4,3,1+2,-5.376841630915202,0.04642538637504725,coarsening_worsens
HandWritten-Mfeat__TMC,posterior_confidence,E484,P141,P126,4,3,0+3,-0.8698375114338122,0.00027355634100644974,coarsening_worsens
HandWritten-Mfeat__TMC,posterior_confidence,E485,P141,P131,4,3,1+3,-1.0508673670884452,9.515670989939068e-05,coarsening_worsens
HandWritten-Mfeat__TMC,posterior_confidence,E486,P141,P136,4,3,2+3,-5.4452923391292565,0.0656475960252907,coarsening_worsens
HandWritten-Mfeat__TMC,posterior_confidence,E487,P142,P024,5,4,0+1,-1.0829373778273386,0.00025759192766872194,coarsening_worsens
HandWritten-Mfeat__TMC,posterior_confidence,E488,P142,P061,5,4,0+2,-5.223507829306041,0.023514789688751214,coarsening_worsens
HandWritten-Mfeat__TMC,posterior_confidence,E489,P142,P098,5,4,1+2,-5.376841630915203,0.019274218842129348,coarsening_worsens
HandWritten-Mfeat__TMC,posterior_confidence,E490,P142,P129,5,4,0+3,-1.169136701555284,0.0005281032079121201,coarsening_worsens
HandWritten-Mfeat__TMC,posterior_confidence,E491,P142,P133,5,4,1+3,-1.3558656005937388,0.0004112855890900848,coarsening_worsens
HandWritten-Mfeat__TMC,posterior_confidence,E492,P142,P137,5,4,2+3,-5.523176549940488,0.02367880775070542,coarsening_worsens
HandWritten-Mfeat__TMC,posterior_confidence,E493,P142,P138,5,4,0+4,-1.5766586124005277,0.00035843598096509783,coarsening_worsens
HandWritten-Mfeat__TMC,posterior_confidence,E494,P142,P139,5,4,1+4,-1.670214235007066,0.000138478193010683,coarsening_worsens
HandWritten-Mfeat__TMC,posterior_confidence,E495,P142,P140,5,4,2+4,-6.03593610480684,0.019098262816436198,coarsening_worsens
HandWritten-Mfeat__TMC,posterior_confidence,E496,P142,P141,5,4,3+4,-1.5382598255267386,0.0005791604418488698,coarsening_worsens
HandWritten-Mfeat__TMC,posterior_confidence,E497,P143,P015,3,2,0+1,-0.41521668586177807,0.00040094735279143845,coarsening_worsens
HandWritten-Mfeat__TMC,posterior_confidence,E498,P143,P062,3,2,0+2,-5.213246075523796,0.11710564439290752,coarsening_worsens
HandWritten-Mfeat__TMC,posterior_confidence,E499,P143,P099,3,2,1+2,-5.280751985487558,0.09438581516790118,coarsening_worsens
HandWritten-Mfeat__TMC,posterior_confidence,E500,P144,P015,3,2,0+1,-0.5209634261694367,0.0007092065952711102,coarsening_worsens
HandWritten-Mfeat__TMC,posterior_confidence,E501,P144,P063,3,2,0+2,-5.216908996337338,0.048733700720431115,coarsening_worsens
HandWritten-Mfeat__TMC,posterior_confidence,E502,P144,P100,3,2,1+2,-5.26809165299128,0.050026980190870506,coarsening_worsens
HandWritten-Mfeat__TMC,posterior_confidence,E503,P145,P016,3,2,0+1,-0.6451605347883524,0.0989495704580109,coarsening_worsens
HandWritten-Mfeat__TMC,posterior_confidence,E504,P145,P062,3,2,0+2,-0.628013117628416,0.08918313239703639,coarsening_worsens
HandWritten-Mfeat__TMC,posterior_confidence,E505,P145,P100,3,2,1+2,-0.577111954788241,0.021796208952519706,coarsening_worsens
HandWritten-Mfeat__TMC,posterior_confidence,E506,P146,P017,4,3,0+1,-0.645160534788352,0.0004654353241681276,coarsening_worsens
HandWritten-Mfeat__TMC,posterior_confidence,E507,P146,P064,4,3,0+2,-5.216908996337337,0.0554067081998557,coarsening_worsens
HandWritten-Mfeat__TMC,posterior_confidence,E508,P146,P101,4,3,1+2,-5.280751985487557,0.05193690887756378,coarsening_worsens
HandWritten-Mfeat__TMC,posterior_confidence,E509,P146,P143,4,3,0+3,-1.450703146911458,0.0006069820961010087,coarsening_worsens
HandWritten-Mfeat__TMC,posterior_confidence,E510,P146,P144,4,3,1+3,-1.3449564066037993,0.000298722853621337,coarsening_worsens
HandWritten-Mfeat__TMC,posterior_confidence,E511,P146,P145,4,3,2+3,-6.035936104806838,0.028529494091972134,coarsening_worsens
HandWritten-Mfeat__TMC,posterior_confidence,E512,P147,P015,3,2,0+1,-0.36931099390601574,0.0004970239531966051,coarsening_worsens
HandWritten-Mfeat__TMC,posterior_confidence,E513,P147,P065,3,2,0+2,-5.238029497689347,0.07250732102583037,coarsening_worsens
HandWritten-Mfeat__TMC,posterior_confidence,E514,P147,P102,3,2,1+2,-5.2377630209380595,0.13997714966238492,coarsening_worsens
HandWritten-Mfeat__TMC,posterior_confidence,E515,P148,P015,3,2,0+1,-8.638074359017331,0.0021863570639883397,coarsening_worsens
HandWritten-Mfeat__TMC,posterior_confidence,E516,P148,P066,3,2,0+2,-9.095045051357022,0.0009119560711837159,coarsening_worsens
HandWritten-Mfeat__TMC,posterior_confidence,E517,P148,P103,3,2,1+2,-5.235991538396833,-0.00037570209894193017,coarsening_improves
HandWritten-Mfeat__TMC,posterior_confidence,E518,P149,P016,3,2,0+1,-8.640069714022706,0.12903319426402085,coarsening_worsens
HandWritten-Mfeat__TMC,posterior_confidence,E519,P149,P065,3,2,0+2,-8.693611410984081,0.07457235623556403,coarsening_worsens
HandWritten-Mfeat__TMC,posterior_confidence,E520,P149,P103,3,2,1+2,-0.4228100865802542,0.0,tie
HandWritten-Mfeat__TMC,posterior_confidence,E521,P150,P017,4,3,0+1,-8.640069714022708,0.0016952058320504654,coarsening_worsens
HandWritten-Mfeat__TMC,posterior_confidence,E522,P150,P067,4,3,0+2,-9.095045051357022,0.0007044299139686161,coarsening_worsens
HandWritten-Mfeat__TMC,posterior_confidence,E523,P150,P104,4,3,1+2,-5.2377630209380595,-0.0003243592061554849,coarsening_improves
HandWritten-Mfeat__TMC,posterior_confidence,E524,P150,P147,4,3,0+3,-9.491518018101576,0.0017406760035781799,coarsening_worsens
HandWritten-Mfeat__TMC,posterior_confidence,E525,P150,P148,4,3,1+3,-1.222754652990261,5.134289278644526e-05,coarsening_worsens
HandWritten-Mfeat__TMC,posterior_confidence,E526,P150,P149,4,3,2+3,-6.03593610480684,-0.0003243592061554849,coarsening_improves
HandWritten-Mfeat__TMC,posterior_confidence,E527,P151,P018,3,2,0+1,-0.536355804270912,0.026976380636635794,coarsening_worsens
HandWritten-Mfeat__TMC,posterior_confidence,E528,P151,P062,3,2,0+2,-0.6098946374654299,0.08291790297357754,coarsening_worsens
HandWritten-Mfeat__TMC,posterior_confidence,E529,P151,P102,3,2,1+2,-0.6803172748354556,0.10569333164264978,coarsening_worsens
HandWritten-Mfeat__TMC,posterior_confidence,E530,P152,P018,3,2,0+1,-8.682917415768687,0.0633252338661046,coarsening_worsens
HandWritten-Mfeat__TMC,posterior_confidence,E531,P152,P063,3,2,0+2,-8.654372429469088,0.05058655328809027,coarsening_worsens
HandWritten-Mfeat__TMC,posterior_confidence,E532,P152,P103,3,2,1+2,-0.5563440386806899,0.0,tie
HandWritten-Mfeat__TMC,posterior_confidence,E533,P153,P019,3,2,0+1,-8.70199596081007,0.09200863726788508,coarsening_worsens
HandWritten-Mfeat__TMC,posterior_confidence,E534,P153,P062,3,2,0+2,-8.641037040851499,0.11926675620304635,coarsening_worsens
HandWritten-Mfeat__TMC,posterior_confidence,E535,P153,P103,3,2,1+2,-0.44092483056898324,0.0,tie
HandWritten-Mfeat__TMC,posterior_confidence,E536,P154,P020,4,3,0+1,-8.70199596081007,0.06077416527913605,coarsening_worsens
HandWritten-Mfeat__TMC,posterior_confidence,E537,P154,P064,4,3,0+2,-8.654372429469088,0.056960837913893524,coarsening_worsens
HandWritten-Mfeat__TMC,posterior_confidence,E538,P154,P104,4,3,1+2,-0.6803172748354562,0.0,tie
HandWritten-Mfeat__TMC,posterior_confidence,E539,P154,P151,4,3,0+3,-9.491518018101576,0.036348853229468805,coarsening_worsens
HandWritten-Mfeat__TMC,posterior_confidence,E540,P154,P152,4,3,1+3,-1.3449564066038011,0.0,tie
HandWritten-Mfeat__TMC,posterior_confidence,E541,P154,P153,4,3,2+3,-1.4603756147155078,0.0,tie
HandWritten-Mfeat__TMC,posterior_confidence,E542,P155,P021,4,3,0+1,-0.5363558042709107,0.00024544766477898054,coarsening_worsens
HandWritten-Mfeat__TMC,posterior_confidence,E543,P155,P068,4,3,0+2,-5.238029497689346,0.044302574423852575,coarsening_worsens
HandWritten-Mfeat__TMC,posterior_confidence,E544,P155,P105,4,3,1+2,-5.280751985487557,0.04672640620484792,coarsening_worsens
HandWritten-Mfeat__TMC,posterior_confidence,E545,P155,P143,4,3,0+3,-0.9198251118821199,0.000637096542141816,coarsening_worsens
HandWritten-Mfeat__TMC,posterior_confidence,E546,P155,P147,4,3,1+3,-0.9657308038378822,0.0005410199417366494,coarsening_worsens
HandWritten-Mfeat__TMC,posterior_confidence,E547,P155,P151,4,3,2+3,-5.523176549940486,0.03482483796147179,coarsening_worsens
HandWritten-Mfeat__TMC,posterior_confidence,E548,P156,P021,4,3,0+1,-8.682917415768687,0.001401070817020004,coarsening_worsens
HandWritten-Mfeat__TMC,posterior_confidence,E549,P156,P069,4,3,0+2,-9.095045051357022,0.000579059490381313,coarsening_worsens
HandWritten-Mfeat__TMC,posterior_confidence,E550,P156,P106,4,3,1+2,-5.268091652991281,-0.00036839211575599164,coarsening_improves
HandWritten-Mfeat__TMC,posterior_confidence,E551,P156,P144,4,3,0+3,-8.960639983072237,0.001484460451903168,coarsening_worsens
HandWritten-Mfeat__TMC,posterior_confidence,E552,P156,P148,4,3,1+3,-0.843529050224344,7.3099831859385275e-06,coarsening_worsens
HandWritten-Mfeat__TMC,posterior_confidence,E553,P156,P152,4,3,2+3,-5.523176549940487,-0.00036839211575599164,coarsening_improves
HandWritten-Mfeat__TMC,posterior_confidence,E554,P157,P022,4,3,0+1,-8.70199596081007,0.04964347038379784,coarsening_worsens
HandWritten-Mfeat__TMC,posterior_confidence,E555,P157,P068,4,3,0+2,-8.693611410984083,0.04582658969184959,coarsening_worsens
HandWritten-Mfeat__TMC,posterior_confidence,E556,P157,P106,4,3,1+2,-0.5771119547882417,0.0,tie
HandWritten-Mfeat__TMC,posterior_confidence,E557,P157,P145,4,3,0+3,-8.960639983072237,0.030083623806009957,coarsening_worsens
HandWritten-Mfeat__TMC,posterior_confidence,E558,P157,P149,4,3,1+3,-0.965730803837884,0.0,tie
HandWritten-Mfeat__TMC,posterior_confidence,E559,P157,P153,4,3,2+3,-0.947616059849155,0.0,tie
HandWritten-Mfeat__TMC,posterior_confidence,E560,P158,P023,4,3,0+1,-8.70199596081007,0.0017953836288027358,coarsening_worsens
HandWritten-Mfeat__TMC,posterior_confidence,E561,P158,P070,4,3,0+2,-9.095045051357022,0.0006806130155314864,coarsening_worsens
HandWritten-Mfeat__TMC,posterior_confidence,E562,P158,P107,4,3,1+2,-5.280751985487557,-0.0003316266889589295,coarsening_improves
HandWritten-Mfeat__TMC,posterior_confidence,E563,P158,P143,4,3,0+3,-8.873083304456959,0.0018294851211799017,coarsening_worsens
HandWritten-Mfeat__TMC,posterior_confidence,E564,P158,P148,4,3,1+3,-0.6502256313014065,4.407540998300065e-05,coarsening_worsens
HandWritten-Mfeat__TMC,posterior_confidence,E565,P158,P153,4,3,2+3,-5.4452923391292565,-0.0003316266889589295,coarsening_improves
HandWritten-Mfeat__TMC,posterior_confidence,E566,P159,P024,5,4,0+1,-8.70199596081007,0.0011967932529836,coarsening_worsens
HandWritten-Mfeat__TMC,posterior_confidence,E567,P159,P071,5,4,0+2,-9.095045051357022,0.0004919048331900674,coarsening_worsens
HandWritten-Mfeat__TMC,posterior_confidence,E568,P159,P108,5,4,1+2,-5.280751985487557,-0.00028789329963552874,coarsening_improves
HandWritten-Mfeat__TMC,posterior_confidence,E569,P159,P146,5,4,0+3,-8.960639983072237,0.0012662364144022937,coarsening_worsens
HandWritten-Mfeat__TMC,posterior_confidence,E570,P159,P150,5,4,1+3,-0.9657308038378822,3.646590651995617e-05,coarsening_worsens
HandWritten-Mfeat__TMC,posterior_confidence,E571,P159,P154,5,4,2+3,-5.5231765499404855,-0.00028789329963552874,coarsening_improves
HandWritten-Mfeat__TMC,posterior_confidence,E572,P159,P155,5,4,0+4,-9.491518018101576,0.0012361219683614867,coarsening_worsens
HandWritten-Mfeat__TMC,posterior_confidence,E573,P159,P156,5,4,1+4,-1.3449564066037993,8.04988161204629e-05,coarsening_worsens
HandWritten-Mfeat__TMC,posterior_confidence,E574,P159,P157,5,4,2+4,-6.035936104806838,-0.00028789329963552874,coarsening_improves
HandWritten-Mfeat__TMC,posterior_confidence,E575,P159,P158,5,4,3+4,-1.5382598255267368,4.3733389323400785e-05,coarsening_worsens
HandWritten-Mfeat__TMC,posterior_confidence,E576,P160,P025,3,2,0+1,-0.8241737453155003,0.01628804096721842,coarsening_worsens
HandWritten-Mfeat__TMC,posterior_confidence,E577,P160,P052,3,2,0+2,-0.661889382153353,0.1323596143341032,coarsening_worsens
HandWritten-Mfeat__TMC,posterior_confidence,E578,P160,P099,3,2,1+2,-1.1169829549998032,0.01858020586845592,coarsening_worsens
HandWritten-Mfeat__TMC,posterior_confidence,E579,P161,P025,3,2,0+1,-0.604662657219895,0.07893957696963569,coarsening_worsens
HandWritten-Mfeat__TMC,posterior_confidence,E580,P161,P053,3,2,0+2,-0.8745932858521813,0.12016466519969658,coarsening_worsens
HandWritten-Mfeat__TMC,posterior_confidence,E581,P161,P100,3,2,1+2,-0.779064794100261,0.036564647651362844,coarsening_worsens
HandWritten-Mfeat__TMC,posterior_confidence,E582,P162,P026,3,2,0+1,-1.043847204218597,0.023195423974885908,coarsening_worsens
HandWritten-Mfeat__TMC,posterior_confidence,E583,P162,P052,3,2,0+2,-0.5218504590914347,0.15295008294019388,coarsening_worsens
HandWritten-Mfeat__TMC,posterior_confidence,E584,P162,P100,3,2,1+2,-0.8585369591339479,-0.005496419744963746,coarsening_improves
HandWritten-Mfeat__TMC,posterior_confidence,E585,P163,P027,4,3,0+1,-1.0438472042185964,0.07389617639730925,coarsening_worsens
HandWritten-Mfeat__TMC,posterior_confidence,E586,P163,P054,4,3,0+2,-0.874593285852181,0.20464672195433162,coarsening_worsens
HandWritten-Mfeat__TMC,posterior_confidence,E587,P163,P101,4,3,1+2,-1.1169829549998027,0.023970862071496655,coarsening_worsens
HandWritten-Mfeat__TMC,posterior_confidence,E588,P163,P160,4,3,0+3,-1.4507031469114589,0.04844654458947914,coarsening_worsens
HandWritten-Mfeat__TMC,posterior_confidence,E589,P163,P161,4,3,1+3,-1.6702142350070641,-0.01420499141293813,coarsening_improves
HandWritten-Mfeat__TMC,posterior_confidence,E590,P163,P162,4,3,2+3,-1.5907420699733772,0.02785607598338846,coarsening_worsens
HandWritten-Mfeat__TMC,posterior_confidence,E591,P164,P025,3,2,0+1,-0.38813325660388376,0.043273242977576176,coarsening_worsens
HandWritten-Mfeat__TMC,posterior_confidence,E592,P164,P055,3,2,0+2,-0.7581664356123186,0.014854690052571506,coarsening_worsens
HandWritten-Mfeat__TMC,posterior_confidence,E593,P164,P102,3,2,1+2,-0.6838591936944505,0.09106066577289225,coarsening_worsens
HandWritten-Mfeat__TMC,posterior_confidence,E594,P165,P025,3,2,0+1,-8.646389682684013,0.09425476207680251,coarsening_worsens
HandWritten-Mfeat__TMC,posterior_confidence,E595,P165,P056,3,2,0+2,-8.678797381801019,0.06160756369698284,coarsening_worsens
HandWritten-Mfeat__TMC,posterior_confidence,E596,P165,P103,3,2,1+2,-0.6715807721220397,0.0,tie
HandWritten-Mfeat__TMC,posterior_confidence,E597,P166,P026,3,2,0+1,-8.648621586697098,0.08057167647837932,coarsening_worsens
HandWritten-Mfeat__TMC,posterior_confidence,E598,P166,P055,3,2,0+2,-8.658942383740516,0.06583620915179784,coarsening_worsens
HandWritten-Mfeat__TMC,posterior_confidence,E599,P166,P103,3,2,1+2,-0.31410029417010854,0.0,tie
HandWritten-Mfeat__TMC,posterior_confidence,E600,P167,P027,4,3,0+1,-8.648621586697097,0.1034163529174142,coarsening_worsens
HandWritten-Mfeat__TMC,posterior_confidence,E601,P167,P057,4,3,0+2,-8.678797381801019,0.09339688002710918,coarsening_worsens
HandWritten-Mfeat__TMC,posterior_confidence,E602,P167,P104,4,3,1+2,-0.6838591936944507,0.0,tie
HandWritten-Mfeat__TMC,posterior_confidence,E603,P167,P164,4,3,0+3,-9.491518018101576,0.05098151909922634,coarsening_worsens
HandWritten-Mfeat__TMC,posterior_confidence,E604,P167,P165,4,3,1+3,-1.2332615920214458,0.0,tie
HandWritten-Mfeat__TMC,posterior_confidence,E605,P167,P166,4,3,2+3,-1.590742069973377,0.0,tie
HandWritten-Mfeat__TMC,posterior_confidence,E606,P168,P028,3,2,0+1,-0.9122195336372607,-0.006971516494101937,coarsening_improves
HandWritten-Mfeat__TMC,posterior_confidence,E607,P168,P052,3,2,0+2,-0.37555590532255534,0.10789802098245635,coarsening_worsens
HandWritten-Mfeat__TMC,posterior_confidence,E608,P168,P102,3,2,1+2,-0.8335662055752693,0.03961387041088765,coarsening_worsens
HandWritten-Mfeat__TMC,posterior_confidence,E609,P169,P028,3,2,0+1,-8.733523316731771,0.095456797967129,coarsening_worsens
HandWritten-Mfeat__TMC,posterior_confidence,E610,P169,P053,3,2,0+2,-8.629074680211499,0.1354798503068634,coarsening_worsens
HandWritten-Mfeat__TMC,posterior_confidence,E611,P169,P103,3,2,1+2,-0.38433514101723887,0.0,tie
HandWritten-Mfeat__TMC,posterior_confidence,E612,P170,P029,3,2,0+1,-8.806058020523846,0.11644987129112667,coarsening_worsens
HandWritten-Mfeat__TMC,posterior_confidence,E613,P170,P052,3,2,0+2,-8.627407002790378,0.21032633544368728,coarsening_worsens
HandWritten-Mfeat__TMC,posterior_confidence,E614,P170,P103,3,2,1+2,-0.8148824553905509,0.0,tie
HandWritten-Mfeat__TMC,posterior_confidence,E615,P171,P030,4,3,0+1,-8.806058020523846,0.19026069283677782,coarsening_worsens
HandWritten-Mfeat__TMC,posterior_confidence,E616,P171,P054,4,3,0+2,-8.6290746802115,0.23416689847443656,coarsening_worsens
HandWritten-Mfeat__TMC,posterior_confidence,E617,P171,P104,4,3,1+2,-0.83356620557527,0.0,tie
HandWritten-Mfeat__TMC,posterior_confidence,E618,P171,P168,4,3,0+3,-9.491518018101576,0.10242831446123093,coarsening_worsens
HandWritten-Mfeat__TMC,posterior_confidence,E619,P171,P169,4,3,1+3,-1.670214235007066,0.0,tie
HandWritten-Mfeat__TMC,posterior_confidence,E620,P171,P170,4,3,2+3,-1.2396669206337538,0.0,tie
HandWritten-Mfeat__TMC,posterior_confidence,E621,P172,P031,4,3,0+1,-0.91221953363726,-0.006198260580061732,coarsening_improves
HandWritten-Mfeat__TMC,posterior_confidence,E622,P172,P058,4,3,0+2,-0.7581664356123181,0.04897625341497284,coarsening_worsens
HandWritten-Mfeat__TMC,posterior_confidence,E623,P172,P105,4,3,1+2,-1.1169829549998025,0.022689871487413527,coarsening_worsens
HandWritten-Mfeat__TMC,posterior_confidence,E624,P172,P160,4,3,0+3,-0.9198251118821203,0.05240617112415268,coarsening_worsens
HandWritten-Mfeat__TMC,posterior_confidence,E625,P172,P164,4,3,1+3,-1.3558656005937368,0.025420969113794926,coarsening_worsens
HandWritten-Mfeat__TMC,posterior_confidence,E626,P172,P168,4,3,2+3,-1.206158588712918,0.07686776447579952,coarsening_worsens
HandWritten-Mfeat__TMC,posterior_confidence,E627,P173,P031,4,3,0+1,-8.733523316731771,0.01936228940536968,coarsening_worsens
HandWritten-Mfeat__TMC,posterior_confidence,E628,P173,P059,4,3,0+2,-8.678797381801019,0.01717406202807973,coarsening_worsens
HandWritten-Mfeat__TMC,posterior_confidence,E629,P173,P106,4,3,1+2,-0.7790647941002611,0.0,tie
HandWritten-Mfeat__TMC,posterior_confidence,E630,P173,P161,4,3,0+3,-8.960639983072237,0.01531518510716682,coarsening_worsens
HandWritten-Mfeat__TMC,posterior_confidence,E631,P173,P165,4,3,1+3,-0.9189129576081179,0.0,tie
HandWritten-Mfeat__TMC,posterior_confidence,E632,P173,P169,4,3,2+3,-1.2061585887129187,0.0,tie
HandWritten-Mfeat__TMC,posterior_confidence,E633,P174,P032,4,3,0+1,-8.806058020523844,0.05884099941069375,coarsening_worsens
HandWritten-Mfeat__TMC,posterior_confidence,E634,P174,P058,4,3,0+2,-8.658942383740516,0.07453680340040425,coarsening_worsens
HandWritten-Mfeat__TMC,posterior_confidence,E635,P174,P106,4,3,1+2,-0.8585369591339482,0.0,tie
HandWritten-Mfeat__TMC,posterior_confidence,E636,P174,P162,4,3,0+3,-8.960639983072237,0.05737625250349341,coarsening_worsens
HandWritten-Mfeat__TMC,posterior_confidence,E637,P174,P166,4,3,1+3,-1.3558656005937362,0.0,tie
HandWritten-Mfeat__TMC,posterior_confidence,E638,P174,P170,4,3,2+3,-0.8550834393732938,0.0,tie
HandWritten-Mfeat__TMC,posterior_confidence,E639,P175,P033,4,3,0+1,-8.806058020523846,0.0551142184356596,coarsening_worsens
HandWritten-Mfeat__TMC,posterior_confidence,E640,P175,P060,4,3,0+2,-8.678797381801019,0.06576339009207934,coarsening_worsens
HandWritten-Mfeat__TMC,posterior_confidence,E641,P175,P107,4,3,1+2,-1.1169829549998038,0.0,tie
HandWritten-Mfeat__TMC,posterior_confidence,E642,P175,P160,4,3,0+3,-8.87308330445696,0.0779667211095841,coarsening_worsens
HandWritten-Mfeat__TMC,posterior_confidence,E643,P175,P165,4,3,1+3,-1.050867367088447,0.0,tie
HandWritten-Mfeat__TMC,posterior_confidence,E644,P175,P170,4,3,2+3,-0.9075656838199357,0.0,tie
HandWritten-Mfeat__TMC,posterior_confidence,E645,P176,P034,5,4,0+1,-8.806058020523844,0.021227477370243327,coarsening_worsens
HandWritten-Mfeat__TMC,posterior_confidence,E646,P176,P061,5,4,0+2,-8.678797381801019,0.02474188431370162,coarsening_worsens
HandWritten-Mfeat__TMC,posterior_confidence,E647,P176,P108,5,4,1+2,-1.116982954999802,0.0,tie
HandWritten-Mfeat__TMC,posterior_confidence,E648,P176,P163,5,4,0+3,-8.960639983072237,0.02952017652010495,coarsening_worsens
HandWritten-Mfeat__TMC,posterior_confidence,E649,P176,P167,5,4,1+3,-1.3558656005937362,0.0,tie
HandWritten-Mfeat__TMC,posterior_confidence,E650,P176,P171,5,4,2+3,-1.206158588712917,0.0,tie
HandWritten-Mfeat__TMC,posterior_confidence,E651,P176,P172,5,4,0+4,-9.491518018101575,0.025560549985431412,coarsening_worsens
HandWritten-Mfeat__TMC,posterior_confidence,E652,P176,P173,5,4,1+4,-1.6702142350070641,0.0,tie
HandWritten-Mfeat__TMC,posterior_confidence,E653,P176,P174,5,4,2+4,-1.590742069973377,0.0,tie
HandWritten-Mfeat__TMC,posterior_confidence,E654,P176,P175,5,4,3+4,-1.538259825526735,0.0,tie
HandWritten-Mfeat__TMC,posterior_confidence,E655,P177,P035,4,3,0+1,-0.8241737453155,0.0001986245279735916,coarsening_worsens
HandWritten-Mfeat__TMC,posterior_confidence,E656,P177,P072,4,3,0+2,-5.213246075523795,0.13603652471575012,coarsening_worsens
HandWritten-Mfeat__TMC,posterior_confidence,E657,P177,P109,4,3,1+2,-5.376841630915202,0.12431607871685549,coarsening_worsens
HandWritten-Mfeat__TMC,posterior_confidence,E658,P177,P126,4,3,0+3,-1.0196784016867024,0.0001203235196593033,coarsening_worsens
HandWritten-Mfeat__TMC,posterior_confidence,E659,P177,P143,4,3,1+3,-1.4038656117271158,0.00020162392199240837,coarsening_worsens
HandWritten-Mfeat__TMC,posterior_confidence,E660,P177,P160,4,3,2+3,-5.567634642214871,0.07600723322143767,coarsening_worsens
HandWritten-Mfeat__TMC,posterior_confidence,E661,P178,P035,4,3,0+1,-0.6046626572198948,0.0005827522078326965,coarsening_worsens
HandWritten-Mfeat__TMC,posterior_confidence,E662,P178,P073,4,3,0+2,-5.216908996337337,0.039038523132661956,coarsening_worsens
HandWritten-Mfeat__TMC,posterior_confidence,E663,P178,P110,4,3,1+2,-5.317689252605684,0.03773987318845254,coarsening_worsens
HandWritten-Mfeat__TMC,posterior_confidence,E664,P178,P127,4,3,0+3,-1.2314209131928937,0.00046611788994901796,coarsening_worsens
HandWritten-Mfeat__TMC,posterior_confidence,E665,P178,P144,4,3,1+3,-1.0786077833238519,0.0002774923593718416,coarsening_worsens
HandWritten-Mfeat__TMC,posterior_confidence,E666,P178,P161,4,3,2+3,-5.567634642214871,0.013739824898879503,coarsening_worsens
HandWritten-Mfeat__TMC,posterior_confidence,E667,P179,P036,4,3,0+1,-1.0438472042185964,0.06918314050005889,coarsening_worsens
HandWritten-Mfeat__TMC,posterior_confidence,E668,P179,P072,4,3,0+2,-0.628013117628416,0.10153139583879199,coarsening_worsens
HandWritten-Mfeat__TMC,posterior_confidence,E669,P179,P110,4,3,1+2,-0.9519673828059092,0.0028506166316353,coarsening_worsens
HandWritten-Mfeat__TMC,posterior_confidence,E670,P179,P128,4,3,0+3,-1.2314209131928946,0.06203093289586027,coarsening_worsens
HandWritten-Mfeat__TMC,posterior_confidence,E671,P179,P145,4,3,1+3,-1.4038656117271164,-0.006380992959094597,coarsening_improves
HandWritten-Mfeat__TMC,posterior_confidence,E672,P179,P162,4,3,2+3,-1.1224406073814095,0.020911635738388855,coarsening_worsens
HandWritten-Mfeat__TMC,posterior_confidence,E673,P180,P037,4,3,0+1,-1.0438472042185962,0.000528529735697738,coarsening_worsens
HandWritten-Mfeat__TMC,posterior_confidence,E674,P180,P074,4,3,0+2,-5.216908996337337,0.056539300191871714,coarsening_worsens
HandWritten-Mfeat__TMC,posterior_confidence,E675,P180,P111,4,3,1+2,-5.376841630915202,0.038136145145407134,coarsening_worsens
HandWritten-Mfeat__TMC,posterior_confidence,E676,P180,P126,4,3,0+3,-0.7476775609801845,0.0004428419656286578,coarsening_worsens
HandWritten-Mfeat__TMC,posterior_confidence,E677,P180,P144,4,3,1+3,-1.0261180307129392,0.00021588312548209113,coarsening_worsens
HandWritten-Mfeat__TMC,posterior_confidence,E678,P180,P162,4,3,2+3,-5.435672724570271,0.05573928306131634,coarsening_worsens
HandWritten-Mfeat__TMC,posterior_confidence,E679,P181,P038,5,4,0+1,-1.043847204218598,0.00047278787929707754,coarsening_worsens
HandWritten-Mfeat__TMC,posterior_confidence,E680,P181,P075,5,4,0+2,-5.216908996337339,0.045022863362444925,coarsening_worsens
HandWritten-Mfeat__TMC,posterior_confidence,E681,P181,P112,5,4,1+2,-5.376841630915203,0.034742964420657295,coarsening_worsens
HandWritten-Mfeat__TMC,posterior_confidence,E682,P181,P129,5,4,0+3,-1.2314209131928964,0.0004152754895171045,coarsening_worsens
HandWritten-Mfeat__TMC,posterior_confidence,E683,P181,P146,5,4,1+3,-1.4038656117271184,0.00021420737069240028,coarsening_worsens
HandWritten-Mfeat__TMC,posterior_confidence,E684,P181,P163,5,4,2+3,-5.567634642214872,0.02818025417675953,coarsening_worsens
HandWritten-Mfeat__TMC,posterior_confidence,E685,P181,P177,5,4,0+4,-1.4507031469114606,0.0006195655448010006,coarsening_worsens
HandWritten-Mfeat__TMC,posterior_confidence,E686,P181,P178,5,4,1+4,-1.670214235007066,0.00023543786494189568,coarsening_worsens
HandWritten-Mfeat__TMC,posterior_confidence,E687,P181,P179,5,4,2+4,-6.03593610480684,0.03512469442175913,coarsening_worsens
HandWritten-Mfeat__TMC,posterior_confidence,E688,P181,P180,5,4,3+4,-1.7227039876179786,0.00029704709883164615,coarsening_worsens
HandWritten-Mfeat__TMC,posterior_confidence,E689,P182,P035,4,3,0+1,-0.38813325660388376,0.00023201447652750496,coarsening_worsens
HandWritten-Mfeat__TMC,posterior_confidence,E690,P182,P076,4,3,0+2,-5.238029497689346,0.09971700530112351,coarsening_worsens
HandWritten-Mfeat__TMC,posterior_confidence,E691,P182,P113,4,3,1+2,-5.246047840917272,0.10620462459797458,coarsening_worsens
HandWritten-Mfeat__TMC,posterior_confidence,E692,P182,P130,4,3,0+3,-1.1080647890087993,0.00020278603570438036,coarsening_worsens
HandWritten-Mfeat__TMC,posterior_confidence,E693,P182,P147,4,3,1+3,-1.0137308149712618,0.0001389372701411551,coarsening_worsens
HandWritten-Mfeat__TMC,posterior_confidence,E694,P182,P164,4,3,2+3,-5.567634642214871,0.04905542115963383,coarsening_worsens
HandWritten-Mfeat__TMC,posterior_confidence,E695,P183,P035,4,3,0+1,-8.646389682684013,0.001833838710742637,coarsening_worsens
HandWritten-Mfeat__TMC,posterior_confidence,E696,P183,P077,4,3,0+2,-9.095045051357022,0.0006885353288722687,coarsening_worsens
HandWritten-Mfeat__TMC,posterior_confidence,E697,P183,P114,4,3,1+2,-5.243928937338081,-0.0003242737053773776,coarsening_improves
HandWritten-Mfeat__TMC,posterior_confidence,E698,P183,P131,4,3,0+3,-9.02292419470985,0.0015771380713212897,coarsening_worsens
HandWritten-Mfeat__TMC,posterior_confidence,E699,P183,P148,4,3,1+3,-1.003223875940078,5.1428393564552594e-05,coarsening_worsens
HandWritten-Mfeat__TMC,posterior_confidence,E700,P183,P165,4,3,2+3,-5.5676346422148715,-0.0003242737053773776,coarsening_improves
HandWritten-Mfeat__TMC,posterior_confidence,E701,P184,P036,4,3,0+1,-8.648621586697097,0.10564775726516344,coarsening_worsens
HandWritten-Mfeat__TMC,posterior_confidence,E702,P184,P076,4,3,0+2,-8.693611410984083,0.10164310324071602,coarsening_worsens
HandWritten-Mfeat__TMC,posterior_confidence,E703,P184,P114,4,3,1+2,-0.44125442455268704,0.0,tie
HandWritten-Mfeat__TMC,posterior_confidence,E704,P184,P132,4,3,0+3,-9.022924194709848,0.04487050232432673,coarsening_worsens
HandWritten-Mfeat__TMC,posterior_confidence,E705,P184,P149,4,3,1+3,-1.0137308149712627,0.0,tie
HandWritten-Mfeat__TMC,posterior_confidence,E706,P184,P166,4,3,2+3,-1.1224406073814084,0.0,tie
HandWritten-Mfeat__TMC,posterior_confidence,E707,P185,P037,4,3,0+1,-8.648621586697097,0.0017897970789328764,coarsening_worsens
HandWritten-Mfeat__TMC,posterior_confidence,E708,P185,P078,4,3,0+2,-9.095045051357022,0.0007770193527893656,coarsening_worsens
HandWritten-Mfeat__TMC,posterior_confidence,E709,P185,P115,4,3,1+2,-5.246047840917273,-0.00037570209894193017,coarsening_improves
HandWritten-Mfeat__TMC,posterior_confidence,E710,P185,P130,4,3,0+3,-8.876878819492397,0.0017531818763549599,coarsening_worsens
HandWritten-Mfeat__TMC,posterior_confidence,E711,P185,P148,4,3,1+3,-0.5137814803435461,0.0,tie
HandWritten-Mfeat__TMC,posterior_confidence,E712,P185,P166,4,3,2+3,-5.435672724570271,-0.00037570209894193017,coarsening_improves
HandWritten-Mfeat__TMC,posterior_confidence,E713,P186,P038,5,4,0+1,-8.648621586697097,0.001502970982858892,coarsening_worsens
HandWritten-Mfeat__TMC,posterior_confidence,E714,P186,P079,5,4,0+2,-9.095045051357022,0.0006065163510030682,coarsening_worsens
HandWritten-Mfeat__TMC,posterior_confidence,E715,P186,P116,5,4,1+2,-5.246047840917271,-0.00030973923978360786,coarsening_improves
HandWritten-Mfeat__TMC,posterior_confidence,E716,P186,P133,5,4,0+3,-9.022924194709848,0.0013286409742568838,coarsening_worsens
HandWritten-Mfeat__TMC,posterior_confidence,E717,P186,P150,5,4,1+3,-1.013730814971261,1.4619966371877055e-05,coarsening_worsens
HandWritten-Mfeat__TMC,posterior_confidence,E718,P186,P167,5,4,2+3,-5.56763464221487,-0.00030973923978360786,coarsening_improves
HandWritten-Mfeat__TMC,posterior_confidence,E719,P186,P182,5,4,0+4,-9.491518018101575,0.0016163586998089018,coarsening_worsens
HandWritten-Mfeat__TMC,posterior_confidence,E720,P186,P183,5,4,1+4,-1.233261592021444,1.4534465593769722e-05,coarsening_worsens
HandWritten-Mfeat__TMC,posterior_confidence,E721,P186,P184,5,4,2+4,-6.035936104806838,-0.00030973923978360786,coarsening_improves
HandWritten-Mfeat__TMC,posterior_confidence,E722,P186,P185,5,4,3+4,-1.722703987617976,6.596285915832232e-05,coarsening_worsens
HandWritten-Mfeat__TMC,posterior_confidence,E723,P187,P039,4,3,0+1,-0.9122195336372603,0.002673152450599861,coarsening_worsens
HandWritten-Mfeat__TMC,posterior_confidence,E724,P187,P072,4,3,0+2,-0.6098946374654299,0.10118528208842809,coarsening_worsens
HandWritten-Mfeat__TMC,posterior_confidence,E725,P187,P113,4,3,1+2,-1.0787368915705227,0.07131999202209863,coarsening_worsens
HandWritten-Mfeat__TMC,posterior_confidence,E726,P187,P134,4,3,0+3,-1.1080647890088,0.021268230186645247,coarsening_worsens
HandWritten-Mfeat__TMC,posterior_confidence,E727,P187,P151,4,3,1+3,-1.4038656117271164,-0.000461877285999647,coarsening_improves
HandWritten-Mfeat__TMC,posterior_confidence,E728,P187,P168,4,3,2+3,-1.2506166809873027,0.06561758394576248,coarsening_worsens
HandWritten-Mfeat__TMC,posterior_confidence,E729,P188,P039,4,3,0+1,-8.733523316731771,0.039483882966068314,coarsening_worsens
HandWritten-Mfeat__TMC,posterior_confidence,E730,P188,P073,4,3,0+2,-8.654372429469088,0.04061388334094927,coarsening_worsens
HandWritten-Mfeat__TMC,posterior_confidence,E731,P188,P114,4,3,1+2,-0.6396653450057119,0.0,tie
HandWritten-Mfeat__TMC,posterior_confidence,E732,P188,P135,4,3,0+3,-9.022924194709848,0.013956472517213155,coarsening_worsens
HandWritten-Mfeat__TMC,posterior_confidence,E733,P188,P152,4,3,1+3,-1.0786077833238519,0.0,tie
HandWritten-Mfeat__TMC,posterior_confidence,E734,P188,P169,4,3,2+3,-1.250616680987303,0.0,tie
HandWritten-Mfeat__TMC,posterior_confidence,E735,P189,P040,4,3,0+1,-8.806058020523844,0.11620421772856285,coarsening_worsens
HandWritten-Mfeat__TMC,posterior_confidence,E736,P189,P072,4,3,0+2,-8.641037040851499,0.13799601260389655,coarsening_worsens
HandWritten-Mfeat__TMC,posterior_confidence,E737,P189,P114,4,3,1+2,-0.84950396529727,0.0,tie
HandWritten-Mfeat__TMC,posterior_confidence,E738,P189,P136,4,3,0+3,-9.02292419470985,0.06745385109208998,coarsening_worsens
HandWritten-Mfeat__TMC,posterior_confidence,E739,P189,P153,4,3,1+3,-1.4038656117271167,0.0,tie
HandWritten-Mfeat__TMC,posterior_confidence,E740,P189,P170,4,3,2+3,-1.029907986905549,0.0,tie
HandWritten-Mfeat__TMC,posterior_confidence,E741,P190,P041,4,3,0+1,-8.806058020523844,0.04356880381844659,coarsening_worsens
HandWritten-Mfeat__TMC,posterior_confidence,E742,P190,P074,4,3,0+2,-8.654372429469088,0.05817626963404878,coarsening_worsens
HandWritten-Mfeat__TMC,posterior_confidence,E743,P190,P115,4,3,1+2,-1.0787368915705233,0.0,tie
HandWritten-Mfeat__TMC,posterior_confidence,E744,P190,P134,4,3,0+3,-8.876878819492399,0.0580789607021137,coarsening_worsens
HandWritten-Mfeat__TMC,posterior_confidence,E745,P190,P152,4,3,1+3,-1.02611803071294,0.0,tie
HandWritten-Mfeat__TMC,posterior_confidence,E746,P190,P170,4,3,2+3,-0.7675796140030791,0.0,tie
HandWritten-Mfeat__TMC,posterior_confidence,E747,P191,P042,5,4,0+1,-8.806058020523846,0.03672727737785758,coarsening_worsens
HandWritten-Mfeat__TMC,posterior_confidence,E748,P191,P075,5,4,0+2,-8.654372429469088,0.046362785705790346,coarsening_worsens
HandWritten-Mfeat__TMC,posterior_confidence,E749,P191,P116,5,4,1+2,-1.0787368915705233,0.0,tie
HandWritten-Mfeat__TMC,posterior_confidence,E750,P191,P137,5,4,0+3,-9.022924194709852,0.024905902375655826,coarsening_worsens
HandWritten-Mfeat__TMC,posterior_confidence,E751,P191,P154,5,4,1+3,-1.4038656117271167,0.0,tie
HandWritten-Mfeat__TMC,posterior_confidence,E752,P191,P171,5,4,2+3,-1.250616680987303,0.0,tie
HandWritten-Mfeat__TMC,posterior_confidence,E753,P191,P187,5,4,0+4,-9.491518018101576,0.03681073051546845,coarsening_worsens
HandWritten-Mfeat__TMC,posterior_confidence,E754,P191,P188,5,4,1+4,-1.670214235007066,0.0,tie
HandWritten-Mfeat__TMC,posterior_confidence,E755,P191,P189,5,4,2+4,-1.4603756147155078,0.0,tie
HandWritten-Mfeat__TMC,posterior_confidence,E756,P191,P190,5,4,3+4,-1.7227039876179777,0.0,tie
HandWritten-Mfeat__TMC,posterior_confidence,E757,P192,P043,4,3,0+1,-0.91221953363726,0.00024279155497272643,coarsening_worsens
HandWritten-Mfeat__TMC,posterior_confidence,E758,P192,P080,4,3,0+2,-5.238029497689346,0.08473273275442435,coarsening_worsens
HandWritten-Mfeat__TMC,posterior_confidence,E759,P192,P117,4,3,1+2,-5.376841630915202,0.069856044179154,coarsening_worsens
HandWritten-Mfeat__TMC,posterior_confidence,E760,P192,P126,4,3,0+3,-0.48987585959774194,0.00031174329704203763,coarsening_worsens
HandWritten-Mfeat__TMC,posterior_confidence,E761,P192,P147,4,3,1+3,-0.9199687615939176,0.00029696709896997607,coarsening_worsens
HandWritten-Mfeat__TMC,posterior_confidence,E762,P192,P168,4,3,2+3,-5.324165576956708,0.10066024635046725,coarsening_worsens
HandWritten-Mfeat__TMC,posterior_confidence,E763,P193,P043,4,3,0+1,-8.733523316731771,0.0016719229935915469,coarsening_worsens
HandWritten-Mfeat__TMC,posterior_confidence,E764,P193,P081,4,3,0+2,-9.095045051357022,0.0007237682235128535,coarsening_worsens
HandWritten-Mfeat__TMC,posterior_confidence,E765,P193,P118,4,3,1+2,-5.317689252605684,-0.0003389366721448681,coarsening_improves
HandWritten-Mfeat__TMC,posterior_confidence,E766,P193,P127,4,3,0+3,-8.74243324229405,0.0017025414260914678,coarsening_worsens
HandWritten-Mfeat__TMC,posterior_confidence,E767,P193,P148,4,3,1+3,-0.4725091795771146,3.6765426797062066e-05,coarsening_worsens
HandWritten-Mfeat__TMC,posterior_confidence,E768,P193,P169,4,3,2+3,-5.324165576956709,-0.0003389366721448681,coarsening_improves
HandWritten-Mfeat__TMC,posterior_confidence,E769,P194,P044,4,3,0+1,-8.806058020523846,0.07180435205662739,coarsening_worsens
HandWritten-Mfeat__TMC,posterior_confidence,E770,P194,P080,4,3,0+2,-8.693611410984083,0.08650080086518804,coarsening_worsens
HandWritten-Mfeat__TMC,posterior_confidence,E771,P194,P118,4,3,1+2,-0.9519673828059094,0.0,tie
HandWritten-Mfeat__TMC,posterior_confidence,E772,P194,P128,4,3,0+3,-8.742433242294052,0.09849554966096483,coarsening_worsens
HandWritten-Mfeat__TMC,posterior_confidence,E773,P194,P149,4,3,1+3,-0.9199687615939194,0.0,tie
HandWritten-Mfeat__TMC,posterior_confidence,E774,P194,P170,4,3,2+3,-0.5278963927836227,0.0,tie
HandWritten-Mfeat__TMC,posterior_confidence,E775,P195,P045,4,3,0+1,-8.806058020523846,0.0018157349933942443,coarsening_worsens
HandWritten-Mfeat__TMC,posterior_confidence,E776,P195,P082,4,3,0+2,-9.095045051357022,0.0007541744139337074,coarsening_worsens
HandWritten-Mfeat__TMC,posterior_confidence,E777,P195,P119,4,3,1+2,-5.376841630915202,-0.00029511877339861124,coarsening_improves
HandWritten-Mfeat__TMC,posterior_confidence,E778,P195,P126,4,3,0+3,-8.73283904084684,0.001784692634407115,coarsening_worsens
HandWritten-Mfeat__TMC,posterior_confidence,E779,P195,P148,4,3,1+3,-0.894168577731703,8.058332554331893e-05,coarsening_worsens
HandWritten-Mfeat__TMC,posterior_confidence,E780,P195,P170,4,3,2+3,-5.315277660737985,-0.00029511877339861124,coarsening_improves
HandWritten-Mfeat__TMC,posterior_confidence,E781,P196,P046,5,4,0+1,-8.806058020523846,0.0014835914242295443,coarsening_worsens
HandWritten-Mfeat__TMC,posterior_confidence,E782,P196,P083,5,4,0+2,-9.095045051357022,0.0006063948214782714,coarsening_worsens
HandWritten-Mfeat__TMC,posterior_confidence,E783,P196,P120,5,4,1+2,-5.376841630915202,-0.00023710444675000892,coarsening_improves
HandWritten-Mfeat__TMC,posterior_confidence,E784,P196,P129,5,4,0+3,-8.742433242294052,0.001518093386112518,coarsening_worsens
HandWritten-Mfeat__TMC,posterior_confidence,E785,P196,P150,5,4,1+3,-0.9199687615939176,8.725475940547599e-05,coarsening_worsens
HandWritten-Mfeat__TMC,posterior_confidence,E786,P196,P171,5,4,2+3,-5.324165576956707,-0.00023710444675000892,coarsening_improves
HandWritten-Mfeat__TMC,posterior_confidence,E787,P196,P192,5,4,0+4,-9.491518018101576,0.0015309636640136797,coarsening_worsens
HandWritten-Mfeat__TMC,posterior_confidence,E788,P196,P193,5,4,1+4,-1.6702142350070641,0.00010183222539485919,coarsening_worsens
HandWritten-Mfeat__TMC,posterior_confidence,E789,P196,P194,5,4,2+4,-6.035936104806838,-0.00023710444675000892,coarsening_improves
HandWritten-Mfeat__TMC,posterior_confidence,E790,P196,P195,5,4,3+4,-1.2485548368524757,5.801432664860232e-05,coarsening_worsens
HandWritten-Mfeat__TMC,posterior_confidence,E791,P197,P047,5,4,0+1,-0.9122195336372609,7.95386759065628e-05,coarsening_worsens
HandWritten-Mfeat__TMC,posterior_confidence,E792,P197,P084,5,4,0+2,-5.238029497689346,0.03700931227795142,coarsening_worsens
HandWritten-Mfeat__TMC,posterior_confidence,E793,P197,P121,5,4,1+2,-5.376841630915202,0.028980491185500144,coarsening_worsens
HandWritten-Mfeat__TMC,posterior_confidence,E794,P197,P138,5,4,0+3,-1.1080647890088002,0.0002129096422781539,coarsening_worsens
HandWritten-Mfeat__TMC,posterior_confidence,E795,P197,P155,5,4,1+3,-1.4038656117271167,0.00015139430435966465,coarsening_worsens
HandWritten-Mfeat__TMC,posterior_confidence,E796,P197,P172,5,4,2+3,-5.5676346422148715,0.02418792902179406,coarsening_worsens
HandWritten-Mfeat__TMC,posterior_confidence,E797,P197,P177,5,4,0+4,-0.9198251118821208,0.0005868669245090723,coarsening_worsens
HandWritten-Mfeat__TMC,posterior_confidence,E798,P197,P182,5,4,1+4,-1.355865600593737,0.0005534769759551589,coarsening_worsens
HandWritten-Mfeat__TMC,posterior_confidence,E799,P197,P187,5,4,2+4,-5.523176549940486,0.035438109551831104,coarsening_worsens
HandWritten-Mfeat__TMC,posterior_confidence,E800,P197,P192,5,4,3+4,-1.4496276539710813,0.00039544714712633796,coarsening_worsens
HandWritten-Mfeat__TMC,posterior_confidence,E801,P198,P047,5,4,0+1,-8.733523316731773,0.0012006042452677394,coarsening_worsens
HandWritten-Mfeat__TMC,posterior_confidence,E802,P198,P085,5,4,0+2,-9.095045051357022,0.0005051990783778182,coarsening_worsens
HandWritten-Mfeat__TMC,posterior_confidence,E803,P198,P122,5,4,1+2,-5.317689252605684,-0.000251555394276174,coarsening_improves
HandWritten-Mfeat__TMC,posterior_confidence,E804,P198,P139,5,4,0+3,-9.02292419470985,0.0011140174236849158,coarsening_worsens
HandWritten-Mfeat__TMC,posterior_confidence,E805,P198,P156,5,4,1+3,-1.0786077833238519,0.00011683672147981767,coarsening_worsens
HandWritten-Mfeat__TMC,posterior_confidence,E806,P198,P173,5,4,2+3,-5.5676346422148715,-0.000251555394276174,coarsening_improves
HandWritten-Mfeat__TMC,posterior_confidence,E807,P198,P178,5,4,0+4,-8.960639983072237,0.0013238048140111441,coarsening_worsens
HandWritten-Mfeat__TMC,posterior_confidence,E808,P198,P183,5,4,1+4,-0.9189129576081179,7.27183111012036e-05,coarsening_worsens
HandWritten-Mfeat__TMC,posterior_confidence,E809,P198,P188,5,4,2+4,-5.523176549940487,-0.000251555394276174,coarsening_improves
HandWritten-Mfeat__TMC,posterior_confidence,E810,P198,P193,5,4,3+4,-1.4496276539710813,8.738127786869413e-05,coarsening_worsens
HandWritten-Mfeat__TMC,posterior_confidence,E811,P199,P048,5,4,0+1,-8.806058020523846,0.030400658958804165,coarsening_worsens
HandWritten-Mfeat__TMC,posterior_confidence,E812,P199,P084,5,4,0+2,-8.693611410984083,0.03838193324158877,coarsening_worsens
HandWritten-Mfeat__TMC,posterior_confidence,E813,P199,P122,5,4,1+2,-0.9519673828059094,0.0,tie
HandWritten-Mfeat__TMC,posterior_confidence,E814,P199,P140,5,4,0+3,-9.02292419470985,0.020325357441386603,coarsening_worsens
HandWritten-Mfeat__TMC,posterior_confidence,E815,P199,P157,5,4,1+3,-1.4038656117271167,0.0,tie
HandWritten-Mfeat__TMC,posterior_confidence,E816,P199,P174,5,4,2+3,-1.1224406073814102,0.0,tie
HandWritten-Mfeat__TMC,posterior_confidence,E817,P199,P179,5,4,0+4,-8.960639983072237,0.036464616765104554,coarsening_worsens
HandWritten-Mfeat__TMC,posterior_confidence,E818,P199,P184,5,4,1+4,-1.355865600593738,0.0,tie
HandWritten-Mfeat__TMC,posterior_confidence,E819,P199,P189,5,4,2+4,-0.947616059849155,0.0,tie
HandWritten-Mfeat__TMC,posterior_confidence,E820,P199,P194,5,4,3+4,-1.4496276539710813,0.0,tie
HandWritten-Mfeat__TMC,posterior_confidence,E821,P200,P049,5,4,0+1,-8.806058020523846,0.0013655105403440745,coarsening_worsens
HandWritten-Mfeat__TMC,posterior_confidence,E822,P200,P086,5,4,0+2,-9.095045051357022,0.00048363938926168767,coarsening_worsens
HandWritten-Mfeat__TMC,posterior_confidence,E823,P200,P123,5,4,1+2,-5.376841630915202,-0.0002733583340286396,coarsening_improves
HandWritten-Mfeat__TMC,posterior_confidence,E824,P200,P138,5,4,0+3,-8.8768788194924,0.001312172271886865,coarsening_worsens
HandWritten-Mfeat__TMC,posterior_confidence,E825,P200,P156,5,4,1+3,-1.02611803071294,9.503378172735202e-05,coarsening_worsens
HandWritten-Mfeat__TMC,posterior_confidence,E826,P200,P174,5,4,2+3,-5.4356727245702725,-0.0002733583340286396,coarsening_improves
HandWritten-Mfeat__TMC,posterior_confidence,E827,P200,P180,5,4,0+4,-8.960639983072237,0.0013636111081484288,coarsening_worsens
HandWritten-Mfeat__TMC,posterior_confidence,E828,P200,P185,5,4,1+4,-1.355865600593738,0.00010234376491329055,coarsening_worsens
HandWritten-Mfeat__TMC,posterior_confidence,E829,P200,P190,5,4,2+4,-5.523176549940487,-0.0002733583340286396,coarsening_improves
HandWritten-Mfeat__TMC,posterior_confidence,E830,P200,P195,5,4,3+4,-0.975478503205581,2.176043936997162e-05,coarsening_worsens
HandWritten-Mfeat__TMC,posterior_confidence,E831,P201,P050,5,4,0+1,-8.806058020523844,0.001651277185527528,coarsening_worsens
HandWritten-Mfeat__TMC,posterior_confidence,E832,P201,P087,5,4,0+2,-9.095045051357022,0.000662421156527749,coarsening_worsens
HandWritten-Mfeat__TMC,posterior_confidence,E833,P201,P124,5,4,1+2,-5.376841630915202,-0.0002589073865024746,coarsening_improves
HandWritten-Mfeat__TMC,posterior_confidence,E834,P201,P141,5,4,0+3,-9.02292419470985,0.0015473476802968019,coarsening_worsens
HandWritten-Mfeat__TMC,posterior_confidence,E835,P201,P158,5,4,1+3,-1.4038656117271167,7.271930245645491e-05,coarsening_worsens
HandWritten-Mfeat__TMC,posterior_confidence,E836,P201,P175,5,4,2+3,-5.56763464221487,-0.0002589073865024746,coarsening_improves
HandWritten-Mfeat__TMC,posterior_confidence,E837,P201,P177,5,4,0+4,-8.873083304456959,0.0017005805016439483,coarsening_worsens
HandWritten-Mfeat__TMC,posterior_confidence,E838,P201,P183,5,4,1+4,-1.0508673670884452,6.536631887490296e-05,coarsening_worsens
HandWritten-Mfeat__TMC,posterior_confidence,E839,P201,P189,5,4,2+4,-5.4452923391292565,-0.0002589073865024746,coarsening_improves
HandWritten-Mfeat__TMC,posterior_confidence,E840,P201,P195,5,4,3+4,-1.1599226652968202,3.6211386896136625e-05,coarsening_worsens
HandWritten-Mfeat__TMC,posterior_confidence,E841,P202,P051,6,5,0+1,-8.806058020523844,0.0010930767346170108,coarsening_worsens
HandWritten-Mfeat__TMC,posterior_confidence,E842,P202,P088,6,5,0+2,-9.09504505135702,0.00035585238211336936,coarsening_worsens
HandWritten-Mfeat__TMC,posterior_confidence,E843,P202,P125,6,5,1+2,-5.376841630915202,-0.00020832713020712076,coarsening_improves
HandWritten-Mfeat__TMC,posterior_confidence,E844,P202,P142,6,5,0+3,-9.022924194709848,0.001018767494743286,coarsening_worsens
HandWritten-Mfeat__TMC,posterior_confidence,E845,P202,P159,6,5,1+3,-1.4038656117271167,7.956616942840798e-05,coarsening_worsens
HandWritten-Mfeat__TMC,posterior_confidence,E846,P202,P176,6,5,2+3,-5.5676346422148715,-0.00020832713020712076,coarsening_improves
HandWritten-Mfeat__TMC,posterior_confidence,E847,P202,P181,6,5,0+4,-8.960639983072236,0.0011315952131383015,coarsening_worsens
HandWritten-Mfeat__TMC,posterior_confidence,E848,P202,P186,6,5,1+4,-1.355865600593738,0.0001014121095764871,coarsening_worsens
HandWritten-Mfeat__TMC,posterior_confidence,E849,P202,P191,6,5,2+4,-5.5231765499404855,-0.00020832713020712076,coarsening_improves
HandWritten-Mfeat__TMC,posterior_confidence,E850,P202,P196,6,5,3+4,-1.4496276539710813,2.877731654288816e-05,coarsening_worsens
HandWritten-Mfeat__TMC,posterior_confidence,E851,P202,P197,6,5,0+5,-9.491518018101576,0.0011642938334302298,coarsening_worsens
HandWritten-Mfeat__TMC,posterior_confidence,E852,P202,P198,6,5,1+5,-1.6702142350070641,4.322826406905322e-05,coarsening_worsens
HandWritten-Mfeat__TMC,posterior_confidence,E853,P202,P199,6,5,2+5,-6.035936104806838,-0.00020832713020712076,coarsening_improves
HandWritten-Mfeat__TMC,posterior_confidence,E854,P202,P200,6,5,3+5,-1.722703987617976,6.503120382151886e-05,coarsening_worsens
HandWritten-Mfeat__TMC,posterior_confidence,E855,P202,P201,6,5,4+5,-1.5382598255267368,5.058025629535386e-05,coarsening_worsens
HandWritten-Mfeat__RCML,native_nonvacuity,E000,P001,P000,2,1,0+1,-2.6158029832016387,0.0019527221111850512,coarsening_worsens
HandWritten-Mfeat__RCML,native_nonvacuity,E001,P002,P000,2,1,0+1,-5.463387577685839,0.016285959680869433,coarsening_worsens
HandWritten-Mfeat__RCML,native_nonvacuity,E002,P003,P000,2,1,0+1,-2.368017619883079,0.010991601398670028,coarsening_worsens
HandWritten-Mfeat__RCML,native_nonvacuity,E003,P004,P001,3,2,0+1,-5.660650639721533,0.015398702406891306,coarsening_worsens
HandWritten-Mfeat__RCML,native_nonvacuity,E004,P004,P002,3,2,0+2,-2.813066045237333,0.0010654648372069252,coarsening_worsens
HandWritten-Mfeat__RCML,native_nonvacuity,E005,P004,P003,3,2,1+2,-5.908436003040093,0.006359823119406328,coarsening_worsens
HandWritten-Mfeat__RCML,native_nonvacuity,E006,P005,P000,2,1,0+1,-3.816357371156389,-0.017853157162479177,coarsening_improves
HandWritten-Mfeat__RCML,native_nonvacuity,E007,P006,P000,2,1,0+1,-2.780631803898343,0.01576758013845628,coarsening_worsens
HandWritten-Mfeat__RCML,native_nonvacuity,E008,P007,P001,3,2,0+1,-4.415010467843942,0.009327675524648759,coarsening_worsens
HandWritten-Mfeat__RCML,native_nonvacuity,E009,P007,P005,3,2,0+2,-3.2144560798891915,0.029133554798312988,coarsening_worsens
HandWritten-Mfeat__RCML,native_nonvacuity,E010,P007,P006,3,2,1+2,-4.250181647147238,-0.004487182502622471,coarsening_improves
HandWritten-Mfeat__RCML,native_nonvacuity,E011,P008,P000,2,1,0+1,-2.8555664210866434,0.013299124999087426,coarsening_worsens
HandWritten-Mfeat__RCML,native_nonvacuity,E012,P009,P000,2,1,0+1,-3.2294849678298476,0.015382459690725934,coarsening_worsens
HandWritten-Mfeat__RCML,native_nonvacuity,E013,P010,P001,3,2,0+1,-3.967368662485198,0.012390676357332313,coarsening_worsens
HandWritten-Mfeat__RCML,native_nonvacuity,E014,P010,P008,3,2,0+2,-3.7276052246001936,0.0010442734694299394,coarsening_worsens
HandWritten-Mfeat__RCML,native_nonvacuity,E015,P010,P009,3,2,1+2,-3.353686677856989,-0.0010390612222085688,coarsening_improves
HandWritten-Mfeat__RCML,native_nonvacuity,E016,P011,P002,3,2,0+1,-3.8463113759207133,-0.0004139000910411497,coarsening_improves
HandWritten-Mfeat__RCML,native_nonvacuity,E017,P011,P005,3,2,0+2,-5.493341582450163,0.03372521675230746,coarsening_worsens
HandWritten-Mfeat__RCML,native_nonvacuity,E018,P011,P008,3,2,1+2,-6.454132532519909,0.0025729345907408567,coarsening_worsens
HandWritten-Mfeat__RCML,native_nonvacuity,E019,P012,P002,3,2,0+1,-3.3237349533736698,0.001090694595885224,coarsening_worsens
HandWritten-Mfeat__RCML,native_nonvacuity,E020,P012,P006,3,2,0+2,-6.006490727161165,0.001609074138298374,coarsening_worsens
HandWritten-Mfeat__RCML,native_nonvacuity,E021,P012,P009,3,2,1+2,-5.557637563229661,0.0019941945860287224,coarsening_worsens
HandWritten-Mfeat__RCML,native_nonvacuity,E022,P013,P003,3,2,0+1,-4.760850555283574,0.0009036286236948311,coarsening_worsens
HandWritten-Mfeat__RCML,native_nonvacuity,E023,P013,P005,3,2,0+2,-3.312510804010264,0.029748387184844037,coarsening_worsens
HandWritten-Mfeat__RCML,native_nonvacuity,E024,P013,P009,3,2,1+2,-3.8993832073368058,-0.003487229668361074,coarsening_improves
HandWritten-Mfeat__RCML,native_nonvacuity,E025,P014,P004,4,3,0+1,-4.760850555283573,-0.0002637202344578593,coarsening_improves
HandWritten-Mfeat__RCML,native_nonvacuity,E026,P014,P007,4,3,0+2,-6.0064907271611645,0.005807306647784687,coarsening_worsens
HandWritten-Mfeat__RCML,native_nonvacuity,E027,P014,P010,4,3,1+2,-6.454132532519909,0.002744305815101133,coarsening_worsens
HandWritten-Mfeat__RCML,native_nonvacuity,E028,P014,P011,4,3,0+3,-3.727605224600193,0.0012156446937902157,coarsening_worsens
HandWritten-Mfeat__RCML,native_nonvacuity,E029,P014,P012,4,3,1+3,-4.250181647147237,-0.0002889499931361581,coarsening_improves
HandWritten-Mfeat__RCML,native_nonvacuity,E030,P014,P013,4,3,2+3,-5.908436003040092,0.005192474261253638,coarsening_worsens
HandWritten-Mfeat__RCML,native_nonvacuity,E031,P015,P000,2,1,0+1,-8.974920833914146,0.01737606896384726,coarsening_worsens
HandWritten-Mfeat__RCML,native_nonvacuity,E032,P016,P000,2,1,0+1,-2.1923979980130524,0.01436910423102255,coarsening_worsens
HandWritten-Mfeat__RCML,native_nonvacuity,E033,P017,P001,3,2,0+1,-8.977680383596574,0.016042621561072508,coarsening_worsens
HandWritten-Mfeat__RCML,native_nonvacuity,E034,P017,P015,3,2,0+2,-2.6185625328840683,0.0006192747084103001,coarsening_worsens
HandWritten-Mfeat__RCML,native_nonvacuity,E035,P017,P016,3,2,1+2,-9.40108536878516,0.0036262394412350093,coarsening_worsens
HandWritten-Mfeat__RCML,native_nonvacuity,E036,P018,P000,2,1,0+1,-4.9059002654190085,0.0178467189191763,coarsening_worsens
HandWritten-Mfeat__RCML,native_nonvacuity,E037,P019,P000,2,1,0+1,-2.2868045019538172,0.01319966279458845,coarsening_worsens
HandWritten-Mfeat__RCML,native_nonvacuity,E038,P020,P001,3,2,0+1,-5.113190004759401,0.016101878912487422,coarsening_worsens
HandWritten-Mfeat__RCML,native_nonvacuity,E039,P020,P018,3,2,0+2,-2.8230927225420315,0.0002078821044961775,coarsening_worsens
HandWritten-Mfeat__RCML,native_nonvacuity,E040,P020,P019,3,2,1+2,-5.442188486007223,0.004854938229084026,coarsening_worsens
HandWritten-Mfeat__RCML,native_nonvacuity,E041,P021,P002,3,2,0+1,-8.977063288886315,0.0018105776800667547,coarsening_worsens
HandWritten-Mfeat__RCML,native_nonvacuity,E042,P021,P015,3,2,0+2,-5.465530032658009,0.0007204683970889262,coarsening_worsens
HandWritten-Mfeat__RCML,native_nonvacuity,E043,P021,P018,3,2,1+2,-9.534550601153146,0.0002498184417598886,coarsening_worsens
HandWritten-Mfeat__RCML,native_nonvacuity,E044,P022,P002,3,2,0+1,-2.399070642643185,0.0011851368434369495,coarsening_worsens
HandWritten-Mfeat__RCML,native_nonvacuity,E045,P022,P016,3,2,0+2,-5.670060222315971,0.00310199229328383,coarsening_worsens
HandWritten-Mfeat__RCML,native_nonvacuity,E046,P022,P019,3,2,1+2,-5.575653718375206,0.004271433729717932,coarsening_worsens
HandWritten-Mfeat__RCML,native_nonvacuity,E047,P023,P003,3,2,0+1,-8.98708996619101,0.006969210129971195,coarsening_worsens
HandWritten-Mfeat__RCML,native_nonvacuity,E048,P023,P015,3,2,0+2,-2.380186752159945,0.0005847425647939637,coarsening_worsens
HandWritten-Mfeat__RCML,native_nonvacuity,E049,P023,P019,3,2,1+2,-9.068303084120274,0.004761148734052774,coarsening_worsens
HandWritten-Mfeat__RCML,native_nonvacuity,E050,P024,P004,4,3,0+1,-8.987089966191016,0.000723324951964996,coarsening_worsens
HandWritten-Mfeat__RCML,native_nonvacuity,E051,P024,P017,4,3,0+2,-5.670060222315975,7.940579778379278e-05,coarsening_worsens
HandWritten-Mfeat__RCML,native_nonvacuity,E052,P024,P020,4,3,1+2,-9.534550601153148,2.0148446368877757e-05,coarsening_worsens
HandWritten-Mfeat__RCML,native_nonvacuity,E053,P024,P021,4,3,0+3,-2.823092722542034,-2.1787890894833362e-05,coarsening_improves
HandWritten-Mfeat__RCML,native_nonvacuity,E054,P024,P022,4,3,1+3,-9.401085368785164,0.0006036529457349719,coarsening_worsens
HandWritten-Mfeat__RCML,native_nonvacuity,E055,P024,P023,4,3,2+3,-5.908436003040098,0.00011393794140012917,coarsening_worsens
HandWritten-Mfeat__RCML,native_nonvacuity,E056,P025,P000,2,1,0+1,-3.243814270606407,0.015306233068068628,coarsening_worsens
HandWritten-Mfeat__RCML,native_nonvacuity,E057,P026,P000,2,1,0+1,-2.6986204888486345,0.01554706687175118,coarsening_worsens
HandWritten-Mfeat__RCML,native_nonvacuity,E058,P027,P001,3,2,0+1,-3.8589523604769704,0.014395650309990396,coarsening_worsens
HandWritten-Mfeat__RCML,native_nonvacuity,E059,P027,P025,3,2,0+2,-3.2309410730722026,0.0010421393531068188,coarsening_worsens
HandWritten-Mfeat__RCML,native_nonvacuity,E060,P027,P026,3,2,1+2,-3.776134854829975,0.0008013055494242663,coarsening_worsens
HandWritten-Mfeat__RCML,native_nonvacuity,E061,P028,P000,2,1,0+1,-2.748741673564692,0.01701061957669093,coarsening_worsens
HandWritten-Mfeat__RCML,native_nonvacuity,E062,P029,P000,2,1,0+1,-3.2875036773968445,0.014756198325842277,coarsening_worsens
HandWritten-Mfeat__RCML,native_nonvacuity,E063,P030,P001,3,2,0+1,-3.9452772979371407,0.013532083547680325,coarsening_worsens
HandWritten-Mfeat__RCML,native_nonvacuity,E064,P030,P028,3,2,0+2,-3.8123386075740875,-0.00152581391782555,coarsening_improves
HandWritten-Mfeat__RCML,native_nonvacuity,E065,P030,P029,3,2,1+2,-3.273576603741935,0.0007286073330231,coarsening_worsens
HandWritten-Mfeat__RCML,native_nonvacuity,E066,P031,P002,3,2,0+1,-3.2787553090087584,0.0012987200950015914,coarsening_worsens
HandWritten-Mfeat__RCML,native_nonvacuity,E067,P031,P025,3,2,0+2,-5.498328616088191,0.0022784467078023956,coarsening_worsens
HandWritten-Mfeat__RCML,native_nonvacuity,E068,P031,P028,3,2,1+2,-5.993401213129905,0.0005740601991800961,coarsening_worsens
HandWritten-Mfeat__RCML,native_nonvacuity,E069,P032,P002,3,2,0+1,-3.3149590617528695,0.0011040287760585164,coarsening_worsens
HandWritten-Mfeat__RCML,native_nonvacuity,E070,P032,P026,3,2,0+2,-6.079726150590075,0.0018429215851767683,coarsening_worsens
HandWritten-Mfeat__RCML,native_nonvacuity,E071,P032,P029,3,2,1+2,-5.490842962041864,0.0026337901310856714,coarsening_worsens
HandWritten-Mfeat__RCML,native_nonvacuity,E072,P033,P003,3,2,0+1,-4.278027871345511,0.005119729263949062,coarsening_worsens
HandWritten-Mfeat__RCML,native_nonvacuity,E073,P033,P025,3,2,0+2,-3.4022312206221836,0.0008050975945504634,coarsening_worsens
HandWritten-Mfeat__RCML,native_nonvacuity,E074,P033,P029,3,2,1+2,-3.3585418138317458,0.0013551323367768137,coarsening_worsens
HandWritten-Mfeat__RCML,native_nonvacuity,E075,P034,P004,4,3,0+1,-4.278027871345509,0.0004203495597929496,coarsening_worsens
HandWritten-Mfeat__RCML,native_nonvacuity,E076,P034,P027,4,3,0+2,-6.079726150590072,0.0014234016566938607,coarsening_worsens
HandWritten-Mfeat__RCML,native_nonvacuity,E077,P034,P030,4,3,1+2,-5.993401213129902,0.0022869684190039295,coarsening_worsens
HandWritten-Mfeat__RCML,native_nonvacuity,E078,P034,P031,4,3,0+3,-3.812338607574084,0.00018709430199828365,coarsening_worsens
HandWritten-Mfeat__RCML,native_nonvacuity,E079,P034,P032,4,3,1+3,-3.776134854829973,0.0003817856209413585,coarsening_worsens
HandWritten-Mfeat__RCML,native_nonvacuity,E080,P034,P033,4,3,2+3,-5.908436003040091,0.0016604434152502159,coarsening_worsens
HandWritten-Mfeat__RCML,native_nonvacuity,E081,P035,P005,3,2,0+1,-8.978986054965453,0.035949694523415364,coarsening_worsens
HandWritten-Mfeat__RCML,native_nonvacuity,E082,P035,P015,3,2,0+2,-3.820422592207697,0.0007204683970889262,coarsening_worsens
HandWritten-Mfeat__RCML,native_nonvacuity,E083,P035,P025,3,2,1+2,-9.551529155515436,0.002790304292867559,coarsening_worsens
HandWritten-Mfeat__RCML,native_nonvacuity,E084,P036,P005,3,2,0+1,-2.808841759252494,0.02894782402664773,coarsening_worsens
HandWritten-Mfeat__RCML,native_nonvacuity,E085,P036,P016,3,2,0+2,-4.432801132395831,-0.0032744373668540006,coarsening_improves
HandWritten-Mfeat__RCML,native_nonvacuity,E086,P036,P026,3,2,1+2,-3.926578641560249,-0.004452400007582629,coarsening_improves
HandWritten-Mfeat__RCML,native_nonvacuity,E087,P037,P006,3,2,0+1,-8.995471048148463,0.0022507150134594427,coarsening_worsens
HandWritten-Mfeat__RCML,native_nonvacuity,E088,P037,P015,3,2,0+2,-2.8011820181326623,0.0006422261880684641,coarsening_worsens
HandWritten-Mfeat__RCML,native_nonvacuity,E089,P037,P026,3,2,1+2,-9.077482363198174,0.0024712282801645446,coarsening_worsens
HandWritten-Mfeat__RCML,native_nonvacuity,E090,P038,P007,4,3,0+1,-8.99547104814846,0.006816139725102375,coarsening_worsens
HandWritten-Mfeat__RCML,native_nonvacuity,E091,P038,P017,4,3,0+2,-4.432801132395827,0.00010119368867862613,coarsening_worsens
HandWritten-Mfeat__RCML,native_nonvacuity,E092,P038,P027,4,3,1+2,-9.551529155515432,0.0017481649397607403,coarsening_worsens
HandWritten-Mfeat__RCML,native_nonvacuity,E093,P038,P035,4,3,0+3,-3.2309410730721986,0.0,tie
HandWritten-Mfeat__RCML,native_nonvacuity,E094,P038,P036,4,3,1+3,-9.401085368785157,0.007001870496767636,coarsening_worsens
HandWritten-Mfeat__RCML,native_nonvacuity,E095,P038,P037,4,3,2+3,-4.250181647147233,7.82422090204622e-05,coarsening_worsens
HandWritten-Mfeat__RCML,native_nonvacuity,E096,P039,P005,3,2,0+1,-4.942764069900497,0.03484150487002168,coarsening_worsens
HandWritten-Mfeat__RCML,native_nonvacuity,E097,P039,P018,3,2,0+2,-3.853221175637878,-0.0008583712116337961,coarsening_improves
HandWritten-Mfeat__RCML,native_nonvacuity,E098,P039,P028,3,2,1+2,-6.010379767492195,-2.2271869148425246e-05,coarsening_improves
HandWritten-Mfeat__RCML,native_nonvacuity,E099,P040,P005,3,2,0+1,-3.312914191467361,0.03003338189381624,coarsening_worsens
HandWritten-Mfeat__RCML,native_nonvacuity,E100,P040,P019,3,2,0+2,-4.842467060669933,-0.0010194380632513851,coarsening_improves
HandWritten-Mfeat__RCML,native_nonvacuity,E101,P040,P029,3,2,1+2,-3.841767885226906,-0.0025759735945052125,coarsening_improves
HandWritten-Mfeat__RCML,native_nonvacuity,E102,P041,P006,3,2,0+1,-5.5406465975853925,0.00225544170763784,coarsening_worsens
HandWritten-Mfeat__RCML,native_nonvacuity,E103,P041,P018,3,2,0+2,-3.415378136064727,0.00017630292691782402,coarsening_worsens
HandWritten-Mfeat__RCML,native_nonvacuity,E104,P041,P029,3,2,1+2,-5.033774724086891,0.003266823520251845,coarsening_worsens
HandWritten-Mfeat__RCML,native_nonvacuity,E105,P042,P007,4,3,0+1,-5.54064659758539,0.006528068137191293,coarsening_worsens
HandWritten-Mfeat__RCML,native_nonvacuity,E106,P042,P020,4,3,0+2,-4.8424670606699305,-0.0002461352506473712,coarsening_improves
HandWritten-Mfeat__RCML,native_nonvacuity,E107,P042,P030,4,3,1+2,-6.010379767492191,0.002323660114159727,coarsening_worsens
HandWritten-Mfeat__RCML,native_nonvacuity,E108,P042,P039,4,3,0+3,-3.812338607574084,0.0008201180654826024,coarsening_worsens
HandWritten-Mfeat__RCML,native_nonvacuity,E109,P042,P040,4,3,1+3,-5.44218848600722,0.005628241041688039,coarsening_worsens
HandWritten-Mfeat__RCML,native_nonvacuity,E110,P042,P041,4,3,2+3,-4.250181647147235,-0.00021455607306901774,coarsening_improves
HandWritten-Mfeat__RCML,native_nonvacuity,E111,P043,P008,3,2,0+1,-8.983973088603479,0.004797412361848761,coarsening_worsens
HandWritten-Mfeat__RCML,native_nonvacuity,E112,P043,P015,3,2,0+2,-2.8646186757759775,0.0007204683970889262,coarsening_worsens
HandWritten-Mfeat__RCML,native_nonvacuity,E113,P043,P028,3,2,1+2,-9.09079783612543,0.0010859177842452595,coarsening_worsens
HandWritten-Mfeat__RCML,native_nonvacuity,E114,P044,P008,3,2,0+1,-3.3952263273924044,0.001897217465801211,coarsening_worsens
HandWritten-Mfeat__RCML,native_nonvacuity,E115,P044,P016,3,2,0+2,-4.058394750465995,0.0008272382338660855,coarsening_worsens
HandWritten-Mfeat__RCML,native_nonvacuity,E116,P044,P029,3,2,1+2,-2.963289071082203,0.00044014413904635945,coarsening_worsens
HandWritten-Mfeat__RCML,native_nonvacuity,E117,P045,P009,3,2,0+1,-9.068706471577368,0.002650019962996317,coarsening_worsens
HandWritten-Mfeat__RCML,native_nonvacuity,E118,P045,P015,3,2,0+2,-3.3232706054930716,0.00065641068987499,coarsening_worsens
HandWritten-Mfeat__RCML,native_nonvacuity,E119,P045,P029,3,2,1+2,-9.010687762010372,0.0032762813278799734,coarsening_worsens
HandWritten-Mfeat__RCML,native_nonvacuity,E120,P046,P010,4,3,0+1,-9.068706471577373,0.0037531388924188216,coarsening_worsens
HandWritten-Mfeat__RCML,native_nonvacuity,E121,P046,P017,4,3,0+2,-4.058394750465997,0.00010119368867862613,coarsening_worsens
HandWritten-Mfeat__RCML,native_nonvacuity,E122,P046,P030,4,3,1+2,-9.09079783612543,0.0026117317020708094,coarsening_worsens
HandWritten-Mfeat__RCML,native_nonvacuity,E123,P046,P043,4,3,0+3,-3.8123386075740875,0.0,tie
HandWritten-Mfeat__RCML,native_nonvacuity,E124,P046,P044,4,3,1+3,-9.401085368785163,0.00290019489604755,coarsening_worsens
HandWritten-Mfeat__RCML,native_nonvacuity,E125,P046,P045,4,3,2+3,-3.3536866778569934,6.405770721393622e-05,coarsening_worsens
HandWritten-Mfeat__RCML,native_nonvacuity,E126,P047,P011,4,3,0+1,-8.983973088603477,0.0022244777711079044,coarsening_worsens
HandWritten-Mfeat__RCML,native_nonvacuity,E127,P047,P021,4,3,0+2,-3.8532211756378754,0.0,tie
HandWritten-Mfeat__RCML,native_nonvacuity,E128,P047,P031,4,3,1+2,-9.551529155515432,0.0005118575850651634,coarsening_worsens
HandWritten-Mfeat__RCML,native_nonvacuity,E129,P047,P035,4,3,0+3,-5.4983286160881875,0.0,tie
HandWritten-Mfeat__RCML,native_nonvacuity,E130,P047,P039,4,3,1+3,-9.534550601153143,0.0011081896533936847,coarsening_worsens
HandWritten-Mfeat__RCML,native_nonvacuity,E131,P047,P043,4,3,2+3,-6.454132532519907,0.0,tie
HandWritten-Mfeat__RCML,native_nonvacuity,E132,P048,P011,4,3,0+1,-3.395226327392404,0.0011512567012361787,coarsening_worsens
HandWritten-Mfeat__RCML,native_nonvacuity,E133,P048,P022,4,3,0+2,-4.842467060669932,-0.0004477802332419204,coarsening_improves
HandWritten-Mfeat__RCML,native_nonvacuity,E134,P048,P032,4,3,1+2,-3.9265786415602477,-0.0003666721658634874,coarsening_improves
HandWritten-Mfeat__RCML,native_nonvacuity,E135,P048,P036,4,3,0+3,-6.079726150590073,0.00592864942689591,coarsening_worsens
HandWritten-Mfeat__RCML,native_nonvacuity,E136,P048,P040,4,3,1+3,-5.5756537183752055,0.004843091559727396,coarsening_worsens
HandWritten-Mfeat__RCML,native_nonvacuity,E137,P048,P044,4,3,2+3,-6.454132532519909,0.0018269738261758243,coarsening_worsens
HandWritten-Mfeat__RCML,native_nonvacuity,E138,P049,P012,4,3,0+1,-9.068706471577375,0.0007198830841815306,coarsening_worsens
HandWritten-Mfeat__RCML,native_nonvacuity,E139,P049,P021,4,3,0+2,-3.4153781360647297,0.0,tie
HandWritten-Mfeat__RCML,native_nonvacuity,E140,P049,P032,4,3,1+2,-9.077482363198175,0.0007065489040082383,coarsening_worsens
HandWritten-Mfeat__RCML,native_nonvacuity,E141,P049,P037,4,3,0+3,-6.079726150590076,7.82422090204622e-05,coarsening_worsens
HandWritten-Mfeat__RCML,native_nonvacuity,E142,P049,P041,4,3,1+3,-9.534550601153148,7.351551484206459e-05,coarsening_worsens
HandWritten-Mfeat__RCML,native_nonvacuity,E143,P049,P045,4,3,2+3,-5.557637563229667,6.405770721393622e-05,coarsening_worsens
HandWritten-Mfeat__RCML,native_nonvacuity,E144,P050,P013,4,3,0+1,-9.068706471577368,0.006201307338571327,coarsening_worsens
HandWritten-Mfeat__RCML,native_nonvacuity,E145,P050,P023,4,3,0+2,-4.842467060669932,0.00013572583229496253,coarsening_worsens
HandWritten-Mfeat__RCML,native_nonvacuity,E146,P050,P033,4,3,1+2,-9.551529155515432,0.0019852066983170958,coarsening_worsens
HandWritten-Mfeat__RCML,native_nonvacuity,E147,P050,P035,4,3,0+3,-3.4022312206221805,0.0,tie
HandWritten-Mfeat__RCML,native_nonvacuity,E148,P050,P040,4,3,1+3,-9.068303084120272,0.005916312629599122,coarsening_worsens
HandWritten-Mfeat__RCML,native_nonvacuity,E149,P050,P045,4,3,2+3,-3.8993832073368058,6.405770721393622e-05,coarsening_worsens
HandWritten-Mfeat__RCML,native_nonvacuity,E150,P051,P014,5,4,0+1,-9.068706471577372,0.0010088330773176887,coarsening_worsens
HandWritten-Mfeat__RCML,native_nonvacuity,E151,P051,P024,5,4,0+2,-4.842467060669929,2.1787890894833362e-05,coarsening_worsens
HandWritten-Mfeat__RCML,native_nonvacuity,E152,P051,P034,5,4,1+2,-9.551529155515436,0.00032476328306687977,coarsening_worsens
HandWritten-Mfeat__RCML,native_nonvacuity,E153,P051,P038,5,4,0+3,-6.079726150590076,0.0,tie
HandWritten-Mfeat__RCML,native_nonvacuity,E154,P051,P042,5,4,1+3,-9.534550601153146,0.0002880715879110823,coarsening_worsens
HandWritten-Mfeat__RCML,native_nonvacuity,E155,P051,P046,5,4,2+3,-6.454132532519907,0.0,tie
HandWritten-Mfeat__RCML,native_nonvacuity,E156,P051,P047,5,4,0+4,-3.8123386075740875,0.0,tie
HandWritten-Mfeat__RCML,native_nonvacuity,E157,P051,P048,5,4,1+4,-9.40108536878516,0.0010732210698717257,coarsening_worsens
HandWritten-Mfeat__RCML,native_nonvacuity,E158,P051,P049,5,4,2+4,-4.250181647147233,0.0,tie
HandWritten-Mfeat__RCML,native_nonvacuity,E159,P051,P050,5,4,3+4,-5.908436003040094,0.0,tie
HandWritten-Mfeat__RCML,native_nonvacuity,E160,P052,P000,2,1,0+1,-4.07798295258939,-0.03091577471882625,coarsening_improves
HandWritten-Mfeat__RCML,native_nonvacuity,E161,P053,P000,2,1,0+1,-2.9013631618372626,0.015349467398988757,coarsening_worsens
HandWritten-Mfeat__RCML,native_nonvacuity,E162,P054,P001,3,2,0+1,-4.724446458381179,-0.0002961239815740535,coarsening_improves
HandWritten-Mfeat__RCML,native_nonvacuity,E163,P054,P052,3,2,0+2,-3.2622664889934274,0.032572372848437246,coarsening_worsens
HandWritten-Mfeat__RCML,native_nonvacuity,E164,P054,P053,3,2,1+2,-4.438886279745555,-0.01369286926937776,coarsening_improves
HandWritten-Mfeat__RCML,native_nonvacuity,E165,P055,P000,2,1,0+1,-2.7615677635964477,0.01107179709837433,coarsening_worsens
HandWritten-Mfeat__RCML,native_nonvacuity,E166,P056,P000,2,1,0+1,-3.1807896940801275,0.01602193638390554,coarsening_worsens
HandWritten-Mfeat__RCML,native_nonvacuity,E167,P057,P001,3,2,0+1,-3.848865181924068,0.014246317659030127,coarsening_worsens
HandWritten-Mfeat__RCML,native_nonvacuity,E168,P057,P055,3,2,0+2,-3.703100401529259,0.0051272426718408474,coarsening_worsens
HandWritten-Mfeat__RCML,native_nonvacuity,E169,P057,P056,3,2,1+2,-3.2838784710455795,0.000177103386309638,coarsening_worsens
HandWritten-Mfeat__RCML,native_nonvacuity,E170,P058,P002,3,2,0+1,-4.081565625820181,-0.001300359428555569,coarsening_improves
HandWritten-Mfeat__RCML,native_nonvacuity,E171,P058,P052,3,2,0+2,-5.46697025091663,0.045901374971140115,coarsening_worsens
HandWritten-Mfeat__RCML,native_nonvacuity,E172,P058,P055,3,2,1+2,-6.783385439909572,0.003913803153939532,coarsening_worsens
HandWritten-Mfeat__RCML,native_nonvacuity,E173,P059,P002,3,2,0+1,-3.3457797476038866,0.0011392065220709887,coarsening_worsens
HandWritten-Mfeat__RCML,native_nonvacuity,E174,P059,P053,3,2,0+2,-5.907804163452463,0.002075698803951664,coarsening_worsens
HandWritten-Mfeat__RCML,native_nonvacuity,E175,P059,P056,3,2,1+2,-5.628377631209599,0.0014032298190348803,coarsening_worsens
HandWritten-Mfeat__RCML,native_nonvacuity,E176,P060,P003,3,2,0+1,-4.971599982112107,-0.009086642171954755,coarsening_improves
HandWritten-Mfeat__RCML,native_nonvacuity,E177,P060,P052,3,2,0+2,-3.2616346494057957,0.032820733945541525,coarsening_worsens
HandWritten-Mfeat__RCML,native_nonvacuity,E178,P060,P056,3,2,1+2,-4.158827907915059,-0.014116977157190267,coarsening_improves
HandWritten-Mfeat__RCML,native_nonvacuity,E179,P061,P004,4,3,0+1,-4.971599982112107,-0.0009280143713183423,coarsening_improves
HandWritten-Mfeat__RCML,native_nonvacuity,E180,P061,P054,4,3,0+2,-5.907804163452461,0.014766812017147017,coarsening_worsens
HandWritten-Mfeat__RCML,native_nonvacuity,E181,P061,P057,4,3,1+2,-6.783385439909572,0.00022437037654283662,coarsening_worsens
HandWritten-Mfeat__RCML,native_nonvacuity,E182,P061,P058,4,3,0+3,-3.703100401529259,0.001437809894444152,coarsening_worsens
HandWritten-Mfeat__RCML,native_nonvacuity,E183,P061,P059,4,3,1+3,-4.438886279745553,-0.0010017560561824056,coarsening_improves
HandWritten-Mfeat__RCML,native_nonvacuity,E184,P061,P060,4,3,2+3,-5.908436003040093,0.014518450920042742,coarsening_worsens
HandWritten-Mfeat__RCML,native_nonvacuity,E185,P062,P000,2,1,0+1,-2.441298741876391,-0.005612943469606547,coarsening_improves
HandWritten-Mfeat__RCML,native_nonvacuity,E186,P063,P000,2,1,0+1,-4.883977353413057,0.018014099705171333,coarsening_worsens
HandWritten-Mfeat__RCML,native_nonvacuity,E187,P064,P001,3,2,0+1,-5.205266098664598,0.016143815249751135,coarsening_worsens
HandWritten-Mfeat__RCML,native_nonvacuity,E188,P064,P062,3,2,0+2,-5.379770339989846,0.023709480830542733,coarsening_worsens
HandWritten-Mfeat__RCML,native_nonvacuity,E189,P064,P063,3,2,1+2,-2.93709172845318,8.243765576485425e-05,coarsening_worsens
HandWritten-Mfeat__RCML,native_nonvacuity,E190,P065,P000,2,1,0+1,-2.141657046599401,0.014563820508527054,coarsening_worsens
HandWritten-Mfeat__RCML,native_nonvacuity,E191,P066,P000,2,1,0+1,-8.055572855458102,0.018096537360936187,coarsening_worsens
HandWritten-Mfeat__RCML,native_nonvacuity,E192,P067,P001,3,2,0+1,-8.07636764502861,0.016143815249751135,coarsening_worsens
HandWritten-Mfeat__RCML,native_nonvacuity,E193,P067,P065,3,2,0+2,-8.550513581630847,0.0035327168524091333,coarsening_worsens
HandWritten-Mfeat__RCML,native_nonvacuity,E194,P067,P066,3,2,1+2,-2.636597772772147,0.0,tie
HandWritten-Mfeat__RCML,native_nonvacuity,E195,P068,P002,3,2,0+1,-2.489927984586462,0.001051384358102348,coarsening_worsens
HandWritten-Mfeat__RCML,native_nonvacuity,E196,P068,P062,3,2,0+2,-5.5120168203959095,0.022950287508578325,coarsening_worsens
HandWritten-Mfeat__RCML,native_nonvacuity,E197,P068,P065,3,2,1+2,-5.8116585156728995,0.0027735235304447263,coarsening_worsens
HandWritten-Mfeat__RCML,native_nonvacuity,E198,P069,P002,3,2,0+1,-8.103349837764128,0.0018105776800667547,coarsening_worsens
HandWritten-Mfeat__RCML,native_nonvacuity,E199,P069,P063,3,2,0+2,-8.682760062036909,8.243765576485425e-05,coarsening_worsens
HandWritten-Mfeat__RCML,native_nonvacuity,E200,P069,P066,3,2,1+2,-5.511164559991865,0.0,tie
HandWritten-Mfeat__RCML,native_nonvacuity,E201,P070,P003,3,2,0+1,-8.227375520979976,0.007104935962266158,coarsening_worsens
HandWritten-Mfeat__RCML,native_nonvacuity,E202,P070,P062,3,2,0+2,-8.154094398986665,0.023709480830542733,coarsening_worsens
HandWritten-Mfeat__RCML,native_nonvacuity,E203,P070,P066,3,2,1+2,-2.5398202854049536,0.0,tie
HandWritten-Mfeat__RCML,native_nonvacuity,E204,P071,P004,4,3,0+1,-8.227375520979978,0.0007451128428598294,coarsening_worsens
HandWritten-Mfeat__RCML,native_nonvacuity,E205,P071,P064,4,3,0+2,-8.682760062036913,0.0,tie
HandWritten-Mfeat__RCML,native_nonvacuity,E206,P071,P067,4,3,1+2,-5.811658515672901,0.0,tie
HandWritten-Mfeat__RCML,native_nonvacuity,E207,P071,P068,4,3,0+3,-8.550513581630849,0.0007591933219644068,coarsening_worsens
HandWritten-Mfeat__RCML,native_nonvacuity,E208,P071,P069,4,3,1+3,-2.937091728453183,0.0,tie
HandWritten-Mfeat__RCML,native_nonvacuity,E209,P071,P070,4,3,2+3,-5.908436003040094,0.0,tie
HandWritten-Mfeat__RCML,native_nonvacuity,E210,P072,P005,3,2,0+1,-4.0886880053848875,0.01712556698262922,coarsening_worsens
HandWritten-Mfeat__RCML,native_nonvacuity,E211,P072,P052,3,2,0+2,-3.8270624239518867,0.03018818453897629,coarsening_worsens
HandWritten-Mfeat__RCML,native_nonvacuity,E212,P072,P062,3,2,1+2,-5.4637466346648855,0.004885353289756589,coarsening_worsens
HandWritten-Mfeat__RCML,native_nonvacuity,E213,P073,P005,3,2,0+1,-5.029572065629181,0.03473202496194459,coarsening_worsens
HandWritten-Mfeat__RCML,native_nonvacuity,E214,P073,P053,3,2,0+2,-5.944566274948308,0.0015294004004766499,coarsening_worsens
HandWritten-Mfeat__RCML,native_nonvacuity,E215,P073,P063,3,2,1+2,-3.9619520833725135,-0.001135231905705926,coarsening_improves
HandWritten-Mfeat__RCML,native_nonvacuity,E216,P074,P006,3,2,0+1,-6.254002265485544,-6.236220377471655e-05,coarsening_improves
HandWritten-Mfeat__RCML,native_nonvacuity,E217,P074,P052,3,2,0+2,-4.956651116794497,0.04662099265350782,coarsening_worsens
HandWritten-Mfeat__RCML,native_nonvacuity,E218,P074,P063,3,2,1+2,-4.15065671597083,-0.002308881770489767,coarsening_improves
HandWritten-Mfeat__RCML,native_nonvacuity,E219,P075,P007,4,3,0+1,-6.254002265485543,0.006337125148235973,coarsening_worsens
HandWritten-Mfeat__RCML,native_nonvacuity,E220,P075,P054,4,3,0+2,-5.944566274948306,0.015960924654458787,coarsening_worsens
HandWritten-Mfeat__RCML,native_nonvacuity,E221,P075,P064,4,3,1+2,-5.463746634664886,-0.00047901457686640284,coarsening_improves
HandWritten-Mfeat__RCML,native_nonvacuity,E222,P075,P072,4,3,0+3,-5.379770339989847,0.018345112963919743,coarsening_worsens
HandWritten-Mfeat__RCML,native_nonvacuity,E223,P075,P073,4,3,1+3,-4.438886279745553,0.0007386549846043775,coarsening_worsens
HandWritten-Mfeat__RCML,native_nonvacuity,E224,P075,P074,4,3,2+3,-4.250181647147237,0.0019123048493882185,coarsening_worsens
HandWritten-Mfeat__RCML,native_nonvacuity,E225,P076,P005,3,2,0+1,-2.817319385871226,0.027865885007731087,coarsening_worsens
HandWritten-Mfeat__RCML,native_nonvacuity,E226,P076,P055,3,2,0+2,-3.8721089934311674,-0.0010590692531224199,coarsening_improves
HandWritten-Mfeat__RCML,native_nonvacuity,E227,P076,P065,3,2,1+2,-4.492019710428215,-0.004551092663275143,coarsening_improves
HandWritten-Mfeat__RCML,native_nonvacuity,E228,P077,P005,3,2,0+1,-8.083954496456492,0.035949694523415364,coarsening_worsens
HandWritten-Mfeat__RCML,native_nonvacuity,E229,P077,P056,3,2,0+2,-8.719522173532756,0.0020746009770306463,coarsening_worsens
HandWritten-Mfeat__RCML,native_nonvacuity,E230,P077,P066,3,2,1+2,-3.844739012154781,0.0,tie
HandWritten-Mfeat__RCML,native_nonvacuity,E231,P078,P006,3,2,0+1,-8.153376887612879,0.0023289572224799047,coarsening_worsens
HandWritten-Mfeat__RCML,native_nonvacuity,E232,P078,P055,3,2,0+2,-8.172440927914774,0.007024740262561856,coarsening_worsens
HandWritten-Mfeat__RCML,native_nonvacuity,E233,P078,P066,3,2,1+2,-2.8784358360531215,0.0,tie
HandWritten-Mfeat__RCML,native_nonvacuity,E234,P079,P007,4,3,0+1,-8.153376887612882,0.006816139725102375,coarsening_worsens
HandWritten-Mfeat__RCML,native_nonvacuity,E235,P079,P057,4,3,0+2,-8.719522173532756,0.0018974975907210083,coarsening_worsens
HandWritten-Mfeat__RCML,native_nonvacuity,E236,P079,P067,4,3,1+2,-4.492019710428215,0.0,tie
HandWritten-Mfeat__RCML,native_nonvacuity,E237,P079,P076,4,3,0+3,-8.550513581630849,0.008083809515684276,coarsening_worsens
HandWritten-Mfeat__RCML,native_nonvacuity,E238,P079,P077,4,3,1+3,-3.283878471045581,0.0,tie
HandWritten-Mfeat__RCML,native_nonvacuity,E239,P079,P078,4,3,2+3,-4.25018164714724,0.0,tie
HandWritten-Mfeat__RCML,native_nonvacuity,E240,P080,P008,3,2,0+1,-4.107363243330635,-0.012959327953000789,coarsening_improves
HandWritten-Mfeat__RCML,native_nonvacuity,E241,P080,P052,3,2,0+2,-2.8849467118278875,0.031255571764912886,coarsening_worsens
HandWritten-Mfeat__RCML,native_nonvacuity,E242,P080,P065,3,2,1+2,-4.821272617817877,-0.014224023462440416,coarsening_improves
HandWritten-Mfeat__RCML,native_nonvacuity,E243,P081,P008,3,2,0+1,-8.218990545215927,0.004797412361848761,coarsening_worsens
HandWritten-Mfeat__RCML,native_nonvacuity,E244,P081,P053,3,2,0+2,-8.173193804465308,0.00274706996194743,coarsening_worsens
HandWritten-Mfeat__RCML,native_nonvacuity,E245,P081,P066,3,2,1+2,-3.0189841108444693,0.0,tie
HandWritten-Mfeat__RCML,native_nonvacuity,E246,P082,P009,3,2,0+1,-8.930271600361287,0.002714077670210253,coarsening_worsens
HandWritten-Mfeat__RCML,native_nonvacuity,E247,P082,P052,3,2,0+2,-8.081773615601746,0.049012312079762435,coarsening_worsens
HandWritten-Mfeat__RCML,native_nonvacuity,E248,P082,P066,3,2,1+2,-4.104183712733034,0.0,tie
HandWritten-Mfeat__RCML,native_nonvacuity,E249,P083,P010,4,3,0+1,-8.930271600361289,0.0037531388924188216,coarsening_worsens
HandWritten-Mfeat__RCML,native_nonvacuity,E250,P083,P054,4,3,0+2,-8.173193804465308,0.01643993923132519,coarsening_worsens
HandWritten-Mfeat__RCML,native_nonvacuity,E251,P083,P067,4,3,1+2,-4.821272617817877,0.0,tie
HandWritten-Mfeat__RCML,native_nonvacuity,E252,P083,P080,4,3,0+3,-8.550513581630849,0.01775674031484955,coarsening_worsens
HandWritten-Mfeat__RCML,native_nonvacuity,E253,P083,P081,4,3,1+3,-4.438886279745555,0.0,tie
HandWritten-Mfeat__RCML,native_nonvacuity,E254,P083,P082,4,3,2+3,-3.35368667785699,0.0,tie
HandWritten-Mfeat__RCML,native_nonvacuity,E255,P084,P011,4,3,0+1,-4.107363243330635,-0.0004360893755013125,coarsening_improves
HandWritten-Mfeat__RCML,native_nonvacuity,E256,P084,P058,4,3,0+2,-3.8721089934311674,0.0004503699620131067,coarsening_worsens
HandWritten-Mfeat__RCML,native_nonvacuity,E257,P084,P068,4,3,1+2,-5.463746634664886,-0.0019013738246448102,coarsening_improves
HandWritten-Mfeat__RCML,native_nonvacuity,E258,P084,P072,4,3,0+3,-5.51201682039591,0.016163560394176928,coarsening_worsens
HandWritten-Mfeat__RCML,native_nonvacuity,E259,P084,P076,4,3,1+3,-6.783385439909572,0.005423242369075059,coarsening_worsens
HandWritten-Mfeat__RCML,native_nonvacuity,E260,P084,P080,4,3,2+3,-6.4541325325199095,0.015096173168240332,coarsening_worsens
HandWritten-Mfeat__RCML,native_nonvacuity,E261,P085,P011,4,3,0+1,-8.218990545215927,0.0022244777711079044,coarsening_worsens
HandWritten-Mfeat__RCML,native_nonvacuity,E262,P085,P059,4,3,0+2,-8.719522173532754,0.000671371157995766,coarsening_worsens
HandWritten-Mfeat__RCML,native_nonvacuity,E263,P085,P069,4,3,1+2,-3.9619520833725126,0.0,tie
HandWritten-Mfeat__RCML,native_nonvacuity,E264,P085,P073,4,3,0+3,-8.682760062036909,0.0012176695614707802,coarsening_worsens
HandWritten-Mfeat__RCML,native_nonvacuity,E265,P085,P077,4,3,1+3,-5.628377631209597,0.0,tie
HandWritten-Mfeat__RCML,native_nonvacuity,E266,P085,P081,4,3,2+3,-6.454132532519909,0.0,tie
HandWritten-Mfeat__RCML,native_nonvacuity,E267,P086,P012,4,3,0+1,-8.930271600361287,0.0007198830841815306,coarsening_worsens
HandWritten-Mfeat__RCML,native_nonvacuity,E268,P086,P058,4,3,0+2,-8.172440927914776,0.0031109371086223236,coarsening_worsens
HandWritten-Mfeat__RCML,native_nonvacuity,E269,P086,P069,4,3,1+2,-4.150656715970829,0.0,tie
HandWritten-Mfeat__RCML,native_nonvacuity,E270,P086,P074,4,3,0+3,-8.682760062036909,0.0023913194262546213,coarsening_worsens
HandWritten-Mfeat__RCML,native_nonvacuity,E271,P086,P078,4,3,1+3,-6.783385439909573,0.0,tie
HandWritten-Mfeat__RCML,native_nonvacuity,E272,P086,P082,4,3,2+3,-5.55763756322966,0.0,tie
HandWritten-Mfeat__RCML,native_nonvacuity,E273,P087,P013,4,3,0+1,-8.93027160036129,0.006201307338571327,coarsening_worsens
HandWritten-Mfeat__RCML,native_nonvacuity,E274,P087,P060,4,3,0+2,-8.71952217353276,0.016191578134220914,coarsening_worsens
HandWritten-Mfeat__RCML,native_nonvacuity,E275,P087,P070,4,3,1+2,-5.46374663466489,0.0,tie
HandWritten-Mfeat__RCML,native_nonvacuity,E276,P087,P072,4,3,0+3,-8.154094398986668,0.018824127540786145,coarsening_worsens
HandWritten-Mfeat__RCML,native_nonvacuity,E277,P087,P077,4,3,1+3,-4.158827907915063,0.0,tie
HandWritten-Mfeat__RCML,native_nonvacuity,E278,P087,P082,4,3,2+3,-3.8993832073368093,0.0,tie
HandWritten-Mfeat__RCML,native_nonvacuity,E279,P088,P014,5,4,0+1,-8.93027160036129,0.0010088330773176887,coarsening_worsens
HandWritten-Mfeat__RCML,native_nonvacuity,E280,P088,P061,5,4,0+2,-8.719522173532757,0.0016731272141781717,coarsening_worsens
HandWritten-Mfeat__RCML,native_nonvacuity,E281,P088,P071,5,4,1+2,-5.463746634664886,0.0,tie
HandWritten-Mfeat__RCML,native_nonvacuity,E282,P088,P075,5,4,0+3,-8.682760062036913,0.00047901457686640284,coarsening_worsens
HandWritten-Mfeat__RCML,native_nonvacuity,E283,P088,P079,5,4,1+3,-6.783385439909573,0.0,tie
HandWritten-Mfeat__RCML,native_nonvacuity,E284,P088,P083,5,4,2+3,-6.45413253251991,0.0,tie
HandWritten-Mfeat__RCML,native_nonvacuity,E285,P088,P084,5,4,0+4,-8.550513581630849,0.002660567146609217,coarsening_worsens
HandWritten-Mfeat__RCML,native_nonvacuity,E286,P088,P085,5,4,1+4,-4.438886279745557,0.0,tie
HandWritten-Mfeat__RCML,native_nonvacuity,E287,P088,P086,5,4,2+4,-4.25018164714724,0.0,tie
HandWritten-Mfeat__RCML,native_nonvacuity,E288,P088,P087,5,4,3+4,-5.908436003040091,0.0,tie
HandWritten-Mfeat__RCML,native_nonvacuity,E289,P089,P000,2,1,0+1,-3.3207453340336626,0.01401376935833134,coarsening_worsens
HandWritten-Mfeat__RCML,native_nonvacuity,E290,P090,P000,2,1,0+1,-2.7936707604266493,0.016731905488500128,coarsening_worsens
HandWritten-Mfeat__RCML,native_nonvacuity,E291,P091,P001,3,2,0+1,-3.9881497711422256,0.013506758854762812,coarsening_worsens
HandWritten-Mfeat__RCML,native_nonvacuity,E292,P091,P089,3,2,0+2,-3.2832074203102017,0.001445711607616522,coarsening_worsens
HandWritten-Mfeat__RCML,native_nonvacuity,E293,P091,P090,3,2,1+2,-3.810281993917215,-0.0012724245225522648,coarsening_improves
HandWritten-Mfeat__RCML,native_nonvacuity,E294,P092,P000,2,1,0+1,-2.6705955817424094,0.01585150190553907,coarsening_worsens
HandWritten-Mfeat__RCML,native_nonvacuity,E295,P093,P000,2,1,0+1,-3.194743940273141,0.015059728562151802,coarsening_worsens
HandWritten-Mfeat__RCML,native_nonvacuity,E296,P094,P001,3,2,0+1,-3.8080934898973053,0.01448810059225417,coarsening_worsens
HandWritten-Mfeat__RCML,native_nonvacuity,E297,P094,P092,3,2,0+2,-3.753300891356535,0.0005893207979001508,coarsening_worsens
HandWritten-Mfeat__RCML,native_nonvacuity,E298,P094,P093,3,2,1+2,-3.229152532825803,0.0013810941412874178,coarsening_worsens
HandWritten-Mfeat__RCML,native_nonvacuity,E299,P095,P002,3,2,0+1,-3.3273456560642796,0.0010385338343911507,coarsening_worsens
HandWritten-Mfeat__RCML,native_nonvacuity,E300,P095,P089,3,2,0+2,-5.469987899716456,0.003310724156929242,coarsening_worsens
HandWritten-Mfeat__RCML,native_nonvacuity,E301,P095,P092,3,2,1+2,-6.12013765200771,0.0014729916097215127,coarsening_worsens
HandWritten-Mfeat__RCML,native_nonvacuity,E302,P096,P002,3,2,0+1,-3.2703645535035974,0.001165228231960887,coarsening_worsens
HandWritten-Mfeat__RCML,native_nonvacuity,E303,P096,P090,3,2,0+2,-5.940081370762787,0.0007192824243301913,coarsening_worsens
HandWritten-Mfeat__RCML,native_nonvacuity,E304,P096,P093,3,2,1+2,-5.539008190916295,0.002391459350678516,coarsening_worsens
HandWritten-Mfeat__RCML,native_nonvacuity,E305,P097,P003,3,2,0+1,-4.267580502183479,0.004883107591644301,coarsening_worsens
HandWritten-Mfeat__RCML,native_nonvacuity,E306,P097,P089,3,2,0+2,-3.314852788032896,0.0018609396319829883,coarsening_worsens
HandWritten-Mfeat__RCML,native_nonvacuity,E307,P097,P093,3,2,1+2,-3.4408541817934175,0.0008149804281625261,coarsening_worsens
HandWritten-Mfeat__RCML,native_nonvacuity,E308,P098,P004,4,3,0+1,-4.267580502183479,0.00037934990431189107,coarsening_worsens
HandWritten-Mfeat__RCML,native_nonvacuity,E309,P098,P091,4,3,0+2,-5.940081370762787,0.0022712934564403852,coarsening_worsens
HandWritten-Mfeat__RCML,native_nonvacuity,E310,P098,P094,4,3,1+2,-6.120137652007707,0.0012899517189490274,coarsening_worsens
HandWritten-Mfeat__RCML,native_nonvacuity,E311,P098,P095,4,3,0+3,-3.753300891356533,0.0004062809071276656,coarsening_worsens
HandWritten-Mfeat__RCML,native_nonvacuity,E312,P098,P096,4,3,1+3,-3.810281993917215,0.00027958650955792934,coarsening_worsens
HandWritten-Mfeat__RCML,native_nonvacuity,E313,P098,P097,4,3,2+3,-5.908436003040093,0.001856065432073919,coarsening_worsens
HandWritten-Mfeat__RCML,native_nonvacuity,E314,P099,P000,2,1,0+1,-2.301982577108901,0.01270389527636498,coarsening_worsens
HandWritten-Mfeat__RCML,native_nonvacuity,E315,P100,P000,2,1,0+1,-4.960649757108423,0.017844930432740908,coarsening_worsens
HandWritten-Mfeat__RCML,native_nonvacuity,E316,P101,P001,3,2,0+1,-5.181560796541914,0.016095692749795425,coarsening_worsens
HandWritten-Mfeat__RCML,native_nonvacuity,E317,P101,P099,3,2,0+2,-5.495381202634652,0.0053445195846154965,coarsening_worsens
HandWritten-Mfeat__RCML,native_nonvacuity,E318,P101,P100,3,2,1+2,-2.83671402263513,0.00020348442823956716,coarsening_worsens
HandWritten-Mfeat__RCML,native_nonvacuity,E319,P102,P000,2,1,0+1,-2.128871194208699,0.013367617333254271,coarsening_worsens
HandWritten-Mfeat__RCML,native_nonvacuity,E320,P103,P000,2,1,0+1,-9.562255803789515,0.01661947197635435,coarsening_worsens
HandWritten-Mfeat__RCML,native_nonvacuity,E321,P104,P001,3,2,0+1,-9.567409704528904,0.015348269240651012,coarsening_worsens
HandWritten-Mfeat__RCML,native_nonvacuity,E322,P104,P102,3,2,0+2,-10.054341493521843,0.003933374018581792,coarsening_worsens
HandWritten-Mfeat__RCML,native_nonvacuity,E323,P104,P103,3,2,1+2,-2.6209568839410284,0.000681519375481714,coarsening_worsens
HandWritten-Mfeat__RCML,native_nonvacuity,E324,P105,P002,3,2,0+1,-2.3615624165020055,0.0010513101585844925,coarsening_worsens
HandWritten-Mfeat__RCML,native_nonvacuity,E325,P105,P099,3,2,0+2,-5.522967417078943,0.004633374563088945,coarsening_worsens
HandWritten-Mfeat__RCML,native_nonvacuity,E326,P105,P102,3,2,1+2,-5.696078799979145,0.003969652506199653,coarsening_worsens
HandWritten-Mfeat__RCML,native_nonvacuity,E327,P106,P002,3,2,0+1,-9.579189887388717,0.0012443877397731247,coarsening_worsens
HandWritten-Mfeat__RCML,native_nonvacuity,E328,P106,P100,3,2,0+2,-10.081927707966132,-0.00031458301209835244,coarsening_improves
HandWritten-Mfeat__RCML,native_nonvacuity,E329,P106,P103,3,2,1+2,-5.480321661285041,0.0009108754442882071,coarsening_worsens
HandWritten-Mfeat__RCML,native_nonvacuity,E330,P107,P003,3,2,0+1,-9.602837864786515,0.006218174701970965,coarsening_worsens
HandWritten-Mfeat__RCML,native_nonvacuity,E331,P107,P099,3,2,0+2,-9.668872907560694,0.004505880824276014,coarsening_worsens
HandWritten-Mfeat__RCML,native_nonvacuity,E332,P107,P103,3,2,1+2,-2.40859968088008,0.0005903041242866436,coarsening_worsens
HandWritten-Mfeat__RCML,native_nonvacuity,E333,P108,P004,4,3,0+1,-9.602837864786514,0.00036620746040439827,coarsening_worsens
HandWritten-Mfeat__RCML,native_nonvacuity,E334,P108,P101,4,3,0+2,-10.081927707966132,-0.0003307828824997207,coarsening_improves
HandWritten-Mfeat__RCML,native_nonvacuity,E335,P108,P104,4,3,1+2,-5.6960787999791425,0.00041664062664469205,coarsening_worsens
HandWritten-Mfeat__RCML,native_nonvacuity,E336,P108,P105,4,3,0+3,-10.054341493521841,0.0003803621390268312,coarsening_worsens
HandWritten-Mfeat__RCML,native_nonvacuity,E337,P108,P106,4,3,1+3,-2.83671402263513,0.00018728455783819888,coarsening_worsens
HandWritten-Mfeat__RCML,native_nonvacuity,E338,P108,P107,4,3,2+3,-5.908436003040091,0.0005078558778397625,coarsening_worsens
HandWritten-Mfeat__RCML,native_nonvacuity,E339,P109,P005,3,2,0+1,-3.3409998993652614,0.029659439903736505,coarsening_worsens
HandWritten-Mfeat__RCML,native_nonvacuity,E340,P109,P089,3,2,0+2,-3.836611936487988,-0.0022074866170740132,coarsening_improves
HandWritten-Mfeat__RCML,native_nonvacuity,E341,P109,P099,3,2,1+2,-4.85537469341275,-0.0008976125351076517,coarsening_improves
HandWritten-Mfeat__RCML,native_nonvacuity,E342,P110,P005,3,2,0+1,-5.0260991080826996,0.03460156755584233,coarsening_worsens
HandWritten-Mfeat__RCML,native_nonvacuity,E343,P110,P090,3,2,0+2,-6.048785718812439,1.650490486302292e-05,coarsening_worsens
HandWritten-Mfeat__RCML,native_nonvacuity,E344,P110,P100,3,2,1+2,-3.8818067221306656,-0.0010965200393777586,coarsening_improves
HandWritten-Mfeat__RCML,native_nonvacuity,E345,P111,P006,3,2,0+1,-5.621925022110724,0.002301927004363231,coarsening_worsens
HandWritten-Mfeat__RCML,native_nonvacuity,E346,P111,P089,3,2,0+2,-5.0818114919754045,0.004055737784488172,coarsening_worsens
HandWritten-Mfeat__RCML,native_nonvacuity,E347,P111,P100,3,2,1+2,-3.441907068900644,0.0002245767100786039,coarsening_worsens
HandWritten-Mfeat__RCML,native_nonvacuity,E348,P112,P007,4,3,0+1,-5.621925022110723,0.006406582633638261,coarsening_worsens
HandWritten-Mfeat__RCML,native_nonvacuity,E349,P112,P091,4,3,0+2,-6.048785718812439,0.0022274993035242088,coarsening_worsens
HandWritten-Mfeat__RCML,native_nonvacuity,E350,P112,P101,4,3,1+2,-4.855374693412751,-0.0003614345915084046,coarsening_improves
HandWritten-Mfeat__RCML,native_nonvacuity,E351,P112,P109,4,3,0+3,-5.495381202634653,0.0058806975282147435,coarsening_worsens
HandWritten-Mfeat__RCML,native_nonvacuity,E352,P112,P110,4,3,1+3,-3.810281993917215,0.0009385698761089211,coarsening_worsens
HandWritten-Mfeat__RCML,native_nonvacuity,E353,P112,P111,4,3,2+3,-4.250181647147237,-0.00038252687334744135,coarsening_improves
HandWritten-Mfeat__RCML,native_nonvacuity,E354,P113,P005,3,2,0+1,-2.743829664436495,0.027816680968784792,coarsening_worsens
HandWritten-Mfeat__RCML,native_nonvacuity,E355,P113,P092,3,2,0+2,-3.8895914538504752,-0.005887978099233455,coarsening_improves
HandWritten-Mfeat__RCML,native_nonvacuity,E356,P113,P102,3,2,1+2,-4.431315841384185,-0.003404093526948657,coarsening_improves
HandWritten-Mfeat__RCML,native_nonvacuity,E357,P114,P005,3,2,0+1,-9.569018625132536,0.03432818522116745,coarsening_worsens
HandWritten-Mfeat__RCML,native_nonvacuity,E358,P114,P093,3,2,0+2,-10.190632056015783,0.0014152994965364663,coarsening_worsens
HandWritten-Mfeat__RCML,native_nonvacuity,E359,P114,P103,3,2,1+2,-3.8231201924994096,-0.00014444391766608002,coarsening_improves
HandWritten-Mfeat__RCML,native_nonvacuity,E360,P115,P006,3,2,0+1,-9.583715078069147,0.0015578800820007775,coarsening_worsens
HandWritten-Mfeat__RCML,native_nonvacuity,E361,P115,P092,3,2,0+2,-9.693751300225081,0.0014739583149179893,coarsening_worsens
HandWritten-Mfeat__RCML,native_nonvacuity,E362,P115,P103,3,2,1+2,-2.802091078177975,0.0007059882441027099,coarsening_worsens
HandWritten-Mfeat__RCML,native_nonvacuity,E363,P116,P007,4,3,0+1,-9.583715078069147,0.005920401029370924,coarsening_worsens
HandWritten-Mfeat__RCML,native_nonvacuity,E364,P116,P094,4,3,0+2,-10.190632056015783,0.0007599759617655143,coarsening_worsens
HandWritten-Mfeat__RCML,native_nonvacuity,E365,P116,P104,4,3,1+2,-4.431315841384185,-0.00010019268663132822,coarsening_improves
HandWritten-Mfeat__RCML,native_nonvacuity,E366,P116,P113,4,3,0+3,-10.054341493521843,0.00723727485889912,coarsening_worsens
HandWritten-Mfeat__RCML,native_nonvacuity,E367,P116,P114,4,3,1+3,-3.229152532825804,0.0007257706065164658,coarsening_worsens
HandWritten-Mfeat__RCML,native_nonvacuity,E368,P116,P115,4,3,2+3,-4.2501816471472385,-0.00012466155525232413,coarsening_improves
HandWritten-Mfeat__RCML,native_nonvacuity,E369,P117,P008,3,2,0+1,-3.3706257339940406,0.0011657407510251199,coarsening_worsens
HandWritten-Mfeat__RCML,native_nonvacuity,E370,P117,P089,3,2,0+2,-2.905446821047021,0.0004510963917812045,coarsening_worsens
HandWritten-Mfeat__RCML,native_nonvacuity,E371,P117,P102,3,2,1+2,-4.0973209608719845,0.001097248416858274,coarsening_worsens
HandWritten-Mfeat__RCML,native_nonvacuity,E372,P118,P008,3,2,0+1,-9.614685233598669,0.004148464769942588,coarsening_worsens
HandWritten-Mfeat__RCML,native_nonvacuity,E373,P118,P090,3,2,0+2,-9.676580894258663,0.0007156842805298857,coarsening_worsens
HandWritten-Mfeat__RCML,native_nonvacuity,E374,P118,P103,3,2,1+2,-2.907995850895798,0.0008281177926756639,coarsening_worsens
HandWritten-Mfeat__RCML,native_nonvacuity,E375,P119,P009,3,2,0+1,-9.697362002915689,0.001982665622059005,coarsening_worsens
HandWritten-Mfeat__RCML,native_nonvacuity,E376,P119,P089,3,2,0+2,-9.606101636711875,0.003351355954453598,coarsening_worsens
HandWritten-Mfeat__RCML,native_nonvacuity,E377,P119,P103,3,2,1+2,-3.364591166956023,0.0007456533364305894,coarsening_worsens
HandWritten-Mfeat__RCML,native_nonvacuity,E378,P120,P010,4,3,0+1,-9.697362002915687,0.0033505976736097833,coarsening_worsens
HandWritten-Mfeat__RCML,native_nonvacuity,E379,P120,P091,4,3,0+2,-9.67658089425866,0.0022345151761792854,coarsening_worsens
HandWritten-Mfeat__RCML,native_nonvacuity,E380,P120,P104,4,3,1+2,-4.097320960871981,0.0003930047902910848,coarsening_worsens
HandWritten-Mfeat__RCML,native_nonvacuity,E381,P120,P117,4,3,0+3,-10.05434149352184,0.003229130392014603,coarsening_worsens
HandWritten-Mfeat__RCML,native_nonvacuity,E382,P120,P118,4,3,1+3,-3.8102819939172115,0.0002464063730971349,coarsening_worsens
HandWritten-Mfeat__RCML,native_nonvacuity,E383,P120,P119,4,3,2+3,-3.3536866778569863,0.00032887082934220937,coarsening_worsens
HandWritten-Mfeat__RCML,native_nonvacuity,E384,P121,P011,4,3,0+1,-3.370625733994041,0.0008612556066748354,coarsening_worsens
HandWritten-Mfeat__RCML,native_nonvacuity,E385,P121,P095,4,3,0+2,-3.889591453850475,-0.0005911783187574651,coarsening_improves
HandWritten-Mfeat__RCML,native_nonvacuity,E386,P121,P105,4,3,1+2,-4.855374693412749,-0.0006039546429508067,coarsening_improves
HandWritten-Mfeat__RCML,native_nonvacuity,E387,P121,P109,4,3,0+3,-5.5229674170789425,0.00492703245524579,coarsening_worsens
HandWritten-Mfeat__RCML,native_nonvacuity,E388,P121,P113,4,3,1+3,-6.120137652007709,0.0067697913901975035,coarsening_worsens
HandWritten-Mfeat__RCML,native_nonvacuity,E389,P121,P117,4,3,2+3,-6.4541325325199095,0.002268449446390572,coarsening_worsens
HandWritten-Mfeat__RCML,native_nonvacuity,E390,P122,P011,4,3,0+1,-9.614685233598667,0.001592617423669469,coarsening_worsens
HandWritten-Mfeat__RCML,native_nonvacuity,E391,P122,P096,4,3,0+2,-10.190632056015783,1.3489100667432282e-05,coarsening_worsens
HandWritten-Mfeat__RCML,native_nonvacuity,E392,P122,P106,4,3,1+2,-3.881806722130664,-6.567040714480538e-05,coarsening_improves
HandWritten-Mfeat__RCML,native_nonvacuity,E393,P122,P110,4,3,0+3,-10.08192770796613,0.0007162666201346007,coarsening_worsens
HandWritten-Mfeat__RCML,native_nonvacuity,E394,P122,P114,4,3,1+3,-5.539008190916295,0.0009896489548094818,coarsening_worsens
HandWritten-Mfeat__RCML,native_nonvacuity,E395,P122,P118,4,3,2+3,-6.454132532519907,1.7087244467737877e-05,coarsening_worsens
HandWritten-Mfeat__RCML,native_nonvacuity,E396,P123,P012,4,3,0+1,-9.697362002915689,0.0004050050933904152,coarsening_worsens
HandWritten-Mfeat__RCML,native_nonvacuity,E397,P123,P095,4,3,0+2,-9.69375130022508,0.0004571658548844885,coarsening_worsens
HandWritten-Mfeat__RCML,native_nonvacuity,E398,P123,P106,4,3,1+2,-3.441907068900642,0.0002513119495025146,coarsening_worsens
HandWritten-Mfeat__RCML,native_nonvacuity,E399,P123,P111,4,3,0+3,-10.08192770796613,-0.0002878477726744418,coarsening_improves
HandWritten-Mfeat__RCML,native_nonvacuity,E400,P123,P115,4,3,1+3,-6.120137652007708,0.00045619914968801184,coarsening_worsens
HandWritten-Mfeat__RCML,native_nonvacuity,E401,P123,P119,4,3,2+3,-5.55763756322966,0.0004165340573601323,coarsening_worsens
HandWritten-Mfeat__RCML,native_nonvacuity,E402,P124,P013,4,3,0+1,-9.697362002915689,0.005263830546301379,coarsening_worsens
HandWritten-Mfeat__RCML,native_nonvacuity,E403,P124,P097,4,3,0+2,-10.190632056015785,0.0012843515783519095,coarsening_worsens
HandWritten-Mfeat__RCML,native_nonvacuity,E404,P124,P107,4,3,1+2,-4.855374693412749,-5.071553197475429e-05,coarsening_improves
HandWritten-Mfeat__RCML,native_nonvacuity,E405,P124,P109,4,3,0+3,-9.668872907560694,0.005352777827408911,coarsening_worsens
HandWritten-Mfeat__RCML,native_nonvacuity,E406,P124,P114,4,3,1+3,-3.4408541817934193,0.0006840325099779694,coarsening_worsens
HandWritten-Mfeat__RCML,native_nonvacuity,E407,P124,P119,4,3,2+3,-3.8993832073368058,-0.00020606474411870009,coarsening_improves
HandWritten-Mfeat__RCML,native_nonvacuity,E408,P125,P014,5,4,0+1,-9.697362002915693,0.0005944995450757938,coarsening_worsens
HandWritten-Mfeat__RCML,native_nonvacuity,E409,P125,P098,5,4,0+2,-10.190632056015787,-4.857059369395658e-05,coarsening_improves
HandWritten-Mfeat__RCML,native_nonvacuity,E410,P125,P108,5,4,1+2,-4.855374693412752,-3.542814978646378e-05,coarsening_improves
HandWritten-Mfeat__RCML,native_nonvacuity,E411,P125,P112,5,4,0+3,-10.081927707966134,-4.776440777779899e-06,coarsening_improves
HandWritten-Mfeat__RCML,native_nonvacuity,E412,P125,P116,5,4,1+3,-6.12013765200771,0.0004814051634895565,coarsening_worsens
HandWritten-Mfeat__RCML,native_nonvacuity,E413,P125,P120,5,4,2+3,-6.454132532519914,-1.1792313432856544e-05,coarsening_improves
HandWritten-Mfeat__RCML,native_nonvacuity,E414,P125,P121,5,4,0+4,-10.054341493521845,0.0009488886321911741,coarsening_worsens
HandWritten-Mfeat__RCML,native_nonvacuity,E415,P125,P122,5,4,1+4,-3.8102819939172186,0.00021752681519654048,coarsening_worsens
HandWritten-Mfeat__RCML,native_nonvacuity,E416,P125,P123,5,4,2+4,-4.25018164714724,-9.945554145077948e-05,coarsening_improves
HandWritten-Mfeat__RCML,native_nonvacuity,E417,P125,P124,5,4,3+4,-5.908436003040094,0.0005231432600280529,coarsening_worsens
HandWritten-Mfeat__RCML,native_nonvacuity,E418,P126,P015,3,2,0+1,-4.080521707632597,0.00018693901733369915,coarsening_worsens
HandWritten-Mfeat__RCML,native_nonvacuity,E419,P126,P052,3,2,0+2,-8.977459588957352,0.04847878270000721,coarsening_worsens
HandWritten-Mfeat__RCML,native_nonvacuity,E420,P126,P089,3,2,1+2,-9.73469720751308,0.003549238622849619,coarsening_worsens
HandWritten-Mfeat__RCML,native_nonvacuity,E421,P127,P015,3,2,0+1,-2.924842848197244,0.0006864009167390151,coarsening_worsens
HandWritten-Mfeat__RCML,native_nonvacuity,E422,P127,P053,3,2,0+2,-8.998400520274126,0.0027130024815975188,coarsening_worsens
HandWritten-Mfeat__RCML,native_nonvacuity,E423,P127,P090,3,2,1+2,-9.10609292168474,0.0013305643920861478,coarsening_worsens
HandWritten-Mfeat__RCML,native_nonvacuity,E424,P128,P016,3,2,0+1,-4.7451665950587305,-0.012641192751669078,coarsening_improves
HandWritten-Mfeat__RCML,native_nonvacuity,E425,P128,P052,3,2,0+2,-2.859581640482393,0.03264368619817972,coarsening_worsens
HandWritten-Mfeat__RCML,native_nonvacuity,E426,P128,P090,3,2,1+2,-4.143893832645134,-0.015003994009146655,coarsening_improves
HandWritten-Mfeat__RCML,native_nonvacuity,E427,P129,P017,4,3,0+1,-4.745166595058727,0.00010119368867862613,coarsening_worsens
HandWritten-Mfeat__RCML,native_nonvacuity,E428,P129,P054,4,3,0+2,-8.998400520274123,0.01643993923132519,coarsening_worsens
HandWritten-Mfeat__RCML,native_nonvacuity,E429,P129,P091,4,3,1+2,-9.734697207513076,0.0026370563949883238,coarsening_worsens
HandWritten-Mfeat__RCML,native_nonvacuity,E430,P129,P126,4,3,0+3,-3.283207420310198,0.0005335293797552271,coarsening_worsens
HandWritten-Mfeat__RCML,native_nonvacuity,E431,P129,P127,4,3,1+3,-4.438886279745551,3.4067480349911164e-05,coarsening_worsens
HandWritten-Mfeat__RCML,native_nonvacuity,E432,P129,P128,4,3,2+3,-9.401085368785157,0.016368625881582714,coarsening_worsens
HandWritten-Mfeat__RCML,native_nonvacuity,E433,P130,P015,3,2,0+1,-2.767124167439478,0.0006421856605612902,coarsening_worsens
HandWritten-Mfeat__RCML,native_nonvacuity,E434,P130,P055,3,2,0+2,-8.980477237757174,0.006946457526034219,coarsening_worsens
HandWritten-Mfeat__RCML,native_nonvacuity,E435,P130,P092,3,2,1+2,-9.071449419611215,0.0021667527188694805,coarsening_worsens
HandWritten-Mfeat__RCML,native_nonvacuity,E436,P131,P015,3,2,0+1,-3.236546587750434,0.0007204683970889262,coarsening_worsens
HandWritten-Mfeat__RCML,native_nonvacuity,E437,P131,P056,3,2,0+2,-9.030677727584452,0.0020746009770306463,coarsening_worsens
HandWritten-Mfeat__RCML,native_nonvacuity,E438,P131,P093,3,2,1+2,-9.016723481391438,0.0030368087987843835,coarsening_worsens
HandWritten-Mfeat__RCML,native_nonvacuity,E439,P132,P016,3,2,0+1,-3.901862525911946,0.0021364483265633293,coarsening_worsens
HandWritten-Mfeat__RCML,native_nonvacuity,E440,P132,P055,3,2,0+2,-3.33269276032855,0.005433755459211549,coarsening_worsens
HandWritten-Mfeat__RCML,native_nonvacuity,E441,P132,P093,3,2,1+2,-2.899516583651857,0.0014458239954340773,coarsening_worsens
HandWritten-Mfeat__RCML,native_nonvacuity,E442,P133,P017,4,3,0+1,-3.9018625259119446,0.00010119368867862613,coarsening_worsens
HandWritten-Mfeat__RCML,native_nonvacuity,E443,P133,P057,4,3,0+2,-9.03067772758445,0.0018974975907210083,coarsening_worsens
HandWritten-Mfeat__RCML,native_nonvacuity,E444,P133,P094,4,3,1+2,-9.071449419611213,0.0016557146574969657,coarsening_worsens
HandWritten-Mfeat__RCML,native_nonvacuity,E445,P133,P130,4,3,0+3,-3.7533008913565347,7.828273652763605e-05,coarsening_worsens
HandWritten-Mfeat__RCML,native_nonvacuity,E446,P133,P131,4,3,1+3,-3.283878471045579,0.0,tie
HandWritten-Mfeat__RCML,native_nonvacuity,E447,P133,P132,4,3,2+3,-9.40108536878516,0.0015909848033503061,coarsening_worsens
HandWritten-Mfeat__RCML,native_nonvacuity,E448,P134,P018,3,2,0+1,-4.084979574691043,-0.0023254003984065847,coarsening_improves
HandWritten-Mfeat__RCML,native_nonvacuity,E449,P134,P052,3,2,0+2,-4.912896887520661,0.04643709323959596,coarsening_worsens
HandWritten-Mfeat__RCML,native_nonvacuity,E450,P134,P092,3,2,1+2,-6.320284258367643,-0.0003301833847693565,coarsening_improves
HandWritten-Mfeat__RCML,native_nonvacuity,E451,P135,P018,3,2,0+1,-3.3993941863020227,0.0002498184417598886,coarsening_worsens
HandWritten-Mfeat__RCML,native_nonvacuity,E452,P135,P053,3,2,0+2,-5.403931289883769,0.00274706996194743,coarsening_worsens
HandWritten-Mfeat__RCML,native_nonvacuity,E453,P135,P093,3,2,1+2,-5.11055051144789,0.0030368087987843835,coarsening_worsens
HandWritten-Mfeat__RCML,native_nonvacuity,E454,P136,P019,3,2,0+1,-5.015187743505547,-0.011317857880716485,coarsening_improves
HandWritten-Mfeat__RCML,native_nonvacuity,E455,P136,P052,3,2,0+2,-3.224009292869974,0.032797579632698214,coarsening_worsens
HandWritten-Mfeat__RCML,native_nonvacuity,E456,P136,P093,3,2,1+2,-4.107248305186223,-0.013177923648279837,coarsening_improves
HandWritten-Mfeat__RCML,native_nonvacuity,E457,P137,P020,4,3,0+1,-5.015187743505546,4.193633726371112e-05,coarsening_worsens
HandWritten-Mfeat__RCML,native_nonvacuity,E458,P137,P054,4,3,0+2,-5.403931289883769,0.01643993923132519,coarsening_worsens
HandWritten-Mfeat__RCML,native_nonvacuity,E459,P137,P094,4,3,1+2,-6.320284258367642,0.0016557146574969657,coarsening_worsens
HandWritten-Mfeat__RCML,native_nonvacuity,E460,P137,P134,4,3,0+3,-3.7533008913565347,0.002575218840166473,coarsening_worsens
HandWritten-Mfeat__RCML,native_nonvacuity,E461,P137,P135,4,3,1+3,-4.438886279745555,0.0,tie
HandWritten-Mfeat__RCML,native_nonvacuity,E462,P137,P136,4,3,2+3,-5.442188486007222,0.01621473244706422,coarsening_worsens
HandWritten-Mfeat__RCML,native_nonvacuity,E463,P138,P021,4,3,0+1,-4.084979574691042,-0.0003788376457248662,coarsening_improves
HandWritten-Mfeat__RCML,native_nonvacuity,E464,P138,P058,4,3,0+2,-8.980477237757176,0.0027320994628974573,coarsening_worsens
HandWritten-Mfeat__RCML,native_nonvacuity,E465,P138,P095,4,3,1+2,-9.734697207513078,0.0003932061999507377,coarsening_worsens
HandWritten-Mfeat__RCML,native_nonvacuity,E466,P138,P126,4,3,0+3,-5.469987899716454,0.0001546917340303609,coarsening_worsens
HandWritten-Mfeat__RCML,native_nonvacuity,E467,P138,P130,4,3,1+3,-6.783385439909573,-0.00030055490919723017,coarsening_improves
HandWritten-Mfeat__RCML,native_nonvacuity,E468,P138,P134,4,3,2+3,-9.534550601153144,0.0021963811944416068,coarsening_worsens
HandWritten-Mfeat__RCML,native_nonvacuity,E469,P139,P021,4,3,0+1,-3.3993941863020236,-9.430874686492961e-05,coarsening_improves
HandWritten-Mfeat__RCML,native_nonvacuity,E470,P139,P059,4,3,0+2,-9.030677727584452,0.0005770624111308364,coarsening_worsens
HandWritten-Mfeat__RCML,native_nonvacuity,E471,P139,P096,4,3,1+2,-9.106092921684741,0.0005510407012409381,coarsening_worsens
HandWritten-Mfeat__RCML,native_nonvacuity,E472,P139,P127,4,3,0+3,-5.940081370762789,-6.0241266515018443e-05,coarsening_improves
HandWritten-Mfeat__RCML,native_nonvacuity,E473,P139,P131,4,3,1+3,-5.628377631209599,-9.430874686492961e-05,coarsening_improves
HandWritten-Mfeat__RCML,native_nonvacuity,E474,P139,P135,4,3,2+3,-9.534550601153146,-9.430874686492961e-05,coarsening_improves
HandWritten-Mfeat__RCML,native_nonvacuity,E475,P140,P022,4,3,0+1,-5.015187743505546,-0.0010851602560465337,coarsening_improves
HandWritten-Mfeat__RCML,native_nonvacuity,E476,P140,P058,4,3,0+2,-3.33269276032855,0.0014003360159459846,coarsening_worsens
HandWritten-Mfeat__RCML,native_nonvacuity,E477,P140,P096,4,3,1+2,-4.143893832645134,-0.0010652516445704713,coarsening_improves
HandWritten-Mfeat__RCML,native_nonvacuity,E478,P140,P128,4,3,0+3,-5.940081370762787,0.014658024788906375,coarsening_worsens
HandWritten-Mfeat__RCML,native_nonvacuity,E479,P140,P132,4,3,1+3,-6.783385439909572,-0.00011961628932603287,coarsening_improves
HandWritten-Mfeat__RCML,native_nonvacuity,E480,P140,P136,4,3,2+3,-5.5756537183752055,0.014504131354387882,coarsening_worsens
HandWritten-Mfeat__RCML,native_nonvacuity,E481,P141,P023,4,3,0+1,-5.015187743505546,-0.0002294276326719834,coarsening_improves
HandWritten-Mfeat__RCML,native_nonvacuity,E482,P141,P060,4,3,0+2,-9.03067772758445,0.015826424669253967,coarsening_worsens
HandWritten-Mfeat__RCML,native_nonvacuity,E483,P141,P097,4,3,1+2,-9.734697207513078,0.0018566749056549113,coarsening_worsens
HandWritten-Mfeat__RCML,native_nonvacuity,E484,P141,P126,4,3,0+3,-3.314852788032894,0.00016837591478828116,coarsening_worsens
HandWritten-Mfeat__RCML,native_nonvacuity,E485,P141,P131,4,3,1+3,-4.158827907915057,-0.0003651534649669459,coarsening_improves
HandWritten-Mfeat__RCML,native_nonvacuity,E486,P141,P136,4,3,2+3,-9.068303084120272,0.015849578982097275,coarsening_worsens
HandWritten-Mfeat__RCML,native_nonvacuity,E487,P142,P024,5,4,0+1,-5.0151877435055425,-0.0002901005382577619,coarsening_improves
HandWritten-Mfeat__RCML,native_nonvacuity,E488,P142,P061,5,4,0+2,-9.030677727584452,0.0013612387850255765,coarsening_worsens
HandWritten-Mfeat__RCML,native_nonvacuity,E489,P142,P098,5,4,1+2,-9.73469720751308,5.387450939534305e-05,coarsening_worsens
HandWritten-Mfeat__RCML,native_nonvacuity,E490,P142,P129,5,4,0+3,-5.94008137076279,-0.00031188842915259526,coarsening_improves
HandWritten-Mfeat__RCML,native_nonvacuity,E491,P142,P133,5,4,1+3,-6.783385439909573,-0.00031188842915259526,coarsening_improves
HandWritten-Mfeat__RCML,native_nonvacuity,E492,P142,P137,5,4,2+3,-9.534550601153144,-0.00031188842915259526,coarsening_improves
HandWritten-Mfeat__RCML,native_nonvacuity,E493,P142,P138,5,4,0+4,-3.7533008913565347,6.694921657227093e-05,coarsening_worsens
HandWritten-Mfeat__RCML,native_nonvacuity,E494,P142,P139,5,4,1+4,-4.438886279745553,-0.00021757968228766565,coarsening_improves
HandWritten-Mfeat__RCML,native_nonvacuity,E495,P142,P140,5,4,2+4,-9.40108536878516,0.0013987126635237436,coarsening_worsens
HandWritten-Mfeat__RCML,native_nonvacuity,E496,P142,P141,5,4,3+4,-5.908436003040094,5.326503581435066e-05,coarsening_worsens
HandWritten-Mfeat__RCML,native_nonvacuity,E497,P143,P015,3,2,0+1,-2.4533870094556978,0.0006153887711062764,coarsening_worsens
HandWritten-Mfeat__RCML,native_nonvacuity,E498,P143,P062,3,2,0+2,-8.987009101493452,0.023604401204560085,coarsening_worsens
HandWritten-Mfeat__RCML,native_nonvacuity,E499,P143,P099,3,2,1+2,-9.126325266260942,0.005287562458588558,coarsening_worsens
HandWritten-Mfeat__RCML,native_nonvacuity,E500,P144,P015,3,2,0+1,-5.011676483637169,0.0007204683970889262,coarsening_worsens
HandWritten-Mfeat__RCML,native_nonvacuity,E501,P144,P063,3,2,0+2,-9.102619964138256,8.243765576485425e-05,coarsening_worsens
HandWritten-Mfeat__RCML,native_nonvacuity,E502,P144,P100,3,2,1+2,-9.02594756044289,0.00025160692819527756,coarsening_worsens
HandWritten-Mfeat__RCML,native_nonvacuity,E503,P145,P016,3,2,0+1,-5.3302056792062835,0.0036898542981662827,coarsening_worsens
HandWritten-Mfeat__RCML,native_nonvacuity,E504,P145,P062,3,2,0+2,-5.081304935342945,0.023671901998795382,coarsening_worsens
HandWritten-Mfeat__RCML,native_nonvacuity,E505,P145,P100,3,2,1+2,-2.5619539201109127,0.00021402809644792458,coarsening_worsens
HandWritten-Mfeat__RCML,native_nonvacuity,E506,P146,P017,4,3,0+1,-5.3302056792062835,0.00010119368867862613,coarsening_worsens
HandWritten-Mfeat__RCML,native_nonvacuity,E507,P146,P064,4,3,0+2,-9.10261996413826,0.0,tie
HandWritten-Mfeat__RCML,native_nonvacuity,E508,P146,P101,4,3,1+2,-9.126325266260944,4.81224999557104e-05,coarsening_worsens
HandWritten-Mfeat__RCML,native_nonvacuity,E509,P146,P143,4,3,0+3,-5.495381202634654,0.00010507962598264987,coarsening_worsens
HandWritten-Mfeat__RCML,native_nonvacuity,E510,P146,P144,4,3,1+3,-2.937091728453183,0.0,tie
HandWritten-Mfeat__RCML,native_nonvacuity,E511,P146,P145,4,3,2+3,-9.40108536878516,3.757883174735297e-05,coarsening_worsens
HandWritten-Mfeat__RCML,native_nonvacuity,E512,P147,P015,3,2,0+1,-2.1646959108617416,0.00059376383617715,coarsening_worsens
HandWritten-Mfeat__RCML,native_nonvacuity,E513,P147,P065,3,2,0+2,-8.997959698176485,0.003406012291497357,coarsening_worsens
HandWritten-Mfeat__RCML,native_nonvacuity,E514,P147,P102,3,2,1+2,-9.010745550567187,0.004602215466770139,coarsening_worsens
HandWritten-Mfeat__RCML,native_nonvacuity,E515,P148,P015,3,2,0+1,-9.582439631611438,0.0005482023971339551,coarsening_worsens
HandWritten-Mfeat__RCML,native_nonvacuity,E516,P148,P066,3,2,0+2,-10.501787610067481,-0.0001722659999549712,coarsening_improves
HandWritten-Mfeat__RCML,native_nonvacuity,E517,P148,P103,3,2,1+2,-8.995104661736068,0.0013047993846268659,coarsening_worsens
HandWritten-Mfeat__RCML,native_nonvacuity,E518,P149,P016,3,2,0+1,-9.600474871499515,0.0029251583879526593,coarsening_worsens
HandWritten-Mfeat__RCML,native_nonvacuity,E519,P149,P065,3,2,0+2,-9.651215822913166,0.002730442110448157,coarsening_worsens
HandWritten-Mfeat__RCML,native_nonvacuity,E520,P149,P103,3,2,1+2,-2.2306170657230524,0.0006747906426208611,coarsening_worsens
HandWritten-Mfeat__RCML,native_nonvacuity,E521,P150,P017,4,3,0+1,-9.600474871499515,2.114058424694072e-05,coarsening_worsens
HandWritten-Mfeat__RCML,native_nonvacuity,E522,P150,P067,4,3,0+2,-10.50178761006748,-8.005310443168541e-05,coarsening_improves
HandWritten-Mfeat__RCML,native_nonvacuity,E523,P150,P104,4,3,1+2,-9.010745550567185,0.0007154929046684378,coarsening_worsens
HandWritten-Mfeat__RCML,native_nonvacuity,E524,P150,P147,4,3,0+3,-10.054341493521841,4.6651456480090894e-05,coarsening_worsens
HandWritten-Mfeat__RCML,native_nonvacuity,E525,P150,P148,4,3,1+3,-2.636597772772145,9.22128955232858e-05,coarsening_worsens
HandWritten-Mfeat__RCML,native_nonvacuity,E526,P150,P149,4,3,2+3,-9.40108536878516,0.0007222216375292906,coarsening_worsens
HandWritten-Mfeat__RCML,native_nonvacuity,E527,P151,P018,3,2,0+1,-2.510824393876632,0.00019732539939713539,coarsening_worsens
HandWritten-Mfeat__RCML,native_nonvacuity,E528,P151,P062,3,2,0+2,-4.9754259174192494,0.02365698778817998,coarsening_worsens
HandWritten-Mfeat__RCML,native_nonvacuity,E529,P151,P102,3,2,1+2,-5.2878534650869415,0.004676426985319162,coarsening_worsens
HandWritten-Mfeat__RCML,native_nonvacuity,E530,P152,P018,3,2,0+1,-9.628074158945292,-0.0001970807088847141,coarsening_improves
HandWritten-Mfeat__RCML,native_nonvacuity,E531,P152,P063,3,2,0+2,-9.649997070951244,-0.00036446149487974846,coarsening_improves
HandWritten-Mfeat__RCML,native_nonvacuity,E532,P152,P103,3,2,1+2,-4.971718620574787,0.0010301662339372345,coarsening_worsens
HandWritten-Mfeat__RCML,native_nonvacuity,E533,P153,P019,3,2,0+1,-9.742073164856446,0.003977517106961796,coarsening_worsens
HandWritten-Mfeat__RCML,native_nonvacuity,E534,P153,P062,3,2,0+2,-9.587578924933872,0.022790123371156792,coarsening_worsens
HandWritten-Mfeat__RCML,native_nonvacuity,E535,P153,P103,3,2,1+2,-2.466621863020748,0.0005577079251958966,coarsening_worsens
HandWritten-Mfeat__RCML,native_nonvacuity,E536,P154,P020,4,3,0+1,-9.742073164856441,-0.00027866938030147515,coarsening_improves
HandWritten-Mfeat__RCML,native_nonvacuity,E537,P154,P064,4,3,0+2,-9.649997070951244,-0.00032060571756518626,coarsening_improves
HandWritten-Mfeat__RCML,native_nonvacuity,E538,P154,P104,4,3,1+2,-5.287853465086938,0.0004749402915349369,coarsening_worsens
HandWritten-Mfeat__RCML,native_nonvacuity,E539,P154,P151,4,3,0+3,-10.05434149352184,-0.000268112675202433,coarsening_improves
HandWritten-Mfeat__RCML,native_nonvacuity,E540,P154,P152,4,3,1+3,-2.9370917284531792,0.00012629343307941644,coarsening_worsens
HandWritten-Mfeat__RCML,native_nonvacuity,E541,P154,P153,4,3,2+3,-5.442188486007218,0.0005987517418207543,coarsening_worsens
HandWritten-Mfeat__RCML,native_nonvacuity,E542,P155,P021,4,3,0+1,-2.510824393876634,0.0,tie
HandWritten-Mfeat__RCML,native_nonvacuity,E543,P155,P068,4,3,0+2,-8.997959698176487,0.0007591933219644068,coarsening_worsens
HandWritten-Mfeat__RCML,native_nonvacuity,E544,P155,P105,4,3,1+2,-9.126325266260944,0.0007592675214822623,coarsening_worsens
HandWritten-Mfeat__RCML,native_nonvacuity,E545,P155,P143,4,3,0+3,-5.522967417078945,0.00010507962598264987,coarsening_worsens
HandWritten-Mfeat__RCML,native_nonvacuity,E546,P155,P147,4,3,1+3,-5.811658515672901,0.0001267045609117763,coarsening_worsens
HandWritten-Mfeat__RCML,native_nonvacuity,E547,P155,P151,4,3,2+3,-9.534550601153146,5.249304236275323e-05,coarsening_worsens
HandWritten-Mfeat__RCML,native_nonvacuity,E548,P156,P021,4,3,0+1,-9.62807415894529,-3.4082483794622795e-05,coarsening_improves
HandWritten-Mfeat__RCML,native_nonvacuity,E549,P156,P069,4,3,0+2,-10.501787610067478,-3.4082483794622795e-05,coarsening_improves
HandWritten-Mfeat__RCML,native_nonvacuity,E550,P156,P106,4,3,1+2,-9.025947560442889,0.0005321074564990072,coarsening_worsens
HandWritten-Mfeat__RCML,native_nonvacuity,E551,P156,P144,4,3,0+3,-10.08192770796613,-3.4082483794622795e-05,coarsening_improves
HandWritten-Mfeat__RCML,native_nonvacuity,E552,P156,P148,4,3,1+3,-5.511164559991862,0.0001381835161603484,coarsening_worsens
HandWritten-Mfeat__RCML,native_nonvacuity,E553,P156,P152,4,3,2+3,-9.534550601153143,0.0004128166668499799,coarsening_worsens
HandWritten-Mfeat__RCML,native_nonvacuity,E554,P157,P022,4,3,0+1,-9.742073164856446,0.00021896195675133202,coarsening_worsens
HandWritten-Mfeat__RCML,native_nonvacuity,E555,P157,P068,4,3,0+2,-9.65121582291317,0.0003527144420859335,coarsening_worsens
HandWritten-Mfeat__RCML,native_nonvacuity,E556,P157,P106,4,3,1+2,-2.5619539201109145,0.00015971106041515675,coarsening_worsens
HandWritten-Mfeat__RCML,native_nonvacuity,E557,P157,P145,4,3,0+3,-10.081927707966134,-0.00036890004813112026,coarsening_improves
HandWritten-Mfeat__RCML,native_nonvacuity,E558,P157,P149,4,3,1+3,-5.811658515672903,0.00039579586208250277,coarsening_worsens
HandWritten-Mfeat__RCML,native_nonvacuity,E559,P157,P153,4,3,2+3,-5.575653718375207,0.0005128785795074672,coarsening_worsens
HandWritten-Mfeat__RCML,native_nonvacuity,E560,P158,P023,4,3,0+1,-9.742073164856446,1.2649913009835968e-05,coarsening_worsens
HandWritten-Mfeat__RCML,native_nonvacuity,E561,P158,P070,4,3,0+2,-10.501787610067481,-0.00012307591928512656,coarsening_improves
HandWritten-Mfeat__RCML,native_nonvacuity,E562,P158,P107,4,3,1+2,-9.126325266260942,0.0007636853410100669,coarsening_worsens
HandWritten-Mfeat__RCML,native_nonvacuity,E563,P158,P143,4,3,0+3,-9.668872907560694,-1.799629330247669e-05,coarsening_improves
HandWritten-Mfeat__RCML,native_nonvacuity,E564,P158,P148,4,3,1+3,-2.5398202854049536,4.9190080669844646e-05,coarsening_worsens
HandWritten-Mfeat__RCML,native_nonvacuity,E565,P158,P153,4,3,2+3,-9.068303084120274,0.0007962815401008139,coarsening_worsens
HandWritten-Mfeat__RCML,native_nonvacuity,E566,P159,P024,5,4,0+1,-9.74207316485644,1.6563408384308653e-05,coarsening_worsens
HandWritten-Mfeat__RCML,native_nonvacuity,E567,P159,P071,5,4,0+2,-10.501787610067478,-5.224482510524711e-06,coarsening_improves
HandWritten-Mfeat__RCML,native_nonvacuity,E568,P159,P108,5,4,1+2,-9.126325266260942,0.0003736808999449064,coarsening_worsens
HandWritten-Mfeat__RCML,native_nonvacuity,E569,P159,P146,5,4,0+3,-10.08192770796613,-5.224482510524711e-06,coarsening_improves
HandWritten-Mfeat__RCML,native_nonvacuity,E570,P159,P150,5,4,1+3,-5.8116585156728995,7.48286219211607e-05,coarsening_worsens
HandWritten-Mfeat__RCML,native_nonvacuity,E571,P159,P154,5,4,2+3,-9.534550601153146,0.00031538123505466155,coarsening_worsens
HandWritten-Mfeat__RCML,native_nonvacuity,E572,P159,P155,5,4,0+4,-10.05434149352184,-5.224482510524711e-06,coarsening_improves
HandWritten-Mfeat__RCML,native_nonvacuity,E573,P159,P156,5,4,1+4,-2.937091728453183,2.8858001284098086e-05,coarsening_worsens
HandWritten-Mfeat__RCML,native_nonvacuity,E574,P159,P157,5,4,2+4,-9.401085368785157,0.00040125439736794853,coarsening_worsens
HandWritten-Mfeat__RCML,native_nonvacuity,E575,P159,P158,5,4,3+4,-5.908436003040091,0.00011785143677460185,coarsening_worsens
HandWritten-Mfeat__RCML,native_nonvacuity,E576,P160,P025,3,2,0+1,-4.096711051912887,-0.013303229890371875,coarsening_improves
HandWritten-Mfeat__RCML,native_nonvacuity,E577,P160,P052,3,2,0+2,-3.2625423699299043,0.032918777896523005,coarsening_worsens
HandWritten-Mfeat__RCML,native_nonvacuity,E578,P160,P099,3,2,1+2,-5.0385427454103935,-0.010700892098668226,coarsening_improves
HandWritten-Mfeat__RCML,native_nonvacuity,E579,P161,P025,3,2,0+1,-5.153205974801988,0.0027824748636011702,coarsening_worsens
HandWritten-Mfeat__RCML,native_nonvacuity,E580,P161,P053,3,2,0+2,-5.495657083571132,0.002739240532681041,coarsening_worsens
HandWritten-Mfeat__RCML,native_nonvacuity,E581,P161,P100,3,2,1+2,-3.4363704882999713,0.00024377749892888864,coarsening_worsens
HandWritten-Mfeat__RCML,native_nonvacuity,E582,P162,P026,3,2,0+1,-6.361151181475337,0.00023977867107829055,coarsening_worsens
HandWritten-Mfeat__RCML,native_nonvacuity,E583,P162,P052,3,2,0+2,-4.981788717734581,0.04670262026165572,coarsening_worsens
HandWritten-Mfeat__RCML,native_nonvacuity,E584,P162,P100,3,2,1+2,-4.099121913215548,-0.0020580848899114383,coarsening_improves
HandWritten-Mfeat__RCML,native_nonvacuity,E585,P163,P027,4,3,0+1,-6.361151181475338,0.0017263623779061603,coarsening_worsens
HandWritten-Mfeat__RCML,native_nonvacuity,E586,P163,P054,4,3,0+2,-5.49565708357113,0.016418136669470607,coarsening_worsens
HandWritten-Mfeat__RCML,native_nonvacuity,E587,P163,P101,4,3,1+2,-5.038542745410394,2.6319938101130437e-05,coarsening_worsens
HandWritten-Mfeat__RCML,native_nonvacuity,E588,P163,P160,4,3,0+3,-5.495381202634653,0.016071731621384852,coarsening_worsens
HandWritten-Mfeat__RCML,native_nonvacuity,E589,P163,P161,4,3,1+3,-4.438886279745553,-1.3973132588191045e-05,coarsening_improves
HandWritten-Mfeat__RCML,native_nonvacuity,E590,P163,P162,4,3,2+3,-3.7761348548299765,0.0022878892562521362,coarsening_worsens
HandWritten-Mfeat__RCML,native_nonvacuity,E591,P164,P025,3,2,0+1,-2.8362930290822574,0.0008578920976167028,coarsening_worsens
HandWritten-Mfeat__RCML,native_nonvacuity,E592,P164,P055,3,2,0+2,-3.3185395360922163,0.005092328067310999,coarsening_worsens
HandWritten-Mfeat__RCML,native_nonvacuity,E593,P164,P102,3,2,1+2,-3.951236105479965,0.0027965078324310587,coarsening_worsens
HandWritten-Mfeat__RCML,native_nonvacuity,E594,P165,P025,3,2,0+1,-9.606756051558522,0.0020100756365342147,coarsening_worsens
HandWritten-Mfeat__RCML,native_nonvacuity,E595,P165,P056,3,2,0+2,-9.669780628084801,0.0012943723206973018,coarsening_worsens
HandWritten-Mfeat__RCML,native_nonvacuity,E596,P165,P103,3,2,1+2,-3.2883145183754134,0.0006968367282484927,coarsening_worsens
HandWritten-Mfeat__RCML,native_nonvacuity,E597,P166,P026,3,2,0+1,-9.659693449531899,0.0017938620815723617,coarsening_worsens
HandWritten-Mfeat__RCML,native_nonvacuity,E598,P166,P055,3,2,0+2,-9.596746174784084,0.006269131854949211,coarsening_worsens
HandWritten-Mfeat__RCML,native_nonvacuity,E599,P166,P103,3,2,1+2,-2.796058134591018,0.0007214569769691923,coarsening_worsens
HandWritten-Mfeat__RCML,native_nonvacuity,E600,P167,P027,4,3,0+1,-9.6596934495319,0.0012104352281082508,coarsening_worsens
HandWritten-Mfeat__RCML,native_nonvacuity,E601,P167,P057,4,3,0+2,-9.669780628084801,0.0013597678790685187,coarsening_worsens
HandWritten-Mfeat__RCML,native_nonvacuity,E602,P167,P104,4,3,1+2,-3.951236105479966,0.0002578162974476336,coarsening_worsens
HandWritten-Mfeat__RCML,native_nonvacuity,E603,P167,P164,4,3,0+3,-10.054341493521845,0.0013946824835983668,coarsening_worsens
HandWritten-Mfeat__RCML,native_nonvacuity,E604,P167,P165,4,3,1+3,-3.283878471045581,0.00024249894468085487,coarsening_worsens
HandWritten-Mfeat__RCML,native_nonvacuity,E605,P167,P166,4,3,2+3,-3.7761348548299765,0.0002178786959601553,coarsening_worsens
HandWritten-Mfeat__RCML,native_nonvacuity,E606,P168,P028,3,2,0+1,-4.121349852903641,-0.015722797648868303,coarsening_improves
HandWritten-Mfeat__RCML,native_nonvacuity,E607,P168,P052,3,2,0+2,-2.7921085738789433,0.032203596646648874,coarsening_worsens
HandWritten-Mfeat__RCML,native_nonvacuity,E608,P168,P102,3,2,1+2,-4.741220332259634,-0.01207979540543165,coarsening_improves
HandWritten-Mfeat__RCML,native_nonvacuity,E609,P169,P028,3,2,0+1,-9.73680506667993,0.00040684711382847334,coarsening_worsens
HandWritten-Mfeat__RCML,native_nonvacuity,E610,P169,P053,3,2,0+2,-9.584183578407359,0.002067999291530644,coarsening_worsens
HandWritten-Mfeat__RCML,native_nonvacuity,E611,P169,P103,3,2,1+2,-2.923290936455107,0.000797994714165051,coarsening_worsens
HandWritten-Mfeat__RCML,native_nonvacuity,E612,P170,P029,3,2,0+1,-10.363352738851395,0.0026156153120766848,coarsening_worsens
HandWritten-Mfeat__RCML,native_nonvacuity,E613,P170,P052,3,2,0+2,-9.57287346365885,0.04828758835674521,coarsening_worsens
HandWritten-Mfeat__RCML,native_nonvacuity,E614,P170,P103,3,2,1+2,-4.088600612458725,0.0007523416615646127,coarsening_worsens
HandWritten-Mfeat__RCML,native_nonvacuity,E615,P171,P030,4,3,0+1,-10.363352738851395,0.00221114973411955,coarsening_worsens
HandWritten-Mfeat__RCML,native_nonvacuity,E616,P171,P054,4,3,0+2,-9.584183578407357,0.016039357263373927,coarsening_worsens
HandWritten-Mfeat__RCML,native_nonvacuity,E617,P171,P104,4,3,1+2,-4.741220332259632,0.00039496404114886343,coarsening_worsens
HandWritten-Mfeat__RCML,native_nonvacuity,E618,P171,P168,4,3,0+3,-10.054341493521841,0.016408133465162303,coarsening_worsens
HandWritten-Mfeat__RCML,native_nonvacuity,E619,P171,P169,4,3,1+3,-4.438886279745553,0.0002784887024655264,coarsening_worsens
HandWritten-Mfeat__RCML,native_nonvacuity,E620,P171,P170,4,3,2+3,-3.273576603741935,0.00032414175506596473,coarsening_worsens
HandWritten-Mfeat__RCML,native_nonvacuity,E621,P172,P031,4,3,0+1,-4.121349852903641,-0.0012851942696044429,coarsening_improves
HandWritten-Mfeat__RCML,native_nonvacuity,E622,P172,P058,4,3,0+2,-3.318539536092219,0.0013138852539527172,coarsening_worsens
HandWritten-Mfeat__RCML,native_nonvacuity,E623,P172,P105,4,3,1+2,-5.038542745410394,-0.001037784333187344,coarsening_improves
HandWritten-Mfeat__RCML,native_nonvacuity,E624,P172,P160,4,3,0+3,-5.522967417078944,0.014296482328569827,coarsening_worsens
HandWritten-Mfeat__RCML,native_nonvacuity,E625,P172,P164,4,3,1+3,-6.7833854399095745,0.00013536034058125,coarsening_worsens
HandWritten-Mfeat__RCML,native_nonvacuity,E626,P172,P168,4,3,2+3,-5.993401213129905,0.015011663578443957,coarsening_worsens
HandWritten-Mfeat__RCML,native_nonvacuity,E627,P173,P031,4,3,0+1,-9.736805066679928,8.749528602383324e-05,coarsening_worsens
HandWritten-Mfeat__RCML,native_nonvacuity,E628,P173,P059,4,3,0+2,-9.6697806280848,0.00024700885895443585,coarsening_worsens
HandWritten-Mfeat__RCML,native_nonvacuity,E629,P173,P106,4,3,1+2,-3.4363704882999695,0.00014182764125229982,coarsening_worsens
HandWritten-Mfeat__RCML,native_nonvacuity,E630,P173,P161,4,3,0+3,-10.08192770796613,-0.00041653286977494125,coarsening_improves
HandWritten-Mfeat__RCML,native_nonvacuity,E631,P173,P165,4,3,1+3,-5.628377631209597,0.00035586635729201426,coarsening_worsens
HandWritten-Mfeat__RCML,native_nonvacuity,E632,P173,P169,4,3,2+3,-5.9934012131299035,0.00025470837137545597,coarsening_worsens
HandWritten-Mfeat__RCML,native_nonvacuity,E633,P174,P032,4,3,0+1,-10.363352738851397,0.00042982934925602846,coarsening_worsens
HandWritten-Mfeat__RCML,native_nonvacuity,E634,P174,P058,4,3,0+2,-9.596746174784085,0.002834217553870114,coarsening_worsens
HandWritten-Mfeat__RCML,native_nonvacuity,E635,P174,P106,4,3,1+2,-4.09912191321555,0.0002894703855414202,coarsening_worsens
HandWritten-Mfeat__RCML,native_nonvacuity,E636,P174,P162,4,3,0+3,-10.081927707966134,0.0020329722633545062,coarsening_worsens
HandWritten-Mfeat__RCML,native_nonvacuity,E637,P174,P166,4,3,1+3,-6.783385439909573,0.00047888885286043507,coarsening_worsens
HandWritten-Mfeat__RCML,native_nonvacuity,E638,P174,P170,4,3,2+3,-5.4908429620418655,0.00044800416826501466,coarsening_worsens
HandWritten-Mfeat__RCML,native_nonvacuity,E639,P175,P033,4,3,0+1,-10.363352738851397,0.0014328712505414494,coarsening_worsens
HandWritten-Mfeat__RCML,native_nonvacuity,E640,P175,P060,4,3,0+2,-9.669780628084801,0.015639242686445266,coarsening_worsens
HandWritten-Mfeat__RCML,native_nonvacuity,E641,P175,P107,4,3,1+2,-5.038542745410393,0.00033442581251954715,coarsening_worsens
HandWritten-Mfeat__RCML,native_nonvacuity,E642,P175,P160,4,3,0+3,-9.668872907560694,0.015541198735463788,coarsening_worsens
HandWritten-Mfeat__RCML,native_nonvacuity,E643,P175,P165,4,3,1+3,-4.158827907915059,0.00022789320855769808,coarsening_worsens
HandWritten-Mfeat__RCML,native_nonvacuity,E644,P175,P170,4,3,2+3,-3.3585418138317475,0.0001723882752415781,coarsening_worsens
HandWritten-Mfeat__RCML,native_nonvacuity,E645,P176,P034,5,4,0+1,-10.3633527388514,0.00012298538943251774,coarsening_worsens
HandWritten-Mfeat__RCML,native_nonvacuity,E646,P176,P061,5,4,0+2,-9.669780628084803,0.0014713493205438096,coarsening_worsens
HandWritten-Mfeat__RCML,native_nonvacuity,E647,P176,P108,5,4,1+2,-5.038542745410396,0.00017712748882106909,coarsening_worsens
HandWritten-Mfeat__RCML,native_nonvacuity,E648,P176,P163,5,4,0+3,-10.081927707966134,-0.00017997533177978206,coarsening_improves
HandWritten-Mfeat__RCML,native_nonvacuity,E649,P176,P167,5,4,1+3,-6.783385439909573,0.00033595181801812754,coarsening_worsens
HandWritten-Mfeat__RCML,native_nonvacuity,E650,P176,P171,5,4,2+3,-5.993401213129907,0.0001988040743168977,coarsening_worsens
HandWritten-Mfeat__RCML,native_nonvacuity,E651,P176,P172,5,4,0+4,-10.054341493521843,0.0015952739610352444,coarsening_worsens
HandWritten-Mfeat__RCML,native_nonvacuity,E652,P176,P173,5,4,1+4,-4.438886279745557,0.00022258440540696815,coarsening_worsens
HandWritten-Mfeat__RCML,native_nonvacuity,E653,P176,P174,5,4,2+4,-3.7761348548299765,7.494166111784778e-05,coarsening_worsens
HandWritten-Mfeat__RCML,native_nonvacuity,E654,P176,P175,5,4,3+4,-5.908436003040094,0.00035055755414128433,coarsening_worsens
HandWritten-Mfeat__RCML,native_nonvacuity,E655,P177,P035,4,3,0+1,-4.096711051912887,-0.0002711332643563362,coarsening_improves
HandWritten-Mfeat__RCML,native_nonvacuity,E656,P177,P072,4,3,0+2,-8.987009101493452,0.01855299427642981,coarsening_worsens
HandWritten-Mfeat__RCML,native_nonvacuity,E657,P177,P109,4,3,1+2,-9.73469720751308,0.006019121355322523,coarsening_worsens
HandWritten-Mfeat__RCML,native_nonvacuity,E658,P177,P126,4,3,0+3,-3.836611936487987,0.0002623961153988909,coarsening_worsens
HandWritten-Mfeat__RCML,native_nonvacuity,E659,P177,P143,4,3,1+3,-5.463746634664886,-0.00016605363837368631,coarsening_improves
HandWritten-Mfeat__RCML,native_nonvacuity,E660,P177,P160,4,3,2+3,-9.551529155515436,0.0158224009188831,coarsening_worsens
HandWritten-Mfeat__RCML,native_nonvacuity,E661,P178,P035,4,3,0+1,-5.153205974801988,0.0,tie
HandWritten-Mfeat__RCML,native_nonvacuity,E662,P178,P073,4,3,0+2,-9.10261996413826,0.0012176695614707802,coarsening_worsens
HandWritten-Mfeat__RCML,native_nonvacuity,E663,P178,P110,4,3,1+2,-9.106092921684741,0.001348126967573036,coarsening_worsens
HandWritten-Mfeat__RCML,native_nonvacuity,E664,P178,P127,4,3,0+3,-6.048785718812441,3.4067480349911164e-05,coarsening_worsens
HandWritten-Mfeat__RCML,native_nonvacuity,E665,P178,P144,4,3,1+3,-3.961952083372516,0.0,tie
HandWritten-Mfeat__RCML,native_nonvacuity,E666,P178,P161,4,3,2+3,-9.551529155515436,7.829429266388919e-06,coarsening_worsens
HandWritten-Mfeat__RCML,native_nonvacuity,E667,P179,P036,4,3,0+1,-6.361151181475337,0.006375744224839165,coarsening_worsens
HandWritten-Mfeat__RCML,native_nonvacuity,E668,P179,P072,4,3,0+2,-5.081304935342944,0.018198001268857674,coarsening_worsens
HandWritten-Mfeat__RCML,native_nonvacuity,E669,P179,P110,4,3,1+2,-4.143893832645132,0.0007220006956445649,coarsening_worsens
HandWritten-Mfeat__RCML,native_nonvacuity,E670,P179,P128,4,3,0+3,-6.048785718812438,0.015742499609654244,coarsening_worsens
HandWritten-Mfeat__RCML,native_nonvacuity,E671,P179,P145,4,3,1+3,-5.463746634664885,-0.0005885474401811181,coarsening_improves
HandWritten-Mfeat__RCML,native_nonvacuity,E672,P179,P162,4,3,2+3,-3.9265786415602495,0.001683565546178245,coarsening_worsens
HandWritten-Mfeat__RCML,native_nonvacuity,E673,P180,P037,4,3,0+1,-6.361151181475339,-4.719131263121703e-06,coarsening_improves
HandWritten-Mfeat__RCML,native_nonvacuity,E674,P180,P074,4,3,0+2,-9.10261996413826,0.0023083580859710375,coarsening_worsens
HandWritten-Mfeat__RCML,native_nonvacuity,E675,P180,P111,4,3,1+2,-9.73469720751308,-5.593112216691024e-05,coarsening_improves
HandWritten-Mfeat__RCML,native_nonvacuity,E676,P180,P126,4,3,0+3,-5.0818114919754045,0.00045056803947164317,coarsening_worsens
HandWritten-Mfeat__RCML,native_nonvacuity,E677,P180,P144,4,3,1+3,-4.1506567159708325,-8.29613402835839e-05,coarsening_improves
HandWritten-Mfeat__RCML,native_nonvacuity,E678,P180,P162,4,3,2+3,-9.077482363198175,0.0022267304778231323,coarsening_worsens
HandWritten-Mfeat__RCML,native_nonvacuity,E679,P181,P038,5,4,0+1,-6.361151181475343,0.0,tie
HandWritten-Mfeat__RCML,native_nonvacuity,E680,P181,P075,5,4,0+2,-9.10261996413826,0.00047901457686640284,coarsening_worsens
HandWritten-Mfeat__RCML,native_nonvacuity,E681,P181,P112,5,4,1+2,-9.73469720751308,0.000409557091464115,coarsening_worsens
HandWritten-Mfeat__RCML,native_nonvacuity,E682,P181,P129,5,4,0+3,-6.048785718812443,0.0,tie
HandWritten-Mfeat__RCML,native_nonvacuity,E683,P181,P146,5,4,1+3,-5.463746634664886,0.0,tie
HandWritten-Mfeat__RCML,native_nonvacuity,E684,P181,P163,5,4,2+3,-9.551529155515436,2.1802561854579964e-05,coarsening_worsens
HandWritten-Mfeat__RCML,native_nonvacuity,E685,P181,P177,5,4,0+4,-5.495381202634654,0.0002711332643563362,coarsening_worsens
HandWritten-Mfeat__RCML,native_nonvacuity,E686,P181,P178,5,4,1+4,-4.438886279745553,0.0,tie
HandWritten-Mfeat__RCML,native_nonvacuity,E687,P181,P179,5,4,2+4,-9.401085368785163,0.0006261262719284711,coarsening_worsens
HandWritten-Mfeat__RCML,native_nonvacuity,E688,P181,P180,5,4,3+4,-4.250181647147237,8.29613402835839e-05,coarsening_worsens
HandWritten-Mfeat__RCML,native_nonvacuity,E689,P182,P035,4,3,0+1,-2.8362930290822597,0.0,tie
HandWritten-Mfeat__RCML,native_nonvacuity,E690,P182,P076,4,3,0+2,-8.997959698176487,0.008083809515684276,coarsening_worsens
HandWritten-Mfeat__RCML,native_nonvacuity,E691,P182,P113,4,3,1+2,-9.071449419611216,0.008133013554630572,coarsening_worsens
HandWritten-Mfeat__RCML,native_nonvacuity,E692,P182,P130,4,3,0+3,-3.8895914538504783,7.828273652763605e-05,coarsening_worsens
HandWritten-Mfeat__RCML,native_nonvacuity,E693,P182,P147,4,3,1+3,-4.492019710428215,0.0001267045609117763,coarsening_worsens
HandWritten-Mfeat__RCML,native_nonvacuity,E694,P182,P164,4,3,2+3,-9.551529155515437,0.0019324121952508564,coarsening_worsens
HandWritten-Mfeat__RCML,native_nonvacuity,E695,P183,P035,4,3,0+1,-9.60675605155852,-0.0002653264534722057,coarsening_improves
HandWritten-Mfeat__RCML,native_nonvacuity,E696,P183,P077,4,3,0+2,-10.50178761006748,-0.0002653264534722057,coarsening_improves
HandWritten-Mfeat__RCML,native_nonvacuity,E697,P183,P114,4,3,1+2,-9.016723481391438,0.0013561828487757114,coarsening_worsens
HandWritten-Mfeat__RCML,native_nonvacuity,E698,P183,P131,4,3,0+3,-10.190632056015783,-0.0002653264534722057,coarsening_improves
HandWritten-Mfeat__RCML,native_nonvacuity,E699,P183,P148,4,3,1+3,-3.844739012154779,-9.306045351723452e-05,coarsening_improves
HandWritten-Mfeat__RCML,native_nonvacuity,E700,P183,P165,4,3,2+3,-9.551529155515434,0.0005149022028611387,coarsening_worsens
HandWritten-Mfeat__RCML,native_nonvacuity,E701,P184,P036,4,3,0+1,-9.659693449531893,0.006080675214933898,coarsening_worsens
HandWritten-Mfeat__RCML,native_nonvacuity,E702,P184,P076,4,3,0+2,-9.651215822913162,0.007162614233850537,coarsening_worsens
HandWritten-Mfeat__RCML,native_nonvacuity,E703,P184,P114,4,3,1+2,-2.8995165836518524,0.0007003140204141785,coarsening_worsens
HandWritten-Mfeat__RCML,native_nonvacuity,E704,P184,P132,4,3,0+3,-10.19063205601578,0.0006697895215165675,coarsening_worsens
HandWritten-Mfeat__RCML,native_nonvacuity,E705,P184,P149,4,3,1+3,-4.49201971042821,-0.0001189205398727626,coarsening_improves
HandWritten-Mfeat__RCML,native_nonvacuity,E706,P184,P166,4,3,2+3,-3.926578641560244,-0.00016558687422109375,coarsening_improves
HandWritten-Mfeat__RCML,native_nonvacuity,E707,P185,P037,4,3,0+1,-9.659693449531897,2.3017736275736235e-05,coarsening_worsens
HandWritten-Mfeat__RCML,native_nonvacuity,E708,P185,P078,4,3,0+2,-10.501787610067481,-5.522447274472596e-05,coarsening_improves
HandWritten-Mfeat__RCML,native_nonvacuity,E709,P185,P115,4,3,1+2,-9.071449419611215,0.0007158526677344013,coarsening_worsens
HandWritten-Mfeat__RCML,native_nonvacuity,E710,P185,P130,4,3,0+3,-9.693751300225081,2.3058263782910088e-05,coarsening_worsens
HandWritten-Mfeat__RCML,native_nonvacuity,E711,P185,P148,4,3,1+3,-2.8784358360531215,0.00011704152721024525,coarsening_worsens
HandWritten-Mfeat__RCML,native_nonvacuity,E712,P185,P166,4,3,2+3,-9.077482363198172,0.0007003839348679189,coarsening_worsens
HandWritten-Mfeat__RCML,native_nonvacuity,E713,P186,P038,5,4,0+1,-9.6596934495319,-0.00010685496128480659,coarsening_improves
HandWritten-Mfeat__RCML,native_nonvacuity,E714,P186,P079,5,4,0+2,-10.501787610067478,-0.00010685496128480659,coarsening_improves
HandWritten-Mfeat__RCML,native_nonvacuity,E715,P186,P116,5,4,1+2,-9.071449419611213,0.0007888837344466448,coarsening_worsens
HandWritten-Mfeat__RCML,native_nonvacuity,E716,P186,P133,5,4,0+3,-10.190632056015783,-0.00010685496128480659,coarsening_improves
HandWritten-Mfeat__RCML,native_nonvacuity,E717,P186,P150,5,4,1+3,-4.492019710428213,-2.6801856853121174e-05,coarsening_improves
HandWritten-Mfeat__RCML,native_nonvacuity,E718,P186,P167,5,4,2+3,-9.551529155515432,0.00043087475036768296,coarsening_worsens
HandWritten-Mfeat__RCML,native_nonvacuity,E719,P186,P182,5,4,0+4,-10.05434149352184,-0.00010685496128480659,coarsening_improves
HandWritten-Mfeat__RCML,native_nonvacuity,E720,P186,P183,5,4,1+4,-3.283878471045579,0.00015847149218739913,coarsening_worsens
HandWritten-Mfeat__RCML,native_nonvacuity,E721,P186,P184,5,4,2+4,-9.401085368785164,0.000814340320548932,coarsening_worsens
HandWritten-Mfeat__RCML,native_nonvacuity,E722,P186,P185,5,4,3+4,-4.250181647147237,-5.163048854008063e-05,coarsening_improves
HandWritten-Mfeat__RCML,native_nonvacuity,E723,P187,P039,4,3,0+1,-4.121349852903641,0.0003681878234673406,coarsening_worsens
HandWritten-Mfeat__RCML,native_nonvacuity,E724,P187,P072,4,3,0+2,-4.975425917419251,0.0180841257108598,coarsening_worsens
HandWritten-Mfeat__RCML,native_nonvacuity,E725,P187,P113,4,3,1+2,-6.320284258367644,0.007393011724704228,coarsening_worsens
HandWritten-Mfeat__RCML,native_nonvacuity,E726,P187,P134,4,3,0+3,-3.8895914538504766,0.001835217010240129,coarsening_worsens
HandWritten-Mfeat__RCML,native_nonvacuity,E727,P187,P151,4,3,1+3,-5.463746634664887,-0.0006875087875635909,coarsening_improves
HandWritten-Mfeat__RCML,native_nonvacuity,E728,P187,P168,4,3,2+3,-6.010379767492195,0.01606871360318722,coarsening_worsens
HandWritten-Mfeat__RCML,native_nonvacuity,E729,P188,P039,4,3,0+1,-9.736805066679928,0.0005498114028179064,coarsening_worsens
HandWritten-Mfeat__RCML,native_nonvacuity,E730,P188,P073,4,3,0+2,-9.649997070951244,0.0006592913108950019,coarsening_worsens
HandWritten-Mfeat__RCML,native_nonvacuity,E731,P188,P114,4,3,1+2,-5.11055051144789,0.001063131051672139,coarsening_worsens
HandWritten-Mfeat__RCML,native_nonvacuity,E732,P188,P135,4,3,0+3,-10.190632056015783,-0.0005583782505757783,coarsening_improves
HandWritten-Mfeat__RCML,native_nonvacuity,E733,P188,P152,4,3,1+3,-3.9619520833725126,-0.00011147909993117563,coarsening_improves
HandWritten-Mfeat__RCML,native_nonvacuity,E734,P188,P169,4,3,2+3,-6.010379767492193,0.00012069241984100781,coarsening_worsens
HandWritten-Mfeat__RCML,native_nonvacuity,E735,P189,P040,4,3,0+1,-10.363352738851395,0.0049879082260458904,coarsening_worsens
HandWritten-Mfeat__RCML,native_nonvacuity,E736,P189,P072,4,3,0+2,-9.587578924933869,0.017895723137232915,coarsening_worsens
HandWritten-Mfeat__RCML,native_nonvacuity,E737,P189,P114,4,3,1+2,-4.107248305186221,0.0006931048986946857,coarsening_worsens
HandWritten-Mfeat__RCML,native_nonvacuity,E738,P189,P136,4,3,0+3,-10.190632056015781,0.01528632804351099,coarsening_worsens
HandWritten-Mfeat__RCML,native_nonvacuity,E739,P189,P153,4,3,1+3,-5.463746634664883,-9.046944167290976e-06,coarsening_improves
HandWritten-Mfeat__RCML,native_nonvacuity,E740,P189,P170,4,3,2+3,-3.841767885226906,-0.00020368068053600702,coarsening_improves
HandWritten-Mfeat__RCML,native_nonvacuity,E741,P190,P041,4,3,0+1,-10.363352738851399,-0.00019182810463692183,coarsening_improves
HandWritten-Mfeat__RCML,native_nonvacuity,E742,P190,P074,4,3,0+2,-9.649997070951247,0.002125975806775635,coarsening_worsens
HandWritten-Mfeat__RCML,native_nonvacuity,E743,P190,P115,4,3,1+2,-6.320284258367645,0.0005057335210001408,coarsening_worsens
HandWritten-Mfeat__RCML,native_nonvacuity,E744,P190,P134,4,3,0+3,-9.693751300225083,0.002309875220687487,coarsening_worsens
HandWritten-Mfeat__RCML,native_nonvacuity,E745,P190,P152,4,3,1+3,-4.1506567159708325,0.00018155553116561628,coarsening_worsens
HandWritten-Mfeat__RCML,native_nonvacuity,E746,P190,P170,4,3,2+3,-5.033774724086895,0.00045938010353823805,coarsening_worsens
HandWritten-Mfeat__RCML,native_nonvacuity,E747,P191,P042,5,4,0+1,-10.3633527388514,-2.8729446757705878e-05,coarsening_improves
HandWritten-Mfeat__RCML,native_nonvacuity,E748,P191,P075,5,4,0+2,-9.649997070951247,0.00016221354219761463,coarsening_worsens
HandWritten-Mfeat__RCML,native_nonvacuity,E749,P191,P116,5,4,1+2,-6.320284258367643,0.0005789376610626632,coarsening_worsens
HandWritten-Mfeat__RCML,native_nonvacuity,E750,P191,P137,5,4,0+3,-10.190632056015785,-0.0003168010346687882,coarsening_improves
HandWritten-Mfeat__RCML,native_nonvacuity,E751,P191,P154,5,4,1+3,-5.46374663466489,3.8046828963980597e-06,coarsening_worsens
HandWritten-Mfeat__RCML,native_nonvacuity,E752,P191,P171,5,4,2+3,-6.010379767492196,8.378093328247153e-05,coarsening_worsens
HandWritten-Mfeat__RCML,native_nonvacuity,E753,P191,P187,5,4,0+4,-10.054341493521843,0.0004232007952575559,coarsening_worsens
HandWritten-Mfeat__RCML,native_nonvacuity,E754,P191,P188,5,4,1+4,-4.438886279745557,0.00024157721590699013,coarsening_worsens
HandWritten-Mfeat__RCML,native_nonvacuity,E755,P191,P189,5,4,2+4,-5.442188486007225,0.0006116033688844432,coarsening_worsens
HandWritten-Mfeat__RCML,native_nonvacuity,E756,P191,P190,5,4,3+4,-4.250181647147237,-5.145741518980179e-05,coarsening_improves
HandWritten-Mfeat__RCML,native_nonvacuity,E757,P192,P043,4,3,0+1,-4.121349852903638,-0.00029951046625684803,coarsening_improves
HandWritten-Mfeat__RCML,native_nonvacuity,E758,P192,P080,4,3,0+2,-8.997959698176484,0.0174572298485927,coarsening_worsens
HandWritten-Mfeat__RCML,native_nonvacuity,E759,P192,P117,4,3,1+2,-9.734697207513076,0.003332161144566793,coarsening_worsens
HandWritten-Mfeat__RCML,native_nonvacuity,E760,P192,P126,4,3,0+3,-2.9054468210470183,0.00023401891349837905,coarsening_worsens
HandWritten-Mfeat__RCML,native_nonvacuity,E761,P192,P147,4,3,1+3,-4.821272617817874,-0.00017280590534507172,coarsening_improves
HandWritten-Mfeat__RCML,native_nonvacuity,E762,P192,P168,4,3,2+3,-9.090797836125427,0.016509204966856716,coarsening_worsens
HandWritten-Mfeat__RCML,native_nonvacuity,E763,P193,P043,4,3,0+1,-9.736805066679928,-5.166358117916574e-05,coarsening_improves
HandWritten-Mfeat__RCML,native_nonvacuity,E764,P193,P081,4,3,0+2,-10.50178761006748,-5.166358117916574e-05,coarsening_improves
HandWritten-Mfeat__RCML,native_nonvacuity,E765,P193,P118,4,3,1+2,-9.106092921684738,0.0005972840107270075,coarsening_worsens
HandWritten-Mfeat__RCML,native_nonvacuity,E766,P193,P127,4,3,0+3,-9.676580894258661,-1.759610082925458e-05,coarsening_improves
HandWritten-Mfeat__RCML,native_nonvacuity,E767,P193,P148,4,3,1+3,-3.0189841108444675,0.00012060241877580546,coarsening_worsens
HandWritten-Mfeat__RCML,native_nonvacuity,E768,P193,P169,4,3,2+3,-9.090797836125429,0.0006274070892376204,coarsening_worsens
HandWritten-Mfeat__RCML,native_nonvacuity,E769,P194,P044,4,3,0+1,-10.363352738851395,0.0025055718341834314,coarsening_worsens
HandWritten-Mfeat__RCML,native_nonvacuity,E770,P194,P080,4,3,0+2,-9.651215822913166,0.01736211725298543,coarsening_worsens
HandWritten-Mfeat__RCML,native_nonvacuity,E771,P194,P118,4,3,1+2,-4.14389383264513,0.0002543245300420546,coarsening_worsens
HandWritten-Mfeat__RCML,native_nonvacuity,E772,P194,P128,4,3,0+3,-9.67658089425866,0.015974002819718596,coarsening_worsens
HandWritten-Mfeat__RCML,native_nonvacuity,E773,P194,P149,4,3,1+3,-4.8212726178178755,0.0004076516800968574,coarsening_worsens
HandWritten-Mfeat__RCML,native_nonvacuity,E774,P194,P170,4,3,2+3,-2.963289071082203,0.00033010066115310584,coarsening_worsens
HandWritten-Mfeat__RCML,native_nonvacuity,E775,P195,P045,4,3,0+1,-10.363352738851399,5.9702085132311145e-05,coarsening_worsens
HandWritten-Mfeat__RCML,native_nonvacuity,E776,P195,P082,4,3,0+2,-10.50178761006748,-4.355622081625073e-06,coarsening_improves
HandWritten-Mfeat__RCML,native_nonvacuity,E777,P195,P119,4,3,1+2,-9.734697207513078,0.0007270564260696226,coarsening_worsens
HandWritten-Mfeat__RCML,native_nonvacuity,E778,P195,P126,4,3,0+3,-9.606101636711873,0.000529173757673602,coarsening_worsens
HandWritten-Mfeat__RCML,native_nonvacuity,E779,P195,P148,4,3,1+3,-4.1041837127330325,0.00016791037787334612,coarsening_worsens
HandWritten-Mfeat__RCML,native_nonvacuity,E780,P195,P170,4,3,2+3,-9.010687762010376,0.0007203681009355994,coarsening_worsens
HandWritten-Mfeat__RCML,native_nonvacuity,E781,P196,P046,5,4,0+1,-10.363352738851397,0.0,tie
HandWritten-Mfeat__RCML,native_nonvacuity,E782,P196,P083,5,4,0+2,-10.501787610067481,0.0,tie
HandWritten-Mfeat__RCML,native_nonvacuity,E783,P196,P120,5,4,1+2,-9.734697207513083,0.00040254121880903835,coarsening_worsens
HandWritten-Mfeat__RCML,native_nonvacuity,E784,P196,P129,5,4,0+3,-9.676580894258667,0.0,tie
HandWritten-Mfeat__RCML,native_nonvacuity,E785,P196,P150,5,4,1+3,-4.821272617817879,8.005310443168541e-05,coarsening_worsens
HandWritten-Mfeat__RCML,native_nonvacuity,E786,P196,P171,5,4,2+3,-9.090797836125432,0.00040058196795125973,coarsening_worsens
HandWritten-Mfeat__RCML,native_nonvacuity,E787,P196,P192,5,4,0+4,-10.054341493521846,0.00029951046625684803,coarsening_worsens
HandWritten-Mfeat__RCML,native_nonvacuity,E788,P196,P193,5,4,1+4,-4.438886279745557,5.166358117916574e-05,coarsening_worsens
HandWritten-Mfeat__RCML,native_nonvacuity,E789,P196,P194,5,4,2+4,-9.401085368785164,0.0003946230618641186,coarsening_worsens
HandWritten-Mfeat__RCML,native_nonvacuity,E790,P196,P195,5,4,3+4,-3.3536866778569916,4.355622081625073e-06,coarsening_worsens
HandWritten-Mfeat__RCML,native_nonvacuity,E791,P197,P047,5,4,0+1,-4.121349852903641,-0.0002767138328548096,coarsening_improves
HandWritten-Mfeat__RCML,native_nonvacuity,E792,P197,P084,5,4,0+2,-8.997959698176484,0.0023838533137544075,coarsening_worsens
HandWritten-Mfeat__RCML,native_nonvacuity,E793,P197,P121,5,4,1+2,-9.734697207513078,0.0010865083315782596,coarsening_worsens
HandWritten-Mfeat__RCML,native_nonvacuity,E794,P197,P138,5,4,0+3,-3.889591453850475,0.00010212381287005661,coarsening_worsens
HandWritten-Mfeat__RCML,native_nonvacuity,E795,P197,P155,5,4,1+3,-5.463746634664883,-0.0002767138328548096,coarsening_improves
HandWritten-Mfeat__RCML,native_nonvacuity,E796,P197,P172,5,4,2+3,-9.551529155515432,0.001520338021814797,coarsening_worsens
HandWritten-Mfeat__RCML,native_nonvacuity,E797,P197,P177,5,4,0+4,-5.522967417078942,-5.580568498473378e-06,coarsening_improves
HandWritten-Mfeat__RCML,native_nonvacuity,E798,P197,P182,5,4,1+4,-6.783385439909569,-0.0002767138328548096,coarsening_improves
HandWritten-Mfeat__RCML,native_nonvacuity,E799,P197,P187,5,4,2+4,-9.534550601153143,0.00046328799707153455,coarsening_worsens
HandWritten-Mfeat__RCML,native_nonvacuity,E800,P197,P192,5,4,3+4,-6.45413253251991,2.279663340203845e-05,coarsening_worsens
HandWritten-Mfeat__RCML,native_nonvacuity,E801,P198,P047,5,4,0+1,-9.736805066679931,-0.0001357363344227049,coarsening_improves
HandWritten-Mfeat__RCML,native_nonvacuity,E802,P198,P085,5,4,0+2,-10.501787610067481,-0.0001357363344227049,coarsening_improves
HandWritten-Mfeat__RCML,native_nonvacuity,E803,P198,P122,5,4,1+2,-9.106092921684741,0.0004961240130157304,coarsening_worsens
HandWritten-Mfeat__RCML,native_nonvacuity,E804,P198,P139,5,4,0+3,-10.190632056015783,-4.1427587557775296e-05,coarsening_improves
HandWritten-Mfeat__RCML,native_nonvacuity,E805,P198,P156,5,4,1+3,-3.961952083372516,-0.0001016538506280821,coarsening_improves
HandWritten-Mfeat__RCML,native_nonvacuity,E806,P198,P173,5,4,2+3,-9.551529155515436,0.00028862596461862525,coarsening_worsens
HandWritten-Mfeat__RCML,native_nonvacuity,E807,P198,P178,5,4,0+4,-10.08192770796613,-0.0001357363344227049,coarsening_improves
HandWritten-Mfeat__RCML,native_nonvacuity,E808,P198,P183,5,4,1+4,-5.628377631209599,0.00012959011904950082,coarsening_worsens
HandWritten-Mfeat__RCML,native_nonvacuity,E809,P198,P188,5,4,2+4,-9.534550601153146,0.0004226419161530734,coarsening_worsens
HandWritten-Mfeat__RCML,native_nonvacuity,E810,P198,P193,5,4,3+4,-6.45413253251991,-8.407275324353916e-05,coarsening_improves
HandWritten-Mfeat__RCML,native_nonvacuity,E811,P199,P048,5,4,0+1,-10.363352738851393,0.0006369920700844427,coarsening_worsens
HandWritten-Mfeat__RCML,native_nonvacuity,E812,P199,P084,5,4,0+2,-9.651215822913162,0.0022243381468219337,coarsening_worsens
HandWritten-Mfeat__RCML,native_nonvacuity,E813,P199,P122,5,4,1+2,-4.14389383264513,0.00019563134765115232,coarsening_worsens
HandWritten-Mfeat__RCML,native_nonvacuity,E814,P199,P140,5,4,0+3,-10.19063205601578,0.001274372092889056,coarsening_worsens
HandWritten-Mfeat__RCML,native_nonvacuity,E815,P199,P157,5,4,1+3,-5.463746634664879,-2.9750119908809815e-05,coarsening_improves
HandWritten-Mfeat__RCML,native_nonvacuity,E816,P199,P174,5,4,2+3,-3.926578641560244,-0.00015950944503507325,coarsening_improves
HandWritten-Mfeat__RCML,native_nonvacuity,E817,P199,P179,5,4,0+4,-10.081927707966129,0.00018989727214118807,coarsening_worsens
HandWritten-Mfeat__RCML,native_nonvacuity,E818,P199,P184,5,4,1+4,-6.783385439909573,0.00048496628204645556,coarsening_worsens
HandWritten-Mfeat__RCML,native_nonvacuity,E819,P199,P189,5,4,2+4,-5.575653718375204,0.0004921754037659485,coarsening_worsens
HandWritten-Mfeat__RCML,native_nonvacuity,E820,P199,P194,5,4,3+4,-6.454132532519907,-4.160593792316443e-05,coarsening_improves
HandWritten-Mfeat__RCML,native_nonvacuity,E821,P200,P049,5,4,0+1,-10.363352738851393,0.0,tie
HandWritten-Mfeat__RCML,native_nonvacuity,E822,P200,P086,5,4,0+2,-10.501787610067481,0.0,tie
HandWritten-Mfeat__RCML,native_nonvacuity,E823,P200,P123,5,4,1+2,-9.73469720751308,0.0003148779907911154,coarsening_worsens
HandWritten-Mfeat__RCML,native_nonvacuity,E824,P200,P138,5,4,0+3,-9.693751300225081,0.0003788376457248662,coarsening_worsens
HandWritten-Mfeat__RCML,native_nonvacuity,E825,P200,P156,5,4,1+3,-4.1506567159708325,3.4082483794622795e-05,coarsening_worsens
HandWritten-Mfeat__RCML,native_nonvacuity,E826,P200,P174,5,4,2+3,-9.077482363198172,0.0002767195547522098,coarsening_worsens
HandWritten-Mfeat__RCML,native_nonvacuity,E827,P200,P180,5,4,0+4,-10.08192770796613,8.29613402835839e-05,coarsening_worsens
HandWritten-Mfeat__RCML,native_nonvacuity,E828,P200,P185,5,4,1+4,-6.783385439909573,5.522447274472596e-05,coarsening_worsens
HandWritten-Mfeat__RCML,native_nonvacuity,E829,P200,P190,5,4,2+4,-9.534550601153143,0.0002653436194789864,coarsening_worsens
HandWritten-Mfeat__RCML,native_nonvacuity,E830,P200,P195,5,4,3+4,-5.557637563229662,4.355622081625073e-06,coarsening_worsens
HandWritten-Mfeat__RCML,native_nonvacuity,E831,P201,P050,5,4,0+1,-10.363352738851397,-9.07679856208756e-05,coarsening_improves
HandWritten-Mfeat__RCML,native_nonvacuity,E832,P201,P087,5,4,0+2,-10.501787610067474,-9.07679856208756e-05,coarsening_improves
HandWritten-Mfeat__RCML,native_nonvacuity,E833,P201,P124,5,4,1+2,-9.734697207513076,0.0008467088066490722,coarsening_worsens
HandWritten-Mfeat__RCML,native_nonvacuity,E834,P201,P141,5,4,0+3,-10.190632056015783,0.0002743854793460703,coarsening_worsens
HandWritten-Mfeat__RCML,native_nonvacuity,E835,P201,P158,5,4,1+3,-5.463746634664883,3.230793366425096e-05,coarsening_worsens
HandWritten-Mfeat__RCML,native_nonvacuity,E836,P201,P175,5,4,2+3,-9.551529155515432,0.00046156746215477075,coarsening_worsens
HandWritten-Mfeat__RCML,native_nonvacuity,E837,P201,P177,5,4,0+4,-9.66887290756069,0.0001803652787354606,coarsening_worsens
HandWritten-Mfeat__RCML,native_nonvacuity,E838,P201,P183,5,4,1+4,-4.158827907915057,0.0001745584678513301,coarsening_worsens
HandWritten-Mfeat__RCML,native_nonvacuity,E839,P201,P189,5,4,2+4,-9.068303084120274,0.0008376364179323559,coarsening_worsens
HandWritten-Mfeat__RCML,native_nonvacuity,E840,P201,P195,5,4,3+4,-3.899383207336804,-8.641236353925053e-05,coarsening_improves
HandWritten-Mfeat__RCML,native_nonvacuity,E841,P202,P051,6,5,0+1,-10.363352738851393,0.0,tie
HandWritten-Mfeat__RCML,native_nonvacuity,E842,P202,P088,6,5,0+2,-10.501787610067474,0.0,tie
HandWritten-Mfeat__RCML,native_nonvacuity,E843,P202,P125,6,5,1+2,-9.734697207513072,0.0004143335322418949,coarsening_worsens
HandWritten-Mfeat__RCML,native_nonvacuity,E844,P202,P142,6,5,0+3,-10.19063205601578,0.00031188842915259526,coarsening_worsens
HandWritten-Mfeat__RCML,native_nonvacuity,E845,P202,P159,6,5,1+3,-5.463746634664883,5.224482510524711e-06,coarsening_worsens
HandWritten-Mfeat__RCML,native_nonvacuity,E846,P202,P176,6,5,2+3,-9.551529155515428,0.00020177789363436203,coarsening_worsens
HandWritten-Mfeat__RCML,native_nonvacuity,E847,P202,P181,6,5,0+4,-10.081927707966127,0.0,tie
HandWritten-Mfeat__RCML,native_nonvacuity,E848,P202,P186,6,5,1+4,-6.783385439909569,0.00010685496128480659,coarsening_worsens
HandWritten-Mfeat__RCML,native_nonvacuity,E849,P202,P191,6,5,2+4,-9.53455060115314,0.0003168010346687882,coarsening_worsens
HandWritten-Mfeat__RCML,native_nonvacuity,E850,P202,P196,6,5,3+4,-6.454132532519903,0.0,tie
HandWritten-Mfeat__RCML,native_nonvacuity,E851,P202,P197,6,5,0+5,-10.05434149352184,0.0002767138328548096,coarsening_worsens
HandWritten-Mfeat__RCML,native_nonvacuity,E852,P202,P198,6,5,1+5,-4.4388862797455495,0.0001357363344227049,coarsening_worsens
HandWritten-Mfeat__RCML,native_nonvacuity,E853,P202,P199,6,5,2+5,-9.40108536878516,0.00043622899978728306,coarsening_worsens
HandWritten-Mfeat__RCML,native_nonvacuity,E854,P202,P200,6,5,3+5,-4.250181647147233,0.0,tie
HandWritten-Mfeat__RCML,native_nonvacuity,E855,P202,P201,6,5,4+5,-5.908436003040091,9.07679856208756e-05,coarsening_worsens
HandWritten-Mfeat__RCML,posterior_confidence,E000,P001,P000,2,1,0+1,-2.6158029832016387,0.004998649182117372,coarsening_worsens
HandWritten-Mfeat__RCML,posterior_confidence,E001,P002,P000,2,1,0+1,-5.463387577685839,0.015279586430152656,coarsening_worsens
HandWritten-Mfeat__RCML,posterior_confidence,E002,P003,P000,2,1,0+1,-2.368017619883079,0.011421516241220356,coarsening_worsens
HandWritten-Mfeat__RCML,posterior_confidence,E003,P004,P001,3,2,0+1,-5.660650639721533,0.010823659256026337,coarsening_worsens
HandWritten-Mfeat__RCML,posterior_confidence,E004,P004,P002,3,2,0+2,-2.813066045237333,0.0005427220079910532,coarsening_worsens
HandWritten-Mfeat__RCML,posterior_confidence,E005,P004,P003,3,2,1+2,-5.908436003040093,0.004400792196923352,coarsening_worsens
HandWritten-Mfeat__RCML,posterior_confidence,E006,P005,P000,2,1,0+1,-3.816357371156389,-0.015075921000693809,coarsening_improves
HandWritten-Mfeat__RCML,posterior_confidence,E007,P006,P000,2,1,0+1,-2.780631803898343,0.014313082628796237,coarsening_worsens
HandWritten-Mfeat__RCML,posterior_confidence,E008,P007,P001,3,2,0+1,-4.415010467843942,0.004747226938304958,coarsening_worsens
HandWritten-Mfeat__RCML,posterior_confidence,E009,P007,P005,3,2,0+2,-3.2144560798891915,0.024821797121116138,coarsening_worsens
HandWritten-Mfeat__RCML,posterior_confidence,E010,P007,P006,3,2,1+2,-4.250181647147238,-0.004567206508373906,coarsening_improves
HandWritten-Mfeat__RCML,posterior_confidence,E011,P008,P000,2,1,0+1,-2.8555664210866434,0.01148126008910719,coarsening_worsens
HandWritten-Mfeat__RCML,posterior_confidence,E012,P009,P000,2,1,0+1,-3.2294849678298476,0.013924448848123725,coarsening_worsens
HandWritten-Mfeat__RCML,posterior_confidence,E013,P010,P001,3,2,0+1,-3.967368662485198,0.00842330566754771,coarsening_worsens
HandWritten-Mfeat__RCML,posterior_confidence,E014,P010,P008,3,2,0+2,-3.7276052246001936,0.001940694760557892,coarsening_worsens
HandWritten-Mfeat__RCML,posterior_confidence,E015,P010,P009,3,2,1+2,-3.353686677856989,-0.000502493998458641,coarsening_improves
HandWritten-Mfeat__RCML,posterior_confidence,E016,P011,P002,3,2,0+1,-3.8463113759207133,-0.00027713344161440416,coarsening_improves
HandWritten-Mfeat__RCML,posterior_confidence,E017,P011,P005,3,2,0+2,-5.493341582450163,0.03007837398923206,coarsening_worsens
HandWritten-Mfeat__RCML,posterior_confidence,E018,P011,P008,3,2,1+2,-6.454132532519909,0.0035211928994310603,coarsening_worsens
HandWritten-Mfeat__RCML,posterior_confidence,E019,P012,P002,3,2,0+1,-3.3237349533736698,0.0006068033352710789,coarsening_worsens
HandWritten-Mfeat__RCML,posterior_confidence,E020,P012,P006,3,2,0+2,-6.006490727161165,0.001573307136627498,coarsening_worsens
HandWritten-Mfeat__RCML,posterior_confidence,E021,P012,P009,3,2,1+2,-5.557637563229661,0.00196194091730001,coarsening_worsens
HandWritten-Mfeat__RCML,posterior_confidence,E022,P013,P003,3,2,0+1,-4.760850555283574,-0.0009694037558320564,coarsening_improves
HandWritten-Mfeat__RCML,posterior_confidence,E023,P013,P005,3,2,0+2,-3.312510804010264,0.02552803348608211,coarsening_worsens
HandWritten-Mfeat__RCML,posterior_confidence,E024,P013,P009,3,2,1+2,-3.8993832073368058,-0.003472336362735424,coarsening_improves
HandWritten-Mfeat__RCML,posterior_confidence,E025,P014,P004,4,3,0+1,-4.760850555283573,-0.00014854333491077498,coarsening_improves
HandWritten-Mfeat__RCML,posterior_confidence,E026,P014,P007,4,3,0+2,-6.0064907271611645,0.005927888982810603,coarsening_worsens
HandWritten-Mfeat__RCML,posterior_confidence,E027,P014,P010,4,3,1+2,-6.454132532519909,0.0022518102535678502,coarsening_worsens
HandWritten-Mfeat__RCML,posterior_confidence,E028,P014,P011,4,3,0+3,-3.727605224600193,0.0006713121146946823,coarsening_worsens
HandWritten-Mfeat__RCML,posterior_confidence,E029,P014,P012,4,3,1+3,-4.250181647147237,-0.0002126246621908007,coarsening_improves
HandWritten-Mfeat__RCML,posterior_confidence,E030,P014,P013,4,3,2+3,-5.908436003040092,0.005221652617844633,coarsening_worsens
HandWritten-Mfeat__RCML,posterior_confidence,E031,P015,P000,2,1,0+1,-8.974920833914146,0.015980064769732693,coarsening_worsens
HandWritten-Mfeat__RCML,posterior_confidence,E032,P016,P000,2,1,0+1,-2.1923979980130524,0.01375616147897622,coarsening_worsens
HandWritten-Mfeat__RCML,posterior_confidence,E033,P017,P001,3,2,0+1,-8.977680383596574,0.01098228444804422,coarsening_worsens
HandWritten-Mfeat__RCML,posterior_confidence,E034,P017,P015,3,2,0+2,-2.6185625328840683,8.688604288996371e-07,coarsening_worsens
HandWritten-Mfeat__RCML,posterior_confidence,E035,P017,P016,3,2,1+2,-9.40108536878516,0.002224772151185373,coarsening_worsens
HandWritten-Mfeat__RCML,posterior_confidence,E036,P018,P000,2,1,0+1,-4.9059002654190085,0.015971366480037403,coarsening_worsens
HandWritten-Mfeat__RCML,posterior_confidence,E037,P019,P000,2,1,0+1,-2.2868045019538172,0.013260255548830613,coarsening_worsens
HandWritten-Mfeat__RCML,posterior_confidence,E038,P020,P001,3,2,0+1,-5.113190004759401,0.01098228444804422,coarsening_worsens
HandWritten-Mfeat__RCML,posterior_confidence,E039,P020,P018,3,2,0+2,-2.8230927225420315,9.567150124188193e-06,coarsening_worsens
HandWritten-Mfeat__RCML,posterior_confidence,E040,P020,P019,3,2,1+2,-5.442188486007223,0.002720678081330979,coarsening_worsens
HandWritten-Mfeat__RCML,posterior_confidence,E041,P021,P002,3,2,0+1,-8.977063288886315,0.0007013472000089368,coarsening_worsens
HandWritten-Mfeat__RCML,posterior_confidence,E042,P021,P015,3,2,0+2,-5.465530032658009,8.688604288996371e-07,coarsening_worsens
HandWritten-Mfeat__RCML,posterior_confidence,E043,P021,P018,3,2,1+2,-9.534550601153146,9.567150124188193e-06,coarsening_worsens
HandWritten-Mfeat__RCML,posterior_confidence,E044,P022,P002,3,2,0+1,-2.399070642643185,0.0005195710431466045,coarsening_worsens
HandWritten-Mfeat__RCML,posterior_confidence,E045,P022,P016,3,2,0+2,-5.670060222315971,0.0020429959943230407,coarsening_worsens
HandWritten-Mfeat__RCML,posterior_confidence,E046,P022,P019,3,2,1+2,-5.575653718375206,0.0025389019244686467,coarsening_worsens
HandWritten-Mfeat__RCML,posterior_confidence,E047,P023,P003,3,2,0+1,-8.98708996619101,0.004559417388941236,coarsening_worsens
HandWritten-Mfeat__RCML,posterior_confidence,E048,P023,P015,3,2,0+2,-2.380186752159945,8.688604288996371e-07,coarsening_worsens
HandWritten-Mfeat__RCML,posterior_confidence,E049,P023,P019,3,2,1+2,-9.068303084120274,0.002720678081330979,coarsening_worsens
HandWritten-Mfeat__RCML,posterior_confidence,E050,P024,P004,4,3,0+1,-8.987089966191016,0.00015862519201788363,coarsening_worsens
HandWritten-Mfeat__RCML,posterior_confidence,E051,P024,P017,4,3,0+2,-5.670060222315975,0.0,tie
HandWritten-Mfeat__RCML,posterior_confidence,E052,P024,P020,4,3,1+2,-9.534550601153148,0.0,tie
HandWritten-Mfeat__RCML,posterior_confidence,E053,P024,P021,4,3,0+3,-2.823092722542034,0.0,tie
HandWritten-Mfeat__RCML,posterior_confidence,E054,P024,P022,4,3,1+3,-9.401085368785164,0.00018177615686233232,coarsening_worsens
HandWritten-Mfeat__RCML,posterior_confidence,E055,P024,P023,4,3,2+3,-5.908436003040098,0.0,tie
HandWritten-Mfeat__RCML,posterior_confidence,E056,P025,P000,2,1,0+1,-3.243814270606407,0.013626448131073044,coarsening_worsens
HandWritten-Mfeat__RCML,posterior_confidence,E057,P026,P000,2,1,0+1,-2.6986204888486345,0.013931908995306955,coarsening_worsens
HandWritten-Mfeat__RCML,posterior_confidence,E058,P027,P001,3,2,0+1,-3.8589523604769704,0.009725317962518177,coarsening_worsens
HandWritten-Mfeat__RCML,posterior_confidence,E059,P027,P025,3,2,0+2,-3.2309410730722026,0.001097519013562504,coarsening_worsens
HandWritten-Mfeat__RCML,posterior_confidence,E060,P027,P026,3,2,1+2,-3.776134854829975,0.0007920581493285946,coarsening_worsens
HandWritten-Mfeat__RCML,posterior_confidence,E061,P028,P000,2,1,0+1,-2.748741673564692,0.014913268045762162,coarsening_worsens
HandWritten-Mfeat__RCML,posterior_confidence,E062,P029,P000,2,1,0+1,-3.2875036773968445,0.013106601472714965,coarsening_worsens
HandWritten-Mfeat__RCML,posterior_confidence,E063,P030,P001,3,2,0+1,-3.9452772979371407,0.009515014447293472,coarsening_worsens
HandWritten-Mfeat__RCML,posterior_confidence,E064,P030,P028,3,2,0+2,-3.8123386075740875,-0.0003996044163513167,coarsening_improves
HandWritten-Mfeat__RCML,posterior_confidence,E065,P030,P029,3,2,1+2,-3.273576603741935,0.001407062156695879,coarsening_worsens
HandWritten-Mfeat__RCML,posterior_confidence,E066,P031,P002,3,2,0+1,-3.2787553090087584,0.0005784534919297457,coarsening_worsens
HandWritten-Mfeat__RCML,posterior_confidence,E067,P031,P025,3,2,0+2,-5.498328616088191,0.0022315917910093568,coarsening_worsens
HandWritten-Mfeat__RCML,posterior_confidence,E068,P031,P028,3,2,1+2,-5.993401213129905,0.0009447718763202397,coarsening_worsens
HandWritten-Mfeat__RCML,posterior_confidence,E069,P032,P002,3,2,0+1,-3.3149590617528695,0.0006349384077797681,coarsening_worsens
HandWritten-Mfeat__RCML,posterior_confidence,E070,P032,P026,3,2,0+2,-6.079726150590075,0.00198261584262547,coarsening_worsens
HandWritten-Mfeat__RCML,posterior_confidence,E071,P032,P029,3,2,1+2,-5.490842962041864,0.002807923365217458,coarsening_worsens
HandWritten-Mfeat__RCML,posterior_confidence,E072,P033,P003,3,2,0+1,-4.278027871345511,0.0031744758249745712,coarsening_worsens
HandWritten-Mfeat__RCML,posterior_confidence,E073,P033,P025,3,2,0+2,-3.4022312206221836,0.0009695439351218834,coarsening_worsens
HandWritten-Mfeat__RCML,posterior_confidence,E074,P033,P029,3,2,1+2,-3.3585418138317458,0.0014893905934799624,coarsening_worsens
HandWritten-Mfeat__RCML,posterior_confidence,E075,P034,P004,4,3,0+1,-4.278027871345509,0.00015862519201788363,coarsening_worsens
HandWritten-Mfeat__RCML,posterior_confidence,E076,P034,P027,4,3,0+2,-6.079726150590072,0.0012569664855260438,coarsening_worsens
HandWritten-Mfeat__RCML,posterior_confidence,E077,P034,P030,4,3,1+2,-5.993401213129902,0.0014672700007507477,coarsening_worsens
HandWritten-Mfeat__RCML,posterior_confidence,E078,P034,P031,4,3,0+3,-3.812338607574084,0.00012289370807919115,coarsening_worsens
HandWritten-Mfeat__RCML,posterior_confidence,E079,P034,P032,4,3,1+3,-3.776134854829973,6.640879222916864e-05,coarsening_worsens
HandWritten-Mfeat__RCML,posterior_confidence,E080,P034,P033,4,3,2+3,-5.908436003040091,0.0013849415639666644,coarsening_worsens
HandWritten-Mfeat__RCML,posterior_confidence,E081,P035,P005,3,2,0+1,-8.978986054965453,0.0310568546308554,coarsening_worsens
HandWritten-Mfeat__RCML,posterior_confidence,E082,P035,P015,3,2,0+2,-3.820422592207697,8.688604288996371e-07,coarsening_worsens
HandWritten-Mfeat__RCML,posterior_confidence,E083,P035,P025,3,2,1+2,-9.551529155515436,0.0023544854990885477,coarsening_worsens
HandWritten-Mfeat__RCML,posterior_confidence,E084,P036,P005,3,2,0+1,-2.808841759252494,0.02551032823371075,coarsening_worsens
HandWritten-Mfeat__RCML,posterior_confidence,E085,P036,P016,3,2,0+2,-4.432801132395831,-0.003321754245959278,coarsening_improves
HandWritten-Mfeat__RCML,posterior_confidence,E086,P036,P026,3,2,1+2,-3.926578641560249,-0.0034975017622900124,coarsening_improves
HandWritten-Mfeat__RCML,posterior_confidence,E087,P037,P006,3,2,0+1,-8.995471048148463,0.0016678510013653559,coarsening_worsens
HandWritten-Mfeat__RCML,posterior_confidence,E088,P037,P015,3,2,0+2,-2.8011820181326623,8.688604288996371e-07,coarsening_worsens
HandWritten-Mfeat__RCML,posterior_confidence,E089,P037,P026,3,2,1+2,-9.077482363198174,0.0020490246348546385,coarsening_worsens
HandWritten-Mfeat__RCML,posterior_confidence,E090,P038,P007,4,3,0+1,-8.99547104814846,0.006235057509739262,coarsening_worsens
HandWritten-Mfeat__RCML,posterior_confidence,E091,P038,P017,4,3,0+2,-4.432801132395827,0.0,tie
HandWritten-Mfeat__RCML,posterior_confidence,E092,P038,P027,4,3,1+2,-9.551529155515432,0.0012569664855260438,coarsening_worsens
HandWritten-Mfeat__RCML,posterior_confidence,E093,P038,P035,4,3,0+3,-3.2309410730721986,0.0,tie
HandWritten-Mfeat__RCML,posterior_confidence,E094,P038,P036,4,3,1+3,-9.401085368785157,0.005546526397144651,coarsening_worsens
HandWritten-Mfeat__RCML,posterior_confidence,E095,P038,P037,4,3,2+3,-4.250181647147233,0.0,tie
HandWritten-Mfeat__RCML,posterior_confidence,E096,P039,P005,3,2,0+1,-4.942764069900497,0.030946485233840342,coarsening_worsens
HandWritten-Mfeat__RCML,posterior_confidence,E097,P039,P018,3,2,0+2,-3.853221175637878,-0.00010080224689087061,coarsening_improves
HandWritten-Mfeat__RCML,posterior_confidence,E098,P039,P028,3,2,1+2,-6.010379767492195,0.0009572961873843722,coarsening_worsens
HandWritten-Mfeat__RCML,posterior_confidence,E099,P040,P005,3,2,0+1,-3.312914191467361,0.026061773273796184,coarsening_worsens
HandWritten-Mfeat__RCML,posterior_confidence,E100,P040,P019,3,2,0+2,-4.842467060669933,-0.0022744032757282375,coarsening_improves
HandWritten-Mfeat__RCML,posterior_confidence,E101,P040,P029,3,2,1+2,-3.841767885226906,-0.00212074919961259,coarsening_improves
HandWritten-Mfeat__RCML,posterior_confidence,E102,P041,P006,3,2,0+1,-5.5406465975853925,0.001665244420078657,coarsening_worsens
HandWritten-Mfeat__RCML,posterior_confidence,E103,P041,P018,3,2,0+2,-3.415378136064727,6.960568837489282e-06,coarsening_worsens
HandWritten-Mfeat__RCML,posterior_confidence,E104,P041,P029,3,2,1+2,-5.033774724086891,0.002871725576159928,coarsening_worsens
HandWritten-Mfeat__RCML,posterior_confidence,E105,P042,P007,4,3,0+1,-5.54064659758539,0.006235057509739262,coarsening_worsens
HandWritten-Mfeat__RCML,posterior_confidence,E106,P042,P020,4,3,0+2,-4.8424670606699305,0.0,tie
HandWritten-Mfeat__RCML,posterior_confidence,E107,P042,P030,4,3,1+2,-6.010379767492191,0.0014672700007507477,coarsening_worsens
HandWritten-Mfeat__RCML,posterior_confidence,E108,P042,P039,4,3,0+3,-3.812338607574084,0.00011036939701505881,coarsening_worsens
HandWritten-Mfeat__RCML,posterior_confidence,E109,P042,P040,4,3,1+3,-5.44218848600722,0.004995081357059217,coarsening_worsens
HandWritten-Mfeat__RCML,posterior_confidence,E110,P042,P041,4,3,2+3,-4.250181647147235,2.6065812866989113e-06,coarsening_worsens
HandWritten-Mfeat__RCML,posterior_confidence,E111,P043,P008,3,2,0+1,-8.983973088603479,0.004499673541054401,coarsening_worsens
HandWritten-Mfeat__RCML,posterior_confidence,E112,P043,P015,3,2,0+2,-2.8646186757759775,8.688604288996371e-07,coarsening_worsens
HandWritten-Mfeat__RCML,posterior_confidence,E113,P043,P028,3,2,1+2,-9.09079783612543,0.001067665584399431,coarsening_worsens
HandWritten-Mfeat__RCML,posterior_confidence,E114,P044,P008,3,2,0+1,-3.3952263273924044,0.0023964643905995016,coarsening_worsens
HandWritten-Mfeat__RCML,posterior_confidence,E115,P044,P016,3,2,0+2,-4.058394750465995,0.00012156300073047372,coarsening_worsens
HandWritten-Mfeat__RCML,posterior_confidence,E116,P044,P029,3,2,1+2,-2.963289071082203,0.0007711230069917274,coarsening_worsens
HandWritten-Mfeat__RCML,posterior_confidence,E117,P045,P009,3,2,0+1,-9.068706471577368,0.002056484782037868,coarsening_worsens
HandWritten-Mfeat__RCML,posterior_confidence,E118,P045,P015,3,2,0+2,-3.3232706054930716,8.688604288996371e-07,coarsening_worsens
HandWritten-Mfeat__RCML,posterior_confidence,E119,P045,P029,3,2,1+2,-9.010687762010372,0.0028743321574466268,coarsening_worsens
HandWritten-Mfeat__RCML,posterior_confidence,E120,P046,P010,4,3,0+1,-9.068706471577373,0.002558978780496509,coarsening_worsens
HandWritten-Mfeat__RCML,posterior_confidence,E121,P046,P017,4,3,0+2,-4.058394750465997,0.0,tie
HandWritten-Mfeat__RCML,posterior_confidence,E122,P046,P030,4,3,1+2,-9.09079783612543,0.0014672700007507477,coarsening_worsens
HandWritten-Mfeat__RCML,posterior_confidence,E123,P046,P043,4,3,0+3,-3.8123386075740875,0.0,tie
HandWritten-Mfeat__RCML,posterior_confidence,E124,P046,P044,4,3,1+3,-9.401085368785163,0.0021032091504548994,coarsening_worsens
HandWritten-Mfeat__RCML,posterior_confidence,E125,P046,P045,4,3,2+3,-3.3536866778569934,0.0,tie
HandWritten-Mfeat__RCML,posterior_confidence,E126,P047,P011,4,3,0+1,-8.983973088603477,0.000978480641623341,coarsening_worsens
HandWritten-Mfeat__RCML,posterior_confidence,E127,P047,P021,4,3,0+2,-3.8532211756378754,0.0,tie
HandWritten-Mfeat__RCML,posterior_confidence,E128,P047,P031,4,3,1+2,-9.551529155515432,0.00012289370807919115,coarsening_worsens
HandWritten-Mfeat__RCML,posterior_confidence,E129,P047,P035,4,3,0+3,-5.4983286160881875,0.0,tie
HandWritten-Mfeat__RCML,posterior_confidence,E130,P047,P039,4,3,1+3,-9.534550601153143,0.00011036939701505881,coarsening_worsens
HandWritten-Mfeat__RCML,posterior_confidence,E131,P047,P043,4,3,2+3,-6.454132532519907,0.0,tie
HandWritten-Mfeat__RCML,posterior_confidence,E132,P048,P011,4,3,0+1,-3.395226327392404,0.0006846808558539251,coarsening_worsens
HandWritten-Mfeat__RCML,posterior_confidence,E133,P048,P022,4,3,0+2,-4.842467060669932,-0.0001120236289070836,coarsening_improves
HandWritten-Mfeat__RCML,posterior_confidence,E134,P048,P032,4,3,1+2,-3.9265786415602477,-0.00022739099354024728,coarsening_improves
HandWritten-Mfeat__RCML,posterior_confidence,E135,P048,P036,4,3,0+3,-6.079726150590073,0.005252726611375235,coarsening_worsens
HandWritten-Mfeat__RCML,posterior_confidence,E136,P048,P040,4,3,1+3,-5.5756537183752055,0.004701281571289801,coarsening_worsens
HandWritten-Mfeat__RCML,posterior_confidence,E137,P048,P044,4,3,2+3,-6.454132532519909,0.0018094093646854835,coarsening_worsens
HandWritten-Mfeat__RCML,posterior_confidence,E138,P049,P012,4,3,0+1,-9.068706471577375,9.45438647378579e-05,coarsening_worsens
HandWritten-Mfeat__RCML,posterior_confidence,E139,P049,P021,4,3,0+2,-3.4153781360647297,0.0,tie
HandWritten-Mfeat__RCML,posterior_confidence,E140,P049,P032,4,3,1+2,-9.077482363198175,6.640879222916864e-05,coarsening_worsens
HandWritten-Mfeat__RCML,posterior_confidence,E141,P049,P037,4,3,0+3,-6.079726150590076,0.0,tie
HandWritten-Mfeat__RCML,posterior_confidence,E142,P049,P041,4,3,1+3,-9.534550601153148,2.6065812866989113e-06,coarsening_worsens
HandWritten-Mfeat__RCML,posterior_confidence,E143,P049,P045,4,3,2+3,-5.557637563229667,0.0,tie
HandWritten-Mfeat__RCML,posterior_confidence,E144,P050,P013,4,3,0+1,-9.068706471577368,0.005528821144773292,coarsening_worsens
HandWritten-Mfeat__RCML,posterior_confidence,E145,P050,P023,4,3,0+2,-4.842467060669932,0.0,tie
HandWritten-Mfeat__RCML,posterior_confidence,E146,P050,P033,4,3,1+2,-9.551529155515432,0.0013849415639666644,coarsening_worsens
HandWritten-Mfeat__RCML,posterior_confidence,E147,P050,P035,4,3,0+3,-3.4022312206221805,0.0,tie
HandWritten-Mfeat__RCML,posterior_confidence,E148,P050,P040,4,3,1+3,-9.068303084120272,0.004995081357059217,coarsening_worsens
HandWritten-Mfeat__RCML,posterior_confidence,E149,P050,P045,4,3,2+3,-3.8993832073368058,0.0,tie
HandWritten-Mfeat__RCML,posterior_confidence,E150,P051,P014,5,4,0+1,-9.068706471577372,0.0003071685269286586,coarsening_worsens
HandWritten-Mfeat__RCML,posterior_confidence,E151,P051,P024,5,4,0+2,-4.842467060669929,0.0,tie
HandWritten-Mfeat__RCML,posterior_confidence,E152,P051,P034,5,4,1+2,-9.551529155515436,0.0,tie
HandWritten-Mfeat__RCML,posterior_confidence,E153,P051,P038,5,4,0+3,-6.079726150590076,0.0,tie
HandWritten-Mfeat__RCML,posterior_confidence,E154,P051,P042,5,4,1+3,-9.534550601153146,0.0,tie
HandWritten-Mfeat__RCML,posterior_confidence,E155,P051,P046,5,4,2+3,-6.454132532519907,0.0,tie
HandWritten-Mfeat__RCML,posterior_confidence,E156,P051,P047,5,4,0+4,-3.8123386075740875,0.0,tie
HandWritten-Mfeat__RCML,posterior_confidence,E157,P051,P048,5,4,1+4,-9.40108536878516,0.0002937997857694159,coarsening_worsens
HandWritten-Mfeat__RCML,posterior_confidence,E158,P051,P049,5,4,2+4,-4.250181647147233,0.0,tie
HandWritten-Mfeat__RCML,posterior_confidence,E159,P051,P050,5,4,3+4,-5.908436003040094,0.0,tie
HandWritten-Mfeat__RCML,posterior_confidence,E160,P052,P000,2,1,0+1,-4.07798295258939,-0.0205339335027053,coarsening_improves
HandWritten-Mfeat__RCML,posterior_confidence,E161,P053,P000,2,1,0+1,-2.9013631618372626,0.014051546043243523,coarsening_worsens
HandWritten-Mfeat__RCML,posterior_confidence,E162,P054,P001,3,2,0+1,-4.724446458381179,0.0008278170114726108,coarsening_worsens
HandWritten-Mfeat__RCML,posterior_confidence,E163,P054,P052,3,2,0+2,-3.2622664889934274,0.02636039969629528,coarsening_worsens
HandWritten-Mfeat__RCML,posterior_confidence,E164,P054,P053,3,2,1+2,-4.438886279745555,-0.00822507984965354,coarsening_improves
HandWritten-Mfeat__RCML,posterior_confidence,E165,P055,P000,2,1,0+1,-2.7615677635964477,0.011208981041883639,coarsening_worsens
HandWritten-Mfeat__RCML,posterior_confidence,E166,P056,P000,2,1,0+1,-3.1807896940801275,0.01437057638224597,coarsening_worsens
HandWritten-Mfeat__RCML,posterior_confidence,E167,P057,P001,3,2,0+1,-3.848865181924068,0.00950607023301479,coarsening_worsens
HandWritten-Mfeat__RCML,posterior_confidence,E168,P057,P055,3,2,0+2,-3.703100401529259,0.0032957383732485227,coarsening_worsens
HandWritten-Mfeat__RCML,posterior_confidence,E169,P057,P056,3,2,1+2,-3.2838784710455795,0.00013414303288619266,coarsening_worsens
HandWritten-Mfeat__RCML,posterior_confidence,E170,P058,P002,3,2,0+1,-4.081565625820181,0.0002410415880636891,coarsening_worsens
HandWritten-Mfeat__RCML,posterior_confidence,E171,P058,P052,3,2,0+2,-5.46697025091663,0.036054561520921645,coarsening_worsens
HandWritten-Mfeat__RCML,posterior_confidence,E172,P058,P055,3,2,1+2,-6.783385439909572,0.004311646976332705,coarsening_worsens
HandWritten-Mfeat__RCML,posterior_confidence,E173,P059,P002,3,2,0+1,-3.3457797476038866,0.0005996461759628552,coarsening_worsens
HandWritten-Mfeat__RCML,posterior_confidence,E174,P059,P053,3,2,0+2,-5.907804163452463,0.0018276865628719869,coarsening_worsens
HandWritten-Mfeat__RCML,posterior_confidence,E175,P059,P056,3,2,1+2,-5.628377631209599,0.0015086562238695409,coarsening_worsens
HandWritten-Mfeat__RCML,posterior_confidence,E176,P060,P003,3,2,0+1,-4.971599982112107,-0.0052784369279766765,coarsening_improves
HandWritten-Mfeat__RCML,posterior_confidence,E177,P060,P052,3,2,0+2,-3.2616346494057957,0.02667701281594898,coarsening_worsens
HandWritten-Mfeat__RCML,posterior_confidence,E178,P060,P056,3,2,1+2,-4.158827907915059,-0.00822749706900229,coarsening_improves
HandWritten-Mfeat__RCML,posterior_confidence,E179,P061,P004,4,3,0+1,-4.971599982112107,9.647816569008111e-05,coarsening_worsens
HandWritten-Mfeat__RCML,posterior_confidence,E180,P061,P054,4,3,0+2,-5.907804163452461,0.010092320410243806,coarsening_worsens
HandWritten-Mfeat__RCML,posterior_confidence,E181,P061,P057,4,3,1+2,-6.783385439909572,0.0014140671887016272,coarsening_worsens
HandWritten-Mfeat__RCML,posterior_confidence,E182,P061,P058,4,3,0+3,-3.703100401529259,0.0003981585856174452,coarsening_worsens
HandWritten-Mfeat__RCML,posterior_confidence,E183,P061,P059,4,3,1+3,-4.438886279745553,3.9553997718279026e-05,coarsening_worsens
HandWritten-Mfeat__RCML,posterior_confidence,E184,P061,P060,4,3,2+3,-5.908436003040093,0.009775707290590109,coarsening_worsens
HandWritten-Mfeat__RCML,posterior_confidence,E185,P062,P000,2,1,0+1,-2.441298741876391,-0.00238866871562763,coarsening_improves
HandWritten-Mfeat__RCML,posterior_confidence,E186,P063,P000,2,1,0+1,-4.883977353413057,0.015945130228330162,coarsening_worsens
HandWritten-Mfeat__RCML,posterior_confidence,E187,P064,P001,3,2,0+1,-5.205266098664598,0.01098228444804422,coarsening_worsens
HandWritten-Mfeat__RCML,posterior_confidence,E188,P064,P062,3,2,0+2,-5.379770339989846,0.018369602345789222,coarsening_worsens
HandWritten-Mfeat__RCML,posterior_confidence,E189,P064,P063,3,2,1+2,-2.93709172845318,3.580340183142951e-05,coarsening_worsens
HandWritten-Mfeat__RCML,posterior_confidence,E190,P065,P000,2,1,0+1,-2.141657046599401,0.012940198704309142,coarsening_worsens
HandWritten-Mfeat__RCML,posterior_confidence,E191,P066,P000,2,1,0+1,-8.055572855458102,0.015980933630161592,coarsening_worsens
HandWritten-Mfeat__RCML,posterior_confidence,E192,P067,P001,3,2,0+1,-8.07636764502861,0.01098228444804422,coarsening_worsens
HandWritten-Mfeat__RCML,posterior_confidence,E193,P067,P065,3,2,0+2,-8.550513581630847,0.003040734925852449,coarsening_worsens
HandWritten-Mfeat__RCML,posterior_confidence,E194,P067,P066,3,2,1+2,-2.636597772772147,0.0,tie
HandWritten-Mfeat__RCML,posterior_confidence,E195,P068,P002,3,2,0+1,-2.489927984586462,0.0004838542203133092,coarsening_worsens
HandWritten-Mfeat__RCML,posterior_confidence,E196,P068,P062,3,2,0+2,-5.5120168203959095,0.018152109366093596,coarsening_worsens
HandWritten-Mfeat__RCML,posterior_confidence,E197,P068,P065,3,2,1+2,-5.8116585156728995,0.0028232419461568215,coarsening_worsens
HandWritten-Mfeat__RCML,posterior_confidence,E198,P069,P002,3,2,0+1,-8.103349837764128,0.0007013472000089368,coarsening_worsens
HandWritten-Mfeat__RCML,posterior_confidence,E199,P069,P063,3,2,0+2,-8.682760062036909,3.580340183142951e-05,coarsening_worsens
HandWritten-Mfeat__RCML,posterior_confidence,E200,P069,P066,3,2,1+2,-5.511164559991865,0.0,tie
HandWritten-Mfeat__RCML,posterior_confidence,E201,P070,P003,3,2,0+1,-8.227375520979976,0.004559417388941236,coarsening_worsens
HandWritten-Mfeat__RCML,posterior_confidence,E202,P070,P062,3,2,0+2,-8.154094398986665,0.018369602345789222,coarsening_worsens
HandWritten-Mfeat__RCML,posterior_confidence,E203,P070,P066,3,2,1+2,-2.5398202854049536,0.0,tie
HandWritten-Mfeat__RCML,posterior_confidence,E204,P071,P004,4,3,0+1,-8.227375520979978,0.00015862519201788363,coarsening_worsens
HandWritten-Mfeat__RCML,posterior_confidence,E205,P071,P064,4,3,0+2,-8.682760062036913,0.0,tie
HandWritten-Mfeat__RCML,posterior_confidence,E206,P071,P067,4,3,1+2,-5.811658515672901,0.0,tie
HandWritten-Mfeat__RCML,posterior_confidence,E207,P071,P068,4,3,0+3,-8.550513581630849,0.0002174929796956276,coarsening_worsens
HandWritten-Mfeat__RCML,posterior_confidence,E208,P071,P069,4,3,1+3,-2.937091728453183,0.0,tie
HandWritten-Mfeat__RCML,posterior_confidence,E209,P071,P070,4,3,2+3,-5.908436003040094,0.0,tie
HandWritten-Mfeat__RCML,posterior_confidence,E210,P072,P005,3,2,0+1,-4.0886880053848875,0.017123201460898352,coarsening_worsens
HandWritten-Mfeat__RCML,posterior_confidence,E211,P072,P052,3,2,0+2,-3.8270624239518867,0.02258121396290984,coarsening_worsens
HandWritten-Mfeat__RCML,posterior_confidence,E212,P072,P062,3,2,1+2,-5.4637466346648855,0.004435949175832173,coarsening_worsens
HandWritten-Mfeat__RCML,posterior_confidence,E213,P073,P005,3,2,0+1,-5.029572065629181,0.030952596957605435,coarsening_worsens
HandWritten-Mfeat__RCML,posterior_confidence,E214,P073,P053,3,2,0+2,-5.944566274948308,0.001825129913668103,coarsening_worsens
HandWritten-Mfeat__RCML,posterior_confidence,E215,P073,P063,3,2,1+2,-3.9619520833725135,-6.845427141853591e-05,coarsening_improves
HandWritten-Mfeat__RCML,posterior_confidence,E216,P074,P006,3,2,0+1,-6.254002265485544,0.0014520715313271506,coarsening_worsens
HandWritten-Mfeat__RCML,posterior_confidence,E217,P074,P052,3,2,0+2,-4.956651116794497,0.03629908766282869,coarsening_worsens
HandWritten-Mfeat__RCML,posterior_confidence,E218,P074,P063,3,2,1+2,-4.15065671597083,-0.0001799760682067759,coarsening_improves
HandWritten-Mfeat__RCML,posterior_confidence,E219,P075,P007,4,3,0+1,-6.254002265485543,0.006133575078048947,coarsening_worsens
HandWritten-Mfeat__RCML,posterior_confidence,E220,P075,P054,4,3,0+2,-5.944566274948306,0.010052985004881294,coarsening_worsens
HandWritten-Mfeat__RCML,posterior_confidence,E221,P075,P064,4,3,1+2,-5.463746634664886,-0.00010148243169031482,coarsening_improves
HandWritten-Mfeat__RCML,posterior_confidence,E222,P075,P072,4,3,0+3,-5.379770339989847,0.013832170738266734,coarsening_worsens
HandWritten-Mfeat__RCML,posterior_confidence,E223,P075,P073,4,3,1+3,-4.438886279745553,2.775241559650605e-06,coarsening_worsens
HandWritten-Mfeat__RCML,posterior_confidence,E224,P075,P074,4,3,2+3,-4.250181647147237,0.0001142970383478906,coarsening_worsens
HandWritten-Mfeat__RCML,posterior_confidence,E225,P076,P005,3,2,0+1,-2.817319385871226,0.025056837706542316,coarsening_worsens
HandWritten-Mfeat__RCML,posterior_confidence,E226,P076,P055,3,2,0+2,-3.8721089934311674,-0.0012280643360351338,coarsening_improves
HandWritten-Mfeat__RCML,posterior_confidence,E227,P076,P065,3,2,1+2,-4.492019710428215,-0.0029592819984606373,coarsening_improves
HandWritten-Mfeat__RCML,posterior_confidence,E228,P077,P005,3,2,0+1,-8.083954496456492,0.0310568546308554,coarsening_worsens
HandWritten-Mfeat__RCML,posterior_confidence,E229,P077,P056,3,2,0+2,-8.719522173532756,0.0016103572479156225,coarsening_worsens
HandWritten-Mfeat__RCML,posterior_confidence,E230,P077,P066,3,2,1+2,-3.844739012154781,0.0,tie
HandWritten-Mfeat__RCML,posterior_confidence,E231,P078,P006,3,2,0+1,-8.153376887612879,0.0016678510013653559,coarsening_worsens
HandWritten-Mfeat__RCML,posterior_confidence,E232,P078,P055,3,2,0+2,-8.172440927914774,0.004771952588277953,coarsening_worsens
HandWritten-Mfeat__RCML,posterior_confidence,E233,P078,P066,3,2,1+2,-2.8784358360531215,0.0,tie
HandWritten-Mfeat__RCML,posterior_confidence,E234,P079,P007,4,3,0+1,-8.153376887612882,0.006235057509739262,coarsening_worsens
HandWritten-Mfeat__RCML,posterior_confidence,E235,P079,P057,4,3,0+2,-8.719522173532756,0.0014762142150294298,coarsening_worsens
HandWritten-Mfeat__RCML,posterior_confidence,E236,P079,P067,4,3,1+2,-4.492019710428215,0.0,tie
HandWritten-Mfeat__RCML,posterior_confidence,E237,P079,P076,4,3,0+3,-8.550513581630849,0.0060000169243130865,coarsening_worsens
HandWritten-Mfeat__RCML,posterior_confidence,E238,P079,P077,4,3,1+3,-3.283878471045581,0.0,tie
HandWritten-Mfeat__RCML,posterior_confidence,E239,P079,P078,4,3,2+3,-4.25018164714724,0.0,tie
HandWritten-Mfeat__RCML,posterior_confidence,E240,P080,P008,3,2,0+1,-4.107363243330635,-0.006315721186757959,coarsening_improves
HandWritten-Mfeat__RCML,posterior_confidence,E241,P080,P052,3,2,0+2,-2.8849467118278875,0.025699472405054533,coarsening_worsens
HandWritten-Mfeat__RCML,posterior_confidence,E242,P080,P065,3,2,1+2,-4.821272617817877,-0.0077746598019599105,coarsening_improves
HandWritten-Mfeat__RCML,posterior_confidence,E243,P081,P008,3,2,0+1,-8.218990545215927,0.004499673541054401,coarsening_worsens
HandWritten-Mfeat__RCML,posterior_confidence,E244,P081,P053,3,2,0+2,-8.173193804465308,0.0019293875869180685,coarsening_worsens
HandWritten-Mfeat__RCML,posterior_confidence,E245,P081,P066,3,2,1+2,-3.0189841108444693,0.0,tie
HandWritten-Mfeat__RCML,posterior_confidence,E246,P082,P009,3,2,0+1,-8.930271600361287,0.002056484782037868,coarsening_worsens
HandWritten-Mfeat__RCML,posterior_confidence,E247,P082,P052,3,2,0+2,-8.081773615601746,0.03651486713286689,coarsening_worsens
HandWritten-Mfeat__RCML,posterior_confidence,E248,P082,P066,3,2,1+2,-4.104183712733034,0.0,tie
HandWritten-Mfeat__RCML,posterior_confidence,E249,P083,P010,4,3,0+1,-8.930271600361289,0.002558978780496509,coarsening_worsens
HandWritten-Mfeat__RCML,posterior_confidence,E250,P083,P054,4,3,0+2,-8.173193804465308,0.010154467436571609,coarsening_worsens
HandWritten-Mfeat__RCML,posterior_confidence,E251,P083,P067,4,3,1+2,-4.821272617817877,0.0,tie
HandWritten-Mfeat__RCML,posterior_confidence,E252,P083,P080,4,3,0+3,-8.550513581630849,0.01081539472781236,coarsening_worsens
HandWritten-Mfeat__RCML,posterior_confidence,E253,P083,P081,4,3,1+3,-4.438886279745555,0.0,tie
HandWritten-Mfeat__RCML,posterior_confidence,E254,P083,P082,4,3,2+3,-3.35368667785699,0.0,tie
HandWritten-Mfeat__RCML,posterior_confidence,E255,P084,P011,4,3,0+1,-4.107363243330635,0.0004696213275427148,coarsening_worsens
HandWritten-Mfeat__RCML,posterior_confidence,E256,P084,P058,4,3,0+2,-3.8721089934311674,-4.855370213537849e-05,coarsening_improves
HandWritten-Mfeat__RCML,posterior_confidence,E257,P084,P068,4,3,1+2,-5.463746634664886,-0.0002913663343849986,coarsening_improves
HandWritten-Mfeat__RCML,posterior_confidence,E258,P084,P072,4,3,0+3,-5.51201682039591,0.013424793855876423,coarsening_worsens
HandWritten-Mfeat__RCML,posterior_confidence,E259,P084,P076,4,3,1+3,-6.783385439909572,0.00549115761023246,coarsening_worsens
HandWritten-Mfeat__RCML,posterior_confidence,E260,P084,P080,4,3,2+3,-6.4541325325199095,0.010306535413731733,coarsening_worsens
HandWritten-Mfeat__RCML,posterior_confidence,E261,P085,P011,4,3,0+1,-8.218990545215927,0.000978480641623341,coarsening_worsens
HandWritten-Mfeat__RCML,posterior_confidence,E262,P085,P059,4,3,0+2,-8.719522173532754,0.00010170102404608154,coarsening_worsens
HandWritten-Mfeat__RCML,posterior_confidence,E263,P085,P069,4,3,1+2,-3.9619520833725126,0.0,tie
HandWritten-Mfeat__RCML,posterior_confidence,E264,P085,P073,4,3,0+3,-8.682760062036909,0.00010425767324996542,coarsening_worsens
HandWritten-Mfeat__RCML,posterior_confidence,E265,P085,P077,4,3,1+3,-5.628377631209597,0.0,tie
HandWritten-Mfeat__RCML,posterior_confidence,E266,P085,P081,4,3,2+3,-6.454132532519909,0.0,tie
HandWritten-Mfeat__RCML,posterior_confidence,E267,P086,P012,4,3,0+1,-8.930271600361287,9.45438647378579e-05,coarsening_worsens
HandWritten-Mfeat__RCML,posterior_confidence,E268,P086,P058,4,3,0+2,-8.172440927914776,0.00046030561194524767,coarsening_worsens
HandWritten-Mfeat__RCML,posterior_confidence,E269,P086,P069,4,3,1+2,-4.150656715970829,0.0,tie
HandWritten-Mfeat__RCML,posterior_confidence,E270,P086,P074,4,3,0+3,-8.682760062036909,0.00021577947003820542,coarsening_worsens
HandWritten-Mfeat__RCML,posterior_confidence,E271,P086,P078,4,3,1+3,-6.783385439909573,0.0,tie
HandWritten-Mfeat__RCML,posterior_confidence,E272,P086,P082,4,3,2+3,-5.55763756322966,0.0,tie
HandWritten-Mfeat__RCML,posterior_confidence,E273,P087,P013,4,3,0+1,-8.93027160036129,0.005528821144773292,coarsening_worsens
HandWritten-Mfeat__RCML,posterior_confidence,E274,P087,P060,4,3,0+2,-8.71952217353276,0.009837854316917912,coarsening_worsens
HandWritten-Mfeat__RCML,posterior_confidence,E275,P087,P070,4,3,1+2,-5.46374663466489,0.0,tie
HandWritten-Mfeat__RCML,posterior_confidence,E276,P087,P072,4,3,0+3,-8.154094398986668,0.01393365316995705,coarsening_worsens
HandWritten-Mfeat__RCML,posterior_confidence,E277,P087,P077,4,3,1+3,-4.158827907915063,0.0,tie
HandWritten-Mfeat__RCML,posterior_confidence,E278,P087,P082,4,3,2+3,-3.8993832073368093,0.0,tie
HandWritten-Mfeat__RCML,posterior_confidence,E279,P088,P014,5,4,0+1,-8.93027160036129,0.0003071685269286586,coarsening_worsens
HandWritten-Mfeat__RCML,posterior_confidence,E280,P088,P061,5,4,0+2,-8.719522173532757,6.214702632780251e-05,coarsening_worsens
HandWritten-Mfeat__RCML,posterior_confidence,E281,P088,P071,5,4,1+2,-5.463746634664886,0.0,tie
HandWritten-Mfeat__RCML,posterior_confidence,E282,P088,P075,5,4,0+3,-8.682760062036913,0.00010148243169031482,coarsening_worsens
HandWritten-Mfeat__RCML,posterior_confidence,E283,P088,P079,5,4,1+3,-6.783385439909573,0.0,tie
HandWritten-Mfeat__RCML,posterior_confidence,E284,P088,P083,5,4,2+3,-6.45413253251991,0.0,tie
HandWritten-Mfeat__RCML,posterior_confidence,E285,P088,P084,5,4,0+4,-8.550513581630849,0.0005088593140806262,coarsening_worsens
HandWritten-Mfeat__RCML,posterior_confidence,E286,P088,P085,5,4,1+4,-4.438886279745557,0.0,tie
HandWritten-Mfeat__RCML,posterior_confidence,E287,P088,P086,5,4,2+4,-4.25018164714724,0.0,tie
HandWritten-Mfeat__RCML,posterior_confidence,E288,P088,P087,5,4,3+4,-5.908436003040091,0.0,tie
HandWritten-Mfeat__RCML,posterior_confidence,E289,P089,P000,2,1,0+1,-3.3207453340336626,0.012615042703899937,coarsening_worsens
HandWritten-Mfeat__RCML,posterior_confidence,E290,P090,P000,2,1,0+1,-2.7936707604266493,0.015000331424602387,coarsening_worsens
HandWritten-Mfeat__RCML,posterior_confidence,E291,P091,P001,3,2,0+1,-3.9881497711422256,0.009409925914791735,coarsening_worsens
HandWritten-Mfeat__RCML,posterior_confidence,E292,P091,P089,3,2,0+2,-3.2832074203102017,0.0017935323930091719,coarsening_worsens
HandWritten-Mfeat__RCML,posterior_confidence,E293,P091,P090,3,2,1+2,-3.810281993917215,-0.0005917563276932785,coarsening_improves
HandWritten-Mfeat__RCML,posterior_confidence,E294,P092,P000,2,1,0+1,-2.6705955817424094,0.014185740913197893,coarsening_worsens
HandWritten-Mfeat__RCML,posterior_confidence,E295,P093,P000,2,1,0+1,-3.194743940273141,0.013694477387022841,coarsening_worsens
HandWritten-Mfeat__RCML,posterior_confidence,E296,P094,P001,3,2,0+1,-3.8080934898973053,0.009751854747638802,coarsening_worsens
HandWritten-Mfeat__RCML,posterior_confidence,E297,P094,P092,3,2,0+2,-3.753300891356535,0.0005647630165582817,coarsening_worsens
HandWritten-Mfeat__RCML,posterior_confidence,E298,P094,P093,3,2,1+2,-3.229152532825803,0.0010560265427333351,coarsening_worsens
HandWritten-Mfeat__RCML,posterior_confidence,E299,P095,P002,3,2,0+1,-3.3273456560642796,0.0006594700439146233,coarsening_worsens
HandWritten-Mfeat__RCML,posterior_confidence,E300,P095,P089,3,2,0+2,-5.469987899716456,0.003324013770167343,coarsening_worsens
HandWritten-Mfeat__RCML,posterior_confidence,E301,P095,P092,3,2,1+2,-6.12013765200771,0.0017533155608693853,coarsening_worsens
HandWritten-Mfeat__RCML,posterior_confidence,E302,P096,P002,3,2,0+1,-3.2703645535035974,0.000555541556298624,coarsening_worsens
HandWritten-Mfeat__RCML,posterior_confidence,E303,P096,P090,3,2,0+2,-5.940081370762787,0.0008347965618488931,coarsening_worsens
HandWritten-Mfeat__RCML,posterior_confidence,E304,P096,P093,3,2,1+2,-5.539008190916295,0.0021406505994284396,coarsening_worsens
HandWritten-Mfeat__RCML,posterior_confidence,E305,P097,P003,3,2,0+1,-4.267580502183479,0.0029862589881221157,coarsening_worsens
HandWritten-Mfeat__RCML,posterior_confidence,E306,P097,P089,3,2,0+2,-3.314852788032896,0.0017927325254425365,coarsening_worsens
HandWritten-Mfeat__RCML,posterior_confidence,E307,P097,P093,3,2,1+2,-3.4408541817934175,0.0007132978423196326,coarsening_worsens
HandWritten-Mfeat__RCML,posterior_confidence,E308,P098,P004,4,3,0+1,-4.267580502183479,0.00015862519201788363,coarsening_worsens
HandWritten-Mfeat__RCML,posterior_confidence,E309,P098,P091,4,3,0+2,-5.940081370762787,0.0015723585332524843,coarsening_worsens
HandWritten-Mfeat__RCML,posterior_confidence,E310,P098,P094,4,3,1+2,-6.120137652007707,0.0012304297004054172,coarsening_worsens
HandWritten-Mfeat__RCML,posterior_confidence,E311,P098,P095,4,3,0+3,-3.753300891356533,4.187715609431346e-05,coarsening_worsens
HandWritten-Mfeat__RCML,posterior_confidence,E312,P098,P096,4,3,1+3,-3.810281993917215,0.00014580564371031277,coarsening_worsens
HandWritten-Mfeat__RCML,posterior_confidence,E313,P098,P097,4,3,2+3,-5.908436003040093,0.0015731584008191197,coarsening_worsens
HandWritten-Mfeat__RCML,posterior_confidence,E314,P099,P000,2,1,0+1,-2.301982577108901,0.012391283884558318,coarsening_worsens
HandWritten-Mfeat__RCML,posterior_confidence,E315,P100,P000,2,1,0+1,-4.960649757108423,0.01589684854546467,coarsening_worsens
HandWritten-Mfeat__RCML,posterior_confidence,E316,P101,P001,3,2,0+1,-5.181560796541914,0.01098228444804422,coarsening_worsens
HandWritten-Mfeat__RCML,posterior_confidence,E317,P101,P099,3,2,0+2,-5.495381202634652,0.003589649745603274,coarsening_worsens
HandWritten-Mfeat__RCML,posterior_confidence,E318,P101,P100,3,2,1+2,-2.83671402263513,8.408508469692202e-05,coarsening_worsens
HandWritten-Mfeat__RCML,posterior_confidence,E319,P102,P000,2,1,0+1,-2.128871194208699,0.01267102811445115,coarsening_worsens
HandWritten-Mfeat__RCML,posterior_confidence,E320,P103,P000,2,1,0+1,-9.562255803789515,0.015980933630161592,coarsening_worsens
HandWritten-Mfeat__RCML,posterior_confidence,E321,P104,P001,3,2,0+1,-9.567409704528904,0.01098228444804422,coarsening_worsens
HandWritten-Mfeat__RCML,posterior_confidence,E322,P104,P102,3,2,0+2,-10.054341493521843,0.0033099055157104406,coarsening_worsens
HandWritten-Mfeat__RCML,posterior_confidence,E323,P104,P103,3,2,1+2,-2.6209568839410284,0.0,tie
HandWritten-Mfeat__RCML,posterior_confidence,E324,P105,P002,3,2,0+1,-2.3615624165020055,0.000489185817510924,coarsening_worsens
HandWritten-Mfeat__RCML,posterior_confidence,E325,P105,P099,3,2,0+2,-5.522967417078943,0.0033774883631052612,coarsening_worsens
HandWritten-Mfeat__RCML,posterior_confidence,E326,P105,P102,3,2,1+2,-5.696078799979145,0.003097744133212428,coarsening_worsens
HandWritten-Mfeat__RCML,posterior_confidence,E327,P106,P002,3,2,0+1,-9.579189887388717,0.0007013472000089368,coarsening_worsens
HandWritten-Mfeat__RCML,posterior_confidence,E328,P106,P100,3,2,0+2,-10.081927707966132,8.408508469692202e-05,coarsening_worsens
HandWritten-Mfeat__RCML,posterior_confidence,E329,P106,P103,3,2,1+2,-5.480321661285041,0.0,tie
HandWritten-Mfeat__RCML,posterior_confidence,E330,P107,P003,3,2,0+1,-9.602837864786515,0.004559417388941236,coarsening_worsens
HandWritten-Mfeat__RCML,posterior_confidence,E331,P107,P099,3,2,0+2,-9.668872907560694,0.003589649745603274,coarsening_worsens
HandWritten-Mfeat__RCML,posterior_confidence,E332,P107,P103,3,2,1+2,-2.40859968088008,0.0,tie
HandWritten-Mfeat__RCML,posterior_confidence,E333,P108,P004,4,3,0+1,-9.602837864786514,0.00015862519201788363,coarsening_worsens
HandWritten-Mfeat__RCML,posterior_confidence,E334,P108,P101,4,3,0+2,-10.081927707966132,0.0,tie
HandWritten-Mfeat__RCML,posterior_confidence,E335,P108,P104,4,3,1+2,-5.6960787999791425,0.0,tie
HandWritten-Mfeat__RCML,posterior_confidence,E336,P108,P105,4,3,0+3,-10.054341493521841,0.0002121613824980127,coarsening_worsens
HandWritten-Mfeat__RCML,posterior_confidence,E337,P108,P106,4,3,1+3,-2.83671402263513,0.0,tie
HandWritten-Mfeat__RCML,posterior_confidence,E338,P108,P107,4,3,2+3,-5.908436003040091,0.0,tie
HandWritten-Mfeat__RCML,posterior_confidence,E339,P109,P005,3,2,0+1,-3.3409998993652614,0.025577926031937023,coarsening_worsens
HandWritten-Mfeat__RCML,posterior_confidence,E340,P109,P089,3,2,0+2,-3.836611936487988,-0.0021130376726567197,coarsening_improves
HandWritten-Mfeat__RCML,posterior_confidence,E341,P109,P099,3,2,1+2,-4.85537469341275,-0.001889278853315102,coarsening_improves
HandWritten-Mfeat__RCML,posterior_confidence,E342,P110,P005,3,2,0+1,-5.0260991080826996,0.030990499934669003,coarsening_worsens
HandWritten-Mfeat__RCML,posterior_confidence,E343,P110,P090,3,2,0+2,-6.048785718812439,0.0009142475093728068,coarsening_worsens
HandWritten-Mfeat__RCML,posterior_confidence,E344,P110,P100,3,2,1+2,-3.8818067221306656,1.7730388510522955e-05,coarsening_worsens
HandWritten-Mfeat__RCML,posterior_confidence,E345,P111,P006,3,2,0+1,-5.621925022110724,0.0016635034707520935,coarsening_worsens
HandWritten-Mfeat__RCML,posterior_confidence,E346,P111,P089,3,2,0+2,-5.0818114919754045,0.003361543395648394,coarsening_worsens
HandWritten-Mfeat__RCML,posterior_confidence,E347,P111,P100,3,2,1+2,-3.441907068900644,7.973755408365977e-05,coarsening_worsens
HandWritten-Mfeat__RCML,posterior_confidence,E348,P112,P007,4,3,0+1,-5.621925022110723,0.006235057509739262,coarsening_worsens
HandWritten-Mfeat__RCML,posterior_confidence,E349,P112,P091,4,3,0+2,-6.048785718812439,0.0015723585332524843,coarsening_worsens
HandWritten-Mfeat__RCML,posterior_confidence,E350,P112,P101,4,3,1+2,-4.855374693412751,0.0,tie
HandWritten-Mfeat__RCML,posterior_confidence,E351,P112,P109,4,3,0+3,-5.495381202634653,0.005478928598918376,coarsening_worsens
HandWritten-Mfeat__RCML,posterior_confidence,E352,P112,P110,4,3,1+3,-3.810281993917215,6.635469618639907e-05,coarsening_worsens
HandWritten-Mfeat__RCML,posterior_confidence,E353,P112,P111,4,3,2+3,-4.250181647147237,4.347530613262247e-06,coarsening_worsens
HandWritten-Mfeat__RCML,posterior_confidence,E354,P113,P005,3,2,0+1,-2.743829664436495,0.024719314415652296,coarsening_worsens
HandWritten-Mfeat__RCML,posterior_confidence,E355,P113,P092,3,2,0+2,-3.8895914538504752,-0.004542347498239408,coarsening_improves
HandWritten-Mfeat__RCML,posterior_confidence,E356,P113,P102,3,2,1+2,-4.431315841384185,-0.0030276346994926656,coarsening_improves
HandWritten-Mfeat__RCML,posterior_confidence,E357,P114,P005,3,2,0+1,-9.569018625132536,0.0310568546308554,coarsening_worsens
HandWritten-Mfeat__RCML,posterior_confidence,E358,P114,P093,3,2,0+2,-10.190632056015783,0.0022864562431387523,coarsening_worsens
HandWritten-Mfeat__RCML,posterior_confidence,E359,P114,P103,3,2,1+2,-3.8231201924994096,0.0,tie
HandWritten-Mfeat__RCML,posterior_confidence,E360,P115,P006,3,2,0+1,-9.583715078069147,0.0016678510013653559,coarsening_worsens
HandWritten-Mfeat__RCML,posterior_confidence,E361,P115,P092,3,2,0+2,-9.693751300225081,0.0017951927169636988,coarsening_worsens
HandWritten-Mfeat__RCML,posterior_confidence,E362,P115,P103,3,2,1+2,-2.802091078177975,0.0,tie
HandWritten-Mfeat__RCML,posterior_confidence,E363,P116,P007,4,3,0+1,-9.583715078069147,0.006235057509739262,coarsening_worsens
HandWritten-Mfeat__RCML,posterior_confidence,E364,P116,P094,4,3,0+2,-10.190632056015783,0.0012304297004054172,coarsening_worsens
HandWritten-Mfeat__RCML,posterior_confidence,E365,P116,P104,4,3,1+2,-4.431315841384185,0.0,tie
HandWritten-Mfeat__RCML,posterior_confidence,E366,P116,P113,4,3,0+3,-10.054341493521843,0.006337540215203106,coarsening_worsens
HandWritten-Mfeat__RCML,posterior_confidence,E367,P116,P114,4,3,1+3,-3.229152532825804,0.0,tie
HandWritten-Mfeat__RCML,posterior_confidence,E368,P116,P115,4,3,2+3,-4.2501816471472385,0.0,tie
HandWritten-Mfeat__RCML,posterior_confidence,E369,P117,P008,3,2,0+1,-3.3706257339940406,0.0019455465695014645,coarsening_worsens
HandWritten-Mfeat__RCML,posterior_confidence,E370,P117,P089,3,2,0+2,-2.905446821047021,0.0008117639547087197,coarsening_worsens
HandWritten-Mfeat__RCML,posterior_confidence,E371,P117,P102,3,2,1+2,-4.0973209608719845,0.0007557785441575041,coarsening_worsens
HandWritten-Mfeat__RCML,posterior_confidence,E372,P118,P008,3,2,0+1,-9.614685233598669,0.004499673541054401,coarsening_worsens
HandWritten-Mfeat__RCML,posterior_confidence,E373,P118,P090,3,2,0+2,-9.676580894258663,0.0009806022055592058,coarsening_worsens
HandWritten-Mfeat__RCML,posterior_confidence,E374,P118,P103,3,2,1+2,-2.907995850895798,0.0,tie
HandWritten-Mfeat__RCML,posterior_confidence,E375,P119,P009,3,2,0+1,-9.697362002915689,0.002056484782037868,coarsening_worsens
HandWritten-Mfeat__RCML,posterior_confidence,E376,P119,P089,3,2,0+2,-9.606101636711875,0.003365890926261656,coarsening_worsens
HandWritten-Mfeat__RCML,posterior_confidence,E377,P119,P103,3,2,1+2,-3.364591166956023,0.0,tie
HandWritten-Mfeat__RCML,posterior_confidence,E378,P120,P010,4,3,0+1,-9.697362002915687,0.002558978780496509,coarsening_worsens
HandWritten-Mfeat__RCML,posterior_confidence,E379,P120,P091,4,3,0+2,-9.67658089425866,0.0015723585332524843,coarsening_worsens
HandWritten-Mfeat__RCML,posterior_confidence,E380,P120,P104,4,3,1+2,-4.097320960871981,0.0,tie
HandWritten-Mfeat__RCML,posterior_confidence,E381,P120,P117,4,3,0+3,-10.05434149352184,0.0025541269715529365,coarsening_worsens
HandWritten-Mfeat__RCML,posterior_confidence,E382,P120,P118,4,3,1+3,-3.8102819939172115,0.0,tie
HandWritten-Mfeat__RCML,posterior_confidence,E383,P120,P119,4,3,2+3,-3.3536866778569863,0.0,tie
HandWritten-Mfeat__RCML,posterior_confidence,E384,P121,P011,4,3,0+1,-3.370625733994041,0.0006451391530317962,coarsening_worsens
HandWritten-Mfeat__RCML,posterior_confidence,E385,P121,P095,4,3,0+2,-3.889591453850475,-0.00029146433249723126,coarsening_improves
HandWritten-Mfeat__RCML,posterior_confidence,E386,P121,P105,4,3,1+2,-4.855374693412749,-0.00012118010609353205,coarsening_improves
HandWritten-Mfeat__RCML,posterior_confidence,E387,P121,P109,4,3,0+3,-5.5229674170789425,0.005145587110326831,coarsening_worsens
HandWritten-Mfeat__RCML,posterior_confidence,E388,P121,P113,4,3,1+3,-6.120137652007709,0.006004198726611561,coarsening_worsens
HandWritten-Mfeat__RCML,posterior_confidence,E389,P121,P117,4,3,2+3,-6.4541325325199095,0.0022207854829613917,coarsening_worsens
HandWritten-Mfeat__RCML,posterior_confidence,E390,P122,P011,4,3,0+1,-9.614685233598667,0.000978480641623341,coarsening_worsens
HandWritten-Mfeat__RCML,posterior_confidence,E391,P122,P096,4,3,0+2,-10.190632056015783,0.00014580564371031277,coarsening_worsens
HandWritten-Mfeat__RCML,posterior_confidence,E392,P122,P106,4,3,1+2,-3.881806722130664,0.0,tie
HandWritten-Mfeat__RCML,posterior_confidence,E393,P122,P110,4,3,0+3,-10.08192770796613,6.635469618639907e-05,coarsening_worsens
HandWritten-Mfeat__RCML,posterior_confidence,E394,P122,P114,4,3,1+3,-5.539008190916295,0.0,tie
HandWritten-Mfeat__RCML,posterior_confidence,E395,P122,P118,4,3,2+3,-6.454132532519907,0.0,tie
HandWritten-Mfeat__RCML,posterior_confidence,E396,P123,P012,4,3,0+1,-9.697362002915689,9.45438647378579e-05,coarsening_worsens
HandWritten-Mfeat__RCML,posterior_confidence,E397,P123,P095,4,3,0+2,-9.69375130022508,4.187715609431346e-05,coarsening_worsens
HandWritten-Mfeat__RCML,posterior_confidence,E398,P123,P106,4,3,1+2,-3.441907068900642,0.0,tie
HandWritten-Mfeat__RCML,posterior_confidence,E399,P123,P111,4,3,0+3,-10.08192770796613,4.347530613262247e-06,coarsening_worsens
HandWritten-Mfeat__RCML,posterior_confidence,E400,P123,P115,4,3,1+3,-6.120137652007708,0.0,tie
HandWritten-Mfeat__RCML,posterior_confidence,E401,P123,P119,4,3,2+3,-5.55763756322966,0.0,tie
HandWritten-Mfeat__RCML,posterior_confidence,E402,P124,P013,4,3,0+1,-9.697362002915689,0.005528821144773292,coarsening_worsens
HandWritten-Mfeat__RCML,posterior_confidence,E403,P124,P097,4,3,0+2,-10.190632056015785,0.0015731584008191197,coarsening_worsens
HandWritten-Mfeat__RCML,posterior_confidence,E404,P124,P107,4,3,1+2,-4.855374693412749,0.0,tie
HandWritten-Mfeat__RCML,posterior_confidence,E405,P124,P109,4,3,0+3,-9.668872907560694,0.005478928598918376,coarsening_worsens
HandWritten-Mfeat__RCML,posterior_confidence,E406,P124,P114,4,3,1+3,-3.4408541817934193,0.0,tie
HandWritten-Mfeat__RCML,posterior_confidence,E407,P124,P119,4,3,2+3,-3.8993832073368058,0.0,tie
HandWritten-Mfeat__RCML,posterior_confidence,E408,P125,P014,5,4,0+1,-9.697362002915693,0.0003071685269286586,coarsening_worsens
HandWritten-Mfeat__RCML,posterior_confidence,E409,P125,P098,5,4,0+2,-10.190632056015787,0.0,tie
HandWritten-Mfeat__RCML,posterior_confidence,E410,P125,P108,5,4,1+2,-4.855374693412752,0.0,tie
HandWritten-Mfeat__RCML,posterior_confidence,E411,P125,P112,5,4,0+3,-10.081927707966134,0.0,tie
HandWritten-Mfeat__RCML,posterior_confidence,E412,P125,P116,5,4,1+3,-6.12013765200771,0.0,tie
HandWritten-Mfeat__RCML,posterior_confidence,E413,P125,P120,5,4,2+3,-6.454132532519914,0.0,tie
HandWritten-Mfeat__RCML,posterior_confidence,E414,P125,P121,5,4,0+4,-10.054341493521845,0.00033334148859154474,coarsening_worsens
HandWritten-Mfeat__RCML,posterior_confidence,E415,P125,P122,5,4,1+4,-3.8102819939172186,0.0,tie
HandWritten-Mfeat__RCML,posterior_confidence,E416,P125,P123,5,4,2+4,-4.25018164714724,0.0,tie
HandWritten-Mfeat__RCML,posterior_confidence,E417,P125,P124,5,4,3+4,-5.908436003040094,0.0,tie
HandWritten-Mfeat__RCML,posterior_confidence,E418,P126,P015,3,2,0+1,-4.080521707632597,8.688604288996371e-07,coarsening_worsens
HandWritten-Mfeat__RCML,posterior_confidence,E419,P126,P052,3,2,0+2,-8.977459588957352,0.03651486713286689,coarsening_worsens
HandWritten-Mfeat__RCML,posterior_confidence,E420,P126,P089,3,2,1+2,-9.73469720751308,0.003365890926261656,coarsening_worsens
HandWritten-Mfeat__RCML,posterior_confidence,E421,P127,P015,3,2,0+1,-2.924842848197244,8.688604288996371e-07,coarsening_worsens
HandWritten-Mfeat__RCML,posterior_confidence,E422,P127,P053,3,2,0+2,-8.998400520274126,0.0019293875869180685,coarsening_worsens
HandWritten-Mfeat__RCML,posterior_confidence,E423,P127,P090,3,2,1+2,-9.10609292168474,0.0009806022055592058,coarsening_worsens
HandWritten-Mfeat__RCML,posterior_confidence,E424,P128,P016,3,2,0+1,-4.7451665950587305,-0.007435910949430871,coarsening_improves
HandWritten-Mfeat__RCML,posterior_confidence,E425,P128,P052,3,2,0+2,-2.859581640482393,0.026854184032250646,coarsening_worsens
HandWritten-Mfeat__RCML,posterior_confidence,E426,P128,P090,3,2,1+2,-4.143893832645134,-0.008680080895057039,coarsening_improves
HandWritten-Mfeat__RCML,posterior_confidence,E427,P129,P017,4,3,0+1,-4.745166595058727,0.0,tie
HandWritten-Mfeat__RCML,posterior_confidence,E428,P129,P054,4,3,0+2,-8.998400520274123,0.010154467436571609,coarsening_worsens
HandWritten-Mfeat__RCML,posterior_confidence,E429,P129,P091,4,3,1+2,-9.734697207513076,0.0015723585332524843,coarsening_worsens
HandWritten-Mfeat__RCML,posterior_confidence,E430,P129,P126,4,3,0+3,-3.283207420310198,0.0,tie
HandWritten-Mfeat__RCML,posterior_confidence,E431,P129,P127,4,3,1+3,-4.438886279745551,0.0,tie
HandWritten-Mfeat__RCML,posterior_confidence,E432,P129,P128,4,3,2+3,-9.401085368785157,0.009660683100616244,coarsening_worsens
HandWritten-Mfeat__RCML,posterior_confidence,E433,P130,P015,3,2,0+1,-2.767124167439478,8.688604288996371e-07,coarsening_worsens
HandWritten-Mfeat__RCML,posterior_confidence,E434,P130,P055,3,2,0+2,-8.980477237757174,0.004771952588277953,coarsening_worsens
HandWritten-Mfeat__RCML,posterior_confidence,E435,P130,P092,3,2,1+2,-9.071449419611215,0.0017951927169636988,coarsening_worsens
HandWritten-Mfeat__RCML,posterior_confidence,E436,P131,P015,3,2,0+1,-3.236546587750434,8.688604288996371e-07,coarsening_worsens
HandWritten-Mfeat__RCML,posterior_confidence,E437,P131,P056,3,2,0+2,-9.030677727584452,0.0016103572479156225,coarsening_worsens
HandWritten-Mfeat__RCML,posterior_confidence,E438,P131,P093,3,2,1+2,-9.016723481391438,0.0022864562431387523,coarsening_worsens
HandWritten-Mfeat__RCML,posterior_confidence,E439,P132,P016,3,2,0+1,-3.901862525911946,0.0009124621635982324,coarsening_worsens
HandWritten-Mfeat__RCML,posterior_confidence,E440,P132,P055,3,2,0+2,-3.33269276032855,0.003459642600690812,coarsening_worsens
HandWritten-Mfeat__RCML,posterior_confidence,E441,P132,P093,3,2,1+2,-2.899516583651857,0.0009741462555516115,coarsening_worsens
HandWritten-Mfeat__RCML,posterior_confidence,E442,P133,P017,4,3,0+1,-3.9018625259119446,0.0,tie
HandWritten-Mfeat__RCML,posterior_confidence,E443,P133,P057,4,3,0+2,-9.03067772758445,0.0014762142150294298,coarsening_worsens
HandWritten-Mfeat__RCML,posterior_confidence,E444,P133,P094,4,3,1+2,-9.071449419611213,0.0012304297004054172,coarsening_worsens
HandWritten-Mfeat__RCML,posterior_confidence,E445,P133,P130,4,3,0+3,-3.7533008913565347,0.0,tie
HandWritten-Mfeat__RCML,posterior_confidence,E446,P133,P131,4,3,1+3,-3.283878471045579,0.0,tie
HandWritten-Mfeat__RCML,posterior_confidence,E447,P133,P132,4,3,2+3,-9.40108536878516,0.0013123099875871408,coarsening_worsens
HandWritten-Mfeat__RCML,posterior_confidence,E448,P134,P018,3,2,0+1,-4.084979574691043,-0.0002591069194685281,coarsening_improves
HandWritten-Mfeat__RCML,posterior_confidence,E449,P134,P052,3,2,0+2,-4.912896887520661,0.036246193063274174,coarsening_worsens
HandWritten-Mfeat__RCML,posterior_confidence,E450,P134,P092,3,2,1+2,-6.320284258367643,0.0015265186473709825,coarsening_worsens
HandWritten-Mfeat__RCML,posterior_confidence,E451,P135,P018,3,2,0+1,-3.3993941863020227,9.567150124188193e-06,coarsening_worsens
HandWritten-Mfeat__RCML,posterior_confidence,E452,P135,P053,3,2,0+2,-5.403931289883769,0.0019293875869180685,coarsening_worsens
HandWritten-Mfeat__RCML,posterior_confidence,E453,P135,P093,3,2,1+2,-5.11055051144789,0.0022864562431387523,coarsening_worsens
HandWritten-Mfeat__RCML,posterior_confidence,E454,P136,P019,3,2,0+1,-5.015187743505547,-0.006753950111371891,coarsening_improves
HandWritten-Mfeat__RCML,posterior_confidence,E455,P136,P052,3,2,0+2,-3.224009292869974,0.02704023894016402,coarsening_worsens
HandWritten-Mfeat__RCML,posterior_confidence,E456,P136,P093,3,2,1+2,-4.107248305186223,-0.007188171949564118,coarsening_improves
HandWritten-Mfeat__RCML,posterior_confidence,E457,P137,P020,4,3,0+1,-5.015187743505546,-6.0852514710615215e-06,coarsening_improves
HandWritten-Mfeat__RCML,posterior_confidence,E458,P137,P054,4,3,0+2,-5.403931289883769,0.010148382185100547,coarsening_worsens
HandWritten-Mfeat__RCML,posterior_confidence,E459,P137,P094,4,3,1+2,-6.320284258367642,0.0012243444489343557,coarsening_worsens
HandWritten-Mfeat__RCML,posterior_confidence,E460,P137,P134,4,3,0+3,-3.7533008913565347,0.0002625888181216548,coarsening_worsens
HandWritten-Mfeat__RCML,posterior_confidence,E461,P137,P135,4,3,1+3,-4.438886279745555,-6.0852514710615215e-06,coarsening_improves
HandWritten-Mfeat__RCML,posterior_confidence,E462,P137,P136,4,3,2+3,-5.442188486007222,0.009468542941231808,coarsening_worsens
HandWritten-Mfeat__RCML,posterior_confidence,E463,P138,P021,4,3,0+1,-4.084979574691042,0.0,tie
HandWritten-Mfeat__RCML,posterior_confidence,E464,P138,P058,4,3,0+2,-8.980477237757176,0.00046030561194524767,coarsening_worsens
HandWritten-Mfeat__RCML,posterior_confidence,E465,P138,P095,4,3,1+2,-9.734697207513078,4.187715609431346e-05,coarsening_worsens
HandWritten-Mfeat__RCML,posterior_confidence,E466,P138,P126,4,3,0+3,-5.469987899716454,0.0,tie
HandWritten-Mfeat__RCML,posterior_confidence,E467,P138,P130,4,3,1+3,-6.783385439909573,0.0,tie
HandWritten-Mfeat__RCML,posterior_confidence,E468,P138,P134,4,3,2+3,-9.534550601153144,0.0002686740695927163,coarsening_worsens
HandWritten-Mfeat__RCML,posterior_confidence,E469,P139,P021,4,3,0+1,-3.3993941863020236,0.0,tie
HandWritten-Mfeat__RCML,posterior_confidence,E470,P139,P059,4,3,0+2,-9.030677727584452,0.00010170102404608154,coarsening_worsens
HandWritten-Mfeat__RCML,posterior_confidence,E471,P139,P096,4,3,1+2,-9.106092921684741,0.00014580564371031277,coarsening_worsens
HandWritten-Mfeat__RCML,posterior_confidence,E472,P139,P127,4,3,0+3,-5.940081370762789,0.0,tie
HandWritten-Mfeat__RCML,posterior_confidence,E473,P139,P131,4,3,1+3,-5.628377631209599,0.0,tie
HandWritten-Mfeat__RCML,posterior_confidence,E474,P139,P135,4,3,2+3,-9.534550601153146,0.0,tie
HandWritten-Mfeat__RCML,posterior_confidence,E475,P140,P022,4,3,0+1,-5.015187743505546,0.00011509922625176329,coarsening_worsens
HandWritten-Mfeat__RCML,posterior_confidence,E476,P140,P058,4,3,0+2,-3.33269276032855,0.00039362868133467865,coarsening_worsens
HandWritten-Mfeat__RCML,posterior_confidence,E477,P140,P096,4,3,1+2,-4.143893832645134,7.912871309974374e-05,coarsening_worsens
HandWritten-Mfeat__RCML,posterior_confidence,E478,P140,P128,4,3,0+3,-5.940081370762787,0.009594006170005675,coarsening_worsens
HandWritten-Mfeat__RCML,posterior_confidence,E479,P140,P132,4,3,1+3,-6.783385439909572,0.0012456330569765718,coarsening_worsens
HandWritten-Mfeat__RCML,posterior_confidence,E480,P140,P136,4,3,2+3,-5.5756537183752055,0.0094079512620923,coarsening_worsens
HandWritten-Mfeat__RCML,posterior_confidence,E481,P141,P023,4,3,0+1,-5.015187743505546,0.0,tie
HandWritten-Mfeat__RCML,posterior_confidence,E482,P141,P060,4,3,0+2,-9.03067772758445,0.009837854316917912,coarsening_worsens
HandWritten-Mfeat__RCML,posterior_confidence,E483,P141,P097,4,3,1+2,-9.734697207513078,0.0015731584008191197,coarsening_worsens
HandWritten-Mfeat__RCML,posterior_confidence,E484,P141,P126,4,3,0+3,-3.314852788032894,0.0,tie
HandWritten-Mfeat__RCML,posterior_confidence,E485,P141,P131,4,3,1+3,-4.158827907915057,0.0,tie
HandWritten-Mfeat__RCML,posterior_confidence,E486,P141,P136,4,3,2+3,-9.068303084120272,0.00947462819270287,coarsening_worsens
HandWritten-Mfeat__RCML,posterior_confidence,E487,P142,P024,5,4,0+1,-5.0151877435055425,0.0,tie
HandWritten-Mfeat__RCML,posterior_confidence,E488,P142,P061,5,4,0+2,-9.030677727584452,6.214702632780251e-05,coarsening_worsens
HandWritten-Mfeat__RCML,posterior_confidence,E489,P142,P098,5,4,1+2,-9.73469720751308,0.0,tie
HandWritten-Mfeat__RCML,posterior_confidence,E490,P142,P129,5,4,0+3,-5.94008137076279,0.0,tie
HandWritten-Mfeat__RCML,posterior_confidence,E491,P142,P133,5,4,1+3,-6.783385439909573,0.0,tie
HandWritten-Mfeat__RCML,posterior_confidence,E492,P142,P137,5,4,2+3,-9.534550601153144,6.0852514710615215e-06,coarsening_worsens
HandWritten-Mfeat__RCML,posterior_confidence,E493,P142,P138,5,4,0+4,-3.7533008913565347,0.0,tie
HandWritten-Mfeat__RCML,posterior_confidence,E494,P142,P139,5,4,1+4,-4.438886279745553,0.0,tie
HandWritten-Mfeat__RCML,posterior_confidence,E495,P142,P140,5,4,2+4,-9.40108536878516,6.667693061056903e-05,coarsening_worsens
HandWritten-Mfeat__RCML,posterior_confidence,E496,P142,P141,5,4,3+4,-5.908436003040094,0.0,tie
HandWritten-Mfeat__RCML,posterior_confidence,E497,P143,P015,3,2,0+1,-2.4533870094556978,8.688604288996371e-07,coarsening_worsens
HandWritten-Mfeat__RCML,posterior_confidence,E498,P143,P062,3,2,0+2,-8.987009101493452,0.018369602345789222,coarsening_worsens
HandWritten-Mfeat__RCML,posterior_confidence,E499,P143,P099,3,2,1+2,-9.126325266260942,0.003589649745603274,coarsening_worsens
HandWritten-Mfeat__RCML,posterior_confidence,E500,P144,P015,3,2,0+1,-5.011676483637169,8.688604288996371e-07,coarsening_worsens
HandWritten-Mfeat__RCML,posterior_confidence,E501,P144,P063,3,2,0+2,-9.102619964138256,3.580340183142951e-05,coarsening_worsens
HandWritten-Mfeat__RCML,posterior_confidence,E502,P144,P100,3,2,1+2,-9.02594756044289,8.408508469692202e-05,coarsening_worsens
HandWritten-Mfeat__RCML,posterior_confidence,E503,P145,P016,3,2,0+1,-5.3302056792062835,0.002224772151185373,coarsening_worsens
HandWritten-Mfeat__RCML,posterior_confidence,E504,P145,P062,3,2,0+2,-5.081304935342945,0.018369602345789222,coarsening_worsens
HandWritten-Mfeat__RCML,posterior_confidence,E505,P145,P100,3,2,1+2,-2.5619539201109127,8.408508469692202e-05,coarsening_worsens
HandWritten-Mfeat__RCML,posterior_confidence,E506,P146,P017,4,3,0+1,-5.3302056792062835,0.0,tie
HandWritten-Mfeat__RCML,posterior_confidence,E507,P146,P064,4,3,0+2,-9.10261996413826,0.0,tie
HandWritten-Mfeat__RCML,posterior_confidence,E508,P146,P101,4,3,1+2,-9.126325266260944,0.0,tie
HandWritten-Mfeat__RCML,posterior_confidence,E509,P146,P143,4,3,0+3,-5.495381202634654,0.0,tie
HandWritten-Mfeat__RCML,posterior_confidence,E510,P146,P144,4,3,1+3,-2.937091728453183,0.0,tie
HandWritten-Mfeat__RCML,posterior_confidence,E511,P146,P145,4,3,2+3,-9.40108536878516,0.0,tie
HandWritten-Mfeat__RCML,posterior_confidence,E512,P147,P015,3,2,0+1,-2.1646959108617416,8.688604288996371e-07,coarsening_worsens
HandWritten-Mfeat__RCML,posterior_confidence,E513,P147,P065,3,2,0+2,-8.997959698176485,0.003040734925852449,coarsening_worsens
HandWritten-Mfeat__RCML,posterior_confidence,E514,P147,P102,3,2,1+2,-9.010745550567187,0.0033099055157104406,coarsening_worsens
HandWritten-Mfeat__RCML,posterior_confidence,E515,P148,P015,3,2,0+1,-9.582439631611438,8.688604288996371e-07,coarsening_worsens
HandWritten-Mfeat__RCML,posterior_confidence,E516,P148,P066,3,2,0+2,-10.501787610067481,0.0,tie
HandWritten-Mfeat__RCML,posterior_confidence,E517,P148,P103,3,2,1+2,-8.995104661736068,0.0,tie
HandWritten-Mfeat__RCML,posterior_confidence,E518,P149,P016,3,2,0+1,-9.600474871499515,0.002224772151185373,coarsening_worsens
HandWritten-Mfeat__RCML,posterior_confidence,E519,P149,P065,3,2,0+2,-9.651215822913166,0.003040734925852449,coarsening_worsens
HandWritten-Mfeat__RCML,posterior_confidence,E520,P149,P103,3,2,1+2,-2.2306170657230524,0.0,tie
HandWritten-Mfeat__RCML,posterior_confidence,E521,P150,P017,4,3,0+1,-9.600474871499515,0.0,tie
HandWritten-Mfeat__RCML,posterior_confidence,E522,P150,P067,4,3,0+2,-10.50178761006748,0.0,tie
HandWritten-Mfeat__RCML,posterior_confidence,E523,P150,P104,4,3,1+2,-9.010745550567185,0.0,tie
HandWritten-Mfeat__RCML,posterior_confidence,E524,P150,P147,4,3,0+3,-10.054341493521841,0.0,tie
HandWritten-Mfeat__RCML,posterior_confidence,E525,P150,P148,4,3,1+3,-2.636597772772145,0.0,tie
HandWritten-Mfeat__RCML,posterior_confidence,E526,P150,P149,4,3,2+3,-9.40108536878516,0.0,tie
HandWritten-Mfeat__RCML,posterior_confidence,E527,P151,P018,3,2,0+1,-2.510824393876632,9.567150124188193e-06,coarsening_worsens
HandWritten-Mfeat__RCML,posterior_confidence,E528,P151,P062,3,2,0+2,-4.9754259174192494,0.018369602345789222,coarsening_worsens
HandWritten-Mfeat__RCML,posterior_confidence,E529,P151,P102,3,2,1+2,-5.2878534650869415,0.0033099055157104406,coarsening_worsens
HandWritten-Mfeat__RCML,posterior_confidence,E530,P152,P018,3,2,0+1,-9.628074158945292,9.567150124188193e-06,coarsening_worsens
HandWritten-Mfeat__RCML,posterior_confidence,E531,P152,P063,3,2,0+2,-9.649997070951244,3.580340183142951e-05,coarsening_worsens
HandWritten-Mfeat__RCML,posterior_confidence,E532,P152,P103,3,2,1+2,-4.971718620574787,0.0,tie
HandWritten-Mfeat__RCML,posterior_confidence,E533,P153,P019,3,2,0+1,-9.742073164856446,0.002720678081330979,coarsening_worsens
HandWritten-Mfeat__RCML,posterior_confidence,E534,P153,P062,3,2,0+2,-9.587578924933872,0.018369602345789222,coarsening_worsens
HandWritten-Mfeat__RCML,posterior_confidence,E535,P153,P103,3,2,1+2,-2.466621863020748,0.0,tie
HandWritten-Mfeat__RCML,posterior_confidence,E536,P154,P020,4,3,0+1,-9.742073164856441,0.0,tie
HandWritten-Mfeat__RCML,posterior_confidence,E537,P154,P064,4,3,0+2,-9.649997070951244,0.0,tie
HandWritten-Mfeat__RCML,posterior_confidence,E538,P154,P104,4,3,1+2,-5.287853465086938,0.0,tie
HandWritten-Mfeat__RCML,posterior_confidence,E539,P154,P151,4,3,0+3,-10.05434149352184,0.0,tie
HandWritten-Mfeat__RCML,posterior_confidence,E540,P154,P152,4,3,1+3,-2.9370917284531792,0.0,tie
HandWritten-Mfeat__RCML,posterior_confidence,E541,P154,P153,4,3,2+3,-5.442188486007218,0.0,tie
HandWritten-Mfeat__RCML,posterior_confidence,E542,P155,P021,4,3,0+1,-2.510824393876634,0.0,tie
HandWritten-Mfeat__RCML,posterior_confidence,E543,P155,P068,4,3,0+2,-8.997959698176487,0.0002174929796956276,coarsening_worsens
HandWritten-Mfeat__RCML,posterior_confidence,E544,P155,P105,4,3,1+2,-9.126325266260944,0.0002121613824980127,coarsening_worsens
HandWritten-Mfeat__RCML,posterior_confidence,E545,P155,P143,4,3,0+3,-5.522967417078945,0.0,tie
HandWritten-Mfeat__RCML,posterior_confidence,E546,P155,P147,4,3,1+3,-5.811658515672901,0.0,tie
HandWritten-Mfeat__RCML,posterior_confidence,E547,P155,P151,4,3,2+3,-9.534550601153146,0.0,tie
HandWritten-Mfeat__RCML,posterior_confidence,E548,P156,P021,4,3,0+1,-9.62807415894529,0.0,tie
HandWritten-Mfeat__RCML,posterior_confidence,E549,P156,P069,4,3,0+2,-10.501787610067478,0.0,tie
HandWritten-Mfeat__RCML,posterior_confidence,E550,P156,P106,4,3,1+2,-9.025947560442889,0.0,tie
HandWritten-Mfeat__RCML,posterior_confidence,E551,P156,P144,4,3,0+3,-10.08192770796613,0.0,tie
HandWritten-Mfeat__RCML,posterior_confidence,E552,P156,P148,4,3,1+3,-5.511164559991862,0.0,tie
HandWritten-Mfeat__RCML,posterior_confidence,E553,P156,P152,4,3,2+3,-9.534550601153143,0.0,tie
HandWritten-Mfeat__RCML,posterior_confidence,E554,P157,P022,4,3,0+1,-9.742073164856446,0.00018177615686233232,coarsening_worsens
HandWritten-Mfeat__RCML,posterior_confidence,E555,P157,P068,4,3,0+2,-9.65121582291317,0.0002174929796956276,coarsening_worsens
HandWritten-Mfeat__RCML,posterior_confidence,E556,P157,P106,4,3,1+2,-2.5619539201109145,0.0,tie
HandWritten-Mfeat__RCML,posterior_confidence,E557,P157,P145,4,3,0+3,-10.081927707966134,0.0,tie
HandWritten-Mfeat__RCML,posterior_confidence,E558,P157,P149,4,3,1+3,-5.811658515672903,0.0,tie
HandWritten-Mfeat__RCML,posterior_confidence,E559,P157,P153,4,3,2+3,-5.575653718375207,0.0,tie
HandWritten-Mfeat__RCML,posterior_confidence,E560,P158,P023,4,3,0+1,-9.742073164856446,0.0,tie
HandWritten-Mfeat__RCML,posterior_confidence,E561,P158,P070,4,3,0+2,-10.501787610067481,0.0,tie
HandWritten-Mfeat__RCML,posterior_confidence,E562,P158,P107,4,3,1+2,-9.126325266260942,0.0,tie
HandWritten-Mfeat__RCML,posterior_confidence,E563,P158,P143,4,3,0+3,-9.668872907560694,0.0,tie
HandWritten-Mfeat__RCML,posterior_confidence,E564,P158,P148,4,3,1+3,-2.5398202854049536,0.0,tie
HandWritten-Mfeat__RCML,posterior_confidence,E565,P158,P153,4,3,2+3,-9.068303084120274,0.0,tie
HandWritten-Mfeat__RCML,posterior_confidence,E566,P159,P024,5,4,0+1,-9.74207316485644,0.0,tie
HandWritten-Mfeat__RCML,posterior_confidence,E567,P159,P071,5,4,0+2,-10.501787610067478,0.0,tie
HandWritten-Mfeat__RCML,posterior_confidence,E568,P159,P108,5,4,1+2,-9.126325266260942,0.0,tie
HandWritten-Mfeat__RCML,posterior_confidence,E569,P159,P146,5,4,0+3,-10.08192770796613,0.0,tie
HandWritten-Mfeat__RCML,posterior_confidence,E570,P159,P150,5,4,1+3,-5.8116585156728995,0.0,tie
HandWritten-Mfeat__RCML,posterior_confidence,E571,P159,P154,5,4,2+3,-9.534550601153146,0.0,tie
HandWritten-Mfeat__RCML,posterior_confidence,E572,P159,P155,5,4,0+4,-10.05434149352184,0.0,tie
HandWritten-Mfeat__RCML,posterior_confidence,E573,P159,P156,5,4,1+4,-2.937091728453183,0.0,tie
HandWritten-Mfeat__RCML,posterior_confidence,E574,P159,P157,5,4,2+4,-9.401085368785157,0.0,tie
HandWritten-Mfeat__RCML,posterior_confidence,E575,P159,P158,5,4,3+4,-5.908436003040091,0.0,tie
HandWritten-Mfeat__RCML,posterior_confidence,E576,P160,P025,3,2,0+1,-4.096711051912887,-0.007714855263965035,coarsening_improves
HandWritten-Mfeat__RCML,posterior_confidence,E577,P160,P052,3,2,0+2,-3.2625423699299043,0.02644552636981331,coarsening_worsens
HandWritten-Mfeat__RCML,posterior_confidence,E578,P160,P099,3,2,1+2,-5.0385427454103935,-0.0064796910174503095,coarsening_improves
HandWritten-Mfeat__RCML,posterior_confidence,E579,P161,P025,3,2,0+1,-5.153205974801988,0.0023544854990885477,coarsening_worsens
HandWritten-Mfeat__RCML,posterior_confidence,E580,P161,P053,3,2,0+2,-5.495657083571132,0.0019293875869180685,coarsening_worsens
HandWritten-Mfeat__RCML,posterior_confidence,E581,P161,P100,3,2,1+2,-3.4363704882999713,8.408508469692202e-05,coarsening_worsens
HandWritten-Mfeat__RCML,posterior_confidence,E582,P162,P026,3,2,0+1,-6.361151181475337,0.001892479682904529,coarsening_worsens
HandWritten-Mfeat__RCML,posterior_confidence,E583,P162,P052,3,2,0+2,-4.981788717734581,0.03635832218091678,coarsening_worsens
HandWritten-Mfeat__RCML,posterior_confidence,E584,P162,P100,3,2,1+2,-4.099121913215548,-7.245986725318743e-05,coarsening_improves
HandWritten-Mfeat__RCML,posterior_confidence,E585,P163,P027,4,3,0+1,-6.361151181475338,0.001249140284728419,coarsening_worsens
HandWritten-Mfeat__RCML,posterior_confidence,E586,P163,P054,4,3,0+2,-5.49565708357113,0.010146641235773985,coarsening_worsens
HandWritten-Mfeat__RCML,posterior_confidence,E587,P163,P101,4,3,1+2,-5.038542745410394,-7.826200797624856e-06,coarsening_improves
HandWritten-Mfeat__RCML,posterior_confidence,E588,P163,P160,4,3,0+3,-5.495381202634653,0.01006151456225596,coarsening_worsens
HandWritten-Mfeat__RCML,posterior_confidence,E589,P163,P161,4,3,1+3,-4.438886279745553,-7.826200797624856e-06,coarsening_improves
HandWritten-Mfeat__RCML,posterior_confidence,E590,P163,P162,4,3,2+3,-3.7761348548299765,0.00014871875115248458,coarsening_worsens
HandWritten-Mfeat__RCML,posterior_confidence,E591,P164,P025,3,2,0+1,-2.8362930290822574,0.0009518008612393743,coarsening_worsens
HandWritten-Mfeat__RCML,posterior_confidence,E592,P164,P055,3,2,0+2,-3.3185395360922163,0.0033692679504287795,coarsening_worsens
HandWritten-Mfeat__RCML,posterior_confidence,E593,P164,P102,3,2,1+2,-3.951236105479965,0.0019072208778612672,coarsening_worsens
HandWritten-Mfeat__RCML,posterior_confidence,E594,P165,P025,3,2,0+1,-9.606756051558522,0.0023544854990885477,coarsening_worsens
HandWritten-Mfeat__RCML,posterior_confidence,E595,P165,P056,3,2,0+2,-9.669780628084801,0.0016103572479156225,coarsening_worsens
HandWritten-Mfeat__RCML,posterior_confidence,E596,P165,P103,3,2,1+2,-3.2883145183754134,0.0,tie
HandWritten-Mfeat__RCML,posterior_confidence,E597,P166,P026,3,2,0+1,-9.659693449531899,0.0020490246348546385,coarsening_worsens
HandWritten-Mfeat__RCML,posterior_confidence,E598,P166,P055,3,2,0+2,-9.596746174784084,0.004771952588277953,coarsening_worsens
HandWritten-Mfeat__RCML,posterior_confidence,E599,P166,P103,3,2,1+2,-2.796058134591018,0.0,tie
HandWritten-Mfeat__RCML,posterior_confidence,E600,P167,P027,4,3,0+1,-9.6596934495319,0.0012569664855260438,coarsening_worsens
HandWritten-Mfeat__RCML,posterior_confidence,E601,P167,P057,4,3,0+2,-9.669780628084801,0.0014762142150294298,coarsening_worsens
HandWritten-Mfeat__RCML,posterior_confidence,E602,P167,P104,4,3,1+2,-3.951236105479966,0.0,tie
HandWritten-Mfeat__RCML,posterior_confidence,E603,P167,P164,4,3,0+3,-10.054341493521845,0.0014026846378491734,coarsening_worsens
HandWritten-Mfeat__RCML,posterior_confidence,E604,P167,P165,4,3,1+3,-3.283878471045581,0.0,tie
HandWritten-Mfeat__RCML,posterior_confidence,E605,P167,P166,4,3,2+3,-3.7761348548299765,0.0,tie
HandWritten-Mfeat__RCML,posterior_confidence,E606,P168,P028,3,2,0+1,-4.121349852903641,-0.009228754212297657,coarsening_improves
HandWritten-Mfeat__RCML,posterior_confidence,E607,P168,P052,3,2,0+2,-2.7921085738789433,0.026218447336169803,coarsening_worsens
HandWritten-Mfeat__RCML,posterior_confidence,E608,P168,P102,3,2,1+2,-4.741220332259634,-0.006986514280986647,coarsening_improves
HandWritten-Mfeat__RCML,posterior_confidence,E609,P169,P028,3,2,0+1,-9.73680506667993,0.001067665584399431,coarsening_worsens
HandWritten-Mfeat__RCML,posterior_confidence,E610,P169,P053,3,2,0+2,-9.584183578407359,0.0019293875869180685,coarsening_worsens
HandWritten-Mfeat__RCML,posterior_confidence,E611,P169,P103,3,2,1+2,-2.923290936455107,0.0,tie
HandWritten-Mfeat__RCML,posterior_confidence,E612,P170,P029,3,2,0+1,-10.363352738851395,0.0028743321574466268,coarsening_worsens
HandWritten-Mfeat__RCML,posterior_confidence,E613,P170,P052,3,2,0+2,-9.57287346365885,0.03651486713286689,coarsening_worsens
HandWritten-Mfeat__RCML,posterior_confidence,E614,P170,P103,3,2,1+2,-4.088600612458725,0.0,tie
HandWritten-Mfeat__RCML,posterior_confidence,E615,P171,P030,4,3,0+1,-10.363352738851395,0.0014672700007507477,coarsening_worsens
HandWritten-Mfeat__RCML,posterior_confidence,E616,P171,P054,4,3,0+2,-9.584183578407357,0.010154467436571609,coarsening_worsens
HandWritten-Mfeat__RCML,posterior_confidence,E617,P171,P104,4,3,1+2,-4.741220332259632,0.0,tie
HandWritten-Mfeat__RCML,posterior_confidence,E618,P171,P168,4,3,0+3,-10.054341493521841,0.010296419796697088,coarsening_worsens
HandWritten-Mfeat__RCML,posterior_confidence,E619,P171,P169,4,3,1+3,-4.438886279745553,0.0,tie
HandWritten-Mfeat__RCML,posterior_confidence,E620,P171,P170,4,3,2+3,-3.273576603741935,0.0,tie
HandWritten-Mfeat__RCML,posterior_confidence,E621,P172,P031,4,3,0+1,-4.121349852903641,4.118297501944554e-05,coarsening_worsens
HandWritten-Mfeat__RCML,posterior_confidence,E622,P172,P058,4,3,0+2,-3.318539536092219,0.00037859487888550203,coarsening_worsens
HandWritten-Mfeat__RCML,posterior_confidence,E623,P172,P105,4,3,1+2,-5.038542745410394,0.00013045064943826708,coarsening_worsens
HandWritten-Mfeat__RCML,posterior_confidence,E624,P172,P160,4,3,0+3,-5.522967417078944,0.009987630029993838,coarsening_worsens
HandWritten-Mfeat__RCML,posterior_confidence,E625,P172,P164,4,3,1+3,-6.7833854399095745,0.0013209739047894279,coarsening_worsens
HandWritten-Mfeat__RCML,posterior_confidence,E626,P172,P168,4,3,2+3,-5.993401213129905,0.010214709063637343,coarsening_worsens
HandWritten-Mfeat__RCML,posterior_confidence,E627,P173,P031,4,3,0+1,-9.736805066679928,0.00012289370807919115,coarsening_worsens
HandWritten-Mfeat__RCML,posterior_confidence,E628,P173,P059,4,3,0+2,-9.6697806280848,0.00010170102404608154,coarsening_worsens
HandWritten-Mfeat__RCML,posterior_confidence,E629,P173,P106,4,3,1+2,-3.4363704882999695,0.0,tie
HandWritten-Mfeat__RCML,posterior_confidence,E630,P173,P161,4,3,0+3,-10.08192770796613,0.0,tie
HandWritten-Mfeat__RCML,posterior_confidence,E631,P173,P165,4,3,1+3,-5.628377631209597,0.0,tie
HandWritten-Mfeat__RCML,posterior_confidence,E632,P173,P169,4,3,2+3,-5.9934012131299035,0.0,tie
HandWritten-Mfeat__RCML,posterior_confidence,E633,P174,P032,4,3,0+1,-10.363352738851397,6.640879222916864e-05,coarsening_worsens
HandWritten-Mfeat__RCML,posterior_confidence,E634,P174,P058,4,3,0+2,-9.596746174784085,0.00046030561194524767,coarsening_worsens
HandWritten-Mfeat__RCML,posterior_confidence,E635,P174,P106,4,3,1+2,-4.09912191321555,0.0,tie
HandWritten-Mfeat__RCML,posterior_confidence,E636,P174,P162,4,3,0+3,-10.081927707966134,0.00015654495195010945,coarsening_worsens
HandWritten-Mfeat__RCML,posterior_confidence,E637,P174,P166,4,3,1+3,-6.783385439909573,0.0,tie
HandWritten-Mfeat__RCML,posterior_confidence,E638,P174,P170,4,3,2+3,-5.4908429620418655,0.0,tie
HandWritten-Mfeat__RCML,posterior_confidence,E639,P175,P033,4,3,0+1,-10.363352738851397,0.0013849415639666644,coarsening_worsens
HandWritten-Mfeat__RCML,posterior_confidence,E640,P175,P060,4,3,0+2,-9.669780628084801,0.009837854316917912,coarsening_worsens
HandWritten-Mfeat__RCML,posterior_confidence,E641,P175,P107,4,3,1+2,-5.038542745410393,0.0,tie
HandWritten-Mfeat__RCML,posterior_confidence,E642,P175,P160,4,3,0+3,-9.668872907560694,0.010069340763053583,coarsening_worsens
HandWritten-Mfeat__RCML,posterior_confidence,E643,P175,P165,4,3,1+3,-4.158827907915059,0.0,tie
HandWritten-Mfeat__RCML,posterior_confidence,E644,P175,P170,4,3,2+3,-3.3585418138317475,0.0,tie
HandWritten-Mfeat__RCML,posterior_confidence,E645,P176,P034,5,4,0+1,-10.3633527388514,0.0,tie
HandWritten-Mfeat__RCML,posterior_confidence,E646,P176,P061,5,4,0+2,-9.669780628084803,6.214702632780251e-05,coarsening_worsens
HandWritten-Mfeat__RCML,posterior_confidence,E647,P176,P108,5,4,1+2,-5.038542745410396,0.0,tie
HandWritten-Mfeat__RCML,posterior_confidence,E648,P176,P163,5,4,0+3,-10.081927707966134,7.826200797624856e-06,coarsening_worsens
HandWritten-Mfeat__RCML,posterior_confidence,E649,P176,P167,5,4,1+3,-6.783385439909573,0.0,tie
HandWritten-Mfeat__RCML,posterior_confidence,E650,P176,P171,5,4,2+3,-5.993401213129907,0.0,tie
HandWritten-Mfeat__RCML,posterior_confidence,E651,P176,P172,5,4,0+4,-10.054341493521843,8.171073305974561e-05,coarsening_worsens
HandWritten-Mfeat__RCML,posterior_confidence,E652,P176,P173,5,4,1+4,-4.438886279745557,0.0,tie
HandWritten-Mfeat__RCML,posterior_confidence,E653,P176,P174,5,4,2+4,-3.7761348548299765,0.0,tie
HandWritten-Mfeat__RCML,posterior_confidence,E654,P176,P175,5,4,3+4,-5.908436003040094,0.0,tie
HandWritten-Mfeat__RCML,posterior_confidence,E655,P177,P035,4,3,0+1,-4.096711051912887,0.0,tie
HandWritten-Mfeat__RCML,posterior_confidence,E656,P177,P072,4,3,0+2,-8.987009101493452,0.01393365316995705,coarsening_worsens
HandWritten-Mfeat__RCML,posterior_confidence,E657,P177,P109,4,3,1+2,-9.73469720751308,0.005478928598918376,coarsening_worsens
HandWritten-Mfeat__RCML,posterior_confidence,E658,P177,P126,4,3,0+3,-3.836611936487987,0.0,tie
HandWritten-Mfeat__RCML,posterior_confidence,E659,P177,P143,4,3,1+3,-5.463746634664886,0.0,tie
HandWritten-Mfeat__RCML,posterior_confidence,E660,P177,P160,4,3,2+3,-9.551529155515436,0.010069340763053583,coarsening_worsens
HandWritten-Mfeat__RCML,posterior_confidence,E661,P178,P035,4,3,0+1,-5.153205974801988,0.0,tie
HandWritten-Mfeat__RCML,posterior_confidence,E662,P178,P073,4,3,0+2,-9.10261996413826,0.00010425767324996542,coarsening_worsens
HandWritten-Mfeat__RCML,posterior_confidence,E663,P178,P110,4,3,1+2,-9.106092921684741,6.635469618639907e-05,coarsening_worsens
HandWritten-Mfeat__RCML,posterior_confidence,E664,P178,P127,4,3,0+3,-6.048785718812441,0.0,tie
HandWritten-Mfeat__RCML,posterior_confidence,E665,P178,P144,4,3,1+3,-3.961952083372516,0.0,tie
HandWritten-Mfeat__RCML,posterior_confidence,E666,P178,P161,4,3,2+3,-9.551529155515436,0.0,tie
HandWritten-Mfeat__RCML,posterior_confidence,E667,P179,P036,4,3,0+1,-6.361151181475337,0.0054807334454992,coarsening_worsens
HandWritten-Mfeat__RCML,posterior_confidence,E668,P179,P072,4,3,0+2,-5.081304935342944,0.013867860218311597,coarsening_worsens
HandWritten-Mfeat__RCML,posterior_confidence,E669,P179,P110,4,3,1+2,-4.143893832645132,5.617445409475413e-07,coarsening_worsens
HandWritten-Mfeat__RCML,posterior_confidence,E670,P179,P128,4,3,0+3,-6.048785718812438,0.009594890148970792,coarsening_worsens
HandWritten-Mfeat__RCML,posterior_confidence,E671,P179,P145,4,3,1+3,-5.463746634664885,-6.579295164545152e-05,coarsening_improves
HandWritten-Mfeat__RCML,posterior_confidence,E672,P179,P162,4,3,2+3,-3.9265786415602495,9.075200030465792e-05,coarsening_worsens
HandWritten-Mfeat__RCML,posterior_confidence,E673,P180,P037,4,3,0+1,-6.361151181475339,0.0,tie
HandWritten-Mfeat__RCML,posterior_confidence,E674,P180,P074,4,3,0+2,-9.10261996413826,0.00021577947003820542,coarsening_worsens
HandWritten-Mfeat__RCML,posterior_confidence,E675,P180,P111,4,3,1+2,-9.73469720751308,4.347530613262247e-06,coarsening_worsens
HandWritten-Mfeat__RCML,posterior_confidence,E676,P180,P126,4,3,0+3,-5.0818114919754045,0.0,tie
HandWritten-Mfeat__RCML,posterior_confidence,E677,P180,P144,4,3,1+3,-4.1506567159708325,0.0,tie
HandWritten-Mfeat__RCML,posterior_confidence,E678,P180,P162,4,3,2+3,-9.077482363198175,0.00015654495195010945,coarsening_worsens
HandWritten-Mfeat__RCML,posterior_confidence,E679,P181,P038,5,4,0+1,-6.361151181475343,0.0,tie
HandWritten-Mfeat__RCML,posterior_confidence,E680,P181,P075,5,4,0+2,-9.10261996413826,0.00010148243169031482,coarsening_worsens
HandWritten-Mfeat__RCML,posterior_confidence,E681,P181,P112,5,4,1+2,-9.73469720751308,0.0,tie
HandWritten-Mfeat__RCML,posterior_confidence,E682,P181,P129,5,4,0+3,-6.048785718812443,0.0,tie
HandWritten-Mfeat__RCML,posterior_confidence,E683,P181,P146,5,4,1+3,-5.463746634664886,0.0,tie
HandWritten-Mfeat__RCML,posterior_confidence,E684,P181,P163,5,4,2+3,-9.551529155515436,7.826200797624856e-06,coarsening_worsens
HandWritten-Mfeat__RCML,posterior_confidence,E685,P181,P177,5,4,0+4,-5.495381202634654,0.0,tie
HandWritten-Mfeat__RCML,posterior_confidence,E686,P181,P178,5,4,1+4,-4.438886279745553,0.0,tie
HandWritten-Mfeat__RCML,posterior_confidence,E687,P181,P179,5,4,2+4,-9.401085368785163,6.579295164545152e-05,coarsening_worsens
HandWritten-Mfeat__RCML,posterior_confidence,E688,P181,P180,5,4,3+4,-4.250181647147237,0.0,tie
HandWritten-Mfeat__RCML,posterior_confidence,E689,P182,P035,4,3,0+1,-2.8362930290822597,0.0,tie
HandWritten-Mfeat__RCML,posterior_confidence,E690,P182,P076,4,3,0+2,-8.997959698176487,0.0060000169243130865,coarsening_worsens
HandWritten-Mfeat__RCML,posterior_confidence,E691,P182,P113,4,3,1+2,-9.071449419611216,0.006337540215203106,coarsening_worsens
HandWritten-Mfeat__RCML,posterior_confidence,E692,P182,P130,4,3,0+3,-3.8895914538504783,0.0,tie
HandWritten-Mfeat__RCML,posterior_confidence,E693,P182,P147,4,3,1+3,-4.492019710428215,0.0,tie
HandWritten-Mfeat__RCML,posterior_confidence,E694,P182,P164,4,3,2+3,-9.551529155515437,0.0014026846378491734,coarsening_worsens
HandWritten-Mfeat__RCML,posterior_confidence,E695,P183,P035,4,3,0+1,-9.60675605155852,0.0,tie
HandWritten-Mfeat__RCML,posterior_confidence,E696,P183,P077,4,3,0+2,-10.50178761006748,0.0,tie
HandWritten-Mfeat__RCML,posterior_confidence,E697,P183,P114,4,3,1+2,-9.016723481391438,0.0,tie
HandWritten-Mfeat__RCML,posterior_confidence,E698,P183,P131,4,3,0+3,-10.190632056015783,0.0,tie
HandWritten-Mfeat__RCML,posterior_confidence,E699,P183,P148,4,3,1+3,-3.844739012154779,0.0,tie
HandWritten-Mfeat__RCML,posterior_confidence,E700,P183,P165,4,3,2+3,-9.551529155515434,0.0,tie
HandWritten-Mfeat__RCML,posterior_confidence,E701,P184,P036,4,3,0+1,-9.659693449531893,0.005546526397144651,coarsening_worsens
HandWritten-Mfeat__RCML,posterior_confidence,E702,P184,P076,4,3,0+2,-9.651215822913162,0.0060000169243130865,coarsening_worsens
HandWritten-Mfeat__RCML,posterior_confidence,E703,P184,P114,4,3,1+2,-2.8995165836518524,0.0,tie
HandWritten-Mfeat__RCML,posterior_confidence,E704,P184,P132,4,3,0+3,-10.19063205601578,0.0013123099875871408,coarsening_worsens
HandWritten-Mfeat__RCML,posterior_confidence,E705,P184,P149,4,3,1+3,-4.49201971042821,0.0,tie
HandWritten-Mfeat__RCML,posterior_confidence,E706,P184,P166,4,3,2+3,-3.926578641560244,0.0,tie
HandWritten-Mfeat__RCML,posterior_confidence,E707,P185,P037,4,3,0+1,-9.659693449531897,0.0,tie
HandWritten-Mfeat__RCML,posterior_confidence,E708,P185,P078,4,3,0+2,-10.501787610067481,0.0,tie
HandWritten-Mfeat__RCML,posterior_confidence,E709,P185,P115,4,3,1+2,-9.071449419611215,0.0,tie
HandWritten-Mfeat__RCML,posterior_confidence,E710,P185,P130,4,3,0+3,-9.693751300225081,0.0,tie
HandWritten-Mfeat__RCML,posterior_confidence,E711,P185,P148,4,3,1+3,-2.8784358360531215,0.0,tie
HandWritten-Mfeat__RCML,posterior_confidence,E712,P185,P166,4,3,2+3,-9.077482363198172,0.0,tie
HandWritten-Mfeat__RCML,posterior_confidence,E713,P186,P038,5,4,0+1,-9.6596934495319,0.0,tie
HandWritten-Mfeat__RCML,posterior_confidence,E714,P186,P079,5,4,0+2,-10.501787610067478,0.0,tie
HandWritten-Mfeat__RCML,posterior_confidence,E715,P186,P116,5,4,1+2,-9.071449419611213,0.0,tie
HandWritten-Mfeat__RCML,posterior_confidence,E716,P186,P133,5,4,0+3,-10.190632056015783,0.0,tie
HandWritten-Mfeat__RCML,posterior_confidence,E717,P186,P150,5,4,1+3,-4.492019710428213,0.0,tie
HandWritten-Mfeat__RCML,posterior_confidence,E718,P186,P167,5,4,2+3,-9.551529155515432,0.0,tie
HandWritten-Mfeat__RCML,posterior_confidence,E719,P186,P182,5,4,0+4,-10.05434149352184,0.0,tie
HandWritten-Mfeat__RCML,posterior_confidence,E720,P186,P183,5,4,1+4,-3.283878471045579,0.0,tie
HandWritten-Mfeat__RCML,posterior_confidence,E721,P186,P184,5,4,2+4,-9.401085368785164,0.0,tie
HandWritten-Mfeat__RCML,posterior_confidence,E722,P186,P185,5,4,3+4,-4.250181647147237,0.0,tie
HandWritten-Mfeat__RCML,posterior_confidence,E723,P187,P039,4,3,0+1,-4.121349852903641,1.0698383323508973e-05,coarsening_worsens
HandWritten-Mfeat__RCML,posterior_confidence,E724,P187,P072,4,3,0+2,-4.975425917419251,0.013833982156265499,coarsening_worsens
HandWritten-Mfeat__RCML,posterior_confidence,E725,P187,P113,4,3,1+2,-6.320284258367644,0.006237869201511557,coarsening_worsens
HandWritten-Mfeat__RCML,posterior_confidence,E726,P187,P134,4,3,0+3,-3.8895914538504766,0.00016900305590116646,coarsening_worsens
HandWritten-Mfeat__RCML,posterior_confidence,E727,P187,P151,4,3,1+3,-5.463746634664887,-9.967101369154984e-05,coarsening_improves
HandWritten-Mfeat__RCML,posterior_confidence,E728,P187,P168,4,3,2+3,-6.010379767492195,0.010196748783005537,coarsening_worsens
HandWritten-Mfeat__RCML,posterior_confidence,E729,P188,P039,4,3,0+1,-9.736805066679928,0.00011036939701505881,coarsening_worsens
HandWritten-Mfeat__RCML,posterior_confidence,E730,P188,P073,4,3,0+2,-9.649997070951244,0.00010425767324996542,coarsening_worsens
HandWritten-Mfeat__RCML,posterior_confidence,E731,P188,P114,4,3,1+2,-5.11055051144789,0.0,tie
HandWritten-Mfeat__RCML,posterior_confidence,E732,P188,P135,4,3,0+3,-10.190632056015783,0.0,tie
HandWritten-Mfeat__RCML,posterior_confidence,E733,P188,P152,4,3,1+3,-3.9619520833725126,0.0,tie
HandWritten-Mfeat__RCML,posterior_confidence,E734,P188,P169,4,3,2+3,-6.010379767492193,0.0,tie
HandWritten-Mfeat__RCML,posterior_confidence,E735,P189,P040,4,3,0+1,-10.363352738851395,0.004995081357059217,coarsening_worsens
HandWritten-Mfeat__RCML,posterior_confidence,E736,P189,P072,4,3,0+2,-9.587578924933869,0.01393365316995705,coarsening_worsens
HandWritten-Mfeat__RCML,posterior_confidence,E737,P189,P114,4,3,1+2,-4.107248305186221,0.0,tie
HandWritten-Mfeat__RCML,posterior_confidence,E738,P189,P136,4,3,0+3,-10.190632056015781,0.00947462819270287,coarsening_worsens
HandWritten-Mfeat__RCML,posterior_confidence,E739,P189,P153,4,3,1+3,-5.463746634664883,0.0,tie
HandWritten-Mfeat__RCML,posterior_confidence,E740,P189,P170,4,3,2+3,-3.841767885226906,0.0,tie
HandWritten-Mfeat__RCML,posterior_confidence,E741,P190,P041,4,3,0+1,-10.363352738851399,2.6065812866989113e-06,coarsening_worsens
HandWritten-Mfeat__RCML,posterior_confidence,E742,P190,P074,4,3,0+2,-9.649997070951247,0.00021577947003820542,coarsening_worsens
HandWritten-Mfeat__RCML,posterior_confidence,E743,P190,P115,4,3,1+2,-6.320284258367645,0.0,tie
HandWritten-Mfeat__RCML,posterior_confidence,E744,P190,P134,4,3,0+3,-9.693751300225083,0.0002686740695927163,coarsening_worsens
HandWritten-Mfeat__RCML,posterior_confidence,E745,P190,P152,4,3,1+3,-4.1506567159708325,0.0,tie
HandWritten-Mfeat__RCML,posterior_confidence,E746,P190,P170,4,3,2+3,-5.033774724086895,0.0,tie
HandWritten-Mfeat__RCML,posterior_confidence,E747,P191,P042,5,4,0+1,-10.3633527388514,0.0,tie
HandWritten-Mfeat__RCML,posterior_confidence,E748,P191,P075,5,4,0+2,-9.649997070951247,0.00010148243169031482,coarsening_worsens
HandWritten-Mfeat__RCML,posterior_confidence,E749,P191,P116,5,4,1+2,-6.320284258367643,0.0,tie
HandWritten-Mfeat__RCML,posterior_confidence,E750,P191,P137,5,4,0+3,-10.190632056015785,6.0852514710615215e-06,coarsening_worsens
HandWritten-Mfeat__RCML,posterior_confidence,E751,P191,P154,5,4,1+3,-5.46374663466489,0.0,tie
HandWritten-Mfeat__RCML,posterior_confidence,E752,P191,P171,5,4,2+3,-6.010379767492196,0.0,tie
HandWritten-Mfeat__RCML,posterior_confidence,E753,P191,P187,5,4,0+4,-10.054341493521843,9.967101369154984e-05,coarsening_worsens
HandWritten-Mfeat__RCML,posterior_confidence,E754,P191,P188,5,4,1+4,-4.438886279745557,0.0,tie
HandWritten-Mfeat__RCML,posterior_confidence,E755,P191,P189,5,4,2+4,-5.442188486007225,0.0,tie
HandWritten-Mfeat__RCML,posterior_confidence,E756,P191,P190,5,4,3+4,-4.250181647147237,0.0,tie
HandWritten-Mfeat__RCML,posterior_confidence,E757,P192,P043,4,3,0+1,-4.121349852903638,0.0,tie
HandWritten-Mfeat__RCML,posterior_confidence,E758,P192,P080,4,3,0+2,-8.997959698176484,0.01081539472781236,coarsening_worsens
HandWritten-Mfeat__RCML,posterior_confidence,E759,P192,P117,4,3,1+2,-9.734697207513076,0.0025541269715529365,coarsening_worsens
HandWritten-Mfeat__RCML,posterior_confidence,E760,P192,P126,4,3,0+3,-2.9054468210470183,0.0,tie
HandWritten-Mfeat__RCML,posterior_confidence,E761,P192,P147,4,3,1+3,-4.821272617817874,0.0,tie
HandWritten-Mfeat__RCML,posterior_confidence,E762,P192,P168,4,3,2+3,-9.090797836125427,0.010296419796697088,coarsening_worsens
HandWritten-Mfeat__RCML,posterior_confidence,E763,P193,P043,4,3,0+1,-9.736805066679928,0.0,tie
HandWritten-Mfeat__RCML,posterior_confidence,E764,P193,P081,4,3,0+2,-10.50178761006748,0.0,tie
HandWritten-Mfeat__RCML,posterior_confidence,E765,P193,P118,4,3,1+2,-9.106092921684738,0.0,tie
HandWritten-Mfeat__RCML,posterior_confidence,E766,P193,P127,4,3,0+3,-9.676580894258661,0.0,tie
HandWritten-Mfeat__RCML,posterior_confidence,E767,P193,P148,4,3,1+3,-3.0189841108444675,0.0,tie
HandWritten-Mfeat__RCML,posterior_confidence,E768,P193,P169,4,3,2+3,-9.090797836125429,0.0,tie
HandWritten-Mfeat__RCML,posterior_confidence,E769,P194,P044,4,3,0+1,-10.363352738851395,0.0021032091504548994,coarsening_worsens
HandWritten-Mfeat__RCML,posterior_confidence,E770,P194,P080,4,3,0+2,-9.651215822913166,0.01081539472781236,coarsening_worsens
HandWritten-Mfeat__RCML,posterior_confidence,E771,P194,P118,4,3,1+2,-4.14389383264513,0.0,tie
HandWritten-Mfeat__RCML,posterior_confidence,E772,P194,P128,4,3,0+3,-9.67658089425866,0.009660683100616244,coarsening_worsens
HandWritten-Mfeat__RCML,posterior_confidence,E773,P194,P149,4,3,1+3,-4.8212726178178755,0.0,tie
HandWritten-Mfeat__RCML,posterior_confidence,E774,P194,P170,4,3,2+3,-2.963289071082203,0.0,tie
HandWritten-Mfeat__RCML,posterior_confidence,E775,P195,P045,4,3,0+1,-10.363352738851399,0.0,tie
HandWritten-Mfeat__RCML,posterior_confidence,E776,P195,P082,4,3,0+2,-10.50178761006748,0.0,tie
HandWritten-Mfeat__RCML,posterior_confidence,E777,P195,P119,4,3,1+2,-9.734697207513078,0.0,tie
HandWritten-Mfeat__RCML,posterior_confidence,E778,P195,P126,4,3,0+3,-9.606101636711873,0.0,tie
HandWritten-Mfeat__RCML,posterior_confidence,E779,P195,P148,4,3,1+3,-4.1041837127330325,0.0,tie
HandWritten-Mfeat__RCML,posterior_confidence,E780,P195,P170,4,3,2+3,-9.010687762010376,0.0,tie
HandWritten-Mfeat__RCML,posterior_confidence,E781,P196,P046,5,4,0+1,-10.363352738851397,0.0,tie
HandWritten-Mfeat__RCML,posterior_confidence,E782,P196,P083,5,4,0+2,-10.501787610067481,0.0,tie
HandWritten-Mfeat__RCML,posterior_confidence,E783,P196,P120,5,4,1+2,-9.734697207513083,0.0,tie
HandWritten-Mfeat__RCML,posterior_confidence,E784,P196,P129,5,4,0+3,-9.676580894258667,0.0,tie
HandWritten-Mfeat__RCML,posterior_confidence,E785,P196,P150,5,4,1+3,-4.821272617817879,0.0,tie
HandWritten-Mfeat__RCML,posterior_confidence,E786,P196,P171,5,4,2+3,-9.090797836125432,0.0,tie
HandWritten-Mfeat__RCML,posterior_confidence,E787,P196,P192,5,4,0+4,-10.054341493521846,0.0,tie
HandWritten-Mfeat__RCML,posterior_confidence,E788,P196,P193,5,4,1+4,-4.438886279745557,0.0,tie
HandWritten-Mfeat__RCML,posterior_confidence,E789,P196,P194,5,4,2+4,-9.401085368785164,0.0,tie
HandWritten-Mfeat__RCML,posterior_confidence,E790,P196,P195,5,4,3+4,-3.3536866778569916,0.0,tie
HandWritten-Mfeat__RCML,posterior_confidence,E791,P197,P047,5,4,0+1,-4.121349852903641,0.0,tie
HandWritten-Mfeat__RCML,posterior_confidence,E792,P197,P084,5,4,0+2,-8.997959698176484,0.0005088593140806262,coarsening_worsens
HandWritten-Mfeat__RCML,posterior_confidence,E793,P197,P121,5,4,1+2,-9.734697207513078,0.00033334148859154474,coarsening_worsens
HandWritten-Mfeat__RCML,posterior_confidence,E794,P197,P138,5,4,0+3,-3.889591453850475,0.0,tie
HandWritten-Mfeat__RCML,posterior_confidence,E795,P197,P155,5,4,1+3,-5.463746634664883,0.0,tie
HandWritten-Mfeat__RCML,posterior_confidence,E796,P197,P172,5,4,2+3,-9.551529155515432,8.171073305974561e-05,coarsening_worsens
HandWritten-Mfeat__RCML,posterior_confidence,E797,P197,P177,5,4,0+4,-5.522967417078942,0.0,tie
HandWritten-Mfeat__RCML,posterior_confidence,E798,P197,P182,5,4,1+4,-6.783385439909569,0.0,tie
HandWritten-Mfeat__RCML,posterior_confidence,E799,P197,P187,5,4,2+4,-9.534550601153143,9.967101369154984e-05,coarsening_worsens
HandWritten-Mfeat__RCML,posterior_confidence,E800,P197,P192,5,4,3+4,-6.45413253251991,0.0,tie
HandWritten-Mfeat__RCML,posterior_confidence,E801,P198,P047,5,4,0+1,-9.736805066679931,0.0,tie
HandWritten-Mfeat__RCML,posterior_confidence,E802,P198,P085,5,4,0+2,-10.501787610067481,0.0,tie
HandWritten-Mfeat__RCML,posterior_confidence,E803,P198,P122,5,4,1+2,-9.106092921684741,0.0,tie
HandWritten-Mfeat__RCML,posterior_confidence,E804,P198,P139,5,4,0+3,-10.190632056015783,0.0,tie
HandWritten-Mfeat__RCML,posterior_confidence,E805,P198,P156,5,4,1+3,-3.961952083372516,0.0,tie
HandWritten-Mfeat__RCML,posterior_confidence,E806,P198,P173,5,4,2+3,-9.551529155515436,0.0,tie
HandWritten-Mfeat__RCML,posterior_confidence,E807,P198,P178,5,4,0+4,-10.08192770796613,0.0,tie
HandWritten-Mfeat__RCML,posterior_confidence,E808,P198,P183,5,4,1+4,-5.628377631209599,0.0,tie
HandWritten-Mfeat__RCML,posterior_confidence,E809,P198,P188,5,4,2+4,-9.534550601153146,0.0,tie
HandWritten-Mfeat__RCML,posterior_confidence,E810,P198,P193,5,4,3+4,-6.45413253251991,0.0,tie
HandWritten-Mfeat__RCML,posterior_confidence,E811,P199,P048,5,4,0+1,-10.363352738851393,0.0002937997857694159,coarsening_worsens
HandWritten-Mfeat__RCML,posterior_confidence,E812,P199,P084,5,4,0+2,-9.651215822913162,0.0005088593140806262,coarsening_worsens
HandWritten-Mfeat__RCML,posterior_confidence,E813,P199,P122,5,4,1+2,-4.14389383264513,0.0,tie
HandWritten-Mfeat__RCML,posterior_confidence,E814,P199,P140,5,4,0+3,-10.19063205601578,6.667693061056903e-05,coarsening_worsens
HandWritten-Mfeat__RCML,posterior_confidence,E815,P199,P157,5,4,1+3,-5.463746634664879,0.0,tie
HandWritten-Mfeat__RCML,posterior_confidence,E816,P199,P174,5,4,2+3,-3.926578641560244,0.0,tie
HandWritten-Mfeat__RCML,posterior_confidence,E817,P199,P179,5,4,0+4,-10.081927707966129,6.579295164545152e-05,coarsening_worsens
HandWritten-Mfeat__RCML,posterior_confidence,E818,P199,P184,5,4,1+4,-6.783385439909573,0.0,tie
HandWritten-Mfeat__RCML,posterior_confidence,E819,P199,P189,5,4,2+4,-5.575653718375204,0.0,tie
HandWritten-Mfeat__RCML,posterior_confidence,E820,P199,P194,5,4,3+4,-6.454132532519907,0.0,tie
HandWritten-Mfeat__RCML,posterior_confidence,E821,P200,P049,5,4,0+1,-10.363352738851393,0.0,tie
HandWritten-Mfeat__RCML,posterior_confidence,E822,P200,P086,5,4,0+2,-10.501787610067481,0.0,tie
HandWritten-Mfeat__RCML,posterior_confidence,E823,P200,P123,5,4,1+2,-9.73469720751308,0.0,tie
HandWritten-Mfeat__RCML,posterior_confidence,E824,P200,P138,5,4,0+3,-9.693751300225081,0.0,tie
HandWritten-Mfeat__RCML,posterior_confidence,E825,P200,P156,5,4,1+3,-4.1506567159708325,0.0,tie
HandWritten-Mfeat__RCML,posterior_confidence,E826,P200,P174,5,4,2+3,-9.077482363198172,0.0,tie
HandWritten-Mfeat__RCML,posterior_confidence,E827,P200,P180,5,4,0+4,-10.08192770796613,0.0,tie
HandWritten-Mfeat__RCML,posterior_confidence,E828,P200,P185,5,4,1+4,-6.783385439909573,0.0,tie
HandWritten-Mfeat__RCML,posterior_confidence,E829,P200,P190,5,4,2+4,-9.534550601153143,0.0,tie
HandWritten-Mfeat__RCML,posterior_confidence,E830,P200,P195,5,4,3+4,-5.557637563229662,0.0,tie
HandWritten-Mfeat__RCML,posterior_confidence,E831,P201,P050,5,4,0+1,-10.363352738851397,0.0,tie
HandWritten-Mfeat__RCML,posterior_confidence,E832,P201,P087,5,4,0+2,-10.501787610067474,0.0,tie
HandWritten-Mfeat__RCML,posterior_confidence,E833,P201,P124,5,4,1+2,-9.734697207513076,0.0,tie
HandWritten-Mfeat__RCML,posterior_confidence,E834,P201,P141,5,4,0+3,-10.190632056015783,0.0,tie
HandWritten-Mfeat__RCML,posterior_confidence,E835,P201,P158,5,4,1+3,-5.463746634664883,0.0,tie
HandWritten-Mfeat__RCML,posterior_confidence,E836,P201,P175,5,4,2+3,-9.551529155515432,0.0,tie
HandWritten-Mfeat__RCML,posterior_confidence,E837,P201,P177,5,4,0+4,-9.66887290756069,0.0,tie
HandWritten-Mfeat__RCML,posterior_confidence,E838,P201,P183,5,4,1+4,-4.158827907915057,0.0,tie
HandWritten-Mfeat__RCML,posterior_confidence,E839,P201,P189,5,4,2+4,-9.068303084120274,0.0,tie
HandWritten-Mfeat__RCML,posterior_confidence,E840,P201,P195,5,4,3+4,-3.899383207336804,0.0,tie
HandWritten-Mfeat__RCML,posterior_confidence,E841,P202,P051,6,5,0+1,-10.363352738851393,0.0,tie
HandWritten-Mfeat__RCML,posterior_confidence,E842,P202,P088,6,5,0+2,-10.501787610067474,0.0,tie
HandWritten-Mfeat__RCML,posterior_confidence,E843,P202,P125,6,5,1+2,-9.734697207513072,0.0,tie
HandWritten-Mfeat__RCML,posterior_confidence,E844,P202,P142,6,5,0+3,-10.19063205601578,0.0,tie
HandWritten-Mfeat__RCML,posterior_confidence,E845,P202,P159,6,5,1+3,-5.463746634664883,0.0,tie
HandWritten-Mfeat__RCML,posterior_confidence,E846,P202,P176,6,5,2+3,-9.551529155515428,0.0,tie
HandWritten-Mfeat__RCML,posterior_confidence,E847,P202,P181,6,5,0+4,-10.081927707966127,0.0,tie
HandWritten-Mfeat__RCML,posterior_confidence,E848,P202,P186,6,5,1+4,-6.783385439909569,0.0,tie
HandWritten-Mfeat__RCML,posterior_confidence,E849,P202,P191,6,5,2+4,-9.53455060115314,0.0,tie
HandWritten-Mfeat__RCML,posterior_confidence,E850,P202,P196,6,5,3+4,-6.454132532519903,0.0,tie
HandWritten-Mfeat__RCML,posterior_confidence,E851,P202,P197,6,5,0+5,-10.05434149352184,0.0,tie
HandWritten-Mfeat__RCML,posterior_confidence,E852,P202,P198,6,5,1+5,-4.4388862797455495,0.0,tie
HandWritten-Mfeat__RCML,posterior_confidence,E853,P202,P199,6,5,2+5,-9.40108536878516,0.0,tie
HandWritten-Mfeat__RCML,posterior_confidence,E854,P202,P200,6,5,3+5,-4.250181647147233,0.0,tie
HandWritten-Mfeat__RCML,posterior_confidence,E855,P202,P201,6,5,4+5,-5.908436003040091,0.0,tie
