pair_id,score,partition_id,rgs,component_count,ncsAURC_0p10_0p90,ncsAURC_seed_sd,accuracy,mean_evidence_budget,posterior_l1_from_finest,unique_score_fraction,largest_tie_fraction,records_in_nonsingleton_ties_fraction
HandWritten-Mfeat__TMC,native_nonvacuity,P000,000000,1,0.4894295629197125,0.055670239955073614,0.354,0.027720550157467272,0.8995608981818441,1.0,0.005,0.0
HandWritten-Mfeat__TMC,native_nonvacuity,P001,000001,2,0.538547841612294,0.16985208543919228,0.39,1.2481268964797376,0.8835065554075635,1.0,0.005,0.0
HandWritten-Mfeat__TMC,native_nonvacuity,P002,000010,2,0.11320616377258197,0.03335053418598544,0.619,0.8228101120364619,0.8497776190707009,1.0,0.005,0.0
HandWritten-Mfeat__TMC,native_nonvacuity,P003,000011,2,0.18199251054776303,0.02768594044556783,0.667,0.6090164132834645,0.8672974067120035,1.0,0.005,0.0
HandWritten-Mfeat__TMC,native_nonvacuity,P004,000012,3,0.1505187239642447,0.04272889469616752,0.647,2.147276238810201,0.8268769389542031,1.0,0.005,0.0
HandWritten-Mfeat__TMC,native_nonvacuity,P005,000100,2,0.2632729683237337,0.016484421085618633,0.505,1.0223527766545841,0.8341663307482268,1.0,0.005,0.0
HandWritten-Mfeat__TMC,native_nonvacuity,P006,000101,2,0.2333031161311024,0.011865726105353589,0.583,0.5301566420288829,0.8798811475841751,1.0,0.005,0.0
HandWritten-Mfeat__TMC,native_nonvacuity,P007,000102,3,0.20080199950670866,0.024472752084989866,0.546,2.2528606296468596,0.8257536983654435,1.0,0.005,0.0
HandWritten-Mfeat__TMC,native_nonvacuity,P008,000110,2,0.11592464373266198,0.02917533289817175,0.617,0.39725796458753315,0.8747688339084752,1.0,0.005,0.0
HandWritten-Mfeat__TMC,native_nonvacuity,P009,000111,2,0.1243190457310761,0.032467124256363826,0.633,0.7361660334523723,0.8333544252377837,1.0,0.005,0.0
HandWritten-Mfeat__TMC,native_nonvacuity,P010,000112,3,0.24956812112324114,0.03447238090656465,0.559,1.9847208703048482,0.8250067744745225,1.0,0.005,0.0
HandWritten-Mfeat__TMC,native_nonvacuity,P011,000120,3,0.06268483223644947,0.03358891135388164,0.773,1.8468856185586149,0.7875701608698934,1.0,0.005,0.0
HandWritten-Mfeat__TMC,native_nonvacuity,P012,000121,3,0.06881832827123656,0.02851559717358172,0.731,1.711644536657953,0.7912138583452868,1.0,0.005,0.0
HandWritten-Mfeat__TMC,native_nonvacuity,P013,000122,3,0.11413056729607021,0.017752405689662347,0.666,1.8960886987491934,0.7831509366629632,1.0,0.005,0.0
HandWritten-Mfeat__TMC,native_nonvacuity,P014,000123,4,0.05423883504293027,0.03658823978585525,0.801,3.4343485242759297,0.7541486298095206,1.0,0.005,0.0
HandWritten-Mfeat__TMC,native_nonvacuity,P015,001000,2,0.004437131400103589,0.00017783995397222882,0.963,5.234479303217108,0.36671045013403347,1.0,0.005,0.0
HandWritten-Mfeat__TMC,native_nonvacuity,P016,001001,2,0.17830676293882783,0.04098145159661126,0.784,0.41930249639515327,0.8653628391325149,1.0,0.005,0.0
HandWritten-Mfeat__TMC,native_nonvacuity,P017,001002,3,0.004053684282931326,0.0004571036422414518,0.974,6.455238601201992,0.39150199681808107,1.0,0.005,0.0
HandWritten-Mfeat__TMC,native_nonvacuity,P018,001010,2,0.0780489052365628,0.02843202807877505,0.739,0.5099887467496076,0.8417078161720825,1.0,0.005,0.0
HandWritten-Mfeat__TMC,native_nonvacuity,P019,001011,2,0.11666499342209032,0.023562146080691102,0.75,0.3754909935965182,0.8611746728763745,1.0,0.005,0.0
HandWritten-Mfeat__TMC,native_nonvacuity,P020,001012,3,0.11023419280240702,0.04744505696696442,0.724,1.8358666083120256,0.8191044613536608,1.0,0.005,0.0
HandWritten-Mfeat__TMC,native_nonvacuity,P021,001020,3,0.003649858008701619,0.0005494953946240326,0.966,6.033165296690095,0.3598275480425791,1.0,0.005,0.0
HandWritten-Mfeat__TMC,native_nonvacuity,P022,001021,3,0.06320849414366136,0.02287449507260098,0.745,1.3231070534456735,0.8059280934816799,1.0,0.005,0.0
HandWritten-Mfeat__TMC,native_nonvacuity,P023,001022,3,0.004630255111340411,0.00017894517149903537,0.963,5.8207833327257745,0.3642217551734856,1.0,0.005,0.0
HandWritten-Mfeat__TMC,native_nonvacuity,P024,001023,4,0.003141865847515283,0.0008448592702705595,0.978,7.359043158252511,0.37786315401825266,1.0,0.005,0.0
HandWritten-Mfeat__TMC,native_nonvacuity,P025,001100,2,0.10579448602618449,0.0033721407642307707,0.736,0.6617532132756307,0.8249480426004695,1.0,0.005,0.0
HandWritten-Mfeat__TMC,native_nonvacuity,P026,001101,2,0.10024172659867103,0.015242419941508083,0.738,0.3020408313106157,0.8743345635589209,1.0,0.005,0.0
HandWritten-Mfeat__TMC,native_nonvacuity,P027,001102,3,0.1334639567621087,0.037358984771413674,0.677,1.8927829012839934,0.8169362713372204,1.0,0.005,0.0
HandWritten-Mfeat__TMC,native_nonvacuity,P028,001110,2,0.10628420167332017,0.029757044855811078,0.674,0.2873739481230726,0.8718734739826184,1.0,0.005,0.0
HandWritten-Mfeat__TMC,native_nonvacuity,P029,001111,2,0.1269686594305452,0.023557051501575076,0.673,0.6453865587043104,0.8293425009021118,1.0,0.005,0.0
HandWritten-Mfeat__TMC,native_nonvacuity,P030,001112,3,0.2525228165780683,0.026596906819779793,0.579,1.885053479338064,0.8211586511009958,1.0,0.005,0.0
HandWritten-Mfeat__TMC,native_nonvacuity,P031,001120,3,0.029580169675627398,0.017975316743382357,0.84,1.4935325368359913,0.7774662359578999,1.0,0.005,0.0
HandWritten-Mfeat__TMC,native_nonvacuity,P032,001121,3,0.0733491694084732,0.034970006213967925,0.745,1.500469998077605,0.7835183466098194,1.0,0.005,0.0
HandWritten-Mfeat__TMC,native_nonvacuity,P033,001122,3,0.06874093038572689,0.00576559391599403,0.822,1.552952242524246,0.7724517557710473,1.0,0.005,0.0
HandWritten-Mfeat__TMC,native_nonvacuity,P034,001123,4,0.03675799575887553,0.021682814188016184,0.863,3.0912120680509823,0.7436714053163012,1.0,0.005,0.0
HandWritten-Mfeat__TMC,native_nonvacuity,P035,001200,3,0.004798036175451176,0.00020363994573351787,0.961,6.229387855490502,0.35398765162313967,1.0,0.005,0.0
HandWritten-Mfeat__TMC,native_nonvacuity,P036,001201,3,0.10698989032480977,0.0014812913130051717,0.684,1.4244814386920257,0.8040443131497246,1.0,0.005,0.0
HandWritten-Mfeat__TMC,native_nonvacuity,P037,001202,3,0.003568469007303261,0.0001862750789907925,0.966,5.737713555880887,0.3691781757712975,1.0,0.005,0.0
HandWritten-Mfeat__TMC,native_nonvacuity,P038,001203,4,0.0035619526956332213,0.00035882050127153994,0.974,7.460417543498864,0.3776160707484919,1.0,0.005,0.0
HandWritten-Mfeat__TMC,native_nonvacuity,P039,001210,3,0.0578027000702175,0.025341517457860105,0.804,1.5379906291103758,0.7786067759995865,1.0,0.005,0.0
HandWritten-Mfeat__TMC,native_nonvacuity,P040,001211,3,0.11292970796171695,0.01028810419790644,0.693,1.67529454560986,0.7750776824713572,1.0,0.005,0.0
HandWritten-Mfeat__TMC,native_nonvacuity,P041,001212,3,0.057598464702787955,0.022794576660571976,0.814,1.4129661727073903,0.7813664837961044,1.0,0.005,0.0
HandWritten-Mfeat__TMC,native_nonvacuity,P042,001213,4,0.05246194920824195,0.031309014830769526,0.822,3.135670160325367,0.7448794746242996,1.0,0.005,0.0
HandWritten-Mfeat__TMC,native_nonvacuity,P043,001220,3,0.004294896717994487,0.0002587306767554077,0.965,5.611539525079781,0.3615769237677463,1.0,0.005,0.0
HandWritten-Mfeat__TMC,native_nonvacuity,P044,001221,3,0.10173883335382716,0.018127757895383945,0.767,1.1732829514879333,0.8016856494924735,1.0,0.005,0.0
HandWritten-Mfeat__TMC,native_nonvacuity,P045,001222,3,0.004941705524504687,0.0002680447679056539,0.965,5.960664219442296,0.34164861868272256,1.0,0.005,0.0
HandWritten-Mfeat__TMC,native_nonvacuity,P046,001223,4,0.005918840216237537,0.0014308371181492368,0.97,7.2092190562947716,0.3666479696257938,1.0,0.005,0.0
HandWritten-Mfeat__TMC,native_nonvacuity,P047,001230,4,0.00417123078018561,0.0006258319334538845,0.967,7.061167179050861,0.3452159359749927,1.0,0.005,0.0
HandWritten-Mfeat__TMC,native_nonvacuity,P048,001231,4,0.04558456465711404,0.025849849796381965,0.837,2.6229106054590146,0.729041851772118,1.0,0.005,0.0
HandWritten-Mfeat__TMC,native_nonvacuity,P049,001232,4,0.0051679844261737435,0.0007218463682074605,0.967,6.936142722647876,0.34066726422491866,1.0,0.005,0.0
HandWritten-Mfeat__TMC,native_nonvacuity,P050,001233,4,0.006384649716386951,0.0002703775667915206,0.965,7.120586884739117,0.337521908783105,1.0,0.005,0.0
HandWritten-Mfeat__TMC,native_nonvacuity,P051,001234,5,0.006168014807889739,0.00244717486093375,0.974,8.658846710265854,0.3516413674847271,1.0,0.005,0.0
HandWritten-Mfeat__TMC,native_nonvacuity,P052,010000,2,0.22026553424105488,0.027004371259255002,0.562,0.824037576437778,0.8303468147353519,1.0,0.005,0.0
HandWritten-Mfeat__TMC,native_nonvacuity,P053,010001,2,0.14950130147873758,0.026006956277056847,0.611,0.3918225846433444,0.8741133207480704,1.0,0.005,0.0
HandWritten-Mfeat__TMC,native_nonvacuity,P054,010002,3,0.2822607722577213,0.0249171360110032,0.498,2.062036819650409,0.8225351102295315,1.0,0.005,0.0
HandWritten-Mfeat__TMC,native_nonvacuity,P055,010010,2,0.07736111795041245,0.022189043989615756,0.74,0.29172003426719595,0.8744805779849405,1.0,0.005,0.0
HandWritten-Mfeat__TMC,native_nonvacuity,P056,010011,2,0.07097792390376514,0.0037530800528016023,0.778,0.6293455141586265,0.8250947841205819,1.0,0.005,0.0
HandWritten-Mfeat__TMC,native_nonvacuity,P057,010012,3,0.1315920769628868,0.03745225091277623,0.708,1.8626071061800715,0.8170714828392835,1.0,0.005,0.0
HandWritten-Mfeat__TMC,native_nonvacuity,P058,010020,3,0.0999078640744823,0.0388958490209469,0.732,1.6475856348609332,0.7843712898140647,1.0,0.005,0.0
HandWritten-Mfeat__TMC,native_nonvacuity,P059,010021,3,0.027251089860307266,0.015662646758161106,0.849,1.5482584717667442,0.7797134068708644,1.0,0.005,0.0
HandWritten-Mfeat__TMC,native_nonvacuity,P060,010022,3,0.08401021474669323,0.010448565859363127,0.795,1.6802128812470718,0.7735621179520287,1.0,0.005,0.0
HandWritten-Mfeat__TMC,native_nonvacuity,P061,010023,4,0.043373532264497625,0.023677441702259043,0.856,3.2184727067738086,0.7449442162446085,1.0,0.005,0.0
HandWritten-Mfeat__TMC,native_nonvacuity,P062,010100,2,0.14223847163291495,0.036420803092169496,0.711,0.43644991355508966,0.8620864530321873,1.0,0.005,0.0
HandWritten-Mfeat__TMC,native_nonvacuity,P063,010101,2,0.058048149991462586,0.036429186623258426,0.765,0.5385337330492066,0.8423322510099379,1.0,0.005,0.0
HandWritten-Mfeat__TMC,native_nonvacuity,P064,010102,3,0.10273519459474492,0.051772469173686456,0.732,1.8834901396530068,0.8200264601000965,1.0,0.005,0.0
HandWritten-Mfeat__TMC,native_nonvacuity,P065,010110,2,0.13298152540124183,0.02160136969362332,0.846,0.36576079943377693,0.8647594616316904,1.0,0.005,0.0
HandWritten-Mfeat__TMC,native_nonvacuity,P066,010111,2,0.0011690585025897963,6.867270838868718e-05,0.98,4.7775086108774145,0.37770670891169605,1.0,0.005,0.0
HandWritten-Mfeat__TMC,native_nonvacuity,P067,010112,3,0.0010120232495877267,7.423699087392677e-05,0.984,6.000263263867676,0.40220563856494684,1.0,0.005,0.0
HandWritten-Mfeat__TMC,native_nonvacuity,P068,010120,3,0.06461445856338828,0.027982720756018327,0.753,1.3314916032716602,0.8061165733201086,1.0,0.005,0.0
HandWritten-Mfeat__TMC,native_nonvacuity,P069,010121,3,0.001127663840249956,9.919546364980174e-05,0.983,5.621037661101759,0.37159909258369467,1.0,0.005,0.0
HandWritten-Mfeat__TMC,native_nonvacuity,P070,010122,3,0.0021400707396112026,0.00015894436107794264,0.976,5.427734242178823,0.3759175626934259,1.0,0.005,0.0
HandWritten-Mfeat__TMC,native_nonvacuity,P071,010123,4,0.0008827630315765226,7.709198880995792e-05,0.987,6.96599406770556,0.38918825636424004,1.0,0.005,0.0
HandWritten-Mfeat__TMC,native_nonvacuity,P072,010200,3,0.1367604230218286,0.01098157894127906,0.669,1.840315525282206,0.7768258733353609,1.0,0.005,0.0
HandWritten-Mfeat__TMC,native_nonvacuity,P073,010201,3,0.057188264365784024,0.025159634588963094,0.803,1.6171415163730591,0.7809034402020406,1.0,0.005,0.0
HandWritten-Mfeat__TMC,native_nonvacuity,P074,010202,3,0.07039430983254631,0.02747225627986363,0.806,1.5646517637621467,0.7824077893783127,1.0,0.005,0.0
HandWritten-Mfeat__TMC,native_nonvacuity,P075,010203,4,0.06413529310438346,0.032884690994667475,0.803,3.2873557513801233,0.7467853194291016,1.0,0.005,0.0
HandWritten-Mfeat__TMC,native_nonvacuity,P076,010210,3,0.10352996050467486,0.004737562648812027,0.697,1.3794916144050395,0.8034353096746474,1.0,0.005,0.0
HandWritten-Mfeat__TMC,native_nonvacuity,P077,010211,3,0.0007639198726387467,7.506214314834044e-05,0.98,5.780732486817493,0.3636805111716159,1.0,0.005,0.0
HandWritten-Mfeat__TMC,native_nonvacuity,P078,010212,3,0.0009962690604002232,0.00011913849867715446,0.983,5.2912900912209615,0.37976168664209775,1.0,0.005,0.0
HandWritten-Mfeat__TMC,native_nonvacuity,P079,010213,4,0.0006323796388080251,0.00011257414587903155,0.983,7.013994078838938,0.3872351111515303,1.0,0.005,0.0
HandWritten-Mfeat__TMC,native_nonvacuity,P080,010220,3,0.11577303988487049,0.025696805389146263,0.752,1.285729561027695,0.8020350792938215,1.0,0.005,0.0
HandWritten-Mfeat__TMC,native_nonvacuity,P081,010221,3,0.000963263722786104,7.809363563753008e-05,0.985,5.25001779045453,0.37551498925262944,1.0,0.005,0.0
HandWritten-Mfeat__TMC,native_nonvacuity,P082,010222,3,0.002295740081173667,0.00013019729031070457,0.972,5.671677188609118,0.3546445894916874,1.0,0.005,0.0
HandWritten-Mfeat__TMC,native_nonvacuity,P083,010223,4,0.0008432549297540004,0.00010707309528672988,0.98,6.920232025461594,0.3793696596217717,1.0,0.005,0.0
HandWritten-Mfeat__TMC,native_nonvacuity,P084,010230,4,0.06099301567053607,0.030214188933834943,0.834,2.7353572149987766,0.7300283488781498,1.0,0.005,0.0
HandWritten-Mfeat__TMC,native_nonvacuity,P085,010231,4,0.000670643734209429,9.237505064233949e-05,0.982,6.699645444425611,0.35752590123228406,1.0,0.005,0.0
HandWritten-Mfeat__TMC,native_nonvacuity,P086,010232,4,0.0021420144704422713,0.0012440796351237823,0.977,6.647155691814699,0.35302235770827417,1.0,0.005,0.0
HandWritten-Mfeat__TMC,native_nonvacuity,P087,010233,4,0.004256051324686388,0.0012748097561157282,0.972,6.8315998539059395,0.34986120020002104,1.0,0.005,0.0
HandWritten-Mfeat__TMC,native_nonvacuity,P088,010234,5,0.0005408463666933446,0.00011181127660683168,0.982,8.369859679432677,0.3631979201427597,1.0,0.005,0.0
HandWritten-Mfeat__TMC,native_nonvacuity,P089,011000,2,0.13390191013845,0.016455898507490845,0.673,0.6570415682040978,0.8284416551167384,1.0,0.005,0.0
HandWritten-Mfeat__TMC,native_nonvacuity,P090,011001,2,0.09674543021213786,0.026469049366112732,0.69,0.28494034691181813,0.8716760286424141,1.0,0.005,0.0
HandWritten-Mfeat__TMC,native_nonvacuity,P091,011002,3,0.24927500672614347,0.03442226576160326,0.58,1.8960022036093644,0.8205285381996896,1.0,0.005,0.0
HandWritten-Mfeat__TMC,native_nonvacuity,P092,011010,2,0.07102668215764761,0.022128248798038996,0.784,0.26340848216831303,0.8737415940417388,1.0,0.005,0.0
HandWritten-Mfeat__TMC,native_nonvacuity,P093,011011,2,0.08040281596750909,0.005093283148910939,0.792,0.6089244061265847,0.8243258517432971,1.0,0.005,0.0
HandWritten-Mfeat__TMC,native_nonvacuity,P094,011012,3,0.14213977929958857,0.03597154002342493,0.693,1.8400670945688393,0.8163129537011855,1.0,0.005,0.0
HandWritten-Mfeat__TMC,native_nonvacuity,P095,011020,3,0.07223874262492072,0.03205134206068597,0.749,1.4884802927641205,0.782435695955033,1.0,0.005,0.0
HandWritten-Mfeat__TMC,native_nonvacuity,P096,011021,3,0.0269978942115937,0.013476318614072044,0.846,1.4540770484671006,0.7769637489589432,1.0,0.005,0.0
HandWritten-Mfeat__TMC,native_nonvacuity,P097,011022,3,0.05991234369066427,0.0035110211642915713,0.852,1.5268790796379101,0.7714683870456966,1.0,0.005,0.0
HandWritten-Mfeat__TMC,native_nonvacuity,P098,011023,4,0.03661417359024784,0.02299911616630846,0.865,3.0651389051646465,0.7427356409222811,1.0,0.005,0.0
HandWritten-Mfeat__TMC,native_nonvacuity,P099,011100,2,0.12506306291823385,0.02084984963067716,0.765,0.3689440035913279,0.8604120778632679,1.0,0.005,0.0
HandWritten-Mfeat__TMC,native_nonvacuity,P100,011101,2,0.06213866579652312,0.03140766271710702,0.775,0.48735107639526476,0.8408617911999454,1.0,0.005,0.0
HandWritten-Mfeat__TMC,native_nonvacuity,P101,011102,3,0.10167846300625809,0.04785191985828698,0.748,1.8196471505027871,0.818247714196736,1.0,0.005,0.0
HandWritten-Mfeat__TMC,native_nonvacuity,P102,011110,2,0.2165141400570109,0.029789531379903297,0.806,0.3660272761850641,0.8644690367698119,1.0,0.005,0.0
HandWritten-Mfeat__TMC,native_nonvacuity,P103,011111,2,0.0,0.0,0.974,8.636562123837605,0.15960304048977242,1.0,0.005,0.0
HandWritten-Mfeat__TMC,native_nonvacuity,P104,011112,3,0.0,0.0,0.979,9.85754529428664,0.1878883560743127,1.0,0.005,0.0
HandWritten-Mfeat__TMC,native_nonvacuity,P105,011120,3,0.0683184402828563,0.02693740738409289,0.748,1.2887691154734489,0.8047135503902325,1.0,0.005,0.0
HandWritten-Mfeat__TMC,native_nonvacuity,P106,011121,3,0.0,0.0,0.974,9.447991059467501,0.16230375658213445,1.0,0.005,0.0
HandWritten-Mfeat__TMC,native_nonvacuity,P107,011122,3,0.0,0.0,0.974,9.242027308048288,0.1599889926773671,1.0,0.005,0.0
HandWritten-Mfeat__TMC,native_nonvacuity,P108,011123,4,0.0,0.0,0.979,10.780287133575024,0.1840004875139744,1.0,0.005,0.0
HandWritten-Mfeat__TMC,native_nonvacuity,P109,011200,3,0.13448590640756078,0.009642211892590227,0.689,1.6767199698908002,0.774230114185549,1.0,0.005,0.0
HandWritten-Mfeat__TMC,native_nonvacuity,P110,011201,3,0.05894693739370886,0.024718401087354087,0.807,1.516361260104713,0.777937808207605,1.0,0.005,0.0
HandWritten-Mfeat__TMC,native_nonvacuity,P111,011202,3,0.05566894590627591,0.022398702912266956,0.836,1.4047191291842824,0.7801452694801793,1.0,0.005,0.0
HandWritten-Mfeat__TMC,native_nonvacuity,P112,011203,4,0.05133888970102365,0.03191191334190178,0.824,3.127423116802259,0.7440671379688469,1.0,0.005,0.0
HandWritten-Mfeat__TMC,native_nonvacuity,P113,011210,3,0.11817398997524493,0.007625505018978693,0.69,1.3714732711771134,0.8028520987839436,1.0,0.005,0.0
HandWritten-Mfeat__TMC,native_nonvacuity,P114,011211,3,0.0,0.0,0.972,9.631848600836435,0.15311206816063863,1.0,0.005,0.0
HandWritten-Mfeat__TMC,native_nonvacuity,P115,011212,3,0.0,0.0,0.977,9.140287301660711,0.16369563445632654,1.0,0.005,0.0
HandWritten-Mfeat__TMC,native_nonvacuity,P116,011213,4,0.0,0.0,0.976,10.862991289278689,0.18078884374341325,1.0,0.005,0.0
HandWritten-Mfeat__TMC,native_nonvacuity,P117,011220,3,0.10504037814330107,0.023570416895575878,0.792,1.1469174278018395,0.8003896322066862,1.0,0.005,0.0
HandWritten-Mfeat__TMC,native_nonvacuity,P118,011221,3,0.0,0.0,0.974,9.027373589205869,0.15715084778680932,1.0,0.005,0.0
HandWritten-Mfeat__TMC,native_nonvacuity,P119,011222,3,0.0,0.0,0.974,9.38988060905094,0.14023319731753076,1.0,0.005,0.0
HandWritten-Mfeat__TMC,native_nonvacuity,P120,011223,4,0.0,0.0,0.979,10.638435445903415,0.16870908014788635,1.0,0.005,0.0
HandWritten-Mfeat__TMC,native_nonvacuity,P121,011230,4,0.046398755093283055,0.02468145321164779,0.841,2.5965450817729208,0.727741756208592,1.0,0.005,0.0
HandWritten-Mfeat__TMC,native_nonvacuity,P122,011231,4,0.0,0.0,0.972,10.47700124317695,0.15330895440154918,1.0,0.005,0.0
HandWritten-Mfeat__TMC,native_nonvacuity,P123,011232,4,0.0,0.0,0.974,10.36535911225652,0.14768694099243926,1.0,0.005,0.0
HandWritten-Mfeat__TMC,native_nonvacuity,P124,011233,4,0.0,0.0,0.971,10.54980327434776,0.14256233671318996,1.0,0.005,0.0
HandWritten-Mfeat__TMC,native_nonvacuity,P125,011234,5,0.0,0.0,0.977,12.088063099874496,0.16540815421591504,1.0,0.005,0.0
HandWritten-Mfeat__TMC,native_nonvacuity,P126,012000,3,0.004767536447295483,0.00033639899167178675,0.964,6.033883199119299,0.34178772624267806,1.0,0.005,0.0
HandWritten-Mfeat__TMC,native_nonvacuity,P127,012001,3,0.0041016541669282956,0.0002845717482132381,0.967,5.602629599517503,0.3605913287270848,1.0,0.005,0.0
HandWritten-Mfeat__TMC,native_nonvacuity,P128,012002,3,0.12709612377101007,0.032997282871160244,0.741,1.2369077297177276,0.7999389933354043,1.0,0.005,0.0
HandWritten-Mfeat__TMC,native_nonvacuity,P129,012003,4,0.0057674384985410025,0.0010855820118267842,0.97,7.272843834524566,0.3661498223888574,1.0,0.005,0.0
HandWritten-Mfeat__TMC,native_nonvacuity,P130,012010,3,0.003505825343191272,0.0001827307632716511,0.968,5.509456323085586,0.35887802153034887,1.0,0.005,0.0
HandWritten-Mfeat__TMC,native_nonvacuity,P131,012011,3,0.004350861942125783,0.00029732463431630577,0.965,5.852853343464666,0.3376622562244327,1.0,0.005,0.0
HandWritten-Mfeat__TMC,native_nonvacuity,P132,012012,3,0.055254960171825705,0.002578389009270273,0.866,1.0501788306792728,0.7946191184406107,1.0,0.005,0.0
HandWritten-Mfeat__TMC,native_nonvacuity,P133,012013,4,0.0031885177430676023,0.00023514313118608128,0.977,7.086114935486111,0.3627029563539627,1.0,0.005,0.0
HandWritten-Mfeat__TMC,native_nonvacuity,P134,012020,3,0.08007304766958005,0.02770918361990317,0.811,1.342145373738836,0.7755599369961581,1.0,0.005,0.0
HandWritten-Mfeat__TMC,native_nonvacuity,P135,012021,3,0.022505851790900835,0.01224127852209354,0.896,1.2485897511322979,0.7706137672103457,1.0,0.005,0.0
HandWritten-Mfeat__TMC,native_nonvacuity,P136,012022,3,0.08221195518842928,0.011270942263814091,0.812,1.458428371423855,0.7664512555120998,1.0,0.005,0.0
HandWritten-Mfeat__TMC,native_nonvacuity,P137,012023,4,0.03967025696093127,0.027152138344401586,0.873,2.9188039861393618,0.7363762885075699,1.0,0.005,0.0
HandWritten-Mfeat__TMC,native_nonvacuity,P138,012030,4,0.004463893841390993,0.0005308582899794521,0.968,6.865321923679322,0.3345838573965301,1.0,0.005,0.0
HandWritten-Mfeat__TMC,native_nonvacuity,P139,012031,4,0.0035290488683127307,0.0004976432476261316,0.973,6.771766301072784,0.33305050597936325,1.0,0.005,0.0
HandWritten-Mfeat__TMC,native_nonvacuity,P140,012032,4,0.03967406571675237,0.02287191280400472,0.884,2.40604443127301,0.7198987310613301,1.0,0.005,0.0
HandWritten-Mfeat__TMC,native_nonvacuity,P141,012033,4,0.005252959297566649,0.00026978746845083743,0.967,6.903720710553111,0.32580318338983294,1.0,0.005,0.0
HandWritten-Mfeat__TMC,native_nonvacuity,P142,012034,5,0.005301225659186304,0.0017860076345712866,0.977,8.44198053607985,0.34078990274559484,1.0,0.005,0.0
HandWritten-Mfeat__TMC,native_nonvacuity,P143,012100,3,0.004277958960687967,0.0002654792939278623,0.961,5.649695989078886,0.3550203716573638,1.0,0.005,0.0
HandWritten-Mfeat__TMC,native_nonvacuity,P144,012101,3,0.00325367467085694,0.0005828094444083431,0.965,5.755442729386544,0.3460375876460119,1.0,0.005,0.0
HandWritten-Mfeat__TMC,native_nonvacuity,P145,012102,3,0.046690534288188104,0.024789619535819138,0.832,1.0644630311835057,0.7980878068763027,1.0,0.005,0.0
HandWritten-Mfeat__TMC,native_nonvacuity,P146,012103,4,0.0026859966910694416,0.0007228853575659208,0.979,7.100399135990344,0.36583972725849434,1.0,0.005,0.0
HandWritten-Mfeat__TMC,native_nonvacuity,P147,012110,3,0.0035586863015907187,0.00025076784885172843,0.97,5.6037902971231235,0.3537661363036102,1.0,0.005,0.0
HandWritten-Mfeat__TMC,native_nonvacuity,P148,012111,3,0.000317006222573933,3.2608116567224186e-05,0.975,13.872553662234438,0.05843959296265139,1.0,0.005,0.0
HandWritten-Mfeat__TMC,native_nonvacuity,P149,012112,3,0.0,0.0,0.974,9.059372210417859,0.15168144521346333,1.0,0.005,0.0
HandWritten-Mfeat__TMC,native_nonvacuity,P150,012113,4,0.000251555394276174,1.978777484351017e-05,0.98,15.095308315224699,0.04299623459482622,1.0,0.005,0.0
HandWritten-Mfeat__TMC,native_nonvacuity,P151,012120,3,0.061478430106846435,0.028334509824415165,0.82,1.0463445510205196,0.7978134021985347,1.0,0.005,0.0
HandWritten-Mfeat__TMC,native_nonvacuity,P152,012121,3,0.0,0.0,0.977,9.192906162518295,0.14981315663858893,1.0,0.005,0.0
HandWritten-Mfeat__TMC,native_nonvacuity,P153,012122,3,0.0,0.0,0.975,9.077486954406588,0.15144869605666905,1.0,0.005,0.0
HandWritten-Mfeat__TMC,native_nonvacuity,P154,012123,4,0.0,0.0,0.979,10.537862569122096,0.17261633910100743,1.0,0.005,0.0
HandWritten-Mfeat__TMC,native_nonvacuity,P155,012130,4,0.002668350464628374,0.0005304946035885764,0.975,6.569521100961006,0.34352534850984706,1.0,0.005,0.0
HandWritten-Mfeat__TMC,native_nonvacuity,P156,012131,4,0.00030969623938799444,3.0503709992695748e-05,0.975,14.716082712458782,0.050307656483929646,1.0,0.005,0.0
HandWritten-Mfeat__TMC,native_nonvacuity,P157,012132,4,0.0,0.0,0.974,10.025103014255743,0.1511807752330564,1.0,0.005,0.0
HandWritten-Mfeat__TMC,native_nonvacuity,P158,012133,4,0.00029516078243897335,3.9777712266159236e-05,0.975,14.522779293535844,0.045840520790769654,1.0,0.005,0.0
HandWritten-Mfeat__TMC,native_nonvacuity,P159,012134,5,0.00018689797565620602,3.909625521763548e-05,0.98,16.06103911906258,0.03427031646583915,1.0,0.005,0.0
HandWritten-Mfeat__TMC,native_nonvacuity,P160,012200,3,0.0985688367743143,0.003993389812966969,0.801,1.485926958591131,0.7669171100233686,1.0,0.005,0.0
HandWritten-Mfeat__TMC,native_nonvacuity,P161,012201,3,0.023813785857050053,0.012558125693275484,0.897,1.2664158704955257,0.7704485177968357,1.0,0.005,0.0
HandWritten-Mfeat__TMC,native_nonvacuity,P162,012202,3,0.0811696722997389,0.029508369118965972,0.823,1.3458880355292127,0.7754716974258904,1.0,0.005,0.0
HandWritten-Mfeat__TMC,native_nonvacuity,P163,012203,4,0.04492185995408078,0.024020695207126196,0.868,2.93663010550259,0.7367022699173703,1.0,0.005,0.0
HandWritten-Mfeat__TMC,native_nonvacuity,P164,012210,3,0.06331884534332162,0.011336263102666081,0.861,1.0498864698795145,0.7941897830601526,1.0,0.005,0.0
HandWritten-Mfeat__TMC,native_nonvacuity,P165,012211,3,0.0,0.0,0.971,9.308142895959644,0.13994192862311258,1.0,0.005,0.0
HandWritten-Mfeat__TMC,native_nonvacuity,P166,012212,3,0.0,0.0,0.974,8.950662418007713,0.1551320979379973,1.0,0.005,0.0
HandWritten-Mfeat__TMC,native_nonvacuity,P167,012213,4,0.0,0.0,0.976,10.54140448798109,0.16823476577030919,1.0,0.005,0.0
HandWritten-Mfeat__TMC,native_nonvacuity,P168,012220,3,0.13502186368822092,0.025121665639266908,0.742,1.1995934817603333,0.7992007785137891,1.0,0.005,0.0
HandWritten-Mfeat__TMC,native_nonvacuity,P169,012221,3,0.0,0.0,0.979,9.020897264854844,0.15659891768842607,1.0,0.005,0.0
HandWritten-Mfeat__TMC,native_nonvacuity,P170,012222,3,0.0,0.0,0.975,9.451444579228156,0.14101618678460395,1.0,0.005,0.0
HandWritten-Mfeat__TMC,native_nonvacuity,P171,012223,4,0.0,0.0,0.979,10.69111149986191,0.1689499107096109,1.0,0.005,0.0
HandWritten-Mfeat__TMC,native_nonvacuity,P172,012230,4,0.0455828941222882,0.020508620924924625,0.88,2.4057520704732513,0.7197989746837277,1.0,0.005,0.0
HandWritten-Mfeat__TMC,native_nonvacuity,P173,012231,4,0.0,0.0,0.977,10.227055853567762,0.14417017575923546,1.0,0.005,0.0
HandWritten-Mfeat__TMC,native_nonvacuity,P174,012232,4,0.0,0.0,0.974,10.30652801860145,0.1432915511495492,1.0,0.005,0.0
HandWritten-Mfeat__TMC,native_nonvacuity,P175,012233,4,7.513171793140287e-05,0.0001679996285609567,0.97,10.359010263048091,0.13359688654011456,1.0,0.005,0.0
HandWritten-Mfeat__TMC,native_nonvacuity,P176,012234,5,0.0,0.0,0.977,11.897270088574826,0.15692056573859978,1.0,0.005,0.0
HandWritten-Mfeat__TMC,native_nonvacuity,P177,012300,4,0.006122849603499542,0.00022937008412956408,0.962,7.053561600806002,0.33196549107652196,1.0,0.005,0.0
HandWritten-Mfeat__TMC,native_nonvacuity,P178,012301,4,0.0037560059128149636,0.0006287840465200687,0.974,6.834050512710396,0.33469018608037104,1.0,0.005,0.0
HandWritten-Mfeat__TMC,native_nonvacuity,P179,012302,4,0.062068099299060396,0.0317840451096377,0.845,2.468328642910622,0.7214772126149164,1.0,0.005,0.0
HandWritten-Mfeat__TMC,native_nonvacuity,P180,012303,4,0.004948969316598646,0.0007581202448045478,0.966,6.781560760099484,0.33047832816242395,1.0,0.005,0.0
HandWritten-Mfeat__TMC,native_nonvacuity,P181,012304,5,0.005615726675104181,0.0021171937473143457,0.975,8.504264747717462,0.3428501270187343,1.0,0.005,0.0
HandWritten-Mfeat__TMC,native_nonvacuity,P182,012310,4,0.00282593754859383,0.0002235202113233467,0.97,6.617521112094385,0.3417752429633098,1.0,0.005,0.0
HandWritten-Mfeat__TMC,native_nonvacuity,P183,012311,4,0.00020147161141126192,7.337560193100039e-05,0.975,14.875777538174516,0.04721994726603659,1.0,0.005,0.0
HandWritten-Mfeat__TMC,native_nonvacuity,P184,012312,4,0.0,0.0,0.971,10.073103025389122,0.1462712589501612,1.0,0.005,0.0
HandWritten-Mfeat__TMC,native_nonvacuity,P185,012313,4,0.00027360991387184773,7.422606186711381e-05,0.975,14.386335142577984,0.049621491172042176,1.0,0.005,0.0
HandWritten-Mfeat__TMC,native_nonvacuity,P186,012314,5,0.00010174683609968861,5.923850343282577e-05,0.98,16.10903913019596,0.029242674690710943,1.0,0.005,0.0
HandWritten-Mfeat__TMC,native_nonvacuity,P187,012320,4,0.05980377210721975,0.028261433964505592,0.847,2.450210162747636,0.7210771250693274,1.0,0.005,0.0
HandWritten-Mfeat__TMC,native_nonvacuity,P188,012321,4,0.0,0.0,0.977,10.271513945842146,0.14355234176430173,1.0,0.005,0.0
HandWritten-Mfeat__TMC,native_nonvacuity,P189,012322,4,6.777873434985095e-05,0.00015155785743516673,0.972,10.481352566133705,0.13758634951234255,1.0,0.005,0.0
HandWritten-Mfeat__TMC,native_nonvacuity,P190,012323,4,0.0,0.0,0.977,10.219024193231235,0.1386195589618895,1.0,0.005,0.0
HandWritten-Mfeat__TMC,native_nonvacuity,P191,012324,5,0.0,0.0,0.977,11.941728180849212,0.15733814543797991,1.0,0.005,0.0
HandWritten-Mfeat__TMC,native_nonvacuity,P192,012330,4,0.005330850769140918,0.0010942310366139165,0.968,6.523759058717041,0.33391711583952904,1.0,0.005,0.0
HandWritten-Mfeat__TMC,native_nonvacuity,P193,012331,4,0.00030259680121758195,6.275861146559827e-05,0.977,14.345062841811552,0.05027905098183844,1.0,0.005,0.0
HandWritten-Mfeat__TMC,native_nonvacuity,P194,012332,4,0.0,0.0,0.974,9.979340972011778,0.13783669381956884,1.0,0.005,0.0
HandWritten-Mfeat__TMC,native_nonvacuity,P195,012333,4,0.00020840970795414176,4.09647910362715e-05,0.975,14.76672223996614,0.05131002555496502,1.0,0.005,0.0
HandWritten-Mfeat__TMC,native_nonvacuity,P196,012334,5,0.00014412084461020013,4.048145761259221e-05,0.98,16.015277076818617,0.0266898764970582,1.0,0.005,0.0
HandWritten-Mfeat__TMC,native_nonvacuity,P197,012340,5,0.005340939654552657,0.0018582038071466985,0.971,7.973386712688122,0.32120545326940003,1.0,0.005,0.0
HandWritten-Mfeat__TMC,native_nonvacuity,P198,012341,5,0.00015844768821953012,5.631090734128786e-05,0.98,15.794690495782634,0.034900297326613594,1.0,0.005,0.0
HandWritten-Mfeat__TMC,native_nonvacuity,P199,012342,5,0.0,0.0,0.972,11.42896862598286,0.1360215689925542,1.0,0.005,0.0
HandWritten-Mfeat__TMC,native_nonvacuity,P200,012343,5,0.00017967344298846076,1.9561626369553238e-05,0.975,15.742200743171722,0.036763306599346124,1.0,0.005,0.0
HandWritten-Mfeat__TMC,native_nonvacuity,P201,012344,5,0.00017967344298846076,1.956162636955324e-05,0.975,15.926644905262961,0.03689742646618969,1.0,0.005,0.0
HandWritten-Mfeat__TMC,native_nonvacuity,P202,012345,6,6.30740234887048e-05,6.291111157699296e-05,0.98,17.464904730789698,0.0,1.0,0.005,0.0
HandWritten-Mfeat__TMC,posterior_confidence,P000,000000,1,0.47727110209161505,0.061680086428239744,0.354,0.027720550157467272,0.8995608981818441,1.0,0.005,0.0
HandWritten-Mfeat__TMC,posterior_confidence,P001,000001,2,0.49560366751237844,0.09164647737070251,0.39,1.2481268964797376,0.8835065554075635,1.0,0.005,0.0
HandWritten-Mfeat__TMC,posterior_confidence,P002,000010,2,0.11364631493877349,0.033741407919227175,0.619,0.8228101120364619,0.8497776190707009,1.0,0.005,0.0
HandWritten-Mfeat__TMC,posterior_confidence,P003,000011,2,0.15607868027194186,0.0332922460957672,0.667,0.6090164132834645,0.8672974067120035,1.0,0.005,0.0
HandWritten-Mfeat__TMC,posterior_confidence,P004,000012,3,0.08339922404665914,0.031460973847272346,0.647,2.147276238810201,0.8268769389542031,1.0,0.005,0.0
HandWritten-Mfeat__TMC,posterior_confidence,P005,000100,2,0.23854513184438014,0.00841989099674954,0.505,1.0223527766545841,0.8341663307482268,1.0,0.005,0.0
HandWritten-Mfeat__TMC,posterior_confidence,P006,000101,2,0.16755867952587536,0.023821083336474265,0.583,0.5301566420288829,0.8798811475841751,1.0,0.005,0.0
HandWritten-Mfeat__TMC,posterior_confidence,P007,000102,3,0.16030929012591028,0.015538831878627292,0.546,2.2528606296468596,0.8257536983654435,1.0,0.005,0.0
HandWritten-Mfeat__TMC,posterior_confidence,P008,000110,2,0.11102015341086044,0.03453750790382554,0.617,0.39725796458753315,0.8747688339084752,1.0,0.005,0.0
HandWritten-Mfeat__TMC,posterior_confidence,P009,000111,2,0.12064022063370768,0.03767488161242135,0.633,0.7361660334523723,0.8333544252377837,1.0,0.005,0.0
HandWritten-Mfeat__TMC,posterior_confidence,P010,000112,3,0.18148019829701245,0.02794650218072232,0.559,1.9847208703048482,0.8250067744745225,1.0,0.005,0.0
HandWritten-Mfeat__TMC,posterior_confidence,P011,000120,3,0.0445156415379255,0.040861207300446734,0.773,1.8468856185586149,0.7875701608698934,1.0,0.005,0.0
HandWritten-Mfeat__TMC,posterior_confidence,P012,000121,3,0.06252273475435002,0.03900129592398474,0.731,1.711644536657953,0.7912138583452868,1.0,0.005,0.0
HandWritten-Mfeat__TMC,posterior_confidence,P013,000122,3,0.12293417202395329,0.014631914655175835,0.666,1.8960886987491934,0.7831509366629632,1.0,0.005,0.0
HandWritten-Mfeat__TMC,posterior_confidence,P014,000123,4,0.03971898178038522,0.03967880462174895,0.801,3.4343485242759297,0.7541486298095206,1.0,0.005,0.0
HandWritten-Mfeat__TMC,posterior_confidence,P015,001000,2,0.0025620591629302697,0.00023275102221031408,0.963,5.234479303217108,0.36671045013403347,1.0,0.005,0.0
HandWritten-Mfeat__TMC,posterior_confidence,P016,001001,2,0.12903319426402085,0.02433523598607151,0.784,0.41930249639515327,0.8653628391325149,1.0,0.005,0.0
HandWritten-Mfeat__TMC,posterior_confidence,P017,001002,3,0.00201956503820595,0.00016949245751031792,0.974,6.455238601201992,0.39150199681808107,1.0,0.005,0.0
HandWritten-Mfeat__TMC,posterior_confidence,P018,001010,2,0.0633252338661046,0.033001314433724345,0.739,0.5099887467496076,0.8417078161720825,1.0,0.005,0.0
HandWritten-Mfeat__TMC,posterior_confidence,P019,001011,2,0.09200863726788508,0.02845459696369302,0.75,0.3754909935965182,0.8611746728763745,1.0,0.005,0.0
HandWritten-Mfeat__TMC,posterior_confidence,P020,001012,3,0.06077416527913605,0.03384648613361448,0.724,1.8358666083120256,0.8191044613536608,1.0,0.005,0.0
HandWritten-Mfeat__TMC,posterior_confidence,P021,001020,3,0.0017694629327759958,0.00023572886324939147,0.966,6.033165296690095,0.3598275480425791,1.0,0.005,0.0
HandWritten-Mfeat__TMC,posterior_confidence,P022,001021,3,0.04964347038379784,0.01929273457160049,0.745,1.3231070534456735,0.8059280934816799,1.0,0.005,0.0
HandWritten-Mfeat__TMC,posterior_confidence,P023,001022,3,0.0021270103177616654,0.00015734032771320806,0.963,5.8207833327257745,0.3642217551734856,1.0,0.005,0.0
HandWritten-Mfeat__TMC,posterior_confidence,P024,001023,4,0.0014846865526191287,0.0002418026810744123,0.978,7.359043158252511,0.37786315401825266,1.0,0.005,0.0
HandWritten-Mfeat__TMC,posterior_confidence,P025,001100,2,0.09425476207680251,0.00821544169380171,0.736,0.6617532132756307,0.8249480426004695,1.0,0.005,0.0
HandWritten-Mfeat__TMC,posterior_confidence,P026,001101,2,0.08057167647837932,0.01556785936100457,0.738,0.3020408313106157,0.8743345635589209,1.0,0.005,0.0
HandWritten-Mfeat__TMC,posterior_confidence,P027,001102,3,0.1034163529174142,0.02368923008575449,0.677,1.8927829012839934,0.8169362713372204,1.0,0.005,0.0
HandWritten-Mfeat__TMC,posterior_confidence,P028,001110,2,0.095456797967129,0.030435869500218937,0.674,0.2873739481230726,0.8718734739826184,1.0,0.005,0.0
HandWritten-Mfeat__TMC,posterior_confidence,P029,001111,2,0.11644987129112667,0.026705913284000318,0.673,0.6453865587043104,0.8293425009021118,1.0,0.005,0.0
HandWritten-Mfeat__TMC,posterior_confidence,P030,001112,3,0.19026069283677782,0.027292104180484042,0.579,1.885053479338064,0.8211586511009958,1.0,0.005,0.0
HandWritten-Mfeat__TMC,posterior_confidence,P031,001120,3,0.01936228940536968,0.017885523153162025,0.84,1.4935325368359913,0.7774662359578999,1.0,0.005,0.0
HandWritten-Mfeat__TMC,posterior_confidence,P032,001121,3,0.05884099941069375,0.03135983872336934,0.745,1.500469998077605,0.7835183466098194,1.0,0.005,0.0
HandWritten-Mfeat__TMC,posterior_confidence,P033,001122,3,0.0551142184356596,0.008087791644459908,0.822,1.552952242524246,0.7724517557710473,1.0,0.005,0.0
HandWritten-Mfeat__TMC,posterior_confidence,P034,001123,4,0.021227477370243327,0.021024747565122813,0.863,3.0912120680509823,0.7436714053163012,1.0,0.005,0.0
HandWritten-Mfeat__TMC,posterior_confidence,P035,001200,3,0.0021581124161200145,0.0001826506579388264,0.961,6.229387855490502,0.35398765162313967,1.0,0.005,0.0
HandWritten-Mfeat__TMC,posterior_confidence,P036,001201,3,0.10564775726516344,0.00507791905951492,0.684,1.4244814386920257,0.8040443131497246,1.0,0.005,0.0
HandWritten-Mfeat__TMC,posterior_confidence,P037,001202,3,0.0021654991778748064,0.00015798726465063824,0.966,5.737713555880887,0.3691781757712975,1.0,0.005,0.0
HandWritten-Mfeat__TMC,posterior_confidence,P038,001203,4,0.0018127102226424999,0.00011005573748364925,0.974,7.460417543498864,0.3776160707484919,1.0,0.005,0.0
HandWritten-Mfeat__TMC,posterior_confidence,P039,001210,3,0.039483882966068314,0.03815191911874652,0.804,1.5379906291103758,0.7786067759995865,1.0,0.005,0.0
HandWritten-Mfeat__TMC,posterior_confidence,P040,001211,3,0.11620421772856285,0.014535074453589711,0.693,1.67529454560986,0.7750776824713572,1.0,0.005,0.0
HandWritten-Mfeat__TMC,posterior_confidence,P041,001212,3,0.04356880381844659,0.028204344878068603,0.814,1.4129661727073903,0.7813664837961044,1.0,0.005,0.0
HandWritten-Mfeat__TMC,posterior_confidence,P042,001213,4,0.03672727737785758,0.037144301686336506,0.822,3.135670160325367,0.7448794746242996,1.0,0.005,0.0
HandWritten-Mfeat__TMC,posterior_confidence,P043,001220,3,0.002010859665736415,0.00015366258219967594,0.965,5.611539525079781,0.3615769237677463,1.0,0.005,0.0
HandWritten-Mfeat__TMC,posterior_confidence,P044,001221,3,0.07180435205662739,0.015700222034957252,0.767,1.1732829514879333,0.8016856494924735,1.0,0.005,0.0
HandWritten-Mfeat__TMC,posterior_confidence,P045,001222,3,0.0021108537667928555,0.00010323602985969836,0.965,5.960664219442296,0.34164861868272256,1.0,0.005,0.0
HandWritten-Mfeat__TMC,posterior_confidence,P046,001223,4,0.0017206958709795532,0.00013278931307631102,0.97,7.2092190562947716,0.3666479696257938,1.0,0.005,0.0
HandWritten-Mfeat__TMC,posterior_confidence,P047,001230,4,0.0014521596395439134,0.00011308550478525517,0.967,7.061167179050861,0.3452159359749927,1.0,0.005,0.0
HandWritten-Mfeat__TMC,posterior_confidence,P048,001231,4,0.030400658958804165,0.029011653156318453,0.837,2.6229106054590146,0.729041851772118,1.0,0.005,0.0
HandWritten-Mfeat__TMC,posterior_confidence,P049,001232,4,0.0016388688743727141,0.00023854398608406035,0.967,6.936142722647876,0.34066726422491866,1.0,0.005,0.0
HandWritten-Mfeat__TMC,posterior_confidence,P050,001233,4,0.0019101845720300027,7.270990632311661e-05,0.965,7.120586884739117,0.337521908783105,1.0,0.005,0.0
HandWritten-Mfeat__TMC,posterior_confidence,P051,001234,5,0.0013014038648241316,0.00015230666549345177,0.974,8.658846710265854,0.3516413674847271,1.0,0.005,0.0
HandWritten-Mfeat__TMC,posterior_confidence,P052,010000,2,0.21032633544368728,0.03086189771234928,0.562,0.824037576437778,0.8303468147353519,1.0,0.005,0.0
HandWritten-Mfeat__TMC,posterior_confidence,P053,010001,2,0.1354798503068634,0.029688910123329484,0.611,0.3918225846433444,0.8741133207480704,1.0,0.005,0.0
HandWritten-Mfeat__TMC,posterior_confidence,P054,010002,3,0.23416689847443656,0.027196149605736793,0.498,2.062036819650409,0.8225351102295315,1.0,0.005,0.0
HandWritten-Mfeat__TMC,posterior_confidence,P055,010010,2,0.06583620915179784,0.015106446333674797,0.74,0.29172003426719595,0.8744805779849405,1.0,0.005,0.0
HandWritten-Mfeat__TMC,posterior_confidence,P056,010011,2,0.06160756369698284,0.007031732860578501,0.778,0.6293455141586265,0.8250947841205819,1.0,0.005,0.0
HandWritten-Mfeat__TMC,posterior_confidence,P057,010012,3,0.09339688002710918,0.0256217864852647,0.708,1.8626071061800715,0.8170714828392835,1.0,0.005,0.0
HandWritten-Mfeat__TMC,posterior_confidence,P058,010020,3,0.07453680340040425,0.03814969745543749,0.732,1.6475856348609332,0.7843712898140647,1.0,0.005,0.0
HandWritten-Mfeat__TMC,posterior_confidence,P059,010021,3,0.01717406202807973,0.015165430123138278,0.849,1.5482584717667442,0.7797134068708644,1.0,0.005,0.0
HandWritten-Mfeat__TMC,posterior_confidence,P060,010022,3,0.06576339009207934,0.011033180923785515,0.795,1.6802128812470718,0.7735621179520287,1.0,0.005,0.0
HandWritten-Mfeat__TMC,posterior_confidence,P061,010023,4,0.02474188431370162,0.023296082385594077,0.856,3.2184727067738086,0.7449442162446085,1.0,0.005,0.0
HandWritten-Mfeat__TMC,posterior_confidence,P062,010100,2,0.11926675620304635,0.04235324740289096,0.711,0.43644991355508966,0.8620864530321873,1.0,0.005,0.0
HandWritten-Mfeat__TMC,posterior_confidence,P063,010101,2,0.05058655328809027,0.03663619998639473,0.765,0.5385337330492066,0.8423322510099379,1.0,0.005,0.0
HandWritten-Mfeat__TMC,posterior_confidence,P064,010102,3,0.056960837913893524,0.037357575595804056,0.732,1.8834901396530068,0.8200264601000965,1.0,0.005,0.0
HandWritten-Mfeat__TMC,posterior_confidence,P065,010110,2,0.07457235623556403,0.009714140959664387,0.846,0.36576079943377693,0.8647594616316904,1.0,0.005,0.0
HandWritten-Mfeat__TMC,posterior_confidence,P066,010111,2,0.0012876581701256461,9.443788863237526e-05,0.98,4.7775086108774145,0.37770670891169605,1.0,0.005,0.0
HandWritten-Mfeat__TMC,posterior_confidence,P067,010112,3,0.001028789120124101,0.00010937189362417513,0.984,6.000263263867676,0.40220563856494684,1.0,0.005,0.0
HandWritten-Mfeat__TMC,posterior_confidence,P068,010120,3,0.04582658969184959,0.020158649174272965,0.753,1.3314916032716602,0.8061165733201086,1.0,0.005,0.0
HandWritten-Mfeat__TMC,posterior_confidence,P069,010121,3,0.0009474516061373046,0.00010913617984989566,0.983,5.621037661101759,0.37159909258369467,1.0,0.005,0.0
HandWritten-Mfeat__TMC,posterior_confidence,P070,010122,3,0.001012239704490416,9.443454568243813e-05,0.976,5.427734242178823,0.3759175626934259,1.0,0.005,0.0
HandWritten-Mfeat__TMC,posterior_confidence,P071,010123,4,0.0007797981328255962,9.080246900961069e-05,0.987,6.96599406770556,0.38918825636424004,1.0,0.005,0.0
HandWritten-Mfeat__TMC,posterior_confidence,P072,010200,3,0.13799601260389655,0.015509138078407944,0.669,1.840315525282206,0.7768258733353609,1.0,0.005,0.0
HandWritten-Mfeat__TMC,posterior_confidence,P073,010201,3,0.04061388334094927,0.03955289548009751,0.803,1.6171415163730591,0.7809034402020406,1.0,0.005,0.0
HandWritten-Mfeat__TMC,posterior_confidence,P074,010202,3,0.05817626963404878,0.03916073436425899,0.806,1.5646517637621467,0.7824077893783127,1.0,0.005,0.0
HandWritten-Mfeat__TMC,posterior_confidence,P075,010203,4,0.046362785705790346,0.04043745388758805,0.803,3.2873557513801233,0.7467853194291016,1.0,0.005,0.0
HandWritten-Mfeat__TMC,posterior_confidence,P076,010210,3,0.10164310324071602,0.0078048910507882065,0.697,1.3794916144050395,0.8034353096746474,1.0,0.005,0.0
HandWritten-Mfeat__TMC,posterior_confidence,P077,010211,3,0.0010128090342496462,0.0001329638681421906,0.98,5.780732486817493,0.3636805111716159,1.0,0.005,0.0
HandWritten-Mfeat__TMC,posterior_confidence,P078,010212,3,0.0011527214517312958,0.00010349803596563884,0.983,5.2912900912209615,0.37976168664209775,1.0,0.005,0.0
HandWritten-Mfeat__TMC,posterior_confidence,P079,010213,4,0.000916255590786676,0.00016751228614059703,0.983,7.013994078838938,0.3872351111515303,1.0,0.005,0.0
HandWritten-Mfeat__TMC,posterior_confidence,P080,010220,3,0.08650080086518804,0.023142793345332546,0.752,1.285729561027695,0.8020350792938215,1.0,0.005,0.0
HandWritten-Mfeat__TMC,posterior_confidence,P081,010221,3,0.0010627048956577216,0.00016969413030895497,0.985,5.25001779045453,0.37551498925262944,1.0,0.005,0.0
HandWritten-Mfeat__TMC,posterior_confidence,P082,010222,3,0.0010492931873323187,0.00013041261543100073,0.972,5.671677188609118,0.3546445894916874,1.0,0.005,0.0
HandWritten-Mfeat__TMC,posterior_confidence,P083,010223,4,0.0008434992682282802,0.00012336066491262999,0.98,6.920232025461594,0.3793696596217717,1.0,0.005,0.0
HandWritten-Mfeat__TMC,posterior_confidence,P084,010230,4,0.03838193324158877,0.032727984366219515,0.834,2.7353572149987766,0.7300283488781498,1.0,0.005,0.0
HandWritten-Mfeat__TMC,posterior_confidence,P085,010231,4,0.0007567544726539922,0.000127584756928264,0.982,6.699645444425611,0.35752590123228406,1.0,0.005,0.0
HandWritten-Mfeat__TMC,posterior_confidence,P086,010232,4,0.0007569977232903273,0.0001416304904267464,0.977,6.647155691814699,0.35302235770827417,1.0,0.005,0.0
HandWritten-Mfeat__TMC,posterior_confidence,P087,010233,4,0.0009213285430302237,0.00015634514573679902,0.972,6.8315998539059395,0.34986120020002104,1.0,0.005,0.0
HandWritten-Mfeat__TMC,posterior_confidence,P088,010234,5,0.0005641795123204901,0.00014673724470924365,0.982,8.369859679432677,0.3631979201427597,1.0,0.005,0.0
HandWritten-Mfeat__TMC,posterior_confidence,P089,011000,2,0.12313417059211704,0.02094551709452117,0.673,0.6570415682040978,0.8284416551167384,1.0,0.005,0.0
HandWritten-Mfeat__TMC,posterior_confidence,P090,011001,2,0.08832572873191494,0.02831914806112742,0.69,0.28494034691181813,0.8716760286424141,1.0,0.005,0.0
HandWritten-Mfeat__TMC,posterior_confidence,P091,011002,3,0.1846135340048875,0.027640226511336068,0.58,1.8960022036093644,0.8205285381996896,1.0,0.005,0.0
HandWritten-Mfeat__TMC,posterior_confidence,P092,011010,2,0.05988850279901786,0.016315258648326864,0.784,0.26340848216831303,0.8737415940417388,1.0,0.005,0.0
HandWritten-Mfeat__TMC,posterior_confidence,P093,011011,2,0.07075629457308494,0.004411969917909594,0.792,0.6089244061265847,0.8243258517432971,1.0,0.005,0.0
HandWritten-Mfeat__TMC,posterior_confidence,P094,011012,3,0.10548762796704791,0.023004006405378308,0.693,1.8400670945688393,0.8163129537011855,1.0,0.005,0.0
HandWritten-Mfeat__TMC,posterior_confidence,P095,011020,3,0.0564495736634872,0.029309367066379013,0.749,1.4884802927641205,0.782435695955033,1.0,0.005,0.0
HandWritten-Mfeat__TMC,posterior_confidence,P096,011021,3,0.0177074585343161,0.015220727028353916,0.846,1.4540770484671006,0.7769637489589432,1.0,0.005,0.0
HandWritten-Mfeat__TMC,posterior_confidence,P097,011022,3,0.04823164144184652,0.005042286688840551,0.852,1.5268790796379101,0.7714683870456966,1.0,0.005,0.0
HandWritten-Mfeat__TMC,posterior_confidence,P098,011023,4,0.020501313467079754,0.02127109954175776,0.865,3.0651389051646465,0.7427356409222811,1.0,0.005,0.0
HandWritten-Mfeat__TMC,posterior_confidence,P099,011100,2,0.09654692697804002,0.03015063352432843,0.765,0.3689440035913279,0.8604120778632679,1.0,0.005,0.0
HandWritten-Mfeat__TMC,posterior_confidence,P100,011101,2,0.05187983275852966,0.03189912308210988,0.775,0.48735107639526476,0.8408617911999454,1.0,0.005,0.0
HandWritten-Mfeat__TMC,posterior_confidence,P101,011102,3,0.053491038591601606,0.03192763897817345,0.748,1.8196471505027871,0.818247714196736,1.0,0.005,0.0
HandWritten-Mfeat__TMC,posterior_confidence,P102,011110,2,0.1420421848721186,0.02467321107683648,0.806,0.3660272761850641,0.8644690367698119,1.0,0.005,0.0
HandWritten-Mfeat__TMC,posterior_confidence,P103,011111,2,0.0,0.0,0.974,8.636562123837605,0.15960304048977242,1.0,0.005,0.0
HandWritten-Mfeat__TMC,posterior_confidence,P104,011112,3,0.0,0.0,0.979,9.85754529428664,0.1878883560743127,1.0,0.005,0.0
HandWritten-Mfeat__TMC,posterior_confidence,P105,011120,3,0.04825042147284494,0.022199773765639304,0.748,1.2887691154734489,0.8047135503902325,1.0,0.005,0.0
HandWritten-Mfeat__TMC,posterior_confidence,P106,011121,3,0.0,0.0,0.974,9.447991059467501,0.16230375658213445,1.0,0.005,0.0
HandWritten-Mfeat__TMC,posterior_confidence,P107,011122,3,0.0,0.0,0.974,9.242027308048288,0.1599889926773671,1.0,0.005,0.0
HandWritten-Mfeat__TMC,posterior_confidence,P108,011123,4,0.0,0.0,0.979,10.780287133575024,0.1840004875139744,1.0,0.005,0.0
HandWritten-Mfeat__TMC,posterior_confidence,P109,011200,3,0.12627556660500192,0.014463443183913226,0.689,1.6767199698908002,0.774230114185549,1.0,0.005,0.0
HandWritten-Mfeat__TMC,posterior_confidence,P110,011201,3,0.039315233396739854,0.037795640879722266,0.807,1.516361260104713,0.777937808207605,1.0,0.005,0.0
HandWritten-Mfeat__TMC,posterior_confidence,P111,011202,3,0.0397731145875842,0.027755357262495884,0.836,1.4047191291842824,0.7801452694801793,1.0,0.005,0.0
HandWritten-Mfeat__TMC,posterior_confidence,P112,011203,4,0.03608288676400272,0.03771869851233523,0.824,3.127423116802259,0.7440671379688469,1.0,0.005,0.0
HandWritten-Mfeat__TMC,posterior_confidence,P113,011210,3,0.10813072253756709,0.0049159076399774015,0.69,1.3714732711771134,0.8028520987839436,1.0,0.005,0.0
HandWritten-Mfeat__TMC,posterior_confidence,P114,011211,3,0.0,0.0,0.972,9.631848600836435,0.15311206816063863,1.0,0.005,0.0
HandWritten-Mfeat__TMC,posterior_confidence,P115,011212,3,0.0,0.0,0.977,9.140287301660711,0.16369563445632654,1.0,0.005,0.0
HandWritten-Mfeat__TMC,posterior_confidence,P116,011213,4,0.0,0.0,0.976,10.862991289278689,0.18078884374341325,1.0,0.005,0.0
HandWritten-Mfeat__TMC,posterior_confidence,P117,011220,3,0.07162411228991769,0.017182153388683116,0.792,1.1469174278018395,0.8003896322066862,1.0,0.005,0.0
HandWritten-Mfeat__TMC,posterior_confidence,P118,011221,3,0.0,0.0,0.974,9.027373589205869,0.15715084778680932,1.0,0.005,0.0
HandWritten-Mfeat__TMC,posterior_confidence,P119,011222,3,0.0,0.0,0.974,9.38988060905094,0.14023319731753076,1.0,0.005,0.0
HandWritten-Mfeat__TMC,posterior_confidence,P120,011223,4,0.0,0.0,0.979,10.638435445903415,0.16870908014788635,1.0,0.005,0.0
HandWritten-Mfeat__TMC,posterior_confidence,P121,011230,4,0.030353112149137496,0.028875798772532203,0.841,2.5965450817729208,0.727741756208592,1.0,0.005,0.0
HandWritten-Mfeat__TMC,posterior_confidence,P122,011231,4,0.0,0.0,0.972,10.47700124317695,0.15330895440154918,1.0,0.005,0.0
HandWritten-Mfeat__TMC,posterior_confidence,P123,011232,4,0.0,0.0,0.974,10.36535911225652,0.14768694099243926,1.0,0.005,0.0
HandWritten-Mfeat__TMC,posterior_confidence,P124,011233,4,0.0,0.0,0.971,10.54980327434776,0.14256233671318996,1.0,0.005,0.0
HandWritten-Mfeat__TMC,posterior_confidence,P125,011234,5,0.0,0.0,0.977,12.088063099874496,0.16540815421591504,1.0,0.005,0.0
HandWritten-Mfeat__TMC,posterior_confidence,P126,012000,3,0.0020798114078057262,0.0001221157588760862,0.964,6.033883199119299,0.34178772624267806,1.0,0.005,0.0
HandWritten-Mfeat__TMC,posterior_confidence,P127,012001,3,0.002041478098236336,0.00014978522364909888,0.967,5.602629599517503,0.3605913287270848,1.0,0.005,0.0
HandWritten-Mfeat__TMC,posterior_confidence,P128,012002,3,0.09849554966096483,0.022320400862004226,0.741,1.2369077297177276,0.7999389933354043,1.0,0.005,0.0
HandWritten-Mfeat__TMC,posterior_confidence,P129,012003,4,0.0017551978328625268,0.0001695935361020825,0.97,7.272843834524566,0.3661498223888574,1.0,0.005,0.0
HandWritten-Mfeat__TMC,posterior_confidence,P130,012010,3,0.00212888397529689,0.00011632444373876304,0.968,5.509456323085586,0.35887802153034887,1.0,0.005,0.0
HandWritten-Mfeat__TMC,posterior_confidence,P131,012011,3,0.0019014117766986672,0.00013623446183556268,0.965,5.852853343464666,0.3376622562244327,1.0,0.005,0.0
HandWritten-Mfeat__TMC,posterior_confidence,P132,012012,3,0.04487050232432673,0.006587898658808299,0.866,1.0501788306792728,0.7946191184406107,1.0,0.005,0.0
HandWritten-Mfeat__TMC,posterior_confidence,P133,012013,4,0.0016383802140404915,7.135620749007544e-05,0.977,7.086114935486111,0.3627029563539627,1.0,0.005,0.0
HandWritten-Mfeat__TMC,posterior_confidence,P134,012020,3,0.0580789607021137,0.03010801212734279,0.811,1.342145373738836,0.7755599369961581,1.0,0.005,0.0
HandWritten-Mfeat__TMC,posterior_confidence,P135,012021,3,0.013956472517213155,0.012705884319636422,0.896,1.2485897511322979,0.7706137672103457,1.0,0.005,0.0
HandWritten-Mfeat__TMC,posterior_confidence,P136,012022,3,0.06745385109208998,0.009741142579394504,0.812,1.458428371423855,0.7664512555120998,1.0,0.005,0.0
HandWritten-Mfeat__TMC,posterior_confidence,P137,012023,4,0.024905902375655826,0.02480143790800151,0.873,2.9188039861393618,0.7363762885075699,1.0,0.005,0.0
HandWritten-Mfeat__TMC,posterior_confidence,P138,012030,4,0.0015855306059155045,0.00022676256559870118,0.968,6.865321923679322,0.3345838573965301,1.0,0.005,0.0
HandWritten-Mfeat__TMC,posterior_confidence,P139,012031,4,0.0013655728179610897,0.00013825629471745702,0.973,6.771766301072784,0.33305050597936325,1.0,0.005,0.0
HandWritten-Mfeat__TMC,posterior_confidence,P140,012032,4,0.020325357441386603,0.018381889042369256,0.884,2.40604443127301,0.7198987310613301,1.0,0.005,0.0
HandWritten-Mfeat__TMC,posterior_confidence,P141,012033,4,0.0018062550667992765,9.983106812158911e-05,0.967,6.903720710553111,0.32580318338983294,1.0,0.005,0.0
HandWritten-Mfeat__TMC,posterior_confidence,P142,012034,5,0.0012270946249504067,0.00022462527673379305,0.977,8.44198053607985,0.34078990274559484,1.0,0.005,0.0
HandWritten-Mfeat__TMC,posterior_confidence,P143,012100,3,0.0021611118101388313,0.0001102542313498974,0.961,5.649695989078886,0.3550203716573638,1.0,0.005,0.0
HandWritten-Mfeat__TMC,posterior_confidence,P144,012101,3,0.0018528525676591596,0.00016633928893286672,0.965,5.755442729386544,0.3460375876460119,1.0,0.005,0.0
HandWritten-Mfeat__TMC,posterior_confidence,P145,012102,3,0.030083623806009957,0.018059614136527086,0.832,1.0644630311835057,0.7980878068763027,1.0,0.005,0.0
HandWritten-Mfeat__TMC,posterior_confidence,P146,012103,4,0.0015541297140378226,0.0001906880418047803,0.979,7.100399135990344,0.36583972725849434,1.0,0.005,0.0
HandWritten-Mfeat__TMC,posterior_confidence,P147,012110,3,0.0020650352097336647,0.0002243828197309723,0.97,5.6037902971231235,0.3537661363036102,1.0,0.005,0.0
HandWritten-Mfeat__TMC,posterior_confidence,P148,012111,3,0.00037570209894193017,2.607370510479694e-05,0.975,13.872553662234438,0.05843959296265139,1.0,0.005,0.0
HandWritten-Mfeat__TMC,posterior_confidence,P149,012112,3,0.0,0.0,0.974,9.059372210417859,0.15168144521346333,1.0,0.005,0.0
HandWritten-Mfeat__TMC,posterior_confidence,P150,012113,4,0.0003243592061554849,4.166492817568539e-05,0.98,15.095308315224699,0.04299623459482622,1.0,0.005,0.0
HandWritten-Mfeat__TMC,posterior_confidence,P151,012120,3,0.036348853229468805,0.02344761940374617,0.82,1.0463445510205196,0.7978134021985347,1.0,0.005,0.0
HandWritten-Mfeat__TMC,posterior_confidence,P152,012121,3,0.0,0.0,0.977,9.192906162518295,0.14981315663858893,1.0,0.005,0.0
HandWritten-Mfeat__TMC,posterior_confidence,P153,012122,3,0.0,0.0,0.975,9.077486954406588,0.15144869605666905,1.0,0.005,0.0
HandWritten-Mfeat__TMC,posterior_confidence,P154,012123,4,0.0,0.0,0.979,10.537862569122096,0.17261633910100743,1.0,0.005,0.0
HandWritten-Mfeat__TMC,posterior_confidence,P155,012130,4,0.0015240152679970153,0.00018613673161040276,0.975,6.569521100961006,0.34352534850984706,1.0,0.005,0.0
HandWritten-Mfeat__TMC,posterior_confidence,P156,012131,4,0.00036839211575599164,4.024537027390471e-05,0.975,14.716082712458782,0.050307656483929646,1.0,0.005,0.0
HandWritten-Mfeat__TMC,posterior_confidence,P157,012132,4,0.0,0.0,0.974,10.025103014255743,0.1511807752330564,1.0,0.005,0.0
HandWritten-Mfeat__TMC,posterior_confidence,P158,012133,4,0.0003316266889589295,3.065700043760447e-05,0.975,14.522779293535844,0.045840520790769654,1.0,0.005,0.0
HandWritten-Mfeat__TMC,posterior_confidence,P159,012134,5,0.00028789329963552874,4.14227303037668e-05,0.98,16.06103911906258,0.03427031646583915,1.0,0.005,0.0
HandWritten-Mfeat__TMC,posterior_confidence,P160,012200,3,0.0779667211095841,0.008013593178945103,0.801,1.485926958591131,0.7669171100233686,1.0,0.005,0.0
HandWritten-Mfeat__TMC,posterior_confidence,P161,012201,3,0.01531518510716682,0.014783395286430068,0.897,1.2664158704955257,0.7704485177968357,1.0,0.005,0.0
HandWritten-Mfeat__TMC,posterior_confidence,P162,012202,3,0.05737625250349341,0.03133098532490969,0.823,1.3458880355292127,0.7754716974258904,1.0,0.005,0.0
HandWritten-Mfeat__TMC,posterior_confidence,P163,012203,4,0.02952017652010495,0.025102126832397834,0.868,2.93663010550259,0.7367022699173703,1.0,0.005,0.0
HandWritten-Mfeat__TMC,posterior_confidence,P164,012210,3,0.05098151909922634,0.008437773847318517,0.861,1.0498864698795145,0.7941897830601526,1.0,0.005,0.0
HandWritten-Mfeat__TMC,posterior_confidence,P165,012211,3,0.0,0.0,0.971,9.308142895959644,0.13994192862311258,1.0,0.005,0.0
HandWritten-Mfeat__TMC,posterior_confidence,P166,012212,3,0.0,0.0,0.974,8.950662418007713,0.1551320979379973,1.0,0.005,0.0
HandWritten-Mfeat__TMC,posterior_confidence,P167,012213,4,0.0,0.0,0.976,10.54140448798109,0.16823476577030919,1.0,0.005,0.0
HandWritten-Mfeat__TMC,posterior_confidence,P168,012220,3,0.10242831446123093,0.021976354524277826,0.742,1.1995934817603333,0.7992007785137891,1.0,0.005,0.0
HandWritten-Mfeat__TMC,posterior_confidence,P169,012221,3,0.0,0.0,0.979,9.020897264854844,0.15659891768842607,1.0,0.005,0.0
HandWritten-Mfeat__TMC,posterior_confidence,P170,012222,3,0.0,0.0,0.975,9.451444579228156,0.14101618678460395,1.0,0.005,0.0
HandWritten-Mfeat__TMC,posterior_confidence,P171,012223,4,0.0,0.0,0.979,10.69111149986191,0.1689499107096109,1.0,0.005,0.0
HandWritten-Mfeat__TMC,posterior_confidence,P172,012230,4,0.025560549985431412,0.019296960755710316,0.88,2.4057520704732513,0.7197989746837277,1.0,0.005,0.0
HandWritten-Mfeat__TMC,posterior_confidence,P173,012231,4,0.0,0.0,0.977,10.227055853567762,0.14417017575923546,1.0,0.005,0.0
HandWritten-Mfeat__TMC,posterior_confidence,P174,012232,4,0.0,0.0,0.974,10.30652801860145,0.1432915511495492,1.0,0.005,0.0
HandWritten-Mfeat__TMC,posterior_confidence,P175,012233,4,0.0,0.0,0.97,10.359010263048091,0.13359688654011456,1.0,0.005,0.0
HandWritten-Mfeat__TMC,posterior_confidence,P176,012234,5,0.0,0.0,0.977,11.897270088574826,0.15692056573859978,1.0,0.005,0.0
HandWritten-Mfeat__TMC,posterior_confidence,P177,012300,4,0.001959487888146423,0.00011191636710939539,0.962,7.053561600806002,0.33196549107652196,1.0,0.005,0.0
HandWritten-Mfeat__TMC,posterior_confidence,P178,012301,4,0.001575360208287318,5.088893334984581e-05,0.974,6.834050512710396,0.33469018608037104,1.0,0.005,0.0
HandWritten-Mfeat__TMC,posterior_confidence,P179,012302,4,0.036464616765104554,0.03186819432263724,0.845,2.468328642910622,0.7214772126149164,1.0,0.005,0.0
HandWritten-Mfeat__TMC,posterior_confidence,P180,012303,4,0.0016369694421770685,0.00014997348076256357,0.966,6.781560760099484,0.33047832816242395,1.0,0.005,0.0
HandWritten-Mfeat__TMC,posterior_confidence,P181,012304,5,0.0013399223433454223,0.00013999429698461152,0.975,8.504264747717462,0.3428501270187343,1.0,0.005,0.0
HandWritten-Mfeat__TMC,posterior_confidence,P182,012310,4,0.0019260979395925096,0.0001676053490142879,0.97,6.617521112094385,0.3417752429633098,1.0,0.005,0.0
HandWritten-Mfeat__TMC,posterior_confidence,P183,012311,4,0.0003242737053773776,2.001921342961021e-05,0.975,14.875777538174516,0.04721994726603659,1.0,0.005,0.0
HandWritten-Mfeat__TMC,posterior_confidence,P184,012312,4,0.0,0.0,0.971,10.073103025389122,0.1462712589501612,1.0,0.005,0.0
HandWritten-Mfeat__TMC,posterior_confidence,P185,012313,4,0.00037570209894193017,2.607370510479694e-05,0.975,14.386335142577984,0.049621491172042176,1.0,0.005,0.0
HandWritten-Mfeat__TMC,posterior_confidence,P186,012314,5,0.00030973923978360786,4.006871161754527e-05,0.98,16.10903913019596,0.029242674690710943,1.0,0.005,0.0
HandWritten-Mfeat__TMC,posterior_confidence,P187,012320,4,0.03681073051546845,0.03119481865614009,0.847,2.450210162747636,0.7210771250693274,1.0,0.005,0.0
HandWritten-Mfeat__TMC,posterior_confidence,P188,012321,4,0.0,0.0,0.977,10.271513945842146,0.14355234176430173,1.0,0.005,0.0
HandWritten-Mfeat__TMC,posterior_confidence,P189,012322,4,0.0,0.0,0.972,10.481352566133705,0.13758634951234255,1.0,0.005,0.0
HandWritten-Mfeat__TMC,posterior_confidence,P190,012323,4,0.0,0.0,0.977,10.219024193231235,0.1386195589618895,1.0,0.005,0.0
HandWritten-Mfeat__TMC,posterior_confidence,P191,012324,5,0.0,0.0,0.977,11.941728180849212,0.15733814543797991,1.0,0.005,0.0
HandWritten-Mfeat__TMC,posterior_confidence,P192,012330,4,0.0017680681107636886,0.00014831046216618116,0.968,6.523759058717041,0.33391711583952904,1.0,0.005,0.0
HandWritten-Mfeat__TMC,posterior_confidence,P193,012331,4,0.0003389366721448681,2.5920774959777945e-05,0.977,14.345062841811552,0.05027905098183844,1.0,0.005,0.0
HandWritten-Mfeat__TMC,posterior_confidence,P194,012332,4,0.0,0.0,0.974,9.979340972011778,0.13783669381956884,1.0,0.005,0.0
HandWritten-Mfeat__TMC,posterior_confidence,P195,012333,4,0.00029511877339861124,3.0478311200222874e-05,0.975,14.76672223996614,0.05131002555496502,1.0,0.005,0.0
HandWritten-Mfeat__TMC,posterior_confidence,P196,012334,5,0.00023710444675000892,1.615665050389372e-05,0.98,16.015277076818617,0.0266898764970582,1.0,0.005,0.0
HandWritten-Mfeat__TMC,posterior_confidence,P197,012340,5,0.0013726209636373506,0.00015023576333333627,0.971,7.973386712688122,0.32120545326940003,1.0,0.005,0.0
HandWritten-Mfeat__TMC,posterior_confidence,P198,012341,5,0.000251555394276174,1.978777484351017e-05,0.98,15.794690495782634,0.034900297326613594,1.0,0.005,0.0
HandWritten-Mfeat__TMC,posterior_confidence,P199,012342,5,0.0,0.0,0.972,11.42896862598286,0.1360215689925542,1.0,0.005,0.0
HandWritten-Mfeat__TMC,posterior_confidence,P200,012343,5,0.0002733583340286396,3.983557046107626e-05,0.975,15.742200743171722,0.036763306599346124,1.0,0.005,0.0
HandWritten-Mfeat__TMC,posterior_confidence,P201,012344,5,0.0002589073865024746,4.7371265994318054e-05,0.975,15.926644905262961,0.03689742646618969,1.0,0.005,0.0
HandWritten-Mfeat__TMC,posterior_confidence,P202,012345,6,0.00020832713020712076,1.9674050743840646e-05,0.98,17.464904730789698,0.0,1.0,0.005,0.0
HandWritten-Mfeat__RCML,native_nonvacuity,P000,000000,1,0.018096537360936187,0.004631248175632277,0.9145,0.5316213656570354,1.1370417256279266,1.0,0.0025,0.0
HandWritten-Mfeat__RCML,native_nonvacuity,P001,000001,2,0.016143815249751135,0.0014158439904935255,0.8615,3.1474243488586744,0.8982554852304021,1.0,0.0025,0.0
HandWritten-Mfeat__RCML,native_nonvacuity,P002,000010,2,0.0018105776800667547,5.417765108030839e-05,0.95,5.995008943342874,0.6473427221641845,1.0,0.0025,0.0
HandWritten-Mfeat__RCML,native_nonvacuity,P003,000011,2,0.007104935962266158,0.00018785913874127053,0.9155,2.899638985540115,0.890602339926965,1.0,0.0025,0.0
HandWritten-Mfeat__RCML,native_nonvacuity,P004,000012,3,0.0007451128428598294,0.00020444218048332774,0.956,8.808074988580207,0.5319638180375933,1.0,0.0025,0.0
HandWritten-Mfeat__RCML,native_nonvacuity,P005,000100,2,0.035949694523415364,0.0005970858458823279,0.8115,4.347978736813425,0.815650751055814,1.0,0.0025,0.0
HandWritten-Mfeat__RCML,native_nonvacuity,P006,000101,2,0.0023289572224799047,0.00014258745194093558,0.966,3.3122531695553787,0.8399162469968382,1.0,0.0025,0.0
HandWritten-Mfeat__RCML,native_nonvacuity,P007,000102,3,0.006816139725102375,0.00022002468474362742,0.9045,7.562434816702616,0.6408693845554114,1.0,0.0025,0.0
HandWritten-Mfeat__RCML,native_nonvacuity,P008,000110,2,0.004797412361848761,0.00010543542745631662,0.9505,3.3871877867436786,0.8361481890030652,1.0,0.0025,0.0
HandWritten-Mfeat__RCML,native_nonvacuity,P009,000111,2,0.002714077670210253,8.962757074626343e-05,0.9635,3.7611063334868833,0.8055194671192101,1.0,0.0025,0.0
HandWritten-Mfeat__RCML,native_nonvacuity,P010,000112,3,0.0037531388924188216,0.0001831571169839603,0.9465,7.114793011343872,0.6275837758633395,1.0,0.0025,0.0
HandWritten-Mfeat__RCML,native_nonvacuity,P011,000120,3,0.0022244777711079044,4.519274092103805e-05,0.951,9.841320319263588,0.49693235394187707,1.0,0.0025,0.0
HandWritten-Mfeat__RCML,native_nonvacuity,P012,000121,3,0.0007198830841815306,4.4675095478943004e-05,0.955,9.318743896716544,0.48361353192796774,1.0,0.0025,0.0
HandWritten-Mfeat__RCML,native_nonvacuity,P013,000122,3,0.006201307338571327,0.00015816635360664367,0.904,7.660489540823689,0.6166060062375923,1.0,0.0025,0.0
HandWritten-Mfeat__RCML,native_nonvacuity,P014,000123,4,0.0010088330773176887,0.00013163802834779433,0.9635,13.56892554386378,0.38833363921871955,1.0,0.0025,0.0
HandWritten-Mfeat__RCML,native_nonvacuity,P015,001000,2,0.0007204683970889262,2.718689527337293e-05,0.9685,9.50654219957118,0.4118642801291366,1.0,0.0025,0.0
HandWritten-Mfeat__RCML,native_nonvacuity,P016,001001,2,0.0037274331299136355,0.0003743915278157871,0.944,2.7240193636700876,0.8892388292899268,1.0,0.0025,0.0
HandWritten-Mfeat__RCML,native_nonvacuity,P017,001002,3,0.00010119368867862613,1.6652282103919532e-05,0.974,12.125104732455249,0.3436369386457128,1.0,0.0025,0.0
HandWritten-Mfeat__RCML,native_nonvacuity,P018,001010,2,0.0002498184417598886,4.701206050092014e-05,0.966,5.437521631076044,0.6370104322384564,1.0,0.0025,0.0
HandWritten-Mfeat__RCML,native_nonvacuity,P019,001011,2,0.004896874566347737,0.0003778665096961737,0.9405,2.818425867610853,0.8873568034124867,1.0,0.0025,0.0
HandWritten-Mfeat__RCML,native_nonvacuity,P020,001012,3,4.193633726371112e-05,3.1414508518696716e-05,0.969,8.260614353618076,0.5211448076040907,1.0,0.0025,0.0
HandWritten-Mfeat__RCML,native_nonvacuity,P021,001020,3,0.0,0.0,0.97,14.97207223222919,0.2622819099929776,1.0,0.0025,0.0
HandWritten-Mfeat__RCML,native_nonvacuity,P022,001021,3,0.0006254408366298053,3.6078112009845364e-05,0.955,8.39407958598606,0.519609177423456,1.0,0.0025,0.0
HandWritten-Mfeat__RCML,native_nonvacuity,P023,001022,3,0.00013572583229496253,7.587897765262629e-06,0.973,11.886728951731126,0.33491712694064957,1.0,0.0025,0.0
HandWritten-Mfeat__RCML,native_nonvacuity,P024,001023,4,2.1787890894833362e-05,8.74128894907508e-06,0.9775,17.795164954771224,0.21578252727857478,1.0,0.0025,0.0
HandWritten-Mfeat__RCML,native_nonvacuity,P025,001100,2,0.002790304292867559,0.0001591161315405799,0.961,3.7754356362634423,0.8034348419599294,1.0,0.0025,0.0
HandWritten-Mfeat__RCML,native_nonvacuity,P026,001101,2,0.0025494704891850066,5.924068070799953e-05,0.9655,3.2302418545056697,0.8360111087520234,1.0,0.0025,0.0
HandWritten-Mfeat__RCML,native_nonvacuity,P027,001102,3,0.0017481649397607403,0.0001981342972955997,0.962,7.006376709335645,0.6251603171721735,1.0,0.0025,0.0
HandWritten-Mfeat__RCML,native_nonvacuity,P028,001110,2,0.0010859177842452595,0.00010774211027576579,0.9655,3.2803630392217276,0.8344308621863722,1.0,0.0025,0.0
HandWritten-Mfeat__RCML,native_nonvacuity,P029,001111,2,0.0033403390350939094,5.43986403258672e-05,0.9625,3.81912504305388,0.798414579942852,1.0,0.0025,0.0
HandWritten-Mfeat__RCML,native_nonvacuity,P030,001112,3,0.0026117317020708094,0.00015928546300817537,0.959,7.092701646795815,0.6214927827349741,1.0,0.0025,0.0
HandWritten-Mfeat__RCML,native_nonvacuity,P031,001120,3,0.0005118575850651634,3.539889677776831e-05,0.96,9.273764252351633,0.48059706011194614,1.0,0.0025,0.0
HandWritten-Mfeat__RCML,native_nonvacuity,P032,001121,3,0.0007065489040082383,4.147913610230704e-05,0.955,9.309968005095744,0.47684698355085775,1.0,0.0025,0.0
HandWritten-Mfeat__RCML,native_nonvacuity,P033,001122,3,0.0019852066983170958,0.00014782804347961912,0.966,7.177666856885626,0.5976346647925649,1.0,0.0025,0.0
HandWritten-Mfeat__RCML,native_nonvacuity,P034,001123,4,0.00032476328306687977,0.00018306814955298966,0.9705,13.086102859925717,0.36964102058811377,1.0,0.0025,0.0
HandWritten-Mfeat__RCML,native_nonvacuity,P035,001200,3,0.0,0.0,0.97,13.326964791778877,0.31671341973903727,1.0,0.0025,0.0
HandWritten-Mfeat__RCML,native_nonvacuity,P036,001201,3,0.007001870496767636,0.00023870891452446697,0.9175,7.156820496065919,0.628271072040761,1.0,0.0025,0.0
HandWritten-Mfeat__RCML,native_nonvacuity,P037,001202,3,7.82422090204622e-05,1.015231753642006e-05,0.974,12.307724217703843,0.31660490061272856,1.0,0.0025,0.0
HandWritten-Mfeat__RCML,native_nonvacuity,P038,001203,4,0.0,0.0,0.9805,16.557905864851076,0.25169222195168445,1.0,0.0025,0.0
HandWritten-Mfeat__RCML,native_nonvacuity,P039,001210,3,0.0011081896533936847,3.227771542517589e-05,0.9535,9.290742806713922,0.48542050232464024,1.0,0.0025,0.0
HandWritten-Mfeat__RCML,native_nonvacuity,P040,001211,3,0.005916312629599122,0.00018046427154569438,0.918,7.660892928280786,0.6089778323993972,1.0,0.0025,0.0
HandWritten-Mfeat__RCML,native_nonvacuity,P041,001212,3,7.351551484206459e-05,1.0013741746774917e-05,0.9735,8.852899767140771,0.4681031159291871,1.0,0.0025,0.0
HandWritten-Mfeat__RCML,native_nonvacuity,P042,001213,4,0.0002880715879110823,1.2419019223932002e-05,0.9755,13.103081414288006,0.37416240591084415,1.0,0.0025,0.0
HandWritten-Mfeat__RCML,native_nonvacuity,P043,001220,3,0.0,0.0,0.9705,12.371160875347158,0.3163670487322571,1.0,0.0025,0.0
HandWritten-Mfeat__RCML,native_nonvacuity,P044,001221,3,0.00290019489604755,2.094522288055921e-05,0.9575,6.782414114136083,0.6113594632605589,1.0,0.0025,0.0
HandWritten-Mfeat__RCML,native_nonvacuity,P045,001222,3,6.405770721393622e-05,1.708569295822264e-05,0.9775,12.829812805064252,0.29839146585806986,1.0,0.0025,0.0
HandWritten-Mfeat__RCML,native_nonvacuity,P046,001223,4,0.0,0.0,0.9845,16.183499482921246,0.23748064201182467,1.0,0.0025,0.0
HandWritten-Mfeat__RCML,native_nonvacuity,P047,001230,4,0.0,0.0,0.9725,18.825293407867065,0.19870030281097245,1.0,0.0025,0.0
HandWritten-Mfeat__RCML,native_nonvacuity,P048,001231,4,0.0010732210698717257,0.00012582985330270903,0.96,13.236546646655992,0.3731126278955558,1.0,0.0025,0.0
HandWritten-Mfeat__RCML,native_nonvacuity,P049,001232,4,0.0,0.0,0.9775,18.38745036829392,0.18627600045457815,1.0,0.0025,0.0
HandWritten-Mfeat__RCML,native_nonvacuity,P050,001233,4,0.0,0.0,0.9825,16.729196012401058,0.23293204878808102,1.0,0.0025,0.0
HandWritten-Mfeat__RCML,native_nonvacuity,P051,001234,5,0.0,0.0,0.9815,22.637632015441152,0.14438466291452817,1.0,0.0025,0.0
HandWritten-Mfeat__RCML,native_nonvacuity,P052,010000,2,0.049012312079762435,0.0007811847669949124,0.801,4.609604318246426,0.7997936949313623,1.0,0.0025,0.0
HandWritten-Mfeat__RCML,native_nonvacuity,P053,010001,2,0.00274706996194743,0.0006609161985209733,0.9615,3.4329845274942983,0.8317586049508102,1.0,0.0025,0.0
HandWritten-Mfeat__RCML,native_nonvacuity,P054,010002,3,0.01643993923132519,0.0005003383542130618,0.8845,7.871870807239853,0.6302786846126753,1.0,0.0025,0.0
HandWritten-Mfeat__RCML,native_nonvacuity,P055,010010,2,0.007024740262561856,8.042903432665217e-05,0.935,3.2931891292534834,0.8398210507518667,1.0,0.0025,0.0
HandWritten-Mfeat__RCML,native_nonvacuity,P056,010011,2,0.0020746009770306463,0.0003120964942019998,0.956,3.7124110597371627,0.811603955890349,1.0,0.0025,0.0
HandWritten-Mfeat__RCML,native_nonvacuity,P057,010012,3,0.0018974975907210083,0.00014249459037769764,0.964,6.996289530782742,0.6317297123959955,1.0,0.0025,0.0
HandWritten-Mfeat__RCML,native_nonvacuity,P058,010020,3,0.0031109371086223236,2.563507714828176e-05,0.957,10.076574569163055,0.4847449879874424,1.0,0.0025,0.0
HandWritten-Mfeat__RCML,native_nonvacuity,P059,010021,3,0.000671371157995766,0.0002590878876604556,0.963,9.340788690946761,0.48309130367813186,1.0,0.0025,0.0
HandWritten-Mfeat__RCML,native_nonvacuity,P060,010022,3,0.016191578134220914,0.0005024109126258652,0.885,7.871238967652221,0.6086853381007769,1.0,0.0025,0.0
HandWritten-Mfeat__RCML,native_nonvacuity,P061,010023,4,0.0016731272141781717,8.774823473149944e-05,0.967,13.779674970692314,0.3820997997841161,1.0,0.0025,0.0
HandWritten-Mfeat__RCML,native_nonvacuity,P062,010100,2,0.023709480830542733,0.0008781030098751757,0.8555,2.972920107533427,0.8883386588123519,1.0,0.0025,0.0
HandWritten-Mfeat__RCML,native_nonvacuity,P063,010101,2,8.243765576485425e-05,1.3334975616694648e-05,0.9805,5.4155987190700925,0.6395893401624733,1.0,0.0025,0.0
HandWritten-Mfeat__RCML,native_nonvacuity,P064,010102,3,0.0,0.0,0.971,8.352690447523273,0.5260835188496401,1.0,0.0025,0.0
HandWritten-Mfeat__RCML,native_nonvacuity,P065,010110,2,0.0035327168524091333,0.0003961472393779546,0.945,2.6732784122564364,0.8973143857421965,1.0,0.0025,0.0
HandWritten-Mfeat__RCML,native_nonvacuity,P066,010111,2,0.0,0.0,0.9775,8.587194221115137,0.4544101229467717,1.0,0.0025,0.0
HandWritten-Mfeat__RCML,native_nonvacuity,P067,010112,3,0.0,0.0,0.9725,11.223791993887284,0.37836582172570365,1.0,0.0025,0.0
HandWritten-Mfeat__RCML,native_nonvacuity,P068,010120,3,0.0007591933219644068,3.1648699715223824e-05,0.955,8.484936927929336,0.5260161603418803,1.0,0.0025,0.0
HandWritten-Mfeat__RCML,native_nonvacuity,P069,010121,3,0.0,0.0,0.965,14.098358781107002,0.28988558180725565,1.0,0.0025,0.0
HandWritten-Mfeat__RCML,native_nonvacuity,P070,010122,3,0.0,0.0,0.975,11.12701450652009,0.3704801913098579,1.0,0.0025,0.0
HandWritten-Mfeat__RCML,native_nonvacuity,P071,010123,4,0.0,0.0,0.9775,17.035450509560185,0.23855802907730986,1.0,0.0025,0.0
HandWritten-Mfeat__RCML,native_nonvacuity,P072,010200,3,0.018824127540786145,0.0005122021437423954,0.848,8.436666742198312,0.6147601037490206,1.0,0.0025,0.0
HandWritten-Mfeat__RCML,native_nonvacuity,P073,010201,3,0.0012176695614707802,2.0369432109973902e-05,0.958,9.377550802442606,0.48641281933985464,1.0,0.0025,0.0
HandWritten-Mfeat__RCML,native_nonvacuity,P074,010202,3,0.0023913194262546213,3.6337044388667825e-05,0.9695,9.566255435040922,0.479287263632599,1.0,0.0025,0.0
HandWritten-Mfeat__RCML,native_nonvacuity,P075,010203,4,0.00047901457686640284,6.020454786756635e-06,0.9645,13.816437082188159,0.3870127690218454,1.0,0.0025,0.0
HandWritten-Mfeat__RCML,native_nonvacuity,P076,010210,3,0.008083809515684276,6.529280813828566e-05,0.91,7.165298122684651,0.6345958472985846,1.0,0.0025,0.0
HandWritten-Mfeat__RCML,native_nonvacuity,P077,010211,3,0.0,0.0,0.9605,12.431933233269918,0.3501333577779991,1.0,0.0025,0.0
HandWritten-Mfeat__RCML,native_nonvacuity,P078,010212,3,0.0,0.0,0.979,11.465630057168259,0.3524166650701909,1.0,0.0025,0.0
HandWritten-Mfeat__RCML,native_nonvacuity,P079,010213,4,0.0,0.0,0.975,15.715811704315499,0.2797727197208206,1.0,0.0025,0.0
HandWritten-Mfeat__RCML,native_nonvacuity,P080,010220,3,0.01775674031484955,0.0005195902772372233,0.8835,7.494551030074313,0.6218303858374941,1.0,0.0025,0.0
HandWritten-Mfeat__RCML,native_nonvacuity,P081,010221,3,0.0,0.0,0.9785,11.606178331959606,0.3477223811694206,1.0,0.0025,0.0
HandWritten-Mfeat__RCML,native_nonvacuity,P082,010222,3,0.0,0.0,0.9775,12.691377933848171,0.3387736501287619,1.0,0.0025,0.0
HandWritten-Mfeat__RCML,native_nonvacuity,P083,010223,4,0.0,0.0,0.98,16.04506461170516,0.2726663352224455,1.0,0.0025,0.0
HandWritten-Mfeat__RCML,native_nonvacuity,P084,010230,4,0.002660567146609217,8.59117292350088e-05,0.9605,13.948683562594223,0.38391870957108687,1.0,0.0025,0.0
HandWritten-Mfeat__RCML,native_nonvacuity,P085,010231,4,0.0,0.0,0.976,18.060310864479515,0.21995822215939564,1.0,0.0025,0.0
HandWritten-Mfeat__RCML,native_nonvacuity,P086,010232,4,0.0,0.0,0.9775,18.24901549707783,0.21187053647793083,1.0,0.0025,0.0
HandWritten-Mfeat__RCML,native_nonvacuity,P087,010233,4,0.0,0.0,0.975,16.59076114118498,0.26786630402763895,1.0,0.0025,0.0
HandWritten-Mfeat__RCML,native_nonvacuity,P088,010234,5,0.0,0.0,0.983,22.49919714422507,0.16860636320078512,1.0,0.0025,0.0
HandWritten-Mfeat__RCML,native_nonvacuity,P089,011000,2,0.004082768002604846,4.860987969144637e-05,0.956,3.8523666996906982,0.7948414065149955,1.0,0.0025,0.0
HandWritten-Mfeat__RCML,native_nonvacuity,P090,011001,2,0.001364631872436059,0.00016358661241982448,0.9655,3.325292126083685,0.8303779026506904,1.0,0.0025,0.0
HandWritten-Mfeat__RCML,native_nonvacuity,P091,011002,3,0.0026370563949883238,0.00014831888195628563,0.957,7.1355741200009,0.6190238991814584,1.0,0.0025,0.0
HandWritten-Mfeat__RCML,native_nonvacuity,P092,011010,2,0.0022450354553971165,0.00014174180281790503,0.9625,3.2022169473994446,0.8393667067292815,1.0,0.0025,0.0
HandWritten-Mfeat__RCML,native_nonvacuity,P093,011011,2,0.0030368087987843835,0.0002303718709493619,0.959,3.7263653059301767,0.8086468552347083,1.0,0.0025,0.0
HandWritten-Mfeat__RCML,native_nonvacuity,P094,011012,3,0.0016557146574969657,0.00014681584008557623,0.961,6.95551783875598,0.6295856071295058,1.0,0.0025,0.0
HandWritten-Mfeat__RCML,native_nonvacuity,P095,011020,3,0.0007720438456756039,2.9762160443440208e-05,0.9625,9.322354599407154,0.4748782848613355,1.0,0.0025,0.0
HandWritten-Mfeat__RCML,native_nonvacuity,P096,011021,3,0.0006453494481058677,3.9619977312314486e-05,0.96,9.265373496846472,0.4813764392742021,1.0,0.0025,0.0
HandWritten-Mfeat__RCML,native_nonvacuity,P097,011022,3,0.0022218283706218573,0.00010773816680214159,0.964,7.167219487723594,0.5981237911413491,1.0,0.0025,0.0
HandWritten-Mfeat__RCML,native_nonvacuity,P098,011023,4,0.0003657629385479383,0.00020515974783347823,0.973,13.075655490763687,0.37065200106249185,1.0,0.0025,0.0
HandWritten-Mfeat__RCML,native_nonvacuity,P099,011100,2,0.005392642084571207,0.000472486750112804,0.9395,2.8336039427659365,0.8857795253914194,1.0,0.0025,0.0
HandWritten-Mfeat__RCML,native_nonvacuity,P100,011101,2,0.00025160692819527756,7.20042477418739e-06,0.9735,5.492271122765459,0.6338626285792454,1.0,0.0025,0.0
HandWritten-Mfeat__RCML,native_nonvacuity,P101,011102,3,4.81224999557104e-05,8.815263703437241e-06,0.975,8.328985145400589,0.5173365576404625,1.0,0.0025,0.0
HandWritten-Mfeat__RCML,native_nonvacuity,P102,011110,2,0.004728920027681915,0.0006109599499850074,0.936,2.6604925598657347,0.8955561573923255,1.0,0.0025,0.0
HandWritten-Mfeat__RCML,native_nonvacuity,P103,011111,2,0.0014770653845818371,5.99668207604498e-05,0.967,10.09387716944655,0.3925326350555484,1.0,0.0025,0.0
HandWritten-Mfeat__RCML,native_nonvacuity,P104,011112,3,0.0007955460091001232,3.141348571174245e-05,0.976,12.714834053387579,0.3251569691442462,1.0,0.0025,0.0
HandWritten-Mfeat__RCML,native_nonvacuity,P105,011120,3,0.0007592675214822623,2.5448097975051504e-05,0.955,8.35657135984488,0.5222109092335724,1.0,0.0025,0.0
HandWritten-Mfeat__RCML,native_nonvacuity,P106,011121,3,0.00056618994029363,3.1510327726363633e-05,0.9625,15.574198830731591,0.25173340238016023,1.0,0.0025,0.0
HandWritten-Mfeat__RCML,native_nonvacuity,P107,011122,3,0.0008867612602951935,5.995091602394554e-05,0.973,12.50247685032663,0.31607097622706176,1.0,0.0025,0.0
HandWritten-Mfeat__RCML,native_nonvacuity,P108,011123,4,0.0003789053824554311,2.363275361172663e-05,0.9755,18.41091285336672,0.2035951372279816,1.0,0.0025,0.0
HandWritten-Mfeat__RCML,native_nonvacuity,P109,011200,3,0.006290254619678859,0.0002376415045805017,0.9135,7.688978636178686,0.6069656546648935,1.0,0.0025,0.0
HandWritten-Mfeat__RCML,native_nonvacuity,P110,011201,3,0.001348126967573036,4.038175149930528e-05,0.96,9.374077844896124,0.4808284112191345,1.0,0.0025,0.0
HandWritten-Mfeat__RCML,native_nonvacuity,P111,011202,3,2.703021811667366e-05,4.794496444031116e-06,0.984,8.934178191666103,0.4632472726111132,1.0,0.0025,0.0
HandWritten-Mfeat__RCML,native_nonvacuity,P112,011203,4,0.000409557091464115,2.2075869484644732e-05,0.9715,13.18435983881334,0.3714527657293844,1.0,0.0025,0.0
HandWritten-Mfeat__RCML,native_nonvacuity,P113,011210,3,0.008133013554630572,7.92272085134807e-05,0.909,7.09180840124992,0.6331949397283548,1.0,0.0025,0.0
HandWritten-Mfeat__RCML,native_nonvacuity,P114,011211,3,0.0016215093022479172,6.158072717015488e-05,0.9655,13.91699736194596,0.29720146053765634,1.0,0.0025,0.0
HandWritten-Mfeat__RCML,native_nonvacuity,P115,011212,3,0.0007710771404791272,3.888323062137635e-05,0.971,12.895968247624525,0.30176488369703103,1.0,0.0025,0.0
HandWritten-Mfeat__RCML,native_nonvacuity,P116,011213,4,0.0008957386957314514,3.9628351156606025e-05,0.9755,17.146149894771764,0.23481990096491062,1.0,0.0025,0.0
HandWritten-Mfeat__RCML,native_nonvacuity,P117,011220,3,0.003631671610823641,0.0002481676103793962,0.9585,6.757813520737719,0.6126994245761217,1.0,0.0025,0.0
HandWritten-Mfeat__RCML,native_nonvacuity,P118,011221,3,0.0006489475919061733,2.389054829294659e-05,0.9725,13.001873020342348,0.2968260097684927,1.0,0.0025,0.0
HandWritten-Mfeat__RCML,native_nonvacuity,P119,011222,3,0.0007314120481512477,4.574152465538445e-05,0.975,13.458468336402573,0.2806585701452912,1.0,0.0025,0.0
HandWritten-Mfeat__RCML,native_nonvacuity,P120,011223,4,0.00040254121880903835,2.7952453225337153e-05,0.982,16.81215501425956,0.22081976471162412,1.0,0.0025,0.0
HandWritten-Mfeat__RCML,native_nonvacuity,P121,011230,4,0.001363222164433069,0.00013450654110586005,0.9615,13.211946053257629,0.37457256506632186,1.0,0.0025,0.0
HandWritten-Mfeat__RCML,native_nonvacuity,P122,011231,4,0.0006318603474384354,1.612260292969727e-05,0.967,19.456005552862255,0.18569745635771817,1.0,0.0025,0.0
HandWritten-Mfeat__RCML,native_nonvacuity,P123,011232,4,0.0003148779907911154,2.156745882462868e-05,0.9715,19.016105899632233,0.17543773067413798,1.0,0.0025,0.0
HandWritten-Mfeat__RCML,native_nonvacuity,P124,011233,4,0.0009374767922699478,1.739593504348587e-05,0.9705,17.35785154373938,0.21506124566603035,1.0,0.0025,0.0
HandWritten-Mfeat__RCML,native_nonvacuity,P125,011234,5,0.0004143335322418949,1.2931415364878772e-05,0.9785,23.266287546779473,0.1330370795893774,1.0,0.0025,0.0
HandWritten-Mfeat__RCML,native_nonvacuity,P126,012000,3,0.0005335293797552271,1.263157301460282e-05,0.975,13.587063907203778,0.3057480327681165,1.0,0.0025,0.0
HandWritten-Mfeat__RCML,native_nonvacuity,P127,012001,3,3.4067480349911164e-05,1.4674017692766559e-05,0.976,12.431385047768424,0.3138848211347754,1.0,0.0025,0.0
HandWritten-Mfeat__RCML,native_nonvacuity,P128,012002,3,0.016368625881582714,0.0004425426481442782,0.8855,7.4691859587288185,0.6166423404972317,1.0,0.0025,0.0
HandWritten-Mfeat__RCML,native_nonvacuity,P129,012003,4,0.0,0.0,0.985,16.870271327513976,0.2455258973571363,1.0,0.0025,0.0
HandWritten-Mfeat__RCML,native_nonvacuity,P130,012010,3,7.828273652763605e-05,2.0483138174094013e-05,0.9715,12.273666367010659,0.31754304384134463,1.0,0.0025,0.0
HandWritten-Mfeat__RCML,native_nonvacuity,P131,012011,3,0.0,0.0,0.9745,12.743088787321614,0.3065485141017633,1.0,0.0025,0.0
HandWritten-Mfeat__RCML,native_nonvacuity,P132,012012,3,0.0015909848033503061,1.839312059105717e-05,0.9635,6.6258818895820335,0.6190672409091308,1.0,0.0025,0.0
HandWritten-Mfeat__RCML,native_nonvacuity,P133,012013,4,0.0,0.0,0.9825,16.026967258367193,0.2432124547298767,1.0,0.0025,0.0
HandWritten-Mfeat__RCML,native_nonvacuity,P134,012020,3,0.002575218840166473,2.3015140778634046e-05,0.9695,9.522501205767087,0.4754979353379753,1.0,0.0025,0.0
HandWritten-Mfeat__RCML,native_nonvacuity,P135,012021,3,0.0,0.0,0.98,8.836915817378067,0.47094930827872716,1.0,0.0025,0.0
HandWritten-Mfeat__RCML,native_nonvacuity,P136,012022,3,0.01621473244706422,0.00045174767160040936,0.8855,7.8336136111164,0.6040663020696405,1.0,0.0025,0.0
HandWritten-Mfeat__RCML,native_nonvacuity,P137,012023,4,0.0,0.0,0.9805,13.275802097123622,0.37274654594870155,1.0,0.0025,0.0
HandWritten-Mfeat__RCML,native_nonvacuity,P138,012030,4,0.0003788376457248662,5.3656294530835834e-06,0.9775,19.05705180692023,0.18820155631808066,1.0,0.0025,0.0
HandWritten-Mfeat__RCML,native_nonvacuity,P139,012031,4,9.430874686492961e-05,1.1671920977640394e-05,0.9755,18.371466418531213,0.1896830922201562,1.0,0.0025,0.0
HandWritten-Mfeat__RCML,native_nonvacuity,P140,012032,4,0.001710601092676339,8.730933093859829e-05,0.968,13.409267329491605,0.3686267553375551,1.0,0.0025,0.0
HandWritten-Mfeat__RCML,native_nonvacuity,P141,012033,4,0.0003651534649669459,8.159616812475673e-06,0.98,16.90191669523667,0.23038004211319743,1.0,0.0025,0.0
HandWritten-Mfeat__RCML,native_nonvacuity,P142,012034,5,0.00031188842915259526,0.00028474460488682826,0.981,22.810352698276766,0.14063900222057482,1.0,0.0025,0.0
HandWritten-Mfeat__RCML,native_nonvacuity,P143,012100,3,0.00010507962598264987,1.6315234584625907e-05,0.975,11.959929209026878,0.3331911246116857,1.0,0.0025,0.0
HandWritten-Mfeat__RCML,native_nonvacuity,P144,012101,3,0.0,0.0,0.9755,14.51821868320835,0.24867381971237063,1.0,0.0025,0.0
HandWritten-Mfeat__RCML,native_nonvacuity,P145,012102,3,3.757883174735297e-05,1.4446563953095005e-05,0.9815,8.054225042876372,0.5086414760570281,1.0,0.0025,0.0
HandWritten-Mfeat__RCML,native_nonvacuity,P146,012103,4,0.0,0.0,0.9795,17.455310411661532,0.20418541092157913,1.0,0.0025,0.0
HandWritten-Mfeat__RCML,native_nonvacuity,P147,012110,3,0.0001267045609117763,1.7432548273612195e-05,0.973,11.671238110432922,0.3350538183095647,1.0,0.0025,0.0
HandWritten-Mfeat__RCML,native_nonvacuity,P148,012111,3,0.0001722659999549712,2.3715710483224746e-05,0.979,19.08898183118262,0.1535634221776166,1.0,0.0025,0.0
HandWritten-Mfeat__RCML,native_nonvacuity,P149,012112,3,0.000802274741960976,3.182423636591954e-05,0.975,12.324494235169603,0.31430517547160297,1.0,0.0025,0.0
HandWritten-Mfeat__RCML,native_nonvacuity,P150,012113,4,8.005310443168541e-05,1.8404945792378038e-05,0.9825,21.725579603954763,0.12198679614649814,1.0,0.0025,0.0
HandWritten-Mfeat__RCML,native_nonvacuity,P151,012120,3,5.249304236275323e-05,2.194047394540595e-05,0.9725,7.948346024952676,0.5148364793433093,1.0,0.0025,0.0
HandWritten-Mfeat__RCML,native_nonvacuity,P152,012121,3,0.0004468991506446027,1.98015999130048e-05,0.97,15.065595790021337,0.23953872864734715,1.0,0.0025,0.0
HandWritten-Mfeat__RCML,native_nonvacuity,P153,012122,3,0.0009193574593859405,6.93345846016536e-05,0.975,12.560499032467298,0.31495851663723,1.0,0.0025,0.0
HandWritten-Mfeat__RCML,native_nonvacuity,P154,012123,4,0.00032060571756518626,1.2940310928289637e-05,0.9825,18.002687518474517,0.19375643204006035,1.0,0.0025,0.0
HandWritten-Mfeat__RCML,native_nonvacuity,P155,012130,4,0.0,0.0,0.9725,17.482896626105823,0.2074669032952674,1.0,0.0025,0.0
HandWritten-Mfeat__RCML,native_nonvacuity,P156,012131,4,3.4082483794622795e-05,1.8259012852019205e-05,0.974,24.60014639117448,0.09960976320444007,1.0,0.0025,0.0
HandWritten-Mfeat__RCML,native_nonvacuity,P157,012132,4,0.00040647887987847324,2.5914827151371986e-05,0.97,18.136152750842506,0.19464069315763693,1.0,0.0025,0.0
HandWritten-Mfeat__RCML,native_nonvacuity,P158,012133,4,0.00012307591928512656,1.3673502098697815e-05,0.98,21.628802116587572,0.11481691783817513,1.0,0.0025,0.0
HandWritten-Mfeat__RCML,native_nonvacuity,P159,012134,5,5.224482510524711e-06,9.443026084858829e-06,0.9815,27.537238119627663,0.06777539952648556,1.0,0.0025,0.0
HandWritten-Mfeat__RCML,native_nonvacuity,P160,012200,3,0.016093534183239434,0.0004853158371972427,0.8835,7.87214668817633,0.6018893799772383,1.0,0.0025,0.0
HandWritten-Mfeat__RCML,native_nonvacuity,P161,012201,3,7.829429266388919e-06,7.147258369320557e-06,0.985,8.92864161106543,0.4655775272762181,1.0,0.0025,0.0
HandWritten-Mfeat__RCML,native_nonvacuity,P162,012202,3,0.002309691818106716,4.192438153968502e-05,0.9675,9.591393035981007,0.4721174582764407,1.0,0.0025,0.0
HandWritten-Mfeat__RCML,native_nonvacuity,P163,012203,4,2.1802561854579964e-05,1.3821294119638297e-05,0.973,13.367527890810983,0.3692364069425622,1.0,0.0025,0.0
HandWritten-Mfeat__RCML,native_nonvacuity,P164,012210,3,0.0019324121952508564,5.4211059075619206e-05,0.9725,6.6117286653457,0.6197098268848763,1.0,0.0025,0.0
HandWritten-Mfeat__RCML,native_nonvacuity,P165,012211,3,0.0007802286563333444,5.894778423881173e-05,0.975,13.382191687821964,0.2861747851281697,1.0,0.0025,0.0
HandWritten-Mfeat__RCML,native_nonvacuity,P166,012212,3,0.0007556084076126449,4.3234887494621914e-05,0.9705,12.889935304037568,0.30155857189414836,1.0,0.0025,0.0
HandWritten-Mfeat__RCML,native_nonvacuity,P167,012213,4,0.0005377297116524896,2.7871317691210827e-05,0.9825,16.666070158867544,0.22580056641954468,1.0,0.0025,0.0
HandWritten-Mfeat__RCML,native_nonvacuity,P168,012220,3,0.016808715433113564,0.000504468400900731,0.886,7.401712892125369,0.6206979663552624,1.0,0.0025,0.0
HandWritten-Mfeat__RCML,native_nonvacuity,P169,012221,3,0.0006790706704167861,3.279871553298201e-05,0.9775,13.017168105901657,0.29638744384294374,1.0,0.0025,0.0
HandWritten-Mfeat__RCML,native_nonvacuity,P170,012222,3,0.0007247237230172245,3.461562994603696e-05,0.97,14.182477781905275,0.28966336158147626,1.0,0.0025,0.0
HandWritten-Mfeat__RCML,native_nonvacuity,P171,012223,4,0.00040058196795125973,2.995734894910797e-05,0.975,17.45605438564721,0.23062367389016827,1.0,0.0025,0.0
HandWritten-Mfeat__RCML,native_nonvacuity,P172,012230,4,0.0017970518546696064,0.00011174313294895273,0.9655,13.395114105255274,0.36910769466581794,1.0,0.0025,0.0
HandWritten-Mfeat__RCML,native_nonvacuity,P173,012231,4,0.0004243622990413302,3.105444726445984e-05,0.973,19.01056931903156,0.17712666401442947,1.0,0.0025,0.0
HandWritten-Mfeat__RCML,native_nonvacuity,P174,012232,4,0.0002767195547522098,2.3302594921551534e-05,0.9735,19.67332074394714,0.1782306324525166,1.0,0.0025,0.0
HandWritten-Mfeat__RCML,native_nonvacuity,P175,012233,4,0.0005523354477756464,4.3134134182461336e-05,0.97,17.541019595737023,0.2139162279905463,1.0,0.0025,0.0
HandWritten-Mfeat__RCML,native_nonvacuity,P176,012234,5,0.00020177789363436203,2.712382196612057e-05,0.9785,23.449455598777117,0.12986346547734273,1.0,0.0025,0.0
HandWritten-Mfeat__RCML,native_nonvacuity,P177,012300,4,0.0002711332643563362,0.00015164527953999407,0.985,17.423675843691765,0.23886314589513366,1.0,0.0025,0.0
HandWritten-Mfeat__RCML,native_nonvacuity,P178,012301,4,0.0,0.0,0.9775,18.480170766580866,0.1855537651483812,1.0,0.0025,0.0
HandWritten-Mfeat__RCML,native_nonvacuity,P179,012302,4,0.0006261262719284711,2.30664987095338e-05,0.9675,13.517971677541256,0.3698821465429049,1.0,0.0025,0.0
HandWritten-Mfeat__RCML,native_nonvacuity,P180,012303,4,8.29613402835839e-05,4.653952324438474e-05,0.978,18.668875399179182,0.1789604674457773,1.0,0.0025,0.0
HandWritten-Mfeat__RCML,native_nonvacuity,P181,012304,5,0.0,0.0,0.9875,22.91905704632642,0.14065854644332274,1.0,0.0025,0.0
HandWritten-Mfeat__RCML,native_nonvacuity,P182,012310,4,0.0,0.0,0.979,16.163257820861137,0.24391214322460847,1.0,0.0025,0.0
HandWritten-Mfeat__RCML,native_nonvacuity,P183,012311,4,0.0002653264534722057,1.686985194665338e-05,0.9805,22.933720843337397,0.10440540161013155,1.0,0.0025,0.0
HandWritten-Mfeat__RCML,native_nonvacuity,P184,012312,4,0.0009211952818337386,3.0444837228763106e-05,0.9735,16.816513945597812,0.2247832502065832,1.0,0.0025,0.0
HandWritten-Mfeat__RCML,native_nonvacuity,P185,012313,4,5.522447274472596e-05,2.008979524475073e-05,0.98,21.96741766723574,0.11090127283688392,1.0,0.0025,0.0
HandWritten-Mfeat__RCML,native_nonvacuity,P186,012314,5,0.00010685496128480659,1.0237585223049282e-05,0.982,26.217599314382976,0.07167080860566863,1.0,0.0025,0.0
HandWritten-Mfeat__RCML,native_nonvacuity,P187,012320,4,0.0007400018299263441,8.766476722101538e-05,0.9745,13.412092659617564,0.3742288502897895,1.0,0.0025,0.0
HandWritten-Mfeat__RCML,native_nonvacuity,P188,012321,4,0.0005583782505757783,2.1532500082014142e-05,0.9805,19.02754787339385,0.1741894304246257,1.0,0.0025,0.0
HandWritten-Mfeat__RCML,native_nonvacuity,P189,012322,4,0.0009284044035532315,5.059178710678085e-05,0.97,18.02424566713218,0.22183397279379072,1.0,0.0025,0.0
HandWritten-Mfeat__RCML,native_nonvacuity,P190,012323,4,0.0002653436194789864,2.0464187868445856e-05,0.9775,19.21625250599217,0.17098447693400565,1.0,0.0025,0.0
HandWritten-Mfeat__RCML,native_nonvacuity,P191,012324,5,0.0003168010346687882,2.1975870730832013e-05,0.9855,23.466434153139407,0.13062632453789735,1.0,0.0025,0.0
HandWritten-Mfeat__RCML,native_nonvacuity,P192,012330,4,0.00029951046625684803,1.0897540943047962e-05,0.9795,16.492510728250796,0.23513507202637607,1.0,0.0025,0.0
HandWritten-Mfeat__RCML,native_nonvacuity,P193,012331,4,5.166358117916574e-05,1.3389581392684884e-05,0.9825,22.107965942027086,0.10700660442441125,1.0,0.0025,0.0
HandWritten-Mfeat__RCML,native_nonvacuity,P194,012332,4,0.0003946230618641186,2.3503306827067925e-05,0.9725,17.145766852987478,0.21846970216016984,1.0,0.0025,0.0
HandWritten-Mfeat__RCML,native_nonvacuity,P195,012333,4,4.355622081625073e-06,9.739467058812801e-06,0.9775,23.19316554391565,0.09656649738798313,1.0,0.0025,0.0
HandWritten-Mfeat__RCML,native_nonvacuity,P196,012334,5,0.0,0.0,0.9825,26.546852221772642,0.06590068063035612,1.0,0.0025,0.0
HandWritten-Mfeat__RCML,native_nonvacuity,P197,012340,5,0.0002767138328548096,2.232587921551359e-05,0.9825,22.946643260770706,0.13971976788023627,1.0,0.0025,0.0
HandWritten-Mfeat__RCML,native_nonvacuity,P198,012341,5,0.0001357363344227049,1.1813256013319587e-05,0.9835,28.562098474546996,0.05646556954015485,1.0,0.0025,0.0
HandWritten-Mfeat__RCML,native_nonvacuity,P199,012342,5,0.00043622899978728306,1.6730597348508983e-05,0.979,23.599899385507385,0.12787086832650665,1.0,0.0025,0.0
HandWritten-Mfeat__RCML,native_nonvacuity,P200,012343,5,0.0,0.0,0.9775,28.750803107145313,0.04833622931828662,1.0,0.0025,0.0
HandWritten-Mfeat__RCML,native_nonvacuity,P201,012344,5,9.07679856208756e-05,2.0394422181365156e-05,0.9805,27.092548751252455,0.05768092071803093,1.0,0.0025,0.0
HandWritten-Mfeat__RCML,native_nonvacuity,P202,012345,6,0.0,0.0,0.985,33.000984754292546,0.0,1.0,0.0025,0.0
HandWritten-Mfeat__RCML,posterior_confidence,P000,000000,1,0.015980933630161592,0.004825955541517533,0.9145,0.5316213656570354,1.1370417256279266,1.0,0.0025,0.0
HandWritten-Mfeat__RCML,posterior_confidence,P001,000001,2,0.01098228444804422,0.0005712891814798196,0.8615,3.1474243488586744,0.8982554852304021,1.0,0.0025,0.0
HandWritten-Mfeat__RCML,posterior_confidence,P002,000010,2,0.0007013472000089368,4.091545463618912e-05,0.95,5.995008943342874,0.6473427221641845,1.0,0.0025,0.0
HandWritten-Mfeat__RCML,posterior_confidence,P003,000011,2,0.004559417388941236,0.0002362040665052974,0.9155,2.899638985540115,0.890602339926965,1.0,0.0025,0.0
HandWritten-Mfeat__RCML,posterior_confidence,P004,000012,3,0.00015862519201788363,2.086102101380985e-05,0.956,8.808074988580207,0.5319638180375933,1.0,0.0025,0.0
HandWritten-Mfeat__RCML,posterior_confidence,P005,000100,2,0.0310568546308554,0.00042627399567108433,0.8115,4.347978736813425,0.815650751055814,1.0,0.0025,0.0
HandWritten-Mfeat__RCML,posterior_confidence,P006,000101,2,0.0016678510013653559,7.945357708289e-05,0.966,3.3122531695553787,0.8399162469968382,1.0,0.0025,0.0
HandWritten-Mfeat__RCML,posterior_confidence,P007,000102,3,0.006235057509739262,7.817790451645134e-05,0.9045,7.562434816702616,0.6408693845554114,1.0,0.0025,0.0
HandWritten-Mfeat__RCML,posterior_confidence,P008,000110,2,0.004499673541054401,0.00011438014635992995,0.9505,3.3871877867436786,0.8361481890030652,1.0,0.0025,0.0
HandWritten-Mfeat__RCML,posterior_confidence,P009,000111,2,0.002056484782037868,9.526298358460571e-05,0.9635,3.7611063334868833,0.8055194671192101,1.0,0.0025,0.0
HandWritten-Mfeat__RCML,posterior_confidence,P010,000112,3,0.002558978780496509,4.964550243247816e-05,0.9465,7.114793011343872,0.6275837758633395,1.0,0.0025,0.0
HandWritten-Mfeat__RCML,posterior_confidence,P011,000120,3,0.000978480641623341,1.979959946753186e-05,0.951,9.841320319263588,0.49693235394187707,1.0,0.0025,0.0
HandWritten-Mfeat__RCML,posterior_confidence,P012,000121,3,9.45438647378579e-05,1.570662622195738e-05,0.955,9.318743896716544,0.48361353192796774,1.0,0.0025,0.0
HandWritten-Mfeat__RCML,posterior_confidence,P013,000122,3,0.005528821144773292,8.506743984145855e-05,0.904,7.660489540823689,0.6166060062375923,1.0,0.0025,0.0
HandWritten-Mfeat__RCML,posterior_confidence,P014,000123,4,0.0003071685269286586,1.2201397307206773e-05,0.9635,13.56892554386378,0.38833363921871955,1.0,0.0025,0.0
HandWritten-Mfeat__RCML,posterior_confidence,P015,001000,2,8.688604288996371e-07,1.9428309819792115e-06,0.9685,9.50654219957118,0.4118642801291366,1.0,0.0025,0.0
HandWritten-Mfeat__RCML,posterior_confidence,P016,001001,2,0.002224772151185373,0.00023859064904482315,0.944,2.7240193636700876,0.8892388292899268,1.0,0.0025,0.0
HandWritten-Mfeat__RCML,posterior_confidence,P017,001002,3,0.0,0.0,0.974,12.125104732455249,0.3436369386457128,1.0,0.0025,0.0
HandWritten-Mfeat__RCML,posterior_confidence,P018,001010,2,9.567150124188193e-06,4.767786088160834e-06,0.966,5.437521631076044,0.6370104322384564,1.0,0.0025,0.0
HandWritten-Mfeat__RCML,posterior_confidence,P019,001011,2,0.002720678081330979,0.00023790817185207283,0.9405,2.818425867610853,0.8873568034124867,1.0,0.0025,0.0
HandWritten-Mfeat__RCML,posterior_confidence,P020,001012,3,0.0,0.0,0.969,8.260614353618076,0.5211448076040907,1.0,0.0025,0.0
HandWritten-Mfeat__RCML,posterior_confidence,P021,001020,3,0.0,0.0,0.97,14.97207223222919,0.2622819099929776,1.0,0.0025,0.0
HandWritten-Mfeat__RCML,posterior_confidence,P022,001021,3,0.00018177615686233232,1.358096110124928e-05,0.955,8.39407958598606,0.519609177423456,1.0,0.0025,0.0
HandWritten-Mfeat__RCML,posterior_confidence,P023,001022,3,0.0,0.0,0.973,11.886728951731126,0.33491712694064957,1.0,0.0025,0.0
HandWritten-Mfeat__RCML,posterior_confidence,P024,001023,4,0.0,0.0,0.9775,17.795164954771224,0.21578252727857478,1.0,0.0025,0.0
HandWritten-Mfeat__RCML,posterior_confidence,P025,001100,2,0.0023544854990885477,0.00014024325886946275,0.961,3.7754356362634423,0.8034348419599294,1.0,0.0025,0.0
HandWritten-Mfeat__RCML,posterior_confidence,P026,001101,2,0.0020490246348546385,7.669265466002853e-05,0.9655,3.2302418545056697,0.8360111087520234,1.0,0.0025,0.0
HandWritten-Mfeat__RCML,posterior_confidence,P027,001102,3,0.0012569664855260438,5.4828685060291613e-05,0.962,7.006376709335645,0.6251603171721735,1.0,0.0025,0.0
HandWritten-Mfeat__RCML,posterior_confidence,P028,001110,2,0.001067665584399431,0.00010872166490204304,0.9655,3.2803630392217276,0.8344308621863722,1.0,0.0025,0.0
HandWritten-Mfeat__RCML,posterior_confidence,P029,001111,2,0.0028743321574466268,7.177833002045555e-05,0.9625,3.81912504305388,0.798414579942852,1.0,0.0025,0.0
HandWritten-Mfeat__RCML,posterior_confidence,P030,001112,3,0.0014672700007507477,5.762575048369853e-05,0.959,7.092701646795815,0.6214927827349741,1.0,0.0025,0.0
HandWritten-Mfeat__RCML,posterior_confidence,P031,001120,3,0.00012289370807919115,8.972897701164126e-08,0.96,9.273764252351633,0.48059706011194614,1.0,0.0025,0.0
HandWritten-Mfeat__RCML,posterior_confidence,P032,001121,3,6.640879222916864e-05,9.95164599630602e-06,0.955,9.309968005095744,0.47684698355085775,1.0,0.0025,0.0
HandWritten-Mfeat__RCML,posterior_confidence,P033,001122,3,0.0013849415639666644,9.877422122529854e-05,0.966,7.177666856885626,0.5976346647925649,1.0,0.0025,0.0
HandWritten-Mfeat__RCML,posterior_confidence,P034,001123,4,0.0,0.0,0.9705,13.086102859925717,0.36964102058811377,1.0,0.0025,0.0
HandWritten-Mfeat__RCML,posterior_confidence,P035,001200,3,0.0,0.0,0.97,13.326964791778877,0.31671341973903727,1.0,0.0025,0.0
HandWritten-Mfeat__RCML,posterior_confidence,P036,001201,3,0.005546526397144651,6.08891016942648e-05,0.9175,7.156820496065919,0.628271072040761,1.0,0.0025,0.0
HandWritten-Mfeat__RCML,posterior_confidence,P037,001202,3,0.0,0.0,0.974,12.307724217703843,0.31660490061272856,1.0,0.0025,0.0
HandWritten-Mfeat__RCML,posterior_confidence,P038,001203,4,0.0,0.0,0.9805,16.557905864851076,0.25169222195168445,1.0,0.0025,0.0
HandWritten-Mfeat__RCML,posterior_confidence,P039,001210,3,0.00011036939701505881,7.899974755310407e-06,0.9535,9.290742806713922,0.48542050232464024,1.0,0.0025,0.0
HandWritten-Mfeat__RCML,posterior_confidence,P040,001211,3,0.004995081357059217,3.976685403538856e-05,0.918,7.660892928280786,0.6089778323993972,1.0,0.0025,0.0
HandWritten-Mfeat__RCML,posterior_confidence,P041,001212,3,2.6065812866989113e-06,2.3794722811597237e-06,0.9735,8.852899767140771,0.4681031159291871,1.0,0.0025,0.0
HandWritten-Mfeat__RCML,posterior_confidence,P042,001213,4,0.0,0.0,0.9755,13.103081414288006,0.37416240591084415,1.0,0.0025,0.0
HandWritten-Mfeat__RCML,posterior_confidence,P043,001220,3,0.0,0.0,0.9705,12.371160875347158,0.3163670487322571,1.0,0.0025,0.0
HandWritten-Mfeat__RCML,posterior_confidence,P044,001221,3,0.0021032091504548994,3.7112101237330476e-05,0.9575,6.782414114136083,0.6113594632605589,1.0,0.0025,0.0
HandWritten-Mfeat__RCML,posterior_confidence,P045,001222,3,0.0,0.0,0.9775,12.829812805064252,0.29839146585806986,1.0,0.0025,0.0
HandWritten-Mfeat__RCML,posterior_confidence,P046,001223,4,0.0,0.0,0.9845,16.183499482921246,0.23748064201182467,1.0,0.0025,0.0
HandWritten-Mfeat__RCML,posterior_confidence,P047,001230,4,0.0,0.0,0.9725,18.825293407867065,0.19870030281097245,1.0,0.0025,0.0
HandWritten-Mfeat__RCML,posterior_confidence,P048,001231,4,0.0002937997857694159,1.5681927862705253e-05,0.96,13.236546646655992,0.3731126278955558,1.0,0.0025,0.0
HandWritten-Mfeat__RCML,posterior_confidence,P049,001232,4,0.0,0.0,0.9775,18.38745036829392,0.18627600045457815,1.0,0.0025,0.0
HandWritten-Mfeat__RCML,posterior_confidence,P050,001233,4,0.0,0.0,0.9825,16.729196012401058,0.23293204878808102,1.0,0.0025,0.0
HandWritten-Mfeat__RCML,posterior_confidence,P051,001234,5,0.0,0.0,0.9815,22.637632015441152,0.14438466291452817,1.0,0.0025,0.0
HandWritten-Mfeat__RCML,posterior_confidence,P052,010000,2,0.03651486713286689,0.0005983054804293542,0.801,4.609604318246426,0.7997936949313623,1.0,0.0025,0.0
HandWritten-Mfeat__RCML,posterior_confidence,P053,010001,2,0.0019293875869180685,0.0002924347504027833,0.9615,3.4329845274942983,0.8317586049508102,1.0,0.0025,0.0
HandWritten-Mfeat__RCML,posterior_confidence,P054,010002,3,0.010154467436571609,0.0002269558130437057,0.8845,7.871870807239853,0.6302786846126753,1.0,0.0025,0.0
HandWritten-Mfeat__RCML,posterior_confidence,P055,010010,2,0.004771952588277953,0.00011859117472176003,0.935,3.2931891292534834,0.8398210507518667,1.0,0.0025,0.0
HandWritten-Mfeat__RCML,posterior_confidence,P056,010011,2,0.0016103572479156225,0.00022391147908352286,0.956,3.7124110597371627,0.811603955890349,1.0,0.0025,0.0
HandWritten-Mfeat__RCML,posterior_confidence,P057,010012,3,0.0014762142150294298,8.02326120461322e-05,0.964,6.996289530782742,0.6317297123959955,1.0,0.0025,0.0
HandWritten-Mfeat__RCML,posterior_confidence,P058,010020,3,0.00046030561194524767,2.3816661673089926e-05,0.957,10.076574569163055,0.4847449879874424,1.0,0.0025,0.0
HandWritten-Mfeat__RCML,posterior_confidence,P059,010021,3,0.00010170102404608154,4.795665041647763e-06,0.963,9.340788690946761,0.48309130367813186,1.0,0.0025,0.0
HandWritten-Mfeat__RCML,posterior_confidence,P060,010022,3,0.009837854316917912,0.0001378348375624881,0.885,7.871238967652221,0.6086853381007769,1.0,0.0025,0.0
HandWritten-Mfeat__RCML,posterior_confidence,P061,010023,4,6.214702632780251e-05,1.597220474734298e-05,0.967,13.779674970692314,0.3820997997841161,1.0,0.0025,0.0
HandWritten-Mfeat__RCML,posterior_confidence,P062,010100,2,0.018369602345789222,0.0006029827522345716,0.8555,2.972920107533427,0.8883386588123519,1.0,0.0025,0.0
HandWritten-Mfeat__RCML,posterior_confidence,P063,010101,2,3.580340183142951e-05,7.84037625668821e-06,0.9805,5.4155987190700925,0.6395893401624733,1.0,0.0025,0.0
HandWritten-Mfeat__RCML,posterior_confidence,P064,010102,3,0.0,0.0,0.971,8.352690447523273,0.5260835188496401,1.0,0.0025,0.0
HandWritten-Mfeat__RCML,posterior_confidence,P065,010110,2,0.003040734925852449,0.00022912491157780018,0.945,2.6732784122564364,0.8973143857421965,1.0,0.0025,0.0
HandWritten-Mfeat__RCML,posterior_confidence,P066,010111,2,0.0,0.0,0.9775,8.587194221115137,0.4544101229467717,1.0,0.0025,0.0
HandWritten-Mfeat__RCML,posterior_confidence,P067,010112,3,0.0,0.0,0.9725,11.223791993887284,0.37836582172570365,1.0,0.0025,0.0
HandWritten-Mfeat__RCML,posterior_confidence,P068,010120,3,0.0002174929796956276,1.6269968110280923e-05,0.955,8.484936927929336,0.5260161603418803,1.0,0.0025,0.0
HandWritten-Mfeat__RCML,posterior_confidence,P069,010121,3,0.0,0.0,0.965,14.098358781107002,0.28988558180725565,1.0,0.0025,0.0
HandWritten-Mfeat__RCML,posterior_confidence,P070,010122,3,0.0,0.0,0.975,11.12701450652009,0.3704801913098579,1.0,0.0025,0.0
HandWritten-Mfeat__RCML,posterior_confidence,P071,010123,4,0.0,0.0,0.9775,17.035450509560185,0.23855802907730986,1.0,0.0025,0.0
HandWritten-Mfeat__RCML,posterior_confidence,P072,010200,3,0.01393365316995705,0.00011929887964430852,0.848,8.436666742198312,0.6147601037490206,1.0,0.0025,0.0
HandWritten-Mfeat__RCML,posterior_confidence,P073,010201,3,0.00010425767324996542,1.3699767982465479e-05,0.958,9.377550802442606,0.48641281933985464,1.0,0.0025,0.0
HandWritten-Mfeat__RCML,posterior_confidence,P074,010202,3,0.00021577947003820542,2.5852206927442523e-05,0.9695,9.566255435040922,0.479287263632599,1.0,0.0025,0.0
HandWritten-Mfeat__RCML,posterior_confidence,P075,010203,4,0.00010148243169031482,1.4178236621800521e-05,0.9645,13.816437082188159,0.3870127690218454,1.0,0.0025,0.0
HandWritten-Mfeat__RCML,posterior_confidence,P076,010210,3,0.0060000169243130865,8.775928935795635e-05,0.91,7.165298122684651,0.6345958472985846,1.0,0.0025,0.0
HandWritten-Mfeat__RCML,posterior_confidence,P077,010211,3,0.0,0.0,0.9605,12.431933233269918,0.3501333577779991,1.0,0.0025,0.0
HandWritten-Mfeat__RCML,posterior_confidence,P078,010212,3,0.0,0.0,0.979,11.465630057168259,0.3524166650701909,1.0,0.0025,0.0
HandWritten-Mfeat__RCML,posterior_confidence,P079,010213,4,0.0,0.0,0.975,15.715811704315499,0.2797727197208206,1.0,0.0025,0.0
HandWritten-Mfeat__RCML,posterior_confidence,P080,010220,3,0.01081539472781236,0.00013273084541440576,0.8835,7.494551030074313,0.6218303858374941,1.0,0.0025,0.0
HandWritten-Mfeat__RCML,posterior_confidence,P081,010221,3,0.0,0.0,0.9785,11.606178331959606,0.3477223811694206,1.0,0.0025,0.0
HandWritten-Mfeat__RCML,posterior_confidence,P082,010222,3,0.0,0.0,0.9775,12.691377933848171,0.3387736501287619,1.0,0.0025,0.0
HandWritten-Mfeat__RCML,posterior_confidence,P083,010223,4,0.0,0.0,0.98,16.04506461170516,0.2726663352224455,1.0,0.0025,0.0
HandWritten-Mfeat__RCML,posterior_confidence,P084,010230,4,0.0005088593140806262,8.048846924896889e-06,0.9605,13.948683562594223,0.38391870957108687,1.0,0.0025,0.0
HandWritten-Mfeat__RCML,posterior_confidence,P085,010231,4,0.0,0.0,0.976,18.060310864479515,0.21995822215939564,1.0,0.0025,0.0
HandWritten-Mfeat__RCML,posterior_confidence,P086,010232,4,0.0,0.0,0.9775,18.24901549707783,0.21187053647793083,1.0,0.0025,0.0
HandWritten-Mfeat__RCML,posterior_confidence,P087,010233,4,0.0,0.0,0.975,16.59076114118498,0.26786630402763895,1.0,0.0025,0.0
HandWritten-Mfeat__RCML,posterior_confidence,P088,010234,5,0.0,0.0,0.983,22.49919714422507,0.16860636320078512,1.0,0.0025,0.0
HandWritten-Mfeat__RCML,posterior_confidence,P089,011000,2,0.003365890926261656,0.00011455850885778434,0.956,3.8523666996906982,0.7948414065149955,1.0,0.0025,0.0
HandWritten-Mfeat__RCML,posterior_confidence,P090,011001,2,0.0009806022055592058,9.41570400582601e-05,0.9655,3.325292126083685,0.8303779026506904,1.0,0.0025,0.0
HandWritten-Mfeat__RCML,posterior_confidence,P091,011002,3,0.0015723585332524843,4.644236523981549e-05,0.957,7.1355741200009,0.6190238991814584,1.0,0.0025,0.0
HandWritten-Mfeat__RCML,posterior_confidence,P092,011010,2,0.0017951927169636988,8.084096488544858e-05,0.9625,3.2022169473994446,0.8393667067292815,1.0,0.0025,0.0
HandWritten-Mfeat__RCML,posterior_confidence,P093,011011,2,0.0022864562431387523,0.00010653751880721872,0.959,3.7263653059301767,0.8086468552347083,1.0,0.0025,0.0
HandWritten-Mfeat__RCML,posterior_confidence,P094,011012,3,0.0012304297004054172,7.147067930042436e-05,0.961,6.95551783875598,0.6295856071295058,1.0,0.0025,0.0
HandWritten-Mfeat__RCML,posterior_confidence,P095,011020,3,4.187715609431346e-05,6.594340008474537e-06,0.9625,9.322354599407154,0.4748782848613355,1.0,0.0025,0.0
HandWritten-Mfeat__RCML,posterior_confidence,P096,011021,3,0.00014580564371031277,4.876453868146749e-06,0.96,9.265373496846472,0.4813764392742021,1.0,0.0025,0.0
HandWritten-Mfeat__RCML,posterior_confidence,P097,011022,3,0.0015731584008191197,6.803472161963906e-05,0.964,7.167219487723594,0.5981237911413491,1.0,0.0025,0.0
HandWritten-Mfeat__RCML,posterior_confidence,P098,011023,4,0.0,0.0,0.973,13.075655490763687,0.37065200106249185,1.0,0.0025,0.0
HandWritten-Mfeat__RCML,posterior_confidence,P099,011100,2,0.003589649745603274,0.0002590524043129614,0.9395,2.8336039427659365,0.8857795253914194,1.0,0.0025,0.0
HandWritten-Mfeat__RCML,posterior_confidence,P100,011101,2,8.408508469692202e-05,2.3043409931523703e-05,0.9735,5.492271122765459,0.6338626285792454,1.0,0.0025,0.0
HandWritten-Mfeat__RCML,posterior_confidence,P101,011102,3,0.0,0.0,0.975,8.328985145400589,0.5173365576404625,1.0,0.0025,0.0
HandWritten-Mfeat__RCML,posterior_confidence,P102,011110,2,0.0033099055157104406,0.00024384170880939682,0.936,2.6604925598657347,0.8955561573923255,1.0,0.0025,0.0
HandWritten-Mfeat__RCML,posterior_confidence,P103,011111,2,0.0,0.0,0.967,10.09387716944655,0.3925326350555484,1.0,0.0025,0.0
HandWritten-Mfeat__RCML,posterior_confidence,P104,011112,3,0.0,0.0,0.976,12.714834053387579,0.3251569691442462,1.0,0.0025,0.0
HandWritten-Mfeat__RCML,posterior_confidence,P105,011120,3,0.0002121613824980127,1.089877958671099e-05,0.955,8.35657135984488,0.5222109092335724,1.0,0.0025,0.0
HandWritten-Mfeat__RCML,posterior_confidence,P106,011121,3,0.0,0.0,0.9625,15.574198830731591,0.25173340238016023,1.0,0.0025,0.0
HandWritten-Mfeat__RCML,posterior_confidence,P107,011122,3,0.0,0.0,0.973,12.50247685032663,0.31607097622706176,1.0,0.0025,0.0
HandWritten-Mfeat__RCML,posterior_confidence,P108,011123,4,0.0,0.0,0.9755,18.41091285336672,0.2035951372279816,1.0,0.0025,0.0
HandWritten-Mfeat__RCML,posterior_confidence,P109,011200,3,0.005478928598918376,9.114732690962998e-05,0.9135,7.688978636178686,0.6069656546648935,1.0,0.0025,0.0
HandWritten-Mfeat__RCML,posterior_confidence,P110,011201,3,6.635469618639907e-05,7.823987795117984e-06,0.96,9.374077844896124,0.4808284112191345,1.0,0.0025,0.0
HandWritten-Mfeat__RCML,posterior_confidence,P111,011202,3,4.347530613262247e-06,5.327252670745577e-06,0.984,8.934178191666103,0.4632472726111132,1.0,0.0025,0.0
HandWritten-Mfeat__RCML,posterior_confidence,P112,011203,4,0.0,0.0,0.9715,13.18435983881334,0.3714527657293844,1.0,0.0025,0.0
HandWritten-Mfeat__RCML,posterior_confidence,P113,011210,3,0.006337540215203106,0.00010003365214155274,0.909,7.09180840124992,0.6331949397283548,1.0,0.0025,0.0
HandWritten-Mfeat__RCML,posterior_confidence,P114,011211,3,0.0,0.0,0.9655,13.91699736194596,0.29720146053765634,1.0,0.0025,0.0
HandWritten-Mfeat__RCML,posterior_confidence,P115,011212,3,0.0,0.0,0.971,12.895968247624525,0.30176488369703103,1.0,0.0025,0.0
HandWritten-Mfeat__RCML,posterior_confidence,P116,011213,4,0.0,0.0,0.9755,17.146149894771764,0.23481990096491062,1.0,0.0025,0.0
HandWritten-Mfeat__RCML,posterior_confidence,P117,011220,3,0.0025541269715529365,0.00012253151519720976,0.9585,6.757813520737719,0.6126994245761217,1.0,0.0025,0.0
HandWritten-Mfeat__RCML,posterior_confidence,P118,011221,3,0.0,0.0,0.9725,13.001873020342348,0.2968260097684927,1.0,0.0025,0.0
HandWritten-Mfeat__RCML,posterior_confidence,P119,011222,3,0.0,0.0,0.975,13.458468336402573,0.2806585701452912,1.0,0.0025,0.0
HandWritten-Mfeat__RCML,posterior_confidence,P120,011223,4,0.0,0.0,0.982,16.81215501425956,0.22081976471162412,1.0,0.0025,0.0
HandWritten-Mfeat__RCML,posterior_confidence,P121,011230,4,0.00033334148859154474,2.205524005065796e-05,0.9615,13.211946053257629,0.37457256506632186,1.0,0.0025,0.0
HandWritten-Mfeat__RCML,posterior_confidence,P122,011231,4,0.0,0.0,0.967,19.456005552862255,0.18569745635771817,1.0,0.0025,0.0
HandWritten-Mfeat__RCML,posterior_confidence,P123,011232,4,0.0,0.0,0.9715,19.016105899632233,0.17543773067413798,1.0,0.0025,0.0
HandWritten-Mfeat__RCML,posterior_confidence,P124,011233,4,0.0,0.0,0.9705,17.35785154373938,0.21506124566603035,1.0,0.0025,0.0
HandWritten-Mfeat__RCML,posterior_confidence,P125,011234,5,0.0,0.0,0.9785,23.266287546779473,0.1330370795893774,1.0,0.0025,0.0
HandWritten-Mfeat__RCML,posterior_confidence,P126,012000,3,0.0,0.0,0.975,13.587063907203778,0.3057480327681165,1.0,0.0025,0.0
HandWritten-Mfeat__RCML,posterior_confidence,P127,012001,3,0.0,0.0,0.976,12.431385047768424,0.3138848211347754,1.0,0.0025,0.0
HandWritten-Mfeat__RCML,posterior_confidence,P128,012002,3,0.009660683100616244,0.00014554092259954382,0.8855,7.4691859587288185,0.6166423404972317,1.0,0.0025,0.0
HandWritten-Mfeat__RCML,posterior_confidence,P129,012003,4,0.0,0.0,0.985,16.870271327513976,0.2455258973571363,1.0,0.0025,0.0
HandWritten-Mfeat__RCML,posterior_confidence,P130,012010,3,0.0,0.0,0.9715,12.273666367010659,0.31754304384134463,1.0,0.0025,0.0
HandWritten-Mfeat__RCML,posterior_confidence,P131,012011,3,0.0,0.0,0.9745,12.743088787321614,0.3065485141017633,1.0,0.0025,0.0
HandWritten-Mfeat__RCML,posterior_confidence,P132,012012,3,0.0013123099875871408,3.6637961009051974e-05,0.9635,6.6258818895820335,0.6190672409091308,1.0,0.0025,0.0
HandWritten-Mfeat__RCML,posterior_confidence,P133,012013,4,0.0,0.0,0.9825,16.026967258367193,0.2432124547298767,1.0,0.0025,0.0
HandWritten-Mfeat__RCML,posterior_confidence,P134,012020,3,0.0002686740695927163,1.957278772245889e-05,0.9695,9.522501205767087,0.4754979353379753,1.0,0.0025,0.0
HandWritten-Mfeat__RCML,posterior_confidence,P135,012021,3,0.0,0.0,0.98,8.836915817378067,0.47094930827872716,1.0,0.0025,0.0
HandWritten-Mfeat__RCML,posterior_confidence,P136,012022,3,0.00947462819270287,0.00017669636852051633,0.8855,7.8336136111164,0.6040663020696405,1.0,0.0025,0.0
HandWritten-Mfeat__RCML,posterior_confidence,P137,012023,4,6.0852514710615215e-06,3.892881039578098e-06,0.9805,13.275802097123622,0.37274654594870155,1.0,0.0025,0.0
HandWritten-Mfeat__RCML,posterior_confidence,P138,012030,4,0.0,0.0,0.9775,19.05705180692023,0.18820155631808066,1.0,0.0025,0.0
HandWritten-Mfeat__RCML,posterior_confidence,P139,012031,4,0.0,0.0,0.9755,18.371466418531213,0.1896830922201562,1.0,0.0025,0.0
HandWritten-Mfeat__RCML,posterior_confidence,P140,012032,4,6.667693061056903e-05,1.1043895239284757e-05,0.968,13.409267329491605,0.3686267553375551,1.0,0.0025,0.0
HandWritten-Mfeat__RCML,posterior_confidence,P141,012033,4,0.0,0.0,0.98,16.90191669523667,0.23038004211319743,1.0,0.0025,0.0
HandWritten-Mfeat__RCML,posterior_confidence,P142,012034,5,0.0,0.0,0.981,22.810352698276766,0.14063900222057482,1.0,0.0025,0.0
HandWritten-Mfeat__RCML,posterior_confidence,P143,012100,3,0.0,0.0,0.975,11.959929209026878,0.3331911246116857,1.0,0.0025,0.0
HandWritten-Mfeat__RCML,posterior_confidence,P144,012101,3,0.0,0.0,0.9755,14.51821868320835,0.24867381971237063,1.0,0.0025,0.0
HandWritten-Mfeat__RCML,posterior_confidence,P145,012102,3,0.0,0.0,0.9815,8.054225042876372,0.5086414760570281,1.0,0.0025,0.0
HandWritten-Mfeat__RCML,posterior_confidence,P146,012103,4,0.0,0.0,0.9795,17.455310411661532,0.20418541092157913,1.0,0.0025,0.0
HandWritten-Mfeat__RCML,posterior_confidence,P147,012110,3,0.0,0.0,0.973,11.671238110432922,0.3350538183095647,1.0,0.0025,0.0
HandWritten-Mfeat__RCML,posterior_confidence,P148,012111,3,0.0,0.0,0.979,19.08898183118262,0.1535634221776166,1.0,0.0025,0.0
HandWritten-Mfeat__RCML,posterior_confidence,P149,012112,3,0.0,0.0,0.975,12.324494235169603,0.31430517547160297,1.0,0.0025,0.0
HandWritten-Mfeat__RCML,posterior_confidence,P150,012113,4,0.0,0.0,0.9825,21.725579603954763,0.12198679614649814,1.0,0.0025,0.0
HandWritten-Mfeat__RCML,posterior_confidence,P151,012120,3,0.0,0.0,0.9725,7.948346024952676,0.5148364793433093,1.0,0.0025,0.0
HandWritten-Mfeat__RCML,posterior_confidence,P152,012121,3,0.0,0.0,0.97,15.065595790021337,0.23953872864734715,1.0,0.0025,0.0
HandWritten-Mfeat__RCML,posterior_confidence,P153,012122,3,0.0,0.0,0.975,12.560499032467298,0.31495851663723,1.0,0.0025,0.0
HandWritten-Mfeat__RCML,posterior_confidence,P154,012123,4,0.0,0.0,0.9825,18.002687518474517,0.19375643204006035,1.0,0.0025,0.0
HandWritten-Mfeat__RCML,posterior_confidence,P155,012130,4,0.0,0.0,0.9725,17.482896626105823,0.2074669032952674,1.0,0.0025,0.0
HandWritten-Mfeat__RCML,posterior_confidence,P156,012131,4,0.0,0.0,0.974,24.60014639117448,0.09960976320444007,1.0,0.0025,0.0
HandWritten-Mfeat__RCML,posterior_confidence,P157,012132,4,0.0,0.0,0.97,18.136152750842506,0.19464069315763693,1.0,0.0025,0.0
HandWritten-Mfeat__RCML,posterior_confidence,P158,012133,4,0.0,0.0,0.98,21.628802116587572,0.11481691783817513,1.0,0.0025,0.0
HandWritten-Mfeat__RCML,posterior_confidence,P159,012134,5,0.0,0.0,0.9815,27.537238119627663,0.06777539952648556,1.0,0.0025,0.0
HandWritten-Mfeat__RCML,posterior_confidence,P160,012200,3,0.010069340763053583,0.00015026830512470472,0.8835,7.87214668817633,0.6018893799772383,1.0,0.0025,0.0
HandWritten-Mfeat__RCML,posterior_confidence,P161,012201,3,0.0,0.0,0.985,8.92864161106543,0.4655775272762181,1.0,0.0025,0.0
HandWritten-Mfeat__RCML,posterior_confidence,P162,012202,3,0.00015654495195010945,2.0220498633844165e-05,0.9675,9.591393035981007,0.4721174582764407,1.0,0.0025,0.0
HandWritten-Mfeat__RCML,posterior_confidence,P163,012203,4,7.826200797624856e-06,4.767786088160834e-06,0.973,13.367527890810983,0.3692364069425622,1.0,0.0025,0.0
HandWritten-Mfeat__RCML,posterior_confidence,P164,012210,3,0.0014026846378491734,9.106382581142614e-05,0.9725,6.6117286653457,0.6197098268848763,1.0,0.0025,0.0
HandWritten-Mfeat__RCML,posterior_confidence,P165,012211,3,0.0,0.0,0.975,13.382191687821964,0.2861747851281697,1.0,0.0025,0.0
HandWritten-Mfeat__RCML,posterior_confidence,P166,012212,3,0.0,0.0,0.9705,12.889935304037568,0.30155857189414836,1.0,0.0025,0.0
HandWritten-Mfeat__RCML,posterior_confidence,P167,012213,4,0.0,0.0,0.9825,16.666070158867544,0.22580056641954468,1.0,0.0025,0.0
HandWritten-Mfeat__RCML,posterior_confidence,P168,012220,3,0.010296419796697088,0.00016385783470152274,0.886,7.401712892125369,0.6206979663552624,1.0,0.0025,0.0
HandWritten-Mfeat__RCML,posterior_confidence,P169,012221,3,0.0,0.0,0.9775,13.017168105901657,0.29638744384294374,1.0,0.0025,0.0
HandWritten-Mfeat__RCML,posterior_confidence,P170,012222,3,0.0,0.0,0.97,14.182477781905275,0.28966336158147626,1.0,0.0025,0.0
HandWritten-Mfeat__RCML,posterior_confidence,P171,012223,4,0.0,0.0,0.975,17.45605438564721,0.23062367389016827,1.0,0.0025,0.0
HandWritten-Mfeat__RCML,posterior_confidence,P172,012230,4,8.171073305974561e-05,6.65649291702117e-06,0.9655,13.395114105255274,0.36910769466581794,1.0,0.0025,0.0
HandWritten-Mfeat__RCML,posterior_confidence,P173,012231,4,0.0,0.0,0.973,19.01056931903156,0.17712666401442947,1.0,0.0025,0.0
HandWritten-Mfeat__RCML,posterior_confidence,P174,012232,4,0.0,0.0,0.9735,19.67332074394714,0.1782306324525166,1.0,0.0025,0.0
HandWritten-Mfeat__RCML,posterior_confidence,P175,012233,4,0.0,0.0,0.97,17.541019595737023,0.2139162279905463,1.0,0.0025,0.0
HandWritten-Mfeat__RCML,posterior_confidence,P176,012234,5,0.0,0.0,0.9785,23.449455598777117,0.12986346547734273,1.0,0.0025,0.0
HandWritten-Mfeat__RCML,posterior_confidence,P177,012300,4,0.0,0.0,0.985,17.423675843691765,0.23886314589513366,1.0,0.0025,0.0
HandWritten-Mfeat__RCML,posterior_confidence,P178,012301,4,0.0,0.0,0.9775,18.480170766580866,0.1855537651483812,1.0,0.0025,0.0
HandWritten-Mfeat__RCML,posterior_confidence,P179,012302,4,6.579295164545152e-05,0.0,0.9675,13.517971677541256,0.3698821465429049,1.0,0.0025,0.0
HandWritten-Mfeat__RCML,posterior_confidence,P180,012303,4,0.0,0.0,0.978,18.668875399179182,0.1789604674457773,1.0,0.0025,0.0
HandWritten-Mfeat__RCML,posterior_confidence,P181,012304,5,0.0,0.0,0.9875,22.91905704632642,0.14065854644332274,1.0,0.0025,0.0
HandWritten-Mfeat__RCML,posterior_confidence,P182,012310,4,0.0,0.0,0.979,16.163257820861137,0.24391214322460847,1.0,0.0025,0.0
HandWritten-Mfeat__RCML,posterior_confidence,P183,012311,4,0.0,0.0,0.9805,22.933720843337397,0.10440540161013155,1.0,0.0025,0.0
HandWritten-Mfeat__RCML,posterior_confidence,P184,012312,4,0.0,0.0,0.9735,16.816513945597812,0.2247832502065832,1.0,0.0025,0.0
HandWritten-Mfeat__RCML,posterior_confidence,P185,012313,4,0.0,0.0,0.98,21.96741766723574,0.11090127283688392,1.0,0.0025,0.0
HandWritten-Mfeat__RCML,posterior_confidence,P186,012314,5,0.0,0.0,0.982,26.217599314382976,0.07167080860566863,1.0,0.0025,0.0
HandWritten-Mfeat__RCML,posterior_confidence,P187,012320,4,9.967101369154984e-05,7.50082286142221e-06,0.9745,13.412092659617564,0.3742288502897895,1.0,0.0025,0.0
HandWritten-Mfeat__RCML,posterior_confidence,P188,012321,4,0.0,0.0,0.9805,19.02754787339385,0.1741894304246257,1.0,0.0025,0.0
HandWritten-Mfeat__RCML,posterior_confidence,P189,012322,4,0.0,0.0,0.97,18.02424566713218,0.22183397279379072,1.0,0.0025,0.0
HandWritten-Mfeat__RCML,posterior_confidence,P190,012323,4,0.0,0.0,0.9775,19.21625250599217,0.17098447693400565,1.0,0.0025,0.0
HandWritten-Mfeat__RCML,posterior_confidence,P191,012324,5,0.0,0.0,0.9855,23.466434153139407,0.13062632453789735,1.0,0.0025,0.0
HandWritten-Mfeat__RCML,posterior_confidence,P192,012330,4,0.0,0.0,0.9795,16.492510728250796,0.23513507202637607,1.0,0.0025,0.0
HandWritten-Mfeat__RCML,posterior_confidence,P193,012331,4,0.0,0.0,0.9825,22.107965942027086,0.10700660442441125,1.0,0.0025,0.0
HandWritten-Mfeat__RCML,posterior_confidence,P194,012332,4,0.0,0.0,0.9725,17.145766852987478,0.21846970216016984,1.0,0.0025,0.0
HandWritten-Mfeat__RCML,posterior_confidence,P195,012333,4,0.0,0.0,0.9775,23.19316554391565,0.09656649738798313,1.0,0.0025,0.0
HandWritten-Mfeat__RCML,posterior_confidence,P196,012334,5,0.0,0.0,0.9825,26.546852221772642,0.06590068063035612,1.0,0.0025,0.0
HandWritten-Mfeat__RCML,posterior_confidence,P197,012340,5,0.0,0.0,0.9825,22.946643260770706,0.13971976788023627,1.0,0.0025,0.0
HandWritten-Mfeat__RCML,posterior_confidence,P198,012341,5,0.0,0.0,0.9835,28.562098474546996,0.05646556954015485,1.0,0.0025,0.0
HandWritten-Mfeat__RCML,posterior_confidence,P199,012342,5,0.0,0.0,0.979,23.599899385507385,0.12787086832650665,1.0,0.0025,0.0
HandWritten-Mfeat__RCML,posterior_confidence,P200,012343,5,0.0,0.0,0.9775,28.750803107145313,0.04833622931828662,1.0,0.0025,0.0
HandWritten-Mfeat__RCML,posterior_confidence,P201,012344,5,0.0,0.0,0.9805,27.092548751252455,0.05768092071803093,1.0,0.0025,0.0
HandWritten-Mfeat__RCML,posterior_confidence,P202,012345,6,0.0,0.0,0.985,33.000984754292546,0.0,1.0,0.0025,0.0
