setting_id,language_pmax,dirichlet_kappa,quality_multiplier,conflict_multiplier,occlusion_strength,records,dirichlet_projection_fallbacks,nested_naurc,pooling_naurc,pact_naurc,pact_minus_nested_naurc,pact_minus_pooling_naurc,nested_coverage,pooling_coverage,pact_coverage,nested_wrong_all,pooling_wrong_all,pact_wrong_all,nested_wrong_admitted,pooling_wrong_admitted,pact_wrong_admitted,nested_correct_all,pooling_correct_all,pact_correct_all,nested_clean_coverage,pooling_clean_coverage,pact_clean_coverage
0,0.75,100.0,0.8052598461508751,0.8506084527820349,1.0,31200,0,0.11930552077482169,0.2077867994462593,0.06728359581441676,-0.05202192496040493,-0.14050320363184254,0.13125,0.13128205128205128,0.13121794871794873,0.001153846153846154,0.01092948717948718,0.0,0.008791208791208791,0.083251953125,0.0,0.13009615384615383,0.1203525641025641,0.13121794871794873,0.8570833333333333,0.7545833333333334,0.85875
1,0.95,50.0,1.0186073239892721,1.022508801519871,1.0,31200,0,0.11806322686229753,0.2044023943678411,0.06796369722748118,-0.050099529634816356,-0.13643869714035994,0.13131410256410256,0.13147435897435897,0.13102564102564102,0.0,0.01016025641025641,0.0,0.0,0.0772793759141882,0.0,0.13131410256410256,0.12131410256410256,0.13102564102564102,0.8554166666666667,0.7716666666666666,0.8575
2,0.85,200.0,0.918957631289959,0.9797142084687949,0.5,31200,0,0.11440552413177708,0.19879753718598364,0.06618976260486696,-0.04821576152691012,-0.13260777458111667,0.13121794871794873,0.13083333333333333,0.13115384615384615,6.41025641025641e-05,0.010608974358974359,0.0,0.0004885197850512946,0.08108770210681039,0.0,0.13115384615384615,0.12022435897435897,0.13115384615384615,0.89625,0.7495833333333334,0.88375
3,0.65,50.0,1.1071738954633474,1.1453126892447472,1.5,31200,0,0.19829127157153845,0.2695950776484393,0.06736368693326257,-0.13092758463827586,-0.20223139071517676,0.13105769230769232,0.13105769230769232,0.13115384615384615,0.01330128205128205,0.019967948717948717,0.0,0.10149180728784545,0.15235999021765712,0.0,0.11775641025641026,0.11108974358974359,0.13115384615384615,0.7770833333333333,0.6754166666666667,0.8045833333333333
4,0.65,200.0,1.0981001939624548,1.1755806051194668,1.5,31200,0,0.1575366134016462,0.23846576290624308,0.06679843596633585,-0.09073817743531036,-0.17166732693990722,0.1314423076923077,0.13141025641025642,0.13112179487179487,0.008237179487179487,0.015,0.0,0.06266764203852719,0.11414634146341464,0.0,0.1232051282051282,0.11641025641025642,0.13112179487179487,0.7766666666666666,0.71375,0.7920833333333334
5,0.9,100.0,0.8851434245705605,0.9474321264773607,0.5,31200,0,0.11554157125437596,0.20301471242697305,0.0665445342522069,-0.048997037002169064,-0.13647017817476614,0.1308653846153846,0.13105769230769232,0.13115384615384615,6.41025641025641e-05,0.01064102564102564,0.0,0.0004898359049718344,0.08119344583027635,0.0,0.13080128205128205,0.12041666666666667,0.13115384615384615,0.89625,0.7616666666666667,0.88125
6,0.95,200.0,1.177682426199317,1.055035024136305,0.5,31200,0,0.11638964849286454,0.19882897353718443,0.06633110355772545,-0.05005854493513909,-0.13249786997945898,0.1308974358974359,0.1310897435897436,0.1310897435897436,3.205128205128205e-05,0.010224358974358975,0.0,0.0002448579823702253,0.07799511002444988,0.0,0.1308653846153846,0.12086538461538461,0.1310897435897436,0.89375,0.7583333333333333,0.8895833333333333
7,0.75,50.0,0.9890756443142892,0.8206823337823153,1.5,31200,0,0.14279456642141927,0.24301723028987562,0.06773206504062172,-0.07506250138079755,-0.17528516524925392,0.13083333333333333,0.13099358974358974,0.13112179487179487,0.003653846153846154,0.014455128205128205,0.0,0.02792748652621264,0.11034988989478835,0.0,0.12717948717948718,0.11653846153846154,0.13112179487179487,0.81875,0.7058333333333333,0.8366666666666667
8,0.85,200.0,1.167620911076665,0.9044630713760853,1.0,31200,0,0.1189375197341552,0.20870663051574248,0.06677663169793986,-0.05216088803621534,-0.1419299988178026,0.1307371794871795,0.13118589743589743,0.13080128205128205,3.205128205128205e-05,0.010576923076923078,0.0,0.00024515812699190976,0.08062545809919375,0.0,0.1307051282051282,0.12060897435897436,0.13080128205128205,0.8495833333333334,0.7620833333333333,0.8566666666666667
9,0.9,100.0,0.9561666689813137,1.1701133016496899,1.0,31200,0,0.11206240311339964,0.19349062571752007,0.06661378147994555,-0.04544862163345409,-0.1268768442375745,0.13150641025641024,0.1308974358974359,0.1309294871794872,3.205128205128205e-05,0.010608974358974359,0.0,0.00024372410431391665,0.08104799216454456,0.0,0.13147435897435897,0.12028846153846154,0.1309294871794872,0.8395833333333333,0.7645833333333333,0.8441666666666666
10,0.9,100.0,1.0565964657813312,0.8277155555784703,1.5,31200,0,0.11118417856131299,0.1962175591156349,0.06619711821713382,-0.04498706034417917,-0.13002044089850107,0.1309294871794872,0.1309294871794872,0.13115384615384615,0.0,0.010576923076923078,0.0,0.0,0.08078335373317014,0.0,0.1309294871794872,0.1203525641025641,0.13115384615384615,0.8229166666666666,0.7666666666666667,0.8341666666666666
11,0.65,50.0,0.8696142576634884,1.0995639178901913,0.5,31200,0,0.17471939196073782,0.26849795656071085,0.06700181747063873,-0.1077175744900991,-0.20149613909007213,0.13134615384615383,0.13137820512820514,0.13118589743589743,0.009743589743589744,0.023333333333333334,0.0,0.0741825280624695,0.17760429373017808,0.0,0.1216025641025641,0.1080448717948718,0.13118589743589743,0.9008333333333334,0.6308333333333334,0.8758333333333334
12,0.75,100.0,0.9356596760451794,1.0295389842242004,0.5,31200,0,0.12724342415515194,0.22352346031714945,0.06635795055663808,-0.06088547359851386,-0.15716550976051136,0.13080128205128205,0.13105769230769232,0.13118589743589743,0.001185897435897436,0.013012820512820513,0.0,0.009066405292820387,0.09929078014184398,0.0,0.1296153846153846,0.11804487179487179,0.13118589743589743,0.8879166666666667,0.705,0.88125
13,0.85,50.0,1.147504459694028,0.8951403856277467,1.5,31200,0,0.12218815938938178,0.2201935745711265,0.06719553354428918,-0.054992625845092596,-0.15299804102683734,0.13134615384615383,0.13134615384615383,0.13099358974358974,0.0010897435897435897,0.011378205128205128,0.0,0.008296730112249878,0.08662762323084432,0.0,0.13025641025641024,0.11996794871794872,0.13099358974358974,0.8208333333333333,0.7566666666666667,0.8270833333333333
14,0.95,200.0,0.8401228539645672,1.1023466747254134,1.0,31200,0,0.10765818061220228,0.1820255747251573,0.06611377716639208,-0.0415444034458102,-0.11591179755876521,0.13137820512820514,0.13102564102564102,0.13115384615384615,0.0001282051282051282,0.010608974358974359,0.0,0.0009758477677482313,0.08096868884540118,0.0,0.13125,0.12041666666666667,0.13115384615384615,0.8470833333333333,0.7620833333333333,0.8516666666666667
15,0.75,100.0,1.0267143297940493,0.9742438644170761,0.5,31200,0,0.12402117258482603,0.22513255012101177,0.06675464105652977,-0.05726653152829626,-0.15837790906448201,0.13147435897435897,0.13121794871794873,0.13067307692307692,0.000673076923076923,0.013333333333333334,0.0,0.005119453924914676,0.10161211529066927,0.0,0.13080128205128205,0.11788461538461538,0.13067307692307692,0.9008333333333334,0.7108333333333333,0.88125
16,0.75,200.0,0.9638444371521473,1.069323129579425,1.5,31200,0,0.11563507133803504,0.21482451529783458,0.06622964039913623,-0.049405430938898806,-0.14859487489869835,0.13099358974358974,0.13125,0.1314423076923077,0.0008653846153846154,0.011057692307692308,0.0,0.0066063126988010765,0.08424908424908426,0.0,0.13012820512820514,0.1201923076923077,0.1314423076923077,0.7925,0.7575,0.8183333333333334
17,0.95,100.0,1.1506416205316783,0.8036712884902955,0.5,31200,0,0.11775943801791842,0.2010204186530413,0.06676413742394699,-0.050995300593971435,-0.1342562812290943,0.13134615384615383,0.13096153846153846,0.13131410256410256,0.0,0.010320512820512821,0.0,0.0,0.07880567792462066,0.0,0.13134615384615383,0.12064102564102563,0.13131410256410256,0.8916666666666667,0.7583333333333333,0.8904166666666666
18,0.85,100.0,0.8619355328381062,1.1987928073853256,1.0,31200,0,0.1149536842862178,0.2047508505961543,0.06774772013884849,-0.047205964147369314,-0.13700313045730583,0.13102564102564102,0.13125,0.1309294871794872,0.0003205128205128205,0.01064102564102564,0.0,0.002446183953033268,0.08107448107448108,0.0,0.1307051282051282,0.12060897435897436,0.1309294871794872,0.82875,0.76375,0.84375
19,0.75,50.0,1.0735770884901286,0.9269428580999375,1.0,31200,0,0.13623973814698376,0.22952707887746573,0.0680435251861543,-0.06819621296082946,-0.16148355369131145,0.13118589743589743,0.13096153846153846,0.13115384615384615,0.0027564102564102562,0.013044871794871795,0.0,0.021011483019789886,0.09960841899167891,0.0,0.12842948717948718,0.11791666666666667,0.13115384615384615,0.865,0.7391666666666666,0.8725
20,0.65,100.0,1.1332594964653255,0.9943448729813099,1.5,31200,0,0.18981687719601537,0.2621828531708903,0.06698088214496722,-0.12283599505104814,-0.19520197102592307,0.13115384615384615,0.13128205128205128,0.13121794871794873,0.012467948717948717,0.019743589743589744,0.0,0.09506353861192571,0.150390625,0.0,0.11868589743589744,0.11153846153846154,0.13121794871794873,0.7958333333333333,0.6770833333333334,0.8141666666666667
21,0.9,50.0,0.9468530215322972,1.1287418607622386,0.5,31200,0,0.11599734710517258,0.19977487513926018,0.06640307274245698,-0.0495942743627156,-0.13337180239680319,0.13067307692307692,0.13118589743589743,0.13128205128205128,0.0,0.01064102564102564,0.0,0.0,0.08111409723918886,0.0,0.13067307692307692,0.12054487179487179,0.13128205128205128,0.8933333333333333,0.7620833333333333,0.8770833333333333
22,0.9,200.0,1.0409606251865626,0.8734780944883824,0.5,31200,0,0.11469978233223338,0.19948444260909198,0.0662425664966919,-0.04845721583554148,-0.13324187611240007,0.13115384615384615,0.13105769230769232,0.13080128205128205,3.205128205128205e-05,0.010576923076923078,0.0,0.00024437927663734115,0.08070432868672046,0.0,0.13112179487179487,0.12048076923076922,0.13080128205128205,0.8945833333333333,0.7483333333333333,0.8870833333333333
23,0.85,50.0,0.8289285518229008,1.0015793178230525,1.5,31200,0,0.11519322510235103,0.20880574782469366,0.06757999278674165,-0.04761323231560938,-0.141225755037952,0.13080128205128205,0.13131410256410256,0.13137820512820514,0.000673076923076923,0.010737179487179487,0.0,0.005145797598627788,0.08176714669270198,0.0,0.13012820512820514,0.12057692307692308,0.13137820512820514,0.8070833333333334,0.7604166666666666,0.8316666666666667
24,0.85,200.0,1.0012116115540266,1.1232752881944181,0.5,31200,0,0.11533908425209795,0.2005429813605279,0.06683428501462851,-0.048504799237469434,-0.13370869634589938,0.13083333333333333,0.13067307692307692,0.13080128205128205,0.0,0.01064102564102564,0.0,0.0,0.08143242580328673,0.0,0.13083333333333333,0.12003205128205129,0.13080128205128205,0.8883333333333333,0.7591666666666667,0.8820833333333333
25,0.95,50.0,0.8132070749998093,0.9513735670596362,1.5,31200,0,0.11235677199693896,0.1997357520515716,0.06703620247497137,-0.045320569521967585,-0.13269954957660024,0.13102564102564102,0.1310897435897436,0.13105769230769232,0.0007051282051282052,0.010673076923076922,0.0,0.0053816046966731895,0.08141809290953546,0.0,0.13032051282051282,0.12041666666666667,0.13105769230769232,0.8195833333333333,0.7733333333333333,0.8383333333333334
26,0.9,200.0,1.1245682697743178,1.0461104445159437,1.0,31200,0,0.11496431976657293,0.20171094358695177,0.06665191373844134,-0.04831240602813158,-0.13505902984851043,0.13112179487179487,0.1308974358974359,0.13137820512820514,0.0,0.010512820512820513,0.0,0.0,0.08031341821743389,0.0,0.13112179487179487,0.12038461538461538,0.13137820512820514,0.8479166666666667,0.7583333333333333,0.8566666666666667
27,0.65,100.0,0.911011353135109,0.8805106151849031,1.0,31200,0,0.16685939475385372,0.23587774728777705,0.06670541852055169,-0.10015397623330204,-0.16917232876722538,0.13096153846153846,0.1310897435897436,0.13115384615384615,0.00875,0.014967948717948718,0.0,0.06681350954478708,0.11418092909535452,0.0,0.12221153846153845,0.11612179487179487,0.13115384615384615,0.8641666666666666,0.7179166666666666,0.8645833333333334
28,0.65,200.0,0.8958250761032105,0.8482054796069861,1.0,31200,0,0.14706481923247142,0.22349950045849162,0.06635199844485763,-0.08071282078761378,-0.15714750201363398,0.13083333333333333,0.13115384615384615,0.13118589743589743,0.0054487179487179484,0.012916666666666667,0.0,0.04164625183733464,0.09848484848484848,0.0,0.12538461538461537,0.11823717948717949,0.13118589743589743,0.8666666666666667,0.7179166666666666,0.865
29,0.9,50.0,1.084220154210925,1.0763525858521463,1.5,31200,0,0.11839433302509238,0.21675166847368538,0.06744977775308594,-0.050944555272006434,-0.14930189072059943,0.13134615384615383,0.13118589743589743,0.13137820512820514,0.00016025641025641026,0.010705128205128206,0.0,0.0012201073694485115,0.08160273637918397,0.0,0.13118589743589743,0.12048076923076922,0.13137820512820514,0.8025,0.7658333333333334,0.8183333333333334
30,0.95,100.0,0.9783949434757233,0.9214732225984336,1.5,31200,0,0.11182921564733736,0.19378129022479895,0.06756998961886172,-0.04425922602847564,-0.12621130060593722,0.13115384615384615,0.1314423076923077,0.1308974358974359,6.41025641025641e-05,0.01044871794871795,0.0,0.0004887585532746823,0.07949280663252865,0.0,0.1310897435897436,0.12099358974358974,0.1308974358974359,0.8204166666666667,0.7691666666666667,0.8333333333333334
31,0.75,50.0,1.1915611278265716,1.155824564397335,0.5,31200,0,0.1603906470471542,0.2538239304985031,0.06743266824490159,-0.09295797880225261,-0.18639126225360153,0.13121794871794873,0.1310897435897436,0.13105769230769232,0.0057051282051282055,0.019487179487179488,0.0,0.043478260869565216,0.14865525672371638,0.0,0.1255128205128205,0.1116025641025641,0.13105769230769232,0.8995833333333333,0.6666666666666666,0.8854166666666666
32,0.75,200.0,1.0536134764552116,1.0094098944216967,1.5,31200,0,0.1146060736688276,0.21331695728719333,0.06648057252258764,-0.04812550114623995,-0.1468363847646057,0.13147435897435897,0.1310897435897436,0.13141025641025642,0.0003846153846153846,0.010865384615384615,0.0,0.0029254022428083864,0.08288508557457212,0.0,0.1310897435897436,0.12022435897435897,0.13141025641025642,0.7991666666666667,0.75625,0.81875
33,0.95,50.0,0.8670246716588736,0.8625110708177091,0.5,31200,0,0.1141543778973782,0.19598208101822295,0.06639634605586783,-0.04775803184151037,-0.12958573496235512,0.13044871794871796,0.13099358974358974,0.13125,9.615384615384615e-05,0.010608974358974359,0.0,0.0007371007371007371,0.08098850012233913,0.0,0.1303525641025641,0.12038461538461538,0.13125,0.8891666666666667,0.74375,0.8745833333333334
34,0.9,100.0,1.1706041678786279,1.1334131229668856,0.5,31200,0,0.12056069897410862,0.20999092710223766,0.0670045953735972,-0.053556103600511426,-0.14298633172864045,0.13080128205128205,0.13131410256410256,0.13099358974358974,9.615384615384615e-05,0.010576923076923078,0.0,0.0007351139426611125,0.08054674151818404,0.0,0.1307051282051282,0.12073717948717949,0.13099358974358974,0.88125,0.7491666666666666,0.8795833333333334
35,0.65,50.0,0.9587559517472983,0.9928100638091565,1.5,31200,0,0.18609422860425964,0.2620485645661061,0.06688265464481113,-0.11921157395944851,-0.19516590992129496,0.1310897435897436,0.1314423076923077,0.13131410256410256,0.01201923076923077,0.01753205128205128,0.0,0.09168704156479218,0.13338210192635944,0.0,0.11907051282051281,0.11391025641025641,0.13131410256410256,0.80125,0.6916666666666667,0.8266666666666667
36,0.65,200.0,0.8496426012367011,0.9347238436341286,1.5,31200,0,0.1351112578498698,0.2325498796293727,0.06660891954499498,-0.06850233830487482,-0.16594096008437773,0.13080128205128205,0.13125,0.13099358974358974,0.004583333333333333,0.014487179487179487,0.0,0.03504043126684636,0.11037851037851037,0.0,0.12621794871794872,0.11676282051282051,0.13099358974358974,0.8075,0.7166666666666667,0.8325
37,0.9,50.0,1.0366221383213998,1.187873848900199,0.5,31200,0,0.12212947315519176,0.21184894118116698,0.067333697765027,-0.054795775390164767,-0.14451524341613997,0.13128205128205128,0.13112179487179487,0.13112179487179487,9.615384615384615e-05,0.010608974358974359,0.0,0.000732421875,0.08090931312637496,0.0,0.13118589743589743,0.12051282051282051,0.13112179487179487,0.88375,0.7429166666666667,0.8745833333333334
38,0.95,200.0,0.9261394705623389,0.8083921417593957,1.0,31200,0,0.11146351255393291,0.1909312510144489,0.06695199571254681,-0.0445115168413861,-0.1239792553019021,0.13115384615384615,0.13105769230769232,0.13076923076923078,0.0,0.010544871794871794,0.0,0.0,0.08045977011494253,0.0,0.13115384615384615,0.12051282051282051,0.13076923076923078,0.8654166666666666,0.7566666666666667,0.8679166666666667
39,0.85,100.0,1.1375971451401712,1.0677402552217246,1.0,31200,0,0.11791615277377912,0.20439770812215366,0.06703401348675005,-0.050882139287029074,-0.1373636946354036,0.1316025641025641,0.13112179487179487,0.13125,0.0004807692307692308,0.010576923076923078,0.0,0.003653190452995616,0.08066487411390857,0.0,0.13112179487179487,0.12054487179487179,0.13125,0.84375,0.7666666666666667,0.86
40,0.85,100.0,0.916081603243947,1.1574050188064575,0.5,31200,0,0.1158069753908638,0.2048860617348281,0.06686803492389529,-0.04893894046696852,-0.1380180268109328,0.13076923076923078,0.1308974358974359,0.13125,3.205128205128205e-05,0.010737179487179487,0.0,0.00024509803921568627,0.08202742409402547,0.0,0.1307371794871795,0.1201602564102564,0.13125,0.8841666666666667,0.7475,0.8741666666666666
41,0.9,50.0,1.1046849511563779,0.9167563151568174,1.0,31200,0,0.12383541039546357,0.21120287550343086,0.0676021872034224,-0.056233223192041173,-0.14360068830000847,0.1314423076923077,0.13115384615384615,0.13112179487179487,0.000576923076923077,0.010384615384615384,0.0,0.0043891733723482075,0.07917888563049853,0.0,0.1308653846153846,0.12076923076923077,0.13112179487179487,0.8458333333333333,0.7508333333333334,0.86125
42,0.9,200.0,0.808136321976781,1.0872737258672716,1.5,31200,0,0.10672326297421979,0.1796022467609185,0.0665570077180515,-0.04016625525616829,-0.113045239042867,0.1310897435897436,0.13102564102564102,0.13112179487179487,0.000641025641025641,0.010608974358974359,0.0,0.004889975550122249,0.08096868884540118,0.0,0.13044871794871796,0.12041666666666667,0.13112179487179487,0.79625,0.7616666666666667,0.8183333333333334
43,0.65,100.0,1.0210957609117033,0.84042078666389,0.5,31200,0,0.15155277184080612,0.24657336426823415,0.06657448708904717,-0.08497828475175895,-0.17999887717918697,0.13121794871794873,0.13131410256410256,0.13096153846153846,0.004967948717948718,0.018846153846153846,0.0,0.03786028334147533,0.14351964852330973,0.0,0.12625,0.11246794871794871,0.13096153846153846,0.9025,0.65125,0.8808333333333334
44,0.65,200.0,1.1873029462993145,0.8820414785295725,0.5,31200,0,0.1685104118671978,0.26736416629450666,0.06622890153071274,-0.10228151033648507,-0.2011352647637939,0.13099358974358974,0.13137820512820514,0.13118589743589743,0.00766025641025641,0.02451923076923077,0.0,0.05847810129679472,0.18663088558184923,0.0,0.12333333333333334,0.10685897435897436,0.13118589743589743,0.9104166666666667,0.6191666666666666,0.8925
45,0.85,100.0,0.9990901160985232,1.0414416022598745,1.5,31200,0,0.11519249158632767,0.2094547589014291,0.06714187874067878,-0.04805061284564889,-0.1423128801607503,0.13125,0.13099358974358974,0.13115384615384615,0.0003525641025641026,0.010608974358974359,0.0,0.002686202686202686,0.08098850012233913,0.0,0.1308974358974359,0.12038461538461538,0.13115384615384615,0.8025,0.7666666666666667,0.8183333333333334
46,0.95,200.0,1.0884794168174268,0.9623442981392145,1.0,31200,0,0.11309710307678461,0.19488181034490956,0.06692073691110194,-0.04617636616568267,-0.12796107343380764,0.13096153846153846,0.13099358974358974,0.1308653846153846,0.0,0.010192307692307691,0.0,0.0,0.07780768289699046,0.0,0.13096153846153846,0.12080128205128206,0.1308653846153846,0.8570833333333333,0.75875,0.8554166666666667
47,0.75,50.0,0.8751292694360018,1.115442530065775,1.0,31200,0,0.13673829635712417,0.22711769072329815,0.06880265082388663,-0.06793564553323754,-0.15831503989941154,0.1308974358974359,0.13166666666666665,0.13099358974358974,0.002948717948717949,0.013557692307692307,0.0,0.022526934378060724,0.10296981499513146,0.0,0.12794871794871795,0.11810897435897436,0.13099358974358974,0.8429166666666666,0.7416666666666667,0.8579166666666667
48,0.75,100.0,1.115341378003359,0.8159904722124338,1.5,31200,0,0.12708482799954757,0.23270467431396616,0.06754170665241742,-0.05954312134713015,-0.16516296766154875,0.13128205128205128,0.13125,0.13121794871794873,0.0015064102564102564,0.012916666666666667,0.0,0.011474609375,0.09841269841269841,0.0,0.12977564102564101,0.11833333333333333,0.13121794871794873,0.8295833333333333,0.73,0.83
49,0.95,50.0,0.9021778646856546,1.0566377349197866,0.5,31200,0,0.11621007410380353,0.20216887580450246,0.066810205321678,-0.04939986878212553,-0.13535867048282446,0.13102564102564102,0.13115384615384615,0.13131410256410256,9.615384615384615e-05,0.01064102564102564,0.0,0.0007338551859099804,0.08113391984359726,0.0,0.1309294871794872,0.12051282051282051,0.13131410256410256,0.8929166666666667,0.74625,0.8758333333333334
50,0.85,200.0,1.0104387588799,0.9396252010017634,0.5,31200,0,0.11475947792038298,0.20088241395184245,0.06636982146844533,-0.04838965645193764,-0.13451259248339711,0.13102564102564102,0.13118589743589743,0.13096153846153846,0.0,0.010576923076923078,0.0,0.0,0.08062545809919375,0.0,0.13102564102564102,0.12060897435897436,0.13096153846153846,0.8970833333333333,0.7520833333333333,0.8854166666666666
51,0.75,100.0,0.8220402482897043,1.1864766754209997,1.5,31200,0,0.11600238275165159,0.211374560103606,0.06645054163544901,-0.049551841116202575,-0.144924018468157,0.1314423076923077,0.13102564102564102,0.13128205128205128,0.0016346153846153845,0.011666666666666667,0.0,0.012435991221653255,0.08904109589041095,0.0,0.12980769230769232,0.11935897435897436,0.13128205128205128,0.78,0.7395833333333334,0.81375
52,0.65,200.0,0.9816708002239466,1.1406704187393188,1.0,31200,0,0.1482074201633162,0.22390657608420586,0.0666315983047025,-0.0815758218586137,-0.15727497777950336,0.1307051282051282,0.13118589743589743,0.13115384615384615,0.005673076923076923,0.01233974358974359,0.0,0.043403629230014715,0.09406303444905936,0.0,0.12503205128205128,0.11884615384615385,0.13115384615384615,0.835,0.74125,0.8525
53,0.9,100.0,1.1952250458300115,0.9812688540667296,1.0,31200,0,0.11809647565830361,0.2041140427734258,0.06768262448369036,-0.05041385117461325,-0.13643141828973543,0.13134615384615383,0.13105769230769232,0.13105769230769232,6.41025641025641e-05,0.010512820512820513,0.0,0.0004880429477794046,0.08021521154316459,0.0,0.13128205128205128,0.12054487179487179,0.13105769230769232,0.8525,0.7591666666666667,0.8583333333333333
54,0.9,100.0,0.8925487730652094,1.0146522849798203,0.5,31200,0,0.11460920007720808,0.19695396027455273,0.06649373674830884,-0.04811546332889924,-0.13046022352624387,0.1308653846153846,0.13099358974358974,0.13105769230769232,3.205128205128205e-05,0.010608974358974359,0.0,0.0002449179524859172,0.08098850012233913,0.0,0.13083333333333333,0.12038461538461538,0.13105769230769232,0.89,0.7466666666666667,0.8858333333333334
55,0.85,50.0,1.0805567421019078,0.8615525882691145,1.5,31200,0,0.11867721246279475,0.21989449502288652,0.06681633843366991,-0.05186087402912484,-0.1530781565892166,0.13134615384615383,0.1309294871794872,0.1308653846153846,0.0001923076923076923,0.010865384615384615,0.0,0.0014641288433382138,0.08298653610771115,0.0,0.13115384615384615,0.12006410256410256,0.1308653846153846,0.8229166666666666,0.75875,0.8370833333333333
56,0.85,200.0,0.8528034072369337,0.9633021250367165,0.5,31200,0,0.11081343374257115,0.1891083119418625,0.06614998266629679,-0.044663451076274355,-0.12295832927556571,0.1305769230769231,0.1310897435897436,0.13112179487179487,6.41025641025641e-05,0.01064102564102564,0.0,0.0004909180166912126,0.08117359413202933,0.0,0.1305128205128205,0.12044871794871795,0.13112179487179487,0.89,0.73625,0.8795833333333334
57,0.95,100.0,1.0648320466279984,1.1101992692798377,1.5,31200,0,0.10968710014391192,0.19459422571461982,0.06688397647208356,-0.042803123671828355,-0.12771024924253627,0.13137820512820514,0.13141025641025642,0.13131410256410256,3.205128205128205e-05,0.010352564102564103,0.0,0.00024396194193705782,0.07878048780487805,0.0,0.13134615384615383,0.12105769230769231,0.13131410256410256,0.8025,0.7841666666666667,0.8108333333333333
58,0.9,200.0,0.9729770224541426,0.893583582341671,1.5,31200,0,0.10965052590117015,0.19071331007629846,0.06663672256630877,-0.04301380333486138,-0.12407658750998969,0.13141025641025642,0.13137820512820514,0.13105769230769232,3.205128205128205e-05,0.010608974358974359,0.0,0.00024390243902439024,0.08075140278116613,0.0,0.13137820512820514,0.12076923076923077,0.13105769230769232,0.82375,0.7666666666666667,0.83125
59,0.65,50.0,1.1593861669301988,1.0341849382966757,1.0,31200,0,0.21936778724147887,0.2772408623919653,0.06835472218958037,-0.1510130650518985,-0.20888614020238494,0.1310897435897436,0.13121794871794873,0.13080128205128205,0.014487179487179487,0.02330128205128205,0.0,0.11051344743276284,0.1775769418661456,0.0,0.1166025641025641,0.10791666666666666,0.13080128205128205,0.8466666666666667,0.65125,0.8558333333333333
60,0.65,100.0,1.0443250358104708,1.0886717695742847,1.0,31200,0,0.17338992763146477,0.2398358203291548,0.06688998828691149,-0.10649993934455328,-0.17294583204224329,0.13115384615384615,0.13147435897435897,0.13112179487179487,0.009038461538461539,0.014326923076923077,0.0,0.0689149560117302,0.10897123354461238,0.0,0.12211538461538461,0.1171474358974359,0.13112179487179487,0.8429166666666666,0.7254166666666667,0.8508333333333333
61,0.85,50.0,0.8326869141310453,0.8355200849473476,1.0,31200,0,0.12199520892380168,0.21177633845787483,0.06825961287234003,-0.05373559605146165,-0.1435167255855348,0.13125,0.13125,0.13131410256410256,0.0008974358974358974,0.01064102564102564,0.0,0.006837606837606838,0.08107448107448108,0.0,0.1303525641025641,0.12060897435897436,0.13131410256410256,0.85625,0.7533333333333333,0.8658333333333333
62,0.95,200.0,1.129894816875458,1.168506907299161,1.5,31200,0,0.11006064041134613,0.1874073652931815,0.06610441873211423,-0.0439562216792319,-0.12130294656106727,0.13115384615384615,0.13125,0.13115384615384615,0.0,0.010320512820512821,0.0,0.0,0.07863247863247863,0.0,0.13115384615384615,0.12092948717948718,0.13115384615384615,0.7808333333333334,0.7716666666666666,0.7833333333333333
63,0.75,50.0,0.943094963952899,0.9091570906341077,0.5,31200,0,0.13848017351019187,0.24030439140769094,0.06687983529810955,-0.07160033821208232,-0.1734245561095814,0.13125,0.13137820512820514,0.1308974358974359,0.002948717948717949,0.017083333333333332,0.0,0.022466422466422466,0.1300317150524518,0.0,0.12830128205128205,0.1142948717948718,0.1308974358974359,0.9025,0.6908333333333333,0.87625
64,0.75,200.0,1.1453920356929304,1.1063800629228355,0.5,31200,0,0.12608643727235577,0.22748396442232025,0.0668818799558104,-0.05920455731654538,-0.16060208446650986,0.13067307692307692,0.13102564102564102,0.1305769230769231,0.0009294871794871795,0.013076923076923076,0.0,0.0071130733382389014,0.09980430528375733,0.0,0.12974358974358974,0.11794871794871795,0.1305769230769231,0.88875,0.7125,0.8854166666666666
65,0.95,100.0,0.9339377809315921,0.9657297357916832,1.5,31200,0,0.11165308048008141,0.1899300500921617,0.06754727138643404,-0.04410580909364736,-0.12238277870572767,0.13121794871794873,0.13118589743589743,0.13112179487179487,0.0001282051282051282,0.010544871794871794,0.0,0.0009770395701025891,0.08038113852919619,0.0,0.1310897435897436,0.12064102564102563,0.13112179487179487,0.8141666666666667,0.7666666666666667,0.8320833333333333
66,0.85,200.0,1.0288255386054517,1.0366371002048256,1.5,31200,0,0.11092323284113517,0.19799196091786078,0.0662295120907805,-0.044693720750354674,-0.13176244882708027,0.1309294871794872,0.13115384615384615,0.1310897435897436,0.0,0.010608974358974359,0.0,0.0,0.08088954056695992,0.0,0.1309294871794872,0.12054487179487179,0.1310897435897436,0.80375,0.7708333333333334,0.8175
67,0.65,50.0,0.8418433416634798,0.8897886410355569,0.5,31200,0,0.1746954601810137,0.27692702449688306,0.06810388816102957,-0.10659157201998413,-0.20882313633585348,0.13105769230769232,0.13137820512820514,0.13102564102564102,0.009615384615384616,0.024455128205128206,0.0,0.07336757153338225,0.18614296169797512,0.0,0.1214423076923077,0.10692307692307693,0.13102564102564102,0.8983333333333333,0.62,0.8658333333333333
68,0.65,100.0,0.9509307462722063,0.8315055660903454,0.5,31200,0,0.15953520616210462,0.24941425632806205,0.06662460263444793,-0.09291060352765669,-0.1827896536936141,0.13096153846153846,0.13112179487179487,0.13115384615384615,0.007115384615384615,0.01932692307692308,0.0,0.05433186490455213,0.14739672451723296,0.0,0.12384615384615384,0.1117948717948718,0.13115384615384615,0.9045833333333333,0.6504166666666666,0.8854166666666666
69,0.9,50.0,1.162775518745184,1.0909040678292514,1.5,31200,0,0.12098079913612815,0.21545849171377582,0.06727324057735205,-0.0537075585587761,-0.14818525113642378,0.13134615384615383,0.13112179487179487,0.13105769230769232,0.0007692307692307692,0.010769230769230769,0.0,0.005856515373352855,0.08213150818870692,0.0,0.1305769230769231,0.1203525641025641,0.13105769230769232,0.7983333333333333,0.7733333333333333,0.8120833333333334
70,0.95,200.0,0.874851967766881,0.9114139400422574,1.0,31200,0,0.10969689749953332,0.18596488441773018,0.06725655543427583,-0.042440342065257486,-0.11870832898345435,0.1310897435897436,0.1308653846153846,0.13121794871794873,9.615384615384615e-05,0.010576923076923078,0.0,0.0007334963325183374,0.08082292432035268,0.0,0.13099358974358974,0.12028846153846154,0.13121794871794873,0.8583333333333333,0.7583333333333333,0.8604166666666667
71,0.75,50.0,1.0614434562623503,1.164516653493047,1.0,31200,0,0.1410623859093732,0.23201286253698267,0.06702029053564891,-0.07404209537372429,-0.16499257200133377,0.1314423076923077,0.1314423076923077,0.13118589743589743,0.0035256410256410257,0.01326923076923077,0.0,0.02682272616435016,0.10095098756400878,0.0,0.12791666666666668,0.11817307692307692,0.13118589743589743,0.8429166666666666,0.7379166666666667,0.8566666666666667
72,0.85,200.0,0.8829574730247259,1.0604356206953527,1.0,31200,0,0.10969484122559385,0.1910371405559822,0.06683356157949574,-0.04286127964609811,-0.12420357897648646,0.13125,0.13137820512820514,0.13118589743589743,3.205128205128205e-05,0.010608974358974359,0.0,0.0002442002442002442,0.08075140278116613,0.0,0.13121794871794873,0.12076923076923077,0.13118589743589743,0.8470833333333333,0.76625,0.8558333333333333
73,0.9,50.0,1.0963049605488777,0.8135353658348322,0.5,31200,0,0.12184185496599514,0.21340732986022112,0.06778593929950175,-0.0540559156664934,-0.14562139056071938,0.1310897435897436,0.1308974358974359,0.13118589743589743,0.00016025641025641026,0.010673076923076922,0.0,0.0012224938875305623,0.08153770812928501,0.0,0.1309294871794872,0.12022435897435897,0.13118589743589743,0.8879166666666667,0.7370833333333333,0.8783333333333333
74,0.9,200.0,0.9912598099559546,1.1840459294617176,0.5,31200,0,0.11469352552341675,0.19954077659063071,0.06633174247093652,-0.04836178305248022,-0.1332090341196942,0.1308974358974359,0.1309294871794872,0.1309294871794872,0.0,0.010608974358974359,0.0,0.0,0.0810281517747858,0.0,0.1308974358974359,0.12032051282051281,0.1309294871794872,0.8904166666666666,0.755,0.8766666666666667
75,0.65,100.0,1.17947605997324,0.9434475425630808,1.5,31200,0,0.19860288943873672,0.271112889592756,0.06704552423163793,-0.1315573652070988,-0.20406736536111805,0.13102564102564102,0.13128205128205128,0.13102564102564102,0.013974358974358975,0.02189102564102564,0.0,0.10665362035225048,0.166748046875,0.0,0.11705128205128205,0.10939102564102564,0.13102564102564102,0.8004166666666667,0.6733333333333333,0.8154166666666667
76,0.75,200.0,1.0132978722453119,0.9852620523422957,1.5,31200,0,0.11464843245061736,0.215957402871518,0.06636242194135784,-0.048286010509259514,-0.14959498093016016,0.13137820512820514,0.13118589743589743,0.13118589743589743,0.0002884615384615385,0.011217948717948718,0.0,0.0021956574774335204,0.08551184949914488,0.0,0.1310897435897436,0.11996794871794872,0.13118589743589743,0.8058333333333333,0.7495833333333334,0.8220833333333334
77,0.85,100.0,0.8003411170095206,1.1384106248617174,0.5,31200,0,0.11321904391703784,0.19562601015361616,0.06674513201428298,-0.046473911902754864,-0.1288808781393332,0.1307371794871795,0.13128205128205128,0.1310897435897436,9.615384615384615e-05,0.01064102564102564,0.0,0.0007354743809757293,0.0810546875,0.0,0.13064102564102564,0.12064102564102563,0.1310897435897436,0.88625,0.7470833333333333,0.8816666666666667
78,0.95,100.0,1.1124845609068872,0.8593171548098326,1.0,31200,0,0.11457998756532868,0.19755740453158,0.06687570405432788,-0.0477042835110008,-0.1306817004772521,0.1305128205128205,0.13121794871794873,0.1308653846153846,3.205128205128205e-05,0.010032051282051282,0.0,0.0002455795677799607,0.0764533463605276,0.0,0.13048076923076923,0.12118589743589743,0.1308653846153846,0.8558333333333333,0.7675,0.8708333333333333
79,0.75,50.0,0.9238777693361044,1.0186699390411378,1.0,31200,0,0.132734146146848,0.22645751863170968,0.06756690416288864,-0.06516724198395936,-0.15889061446882102,0.1307051282051282,0.13080128205128205,0.13118589743589743,0.0019871794871794872,0.012307692307692308,0.0,0.015203531142717018,0.0940945846606224,0.0,0.12871794871794873,0.11849358974358974,0.13118589743589743,0.84125,0.73875,0.8575
80,0.75,100.0,1.0852327287197114,0.9127630632370711,0.5,31200,0,0.12395362662452962,0.2254223756673158,0.0667374522703916,-0.05721617435413802,-0.1586849233969242,0.13173076923076923,0.1308974358974359,0.13125,0.000608974358974359,0.013461538461538462,0.0,0.004622871046228711,0.10284035259549461,0.0,0.13112179487179487,0.11743589743589744,0.13125,0.9008333333333334,0.7120833333333333,0.885
81,0.95,50.0,0.8972281824797392,1.1596648782491685,1.5,31200,0,0.1132362315117785,0.2013317247523986,0.06697126252643615,-0.04626496898534235,-0.13436046222596246,0.13153846153846155,0.13105769230769232,0.13128205128205128,0.0002564102564102564,0.010480769230769231,0.0,0.001949317738791423,0.07997065297138664,0.0,0.13128205128205128,0.12057692307692308,0.13128205128205128,0.79375,0.7745833333333333,0.8258333333333333
82,0.85,200.0,1.1905473351478577,0.8426561783999205,1.5,31200,0,0.11602197846923519,0.2103404639665856,0.06684914187019182,-0.04917283659904337,-0.14349132209639376,0.13134615384615383,0.13105769230769232,0.1308974358974359,0.0002884615384615385,0.010705128205128206,0.0,0.0021961932650073207,0.08168256297383224,0.0,0.13105769230769232,0.1203525641025641,0.1308974358974359,0.8270833333333333,0.7641666666666667,0.8258333333333333
83,0.65,50.0,0.976990432664752,1.0832561016082765,0.5,31200,0,0.1790439280268168,0.26395908980159344,0.0674983200593658,-0.11154560796745099,-0.19646076974222765,0.13115384615384615,0.13121794871794873,0.13076923076923078,0.00983974358974359,0.02201923076923077,0.0,0.07502443792766374,0.1678065461651197,0.0,0.12131410256410256,0.10919871794871795,0.13076923076923078,0.9025,0.6391666666666667,0.87375
84,0.65,200.0,0.817346153780818,1.037643662840128,1.0,31200,0,0.14239537840457492,0.2195994708786698,0.06659038514745197,-0.07580499325712295,-0.15300908573121783,0.13128205128205128,0.13112179487179487,0.13112179487179487,0.005128205128205128,0.013429487179487179,0.0,0.0390625,0.10241994622341725,0.0,0.12615384615384614,0.1176923076923077,0.13112179487179487,0.8445833333333334,0.72625,0.8529166666666667
85,0.9,100.0,1.0057412177324296,0.8844966504722834,1.0,31200,0,0.11639045069386139,0.20252916309787797,0.0669404571636595,-0.049449993530201894,-0.13558870593421846,0.1310897435897436,0.1310897435897436,0.13105769230769232,3.205128205128205e-05,0.010608974358974359,0.0,0.00024449877750611245,0.08092909535452322,0.0,0.13105769230769232,0.12048076923076922,0.13105769230769232,0.86125,0.75875,0.8620833333333333
86,0.9,100.0,0.9068740647286178,1.1178732343018056,1.5,31200,0,0.11007194676803257,0.19301114706291153,0.06733161963349679,-0.04274032713453578,-0.12567952742941474,0.13099358974358974,0.1308974358974359,0.13121794871794873,0.00016025641025641026,0.010608974358974359,0.0,0.001223391240518718,0.08104799216454456,0.0,0.13083333333333333,0.12028846153846154,0.13121794871794873,0.79875,0.7670833333333333,0.8125
87,0.85,50.0,1.1200402587652207,0.9585219863802195,0.5,31200,0,0.125719082612019,0.21712328401814068,0.06629521133199104,-0.05942387128002796,-0.15082807268614964,0.1308653846153846,0.13118589743589743,0.1307371794871795,0.0009615384615384616,0.012083333333333333,0.0,0.0073475385745775165,0.09210847788907892,0.0,0.12990384615384615,0.1191025641025641,0.1307371794871795,0.88875,0.73125,0.8841666666666667
88,0.85,200.0,0.9477920684963466,0.8665257267653943,1.5,31200,0,0.11047424701027773,0.19578694941309208,0.0666133647843986,-0.04386088222587914,-0.1291735846286935,0.13128205128205128,0.1308974358974359,0.13115384615384615,3.205128205128205e-05,0.010576923076923078,0.0,0.000244140625,0.08080313418217434,0.0,0.13125,0.12032051282051281,0.13115384615384615,0.8225,0.76375,0.8295833333333333
89,0.95,50.0,1.1345892645418645,1.007177470996976,0.5,31200,0,0.11861068146951234,0.20699835014222093,0.06644472112287482,-0.05216596034663752,-0.1405536290193461,0.13076923076923078,0.13134615384615383,0.1310897435897436,6.41025641025641e-05,0.01016025641025641,0.0,0.0004901960784313725,0.07735480722303563,0.0,0.1307051282051282,0.12118589743589743,0.1310897435897436,0.8966666666666666,0.7675,0.8820833333333333
90,0.9,100.0,0.8279877159744502,0.9905533634126187,1.0,31200,0,0.11251082497676503,0.1931506039640692,0.06716788046191843,-0.04534294451484659,-0.12598272350215076,0.13118589743589743,0.1308974358974359,0.13115384615384615,0.00016025641025641026,0.010608974358974359,0.0,0.001221597849987784,0.08104799216454456,0.0,0.13102564102564102,0.12028846153846154,0.13115384615384615,0.8541666666666666,0.7604166666666666,0.8595833333333334
91,0.65,50.0,1.0396292604506017,1.137403215840459,1.5,31200,0,0.18431908498913224,0.25860903525001616,0.06716948579709885,-0.1171495991920334,-0.1914395494529173,0.13137820512820514,0.13147435897435897,0.13134615384615383,0.011987179487179487,0.018493589743589743,0.0,0.09124176628445962,0.14066309117503656,0.0,0.11939102564102565,0.11298076923076923,0.13134615384615383,0.7825,0.68125,0.825
92,0.65,200.0,1.154707170277834,1.1916931923478842,1.0,31200,0,0.17134469907077032,0.23877230171592503,0.06638897758621239,-0.10495572148455794,-0.17238332412971263,0.13134615384615383,0.13131410256410256,0.13118589743589743,0.009166666666666667,0.014583333333333334,0.0,0.06979014153245486,0.11105687088113253,0.0,0.12217948717948718,0.11673076923076924,0.13118589743589743,0.83,0.71375,0.8470833333333333
93,0.9,50.0,0.9683007065206767,0.9322961077094079,1.0,31200,0,0.12097676660227535,0.21384064194771998,0.06787917156060233,-0.053097595041673024,-0.14596147038711765,0.13112179487179487,0.13131410256410256,0.13121794871794873,0.00016025641025641026,0.010544871794871794,0.0,0.0012221950623319481,0.08030266048328046,0.0,0.13096153846153846,0.12076923076923077,0.13121794871794873,0.8616666666666667,0.7633333333333333,0.86
94,0.95,200.0,1.0695127554237844,1.0652882423251868,0.5,31200,0,0.11342102679797236,0.19617259343065307,0.06611165040950231,-0.04730937638847005,-0.13006094302115076,0.13141025641025642,0.13096153846153846,0.13096153846153846,0.0,0.010224358974358975,0.0,0.0,0.0780714635340186,0.0,0.13141025641025642,0.12073717948717949,0.13096153846153846,0.8954166666666666,0.755,0.8875
95,0.75,100.0,0.8574806693941355,0.812186922132969,1.5,31200,0,0.11687214415932139,0.2187746049402977,0.06754557609404901,-0.04932656806527237,-0.1512290288462487,0.1309294871794872,0.13118589743589743,0.13105769230769232,0.0008012820512820513,0.011538461538461539,0.0,0.006119951040391677,0.08795504519912045,0.0,0.13012820512820514,0.1196474358974359,0.13105769230769232,0.8304166666666667,0.73625,0.8408333333333333
96,0.75,200.0,0.9937548212707044,0.9538286436349154,1.0,31200,0,0.11845939207402219,0.2086303112926745,0.06643495934892174,-0.05202443272510045,-0.14219535194375277,0.13128205128205128,0.13105769230769232,0.1310897435897436,0.0010576923076923077,0.010801282051282052,0.0,0.008056640625,0.08241623868916606,0.0,0.13022435897435897,0.12025641025641026,0.1310897435897436,0.8554166666666667,0.7541666666666667,0.8566666666666667
97,0.95,50.0,1.182358180359006,1.1194774441421034,1.0,31200,0,0.12346648052518178,0.2115409213760772,0.06774574263095354,-0.05572073789422824,-0.14379517874512365,0.13118589743589743,0.13157051282051282,0.13118589743589743,0.0002564102564102564,0.009871794871794872,0.0,0.0019545565599804545,0.07503045066991473,0.0,0.1309294871794872,0.12169871794871795,0.13118589743589743,0.8441666666666666,0.7725,0.8575
98,0.85,200.0,0.8804629199206829,0.8766882080584765,1.5,31200,0,0.10946450984381256,0.19633119141010735,0.06646810228769622,-0.04299640755611635,-0.12986308912241112,0.13115384615384615,0.13096153846153846,0.13121794871794873,0.00022435897435897436,0.010608974358974359,0.0,0.001710654936461388,0.08100832109642682,0.0,0.1309294871794872,0.1203525641025641,0.13121794871794873,0.8225,0.7591666666666667,0.835
99,0.65,100.0,1.0934223461896182,1.0485412441194057,0.5,31200,0,0.16524965337434483,0.2508437563140224,0.06631428400985659,-0.09893536936448824,-0.1845294723041658,0.13099358974358974,0.13118589743589743,0.13102564102564102,0.007852564102564102,0.020705128205128206,0.0,0.059946170785417176,0.15783044221842168,0.0,0.12314102564102564,0.11048076923076923,0.13102564102564102,0.9016666666666666,0.6475,0.8895833333333333
100,0.65,200.0,1.1024762053042652,1.0786123499274254,0.5,31200,0,0.15373030295144813,0.24961507385045958,0.06678159451685652,-0.08694870843459161,-0.18283347933360306,0.13157051282051282,0.13112179487179487,0.13096153846153846,0.005673076923076923,0.01926282051282051,0.0,0.043118148599269185,0.14690784649230018,0.0,0.1258974358974359,0.11185897435897436,0.13096153846153846,0.8966666666666666,0.6404166666666666,0.8845833333333334
101,0.9,50.0,0.9142633877694607,0.8442123230546713,1.5,31200,0,0.11431043633347135,0.2046101400700901,0.06733818232296325,-0.0469722540105081,-0.13727195774712686,0.13076923076923078,0.1310897435897436,0.1310897435897436,0.0002884615384615385,0.010608974358974359,0.0,0.0022058823529411764,0.08092909535452322,0.0,0.13048076923076923,0.12048076923076922,0.1310897435897436,0.8283333333333334,0.7725,0.83375
102,0.95,100.0,1.0233059603720904,1.1518068447709084,1.5,31200,0,0.11358489463464914,0.19814758457308396,0.06716564109629297,-0.04641925353835617,-0.13098194347679099,0.13121794871794873,0.13125,0.13105769230769232,0.0,0.010416666666666666,0.0,0.0,0.07936507936507936,0.0,0.13121794871794873,0.12083333333333333,0.13105769230769232,0.7920833333333334,0.7654166666666666,0.8070833333333334
103,0.85,50.0,0.8099558018147945,0.9237087097018958,0.5,31200,0,0.11887885120339688,0.20979897222563743,0.0668222816404569,-0.05205656956293998,-0.14297669058518053,0.13137820512820514,0.13121794871794873,0.13102564102564102,0.0010256410256410256,0.011666666666666667,0.0,0.00780678214198585,0.08891060087933561,0.0,0.1303525641025641,0.11955128205128206,0.13102564102564102,0.9,0.7383333333333333,0.8795833333333334
104,0.85,200.0,1.0314090099185707,0.8012436479330063,1.0,31200,0,0.11375688741576112,0.19932710494686304,0.06701573190814558,-0.04674115550761554,-0.13231137303871746,0.13096153846153846,0.1308974358974359,0.13118589743589743,9.615384615384615e-05,0.010576923076923078,0.0,0.0007342143906020558,0.08080313418217434,0.0,0.1308653846153846,0.12032051282051281,0.13118589743589743,0.86875,0.7666666666666667,0.8658333333333333
105,0.9,100.0,0.8448201909661294,1.0731423776596785,1.0,31200,0,0.11239960142710483,0.1926791254154361,0.06684618791295562,-0.04555341351414921,-0.12583293750248048,0.13121794871794873,0.13121794871794873,0.13125,0.0001282051282051282,0.010608974358974359,0.0,0.0009770395701025891,0.08085002442598925,0.0,0.1310897435897436,0.12060897435897436,0.13125,0.85125,0.765,0.85125
106,0.9,100.0,1.142808821424842,0.9307377338409424,0.5,31200,0,0.1188842192035165,0.20667129937180664,0.06679140773539034,-0.05209281146812615,-0.1398798916364163,0.13099358974358974,0.1310897435897436,0.13096153846153846,0.00016025641025641026,0.010576923076923078,0.0,0.001223391240518718,0.08068459657701711,0.0,0.13083333333333333,0.12051282051282051,0.13096153846153846,0.8925,0.75125,0.8841666666666667
107,0.65,50.0,0.9309606149792672,1.196340699121356,1.5,31200,0,0.17694844771705553,0.26187180909385466,0.06775917483804281,-0.10918927287901273,-0.19411263425581185,0.13099358974358974,0.1314423076923077,0.13147435897435897,0.010705128205128206,0.01858974358974359,0.0,0.08172253486665035,0.14142891977566446,0.0,0.12028846153846154,0.1128525641025641,0.13147435897435897,0.77875,0.6945833333333333,0.8204166666666667
108,0.75,100.0,0.8649380907416344,1.1265095327049495,1.5,31200,0,0.11538291289830109,0.21328716183445776,0.06641935093287227,-0.04896356196542882,-0.1468678109015855,0.13105769230769232,0.13121794871794873,0.13112179487179487,0.0009294871794871795,0.010961538461538462,0.0,0.0070921985815602835,0.08353688324377137,0.0,0.13012820512820514,0.12025641025641026,0.13112179487179487,0.7895833333333333,0.7495833333333334,0.8166666666666667
109,0.85,50.0,1.0519176181405783,0.9983594335615635,0.5,31200,0,0.12369578832825756,0.22325485607938864,0.06725094958945182,-0.056444838738805736,-0.1560039064899368,0.13141025641025642,0.1308974358974359,0.13131410256410256,0.000576923076923077,0.011891025641025642,0.0,0.004390243902439025,0.09084231145935358,0.0,0.13083333333333333,0.11900641025641026,0.13131410256410256,0.8970833333333333,0.7266666666666667,0.8758333333333334
110,0.95,200.0,0.9608441755175591,1.0055695060640575,1.0,31200,0,0.10943465536439649,0.18561566492242354,0.06635013468369962,-0.043084520680696875,-0.11926553023872392,0.1310897435897436,0.13099358974358974,0.13102564102564102,0.0,0.010384615384615384,0.0,0.0,0.07927575238561292,0.0,0.1310897435897436,0.12060897435897436,0.13102564102564102,0.8516666666666667,0.76625,0.85625
111,0.75,100.0,1.1723018642514944,0.871221298724413,1.0,31200,0,0.13722413311986115,0.22732847676945886,0.06710849160858273,-0.07011564151127841,-0.16021998516087613,0.13121794871794873,0.13099358974358974,0.1307371794871795,0.002692307692307692,0.012243589743589743,0.0,0.02051783097215437,0.09346709077563005,0.0,0.128525641025641,0.11875,0.1307371794871795,0.86375,0.7466666666666667,0.8704166666666666
112,0.75,200.0,0.8367266178131104,1.172345695272088,0.5,31200,0,0.11634709522427958,0.2112267067633895,0.06648194470761944,-0.04986515051666014,-0.14474476205577008,0.13121794871794873,0.13112179487179487,0.13099358974358974,0.0003205128205128205,0.012083333333333333,0.0,0.002442598925256473,0.0921535076998289,0.0,0.1308974358974359,0.11903846153846154,0.13099358974358974,0.8966666666666666,0.7254166666666667,0.8725
113,0.95,50.0,1.0487552713602781,0.9004484571516514,1.5,31200,0,0.11632125467915297,0.20718087830052628,0.06697421657321968,-0.049347038105933286,-0.14020666172730661,0.13147435897435897,0.13134615384615383,0.13131410256410256,6.41025641025641e-05,0.010256410256410256,0.0,0.00048756704046806434,0.07808687164470474,0.0,0.13141025641025642,0.12108974358974359,0.13131410256410256,0.8191666666666667,0.7729166666666667,0.8275
114,0.85,100.0,0.939053612947464,1.0955737594515087,1.0,31200,0,0.1167111077961991,0.20671549402213504,0.06729845233265241,-0.04941265546354669,-0.13941704168948263,0.1308653846153846,0.1308974358974359,0.13115384615384615,0.0001923076923076923,0.010576923076923078,0.0,0.0014695077149155032,0.08080313418217434,0.0,0.13067307692307692,0.12032051282051281,0.13115384615384615,0.8404166666666667,0.77125,0.86
115,0.75,50.0,1.1254627477377654,0.8299723096191883,1.0,31200,0,0.15925852836577165,0.2383297095267323,0.06787292272280364,-0.091385605642968,-0.17045678680392867,0.1308653846153846,0.13131410256410256,0.13118589743589743,0.006121794871794871,0.014935897435897436,0.0,0.04677932892481019,0.113741762265072,0.0,0.12474358974358975,0.11637820512820513,0.13118589743589743,0.87,0.7133333333333334,0.8666666666666667
116,0.65,100.0,1.0657483022660017,0.897568091750145,0.5,31200,0,0.16755824900956787,0.257588736547476,0.06687702970973318,-0.10068121929983469,-0.1907117068377428,0.1309294871794872,0.13121794871794873,0.13096153846153846,0.008044871794871795,0.021346153846153845,0.0,0.06144430844553243,0.1626770884220811,0.0,0.12288461538461538,0.10987179487179487,0.13096153846153846,0.90375,0.6525,0.8816666666666667
117,0.9,50.0,0.8541101902723313,1.0257196824997665,1.5,31200,0,0.11133343670752954,0.20302222817661147,0.06670451728327785,-0.04462891942425169,-0.1363177108933336,0.13112179487179487,0.13112179487179487,0.13099358974358974,0.000608974358974359,0.010576923076923078,0.0,0.0046443412368614035,0.08066487411390857,0.0,0.1305128205128205,0.12054487179487179,0.13099358974358974,0.805,0.76625,0.82875
118,0.95,200.0,1.1584713678807022,0.9704490184783936,1.5,31200,0,0.11164409792473952,0.19190450679636367,0.06630841613683117,-0.04533568178790835,-0.1255960906595325,0.13102564102564102,0.13121794871794873,0.1310897435897436,3.205128205128205e-05,0.010224358974358975,0.0,0.0002446183953033268,0.07791890571568148,0.0,0.13099358974358974,0.12099358974358974,0.1310897435897436,0.8091666666666667,0.77,0.8070833333333334
119,0.85,100.0,0.9716715008020401,1.1047987412661315,0.5,31200,0,0.11690881838867899,0.2048640489430961,0.06688809595629946,-0.050020722432379525,-0.13797595298679663,0.13125,0.13099358974358974,0.13105769230769232,0.00022435897435897436,0.010769230769230769,0.0,0.0017094017094017094,0.08221189136285784,0.0,0.13102564102564102,0.12022435897435897,0.13105769230769232,0.8925,0.7504166666666666,0.87875
120,0.75,100.0,1.1993869159370663,1.0202489122748375,1.5,31200,0,0.13494676286142857,0.24171207335672004,0.06705739790889088,-0.06788936495253768,-0.17465467544782914,0.13134615384615383,0.13099358974358974,0.13137820512820514,0.002980769230769231,0.014903846153846155,0.0,0.022693997071742314,0.11377538536824076,0.0,0.1283653846153846,0.1160897435897436,0.13137820512820514,0.79375,0.7070833333333333,0.8095833333333333
121,0.95,50.0,0.986223391443491,0.8546017464250326,0.5,31200,0,0.11936314517368508,0.20220284687899978,0.06771456966660279,-0.051648575507082295,-0.13448827721239698,0.1314423076923077,0.13102564102564102,0.13134615384615383,9.615384615384615e-05,0.010416666666666666,0.0,0.000731528895391368,0.07950097847358122,0.0,0.13134615384615383,0.12060897435897436,0.13134615384615383,0.8958333333333334,0.7520833333333333,0.8783333333333333
122,0.9,200.0,1.0763934168964626,1.1493302479386331,1.0,31200,0,0.1127793687691042,0.19757367789851066,0.06638906609456667,-0.04639030267453753,-0.13118461180394397,0.1307371794871795,0.13131410256410256,0.13121794871794873,0.0,0.010544871794871794,0.0,0.0,0.08030266048328046,0.0,0.1307371794871795,0.12076923076923077,0.13121794871794873,0.83375,0.7691666666666667,0.8475
123,0.65,50.0,0.8879949189722538,0.9774788703769446,1.0,31200,0,0.19334872195904734,0.25265865229083084,0.0678067680403842,-0.12554195391866313,-0.18485188425044663,0.13076923076923078,0.13137820512820514,0.13125,0.01201923076923077,0.018782051282051283,0.0,0.09191176470588236,0.14296169797511588,0.0,0.11875,0.11259615384615385,0.13125,0.8604166666666667,0.7104166666666667,0.8641666666666666
124,0.65,200.0,0.9032162852585316,0.9449769247323275,1.0,31200,0,0.15400830804641416,0.2298175841336998,0.06724813032447331,-0.08676017772194085,-0.1625694538092265,0.1309294871794872,0.13134615384615383,0.13102564102564102,0.005993589743589743,0.012980769230769231,0.0,0.04577723378212974,0.09882869692532943,0.0,0.12493589743589743,0.11836538461538462,0.13102564102564102,0.8554166666666667,0.7220833333333333,0.8554166666666667
125,0.85,100.0,1.1167705181986094,1.1793785862624646,1.0,31200,0,0.12124848886540435,0.21271547612772215,0.06717371309410769,-0.05407477577129666,-0.14554176303361446,0.1314423076923077,0.13128205128205128,0.13105769230769232,0.000608974358974359,0.010608974358974359,0.0,0.004633016337478664,0.080810546875,0.0,0.13083333333333333,0.12067307692307692,0.13105769230769232,0.8370833333333333,0.7625,0.8466666666666667
126,0.95,200.0,0.8210034735500813,0.8245045799762011,0.5,31200,0,0.11050861603661831,0.18283420497013098,0.06651457855440648,-0.043994037482211826,-0.11631962641572449,0.13105769230769232,0.13115384615384615,0.13118589743589743,0.0001923076923076923,0.010608974358974359,0.0,0.001467351430667645,0.08088954056695992,0.0,0.1308653846153846,0.12054487179487179,0.13118589743589743,0.8966666666666666,0.75375,0.8791666666666667
127,0.75,50.0,1.0090114537626507,1.0526043735444546,1.5,31200,0,0.13853094539415114,0.24128245146550586,0.06693168882645169,-0.07159925656769946,-0.1743507626390542,0.13102564102564102,0.13131410256410256,0.1310897435897436,0.0041025641025641026,0.014935897435897436,0.0,0.03131115459882583,0.113741762265072,0.0,0.12692307692307692,0.11637820512820513,0.1310897435897436,0.7966666666666666,0.7208333333333333,0.8275
128,0.75,200.0,0.9091147109866142,0.8263500425964594,0.5,31200,0,0.1192451352045286,0.21242737849102977,0.0665416695450755,-0.05270346565945311,-0.14588570894595426,0.13060897435897437,0.13115384615384615,0.1309294871794872,0.000641025641025641,0.011923076923076923,0.0,0.0049079754601227,0.09090909090909091,0.0,0.12996794871794873,0.11923076923076924,0.1309294871794872,0.8995833333333333,0.7216666666666667,0.87875
129,0.95,100.0,1.1208984609693289,1.0982015408575536,1.5,31200,0,0.11228017964551099,0.19700247449419817,0.06672312023788204,-0.04555705940762894,-0.13027935425631612,0.13147435897435897,0.13131410256410256,0.1308974358974359,3.205128205128205e-05,0.010128205128205128,0.0,0.00024378352023403217,0.07712960702953381,0.0,0.1314423076923077,0.12118589743589743,0.1308974358974359,0.8004166666666667,0.7741666666666667,0.8029166666666666
130,0.85,100.0,0.8166663154959679,0.9058281067758799,1.5,31200,0,0.11278346542629944,0.20420501431658242,0.06785999864312178,-0.04492346678317766,-0.13634501567346063,0.1310897435897436,0.1314423076923077,0.13121794871794873,0.000576923076923077,0.010608974358974359,0.0,0.004400977995110024,0.08071202145818093,0.0,0.1305128205128205,0.12083333333333333,0.13121794871794873,0.815,0.7604166666666666,0.8370833333333333
131,0.65,50.0,1.0033188279718162,1.1714753933250905,0.5,31200,0,0.17614629068032528,0.26909907704981195,0.06699933846860885,-0.10914695221171643,-0.20209973858120311,0.1305769230769231,0.1310897435897436,0.13128205128205128,0.008461538461538461,0.023108974358974358,0.0,0.06480117820324006,0.17628361858190708,0.0,0.12211538461538461,0.10798076923076923,0.13128205128205128,0.8920833333333333,0.6254166666666666,0.8779166666666667
132,0.65,200.0,1.18789146207273,1.1013771265745165,1.0,31200,0,0.17999182362940921,0.24563626329748012,0.06664396064536408,-0.11334786298404513,-0.17899230265211602,0.13118589743589743,0.13131410256410256,0.13112179487179487,0.010064102564102563,0.016185897435897437,0.0,0.07671634497923284,0.12326092262631194,0.0,0.12112179487179488,0.11512820512820512,0.13112179487179487,0.83875,0.715,0.84875
133,0.9,50.0,0.9764982536435127,0.9732774537056685,1.0,31200,0,0.11954405805016195,0.20744864782841504,0.06819977271063614,-0.051344285339525814,-0.1392488751177789,0.1309294871794872,0.13125,0.1309294871794872,0.0004487179487179487,0.010576923076923078,0.0,0.003427172582619339,0.08058608058608059,0.0,0.13048076923076923,0.12067307692307692,0.1309294871794872,0.8516666666666667,0.7545833333333334,0.85375
134,0.95,200.0,1.0863274183124305,1.030508053302765,1.5,31200,0,0.1102641480661596,0.188142322444143,0.06646067592954416,-0.04380347213661544,-0.12168164651459884,0.13102564102564102,0.13131410256410256,0.13118589743589743,0.0,0.010320512820512821,0.0,0.0,0.07859409323895533,0.0,0.13102564102564102,0.12099358974358974,0.13118589743589743,0.8041666666666667,0.775,0.8058333333333333
135,0.75,100.0,0.8992841735482217,0.8961065124720335,0.5,31200,0,0.12439572985722398,0.21766083282385884,0.06710699929652522,-0.05728873056069876,-0.15055383352733362,0.13131410256410256,0.13099358974358974,0.13115384615384615,0.0009615384615384616,0.012564102564102564,0.0,0.00732243104710764,0.09591387325666748,0.0,0.1303525641025641,0.11842948717948718,0.13115384615384615,0.8958333333333334,0.69375,0.8745833333333334
136,0.85,100.0,1.0715796906501056,0.9787459000945091,1.5,31200,0,0.11524866711327676,0.20325932168744296,0.06621948492971103,-0.04902918218356574,-0.13703983675773193,0.13121794871794873,0.13118589743589743,0.1310897435897436,0.0003525641025641026,0.010737179487179487,0.0,0.00268685881778212,0.08184705594918153,0.0,0.1308653846153846,0.12044871794871795,0.1310897435897436,0.8091666666666667,0.7641666666666667,0.82875
137,0.95,50.0,0.8585618875920773,1.1443473275750877,0.5,31200,0,0.11800002758649832,0.2017842611651092,0.0681738695393692,-0.049826158047129115,-0.13361039162574,0.1308974358974359,0.13105769230769232,0.13112179487179487,9.615384615384615e-05,0.01064102564102564,0.0,0.0007345739471106758,0.08119344583027635,0.0,0.13080128205128205,0.12041666666666667,0.13112179487179487,0.8691666666666666,0.74,0.86375
138,0.9,200.0,1.154201425984502,0.8515772357583047,0.5,31200,0,0.11485940437716874,0.19922759888444463,0.06625318338310954,-0.0486062209940592,-0.1329744155013351,0.1317948717948718,0.13105769230769232,0.1309294871794872,6.41025641025641e-05,0.010512820512820513,0.0,0.00048638132295719845,0.08021521154316459,0.0,0.13173076923076923,0.12054487179487179,0.1309294871794872,0.9075,0.7616666666666667,0.8933333333333333
139,0.65,50.0,0.9656556807458401,1.0234744515269996,1.0,31200,0,0.20065503225199993,0.2541647462381886,0.06751109144161828,-0.13314394081038167,-0.1866536547965703,0.1308974358974359,0.1309294871794872,0.13115384615384615,0.01282051282051282,0.018685897435897436,0.0,0.0979431929480901,0.1427172582619339,0.0,0.11807692307692308,0.11224358974358975,0.13115384615384615,0.8475,0.68125,0.85375
140,0.75,200.0,0.8255547635257244,1.0536692250519992,1.0,31200,0,0.11280914355714489,0.19685222327164864,0.06630889692898626,-0.04650024662815863,-0.13054332634266239,0.13115384615384615,0.1308653846153846,0.1310897435897436,0.0007692307692307692,0.010608974358974359,0.0,0.005865102639296188,0.0810678422728386,0.0,0.13038461538461538,0.12025641025641026,0.1310897435897436,0.8458333333333333,0.7620833333333333,0.8541666666666666
141,0.85,100.0,1.0389632750302553,0.8193194799125195,1.0,31200,0,0.11679247105663455,0.2083390944317875,0.06710435793348153,-0.04968811312315302,-0.14123473649830598,0.13131410256410256,0.13099358974358974,0.13118589743589743,9.615384615384615e-05,0.010608974358974359,0.0,0.000732243104710764,0.08098850012233913,0.0,0.13121794871794873,0.12038461538461538,0.13118589743589743,0.8720833333333333,0.7708333333333334,0.86875
142,0.95,200.0,0.9486642174422741,1.1769468802958727,0.5,31200,0,0.11227972864316607,0.19270785726104478,0.06626349847645782,-0.04601623016670825,-0.12644435878458696,0.13096153846153846,0.13080128205128205,0.13099358974358974,0.0,0.010576923076923078,0.0,0.0,0.08086253369272237,0.0,0.13096153846153846,0.12022435897435897,0.13099358974358974,0.8920833333333333,0.7570833333333333,0.8795833333333334
143,0.75,50.0,1.1368194449692965,0.9487952671945096,1.5,31200,0,0.15335666000766726,0.2568239344790457,0.066908024250507,-0.08644863575716026,-0.1899159102285387,0.13141025641025642,0.13121794871794873,0.13115384615384615,0.00625,0.016314102564102564,0.0,0.0475609756097561,0.12432828529555447,0.0,0.1251602564102564,0.11490384615384615,0.13115384615384615,0.8066666666666666,0.7145833333333333,0.8291666666666667
144,0.75,200.0,0.8723929055035115,1.0451379407197239,0.5,31200,0,0.11581447660632448,0.20654445428158794,0.06649318244383658,-0.0493212941624879,-0.14005127183775135,0.13083333333333333,0.13099358974358974,0.1310897435897436,0.0002884615384615385,0.011185897435897436,0.0,0.002204801567858893,0.08539270858820651,0.0,0.1305448717948718,0.11980769230769231,0.1310897435897436,0.8929166666666667,0.72875,0.8808333333333334
145,0.95,50.0,1.06075136102736,0.8795349530875683,1.5,31200,0,0.11429432116288585,0.2068103110248395,0.06799682684053925,-0.0462974943223466,-0.13881348418430023,0.1308653846153846,0.13112179487179487,0.13125,0.0,0.010352564102564103,0.0,0.0,0.07895380102664386,0.0,0.1308653846153846,0.12076923076923077,0.13125,0.8245833333333333,0.7654166666666666,0.84125
146,0.85,200.0,0.9518256135284902,1.124247505143285,1.5,31200,0,0.10800314568358341,0.18823040232352803,0.06663638695508069,-0.04136675872850272,-0.12159401536844734,0.13105769230769232,0.13099358974358974,0.13128205128205128,0.0,0.010608974358974359,0.0,0.0,0.08098850012233913,0.0,0.13105769230769232,0.12038461538461538,0.13128205128205128,0.79125,0.7770833333333333,0.8141666666666667
147,0.75,100.0,1.1650284174829721,0.9523487530648709,0.5,31200,0,0.13766694768297574,0.23590629172727168,0.06693934472576783,-0.07072760295720791,-0.16896694700150383,0.13125,0.13125,0.13099358974358974,0.002564102564102564,0.01564102564102564,0.0,0.019536019536019536,0.11916971916971918,0.0,0.12868589743589742,0.11560897435897435,0.13099358974358974,0.9029166666666667,0.6979166666666666,0.89
148,0.65,200.0,1.0308693680912258,0.9201169595122338,0.5,31200,0,0.15157065486767013,0.24694586326818804,0.06658522528588251,-0.08498542958178762,-0.18036063798230553,0.13125,0.13131410256410256,0.13099358974358974,0.005833333333333334,0.018557692307692306,0.0,0.044444444444444446,0.14132291920917744,0.0,0.12541666666666668,0.11275641025641026,0.13099358974358974,0.9041666666666667,0.6616666666666666,0.88625
149,0.9,50.0,0.8429014541208745,1.1544651445001364,1.5,31200,0,0.11504692455798265,0.20470970586659507,0.06715550393556398,-0.047891420622418676,-0.13755420193103107,0.13102564102564102,0.13131410256410256,0.13121794871794873,0.0004487179487179487,0.010576923076923078,0.0,0.003424657534246575,0.08054674151818404,0.0,0.1305769230769231,0.12073717948717949,0.13121794871794873,0.7966666666666666,0.7770833333333333,0.8220833333333334
150,0.9,100.0,1.144912013784051,0.8495614543557167,1.0,31200,0,0.11777136159819923,0.20480213275646855,0.06741474485787406,-0.05035661674032517,-0.1373873878985945,0.13125,0.13083333333333333,0.13083333333333333,0.0001923076923076923,0.010480769230769231,0.0,0.0014652014652014652,0.0801077902988731,0.0,0.13105769230769232,0.1203525641025641,0.13083333333333333,0.8654166666666666,0.75125,0.8675
151,0.85,50.0,0.9313184775412083,1.0777115311473608,1.0,31200,0,0.12284732693636773,0.21495420702436754,0.06757857403431383,-0.055268752902053894,-0.1473756329900537,0.13115384615384615,0.13128205128205128,0.13115384615384615,0.0007051282051282052,0.010801282051282052,0.0,0.005376344086021506,0.082275390625,0.0,0.13044871794871796,0.12048076923076922,0.13115384615384615,0.84625,0.7616666666666667,0.8616666666666667
152,0.85,200.0,1.1098517876118423,1.1974360674619675,1.5,31200,0,0.1116519885581443,0.19833909782384787,0.06632327667448903,-0.04532871188365527,-0.13201582114935884,0.13131410256410256,0.13118589743589743,0.13118589743589743,3.205128205128205e-05,0.010608974358974359,0.0,0.000244081034903588,0.0808697776691913,0.0,0.13128205128205128,0.12057692307692308,0.13118589743589743,0.7795833333333333,0.7745833333333333,0.7870833333333334
153,0.95,100.0,0.9234086900949479,0.9255831521004438,1.0,31200,0,0.11344807845718427,0.19559273735966007,0.06676462706398911,-0.04668345139319516,-0.12882811029567096,0.1308974358974359,0.13099358974358974,0.13105769230769232,6.41025641025641e-05,0.010512820512820513,0.0,0.0004897159647404506,0.0802544653780279,0.0,0.13083333333333333,0.12048076923076922,0.13105769230769232,0.8579166666666667,0.76125,0.85625
154,0.9,100.0,1.0143668334931135,1.0706801533699037,0.5,31200,0,0.11443509137074805,0.19716829250431586,0.06651224480707688,-0.04792284656367117,-0.130656047697239,0.1319551282051282,0.13115384615384615,0.1310897435897436,0.0,0.010608974358974359,0.0,0.0,0.08088954056695992,0.0,0.1319551282051282,0.12054487179487179,0.1310897435897436,0.89375,0.75125,0.8808333333333334
155,0.65,50.0,0.8023713797330857,0.8050314735621215,1.5,31200,0,0.17909489944442178,0.26418924272484323,0.06756810964442125,-0.11152678980000053,-0.19662113308042198,0.13102564102564102,0.13115384615384615,0.13121794871794873,0.011282051282051283,0.017916666666666668,0.0,0.08610567514677103,0.1366080156402737,0.0,0.11974358974358974,0.11323717948717948,0.13121794871794873,0.825,0.6708333333333333,0.8416666666666667
156,0.65,100.0,0.9935265600681306,0.8725066397339106,1.5,31200,0,0.160381003068973,0.2545344779197324,0.06677718017590652,-0.09360382289306647,-0.18775729774382588,0.13128205128205128,0.13121794871794873,0.1310897435897436,0.007275641025641026,0.016826923076923076,0.0,0.055419921875,0.12823644357596484,0.0,0.12400641025641025,0.11439102564102564,0.1310897435897436,0.8195833333333333,0.6895833333333333,0.8304166666666667
157,0.9,50.0,1.1803603660315276,1.000604895502329,0.5,31200,0,0.1224759579838286,0.21404029850521314,0.06721294430149348,-0.05526301368233512,-0.14682735420371967,0.13102564102564102,0.13115384615384615,0.13096153846153846,0.00022435897435897436,0.011153846153846153,0.0,0.0017123287671232876,0.08504398826979472,0.0,0.13080128205128205,0.12,0.13096153846153846,0.8941666666666667,0.7558333333333334,0.8858333333333334
158,0.95,200.0,0.8822549104690552,0.9953166130930186,1.0,31200,0,0.10897934261450803,0.18644076980677382,0.0663098503770566,-0.04266949223745144,-0.12013091942971722,0.13137820512820514,0.13096153846153846,0.13080128205128205,3.205128205128205e-05,0.010576923076923078,0.0,0.00024396194193705782,0.08076358296622614,0.0,0.13134615384615383,0.12038461538461538,0.13080128205128205,0.8570833333333333,0.75875,0.85
159,0.75,100.0,1.0938598465174438,1.1297167606651783,1.0,31200,0,0.12799411650782427,0.21878045729444898,0.06695811246700563,-0.061036004040818645,-0.15182234482744333,0.13102564102564102,0.13115384615384615,0.1310897435897436,0.0015705128205128205,0.011217948717948718,0.0,0.011986301369863013,0.0855327468230694,0.0,0.1294551282051282,0.11993589743589744,0.1310897435897436,0.84125,0.76,0.84625
160,0.75,100.0,1.1575719699263574,1.0855176728218794,0.5,31200,0,0.1295649518817407,0.23129102499381696,0.06655315405151092,-0.06301179783022977,-0.16473787094230602,0.13105769230769232,0.1310897435897436,0.13125,0.0015064102564102564,0.014903846153846155,0.0,0.011494252873563218,0.1136919315403423,0.0,0.12955128205128205,0.11618589743589744,0.13125,0.89875,0.7091666666666666,0.88
161,0.95,50.0,0.9694201763719321,0.8386676996946335,1.5,31200,0,0.11218293229020208,0.1997006503306843,0.06708362756071685,-0.04509930472948523,-0.13261702276996745,0.13118589743589743,0.13105769230769232,0.13121794871794873,0.0,0.010480769230769231,0.0,0.0,0.07997065297138664,0.0,0.13118589743589743,0.12057692307692308,0.13121794871794873,0.8354166666666667,0.7766666666666666,0.845
162,0.9,200.0,1.0682088419795037,1.159160787984729,1.0,31200,0,0.11295066748354297,0.19931787884353022,0.066811512858563,-0.04613915462497997,-0.13250636598496723,0.13102564102564102,0.13128205128205128,0.13099358974358974,0.0,0.010544871794871794,0.0,0.0,0.080322265625,0.0,0.13102564102564102,0.12073717948717949,0.13099358974358974,0.8391666666666666,0.7641666666666667,0.8479166666666667
163,0.65,100.0,0.8547976609319449,0.9185089230537415,1.0,31200,0,0.16870073727031998,0.24135980532205836,0.0672621002809883,-0.10143863698933168,-0.17409770504107008,0.1307371794871795,0.13134615384615383,0.13128205128205128,0.008685897435897436,0.016025641025641024,0.0,0.06643785241480755,0.12201073694485115,0.0,0.12205128205128205,0.11532051282051282,0.13128205128205128,0.86375,0.7179166666666666,0.8675
164,0.65,200.0,0.9395381655544043,0.9602029599249363,0.5,31200,0,0.14025184797804194,0.24267713613500574,0.066444753260333,-0.07380709471770894,-0.17623238287467274,0.13096153846153846,0.1310897435897436,0.13105769230769232,0.00375,0.018814102564102562,0.0,0.028634361233480177,0.143520782396088,0.0,0.12721153846153846,0.11227564102564103,0.13105769230769232,0.90125,0.65625,0.88125
165,0.9,100.0,1.128080476820469,1.1133041594177486,1.5,31200,0,0.11425005037654191,0.20027136208878105,0.06698441386031596,-0.04726563651622595,-0.1332869482284651,0.13131410256410256,0.13134615384615383,0.13115384615384615,0.0,0.010480769230769231,0.0,0.0,0.07979502196193265,0.0,0.13131410256410256,0.12086538461538461,0.13115384615384615,0.7904166666666667,0.77875,0.7995833333333333
166,0.95,100.0,0.834681310877204,0.8841825313866138,1.5,31200,0,0.1085102315723141,0.18497484267523626,0.06674825708507298,-0.041761974487241116,-0.11822658559016327,0.13118589743589743,0.13137820512820514,0.13125,0.0004487179487179487,0.010576923076923078,0.0,0.0034204739799657954,0.08050744083922907,0.0,0.1307371794871795,0.12080128205128206,0.13125,0.82375,0.7641666666666667,0.835
167,0.85,50.0,1.04770178347826,1.0435794953256847,0.5,31200,0,0.12256934414667865,0.21455420652750262,0.06658991972270477,-0.055979424423973884,-0.14796428680479784,0.13150641025641024,0.13131410256410256,0.13121794871794873,0.0008653846153846154,0.011025641025641025,0.0,0.006580550816475749,0.08396387600683426,0.0,0.13064102564102564,0.12028846153846154,0.13121794871794873,0.905,0.74375,0.8820833333333333
168,0.85,200.0,0.819935991242528,1.1312728337943554,1.5,31200,0,0.10724681463244388,0.18798553613304392,0.06667476686360115,-0.04057204776884274,-0.12131076926944277,0.13134615384615383,0.13128205128205128,0.13125,0.0005448717948717948,0.010608974358974359,0.0,0.004148365056124939,0.080810546875,0.0,0.13080128205128205,0.12067307692307692,0.13125,0.7925,0.7666666666666667,0.8179166666666666
169,0.9,50.0,1.006976564973593,0.9906729329377413,0.5,31200,0,0.11965215674951318,0.20867937331477773,0.06703086251036854,-0.05262129423914465,-0.1416485108044092,0.13153846153846155,0.1307371794871795,0.13118589743589743,0.0001923076923076923,0.010608974358974359,0.0,0.0014619883040935672,0.08114734003432214,0.0,0.13134615384615383,0.12012820512820513,0.13118589743589743,0.8866666666666667,0.745,0.8804166666666666
170,0.9,100.0,0.9058445293456316,1.0115504704415799,1.0,31200,0,0.11435141329293941,0.20033967432195576,0.06721712859907832,-0.04713428469386109,-0.13312254572287746,0.13153846153846155,0.13067307692307692,0.13115384615384615,6.41025641025641e-05,0.010576923076923078,0.0,0.0004873294346978557,0.08094186902133922,0.0,0.13147435897435897,0.12009615384615385,0.13115384615384615,0.845,0.7558333333333334,0.8575
171,0.65,50.0,1.11724117025733,0.8646486777812243,1.0,31200,0,0.20830091844468676,0.262235425491786,0.06865827991917088,-0.1396426385255159,-0.19357714557261513,0.1308974358974359,0.13112179487179487,0.13118589743589743,0.013621794871794872,0.020673076923076922,0.0,0.10406464250734573,0.1576631630408213,0.0,0.11727564102564103,0.11044871794871795,0.13118589743589743,0.8691666666666666,0.6783333333333333,0.8704166666666666
172,0.65,200.0,1.0770945005118848,0.8066356118768454,1.0,31200,0,0.1685120224150884,0.23326313514072947,0.06703323255232356,-0.10147878986276483,-0.16622990258840592,0.13131410256410256,0.13128205128205128,0.1310897435897436,0.00842948717948718,0.014102564102564103,0.0,0.06419331217964364,0.107421875,0.0,0.12288461538461538,0.11717948717948717,0.1310897435897436,0.865,0.70875,0.8641666666666666
173,0.85,50.0,0.8904446590691806,1.0659868821501732,1.0,31200,0,0.12030773669006398,0.21224513195234895,0.06830464248841073,-0.05200309420165325,-0.14394048946393823,0.13150641025641024,0.13131410256410256,0.13105769230769232,0.0008974358974358974,0.010769230769230769,0.0,0.006824274920789666,0.08201122772760557,0.0,0.13060897435897437,0.12054487179487179,0.13105769230769232,0.8508333333333333,0.7729166666666667,0.8595833333333334
174,0.95,200.0,1.1971246950328351,0.9364806618541479,0.5,31200,0,0.11831433168558207,0.20319648116297692,0.0663603711070338,-0.05195396057854827,-0.13683611005594312,0.1316025641025641,0.13105769230769232,0.13105769230769232,0.0,0.010128205128205128,0.0,0.0,0.0772805086818293,0.0,0.1316025641025641,0.12092948717948718,0.13105769230769232,0.8970833333333333,0.7579166666666667,0.8908333333333334
175,0.75,100.0,0.9853375125676394,1.1896276965737345,1.5,31200,0,0.12046836827025233,0.21416960920170636,0.06644523903908515,-0.05402312923116717,-0.1477243701626212,0.1310897435897436,0.13121794871794873,0.1310897435897436,0.0015384615384615385,0.011121794871794871,0.0,0.0117359413202934,0.0847581827063996,0.0,0.12955128205128205,0.12009615384615385,0.1310897435897436,0.78625,0.75375,0.80875
176,0.75,200.0,1.0239812679588796,0.8914390977472068,1.0,31200,0,0.11825324137061519,0.21069779009986367,0.06641834212681685,-0.05183489924379833,-0.14427944797304681,0.13131410256410256,0.13118589743589743,0.13105769230769232,0.0004807692307692308,0.01064102564102564,0.0,0.00366121552355382,0.08111409723918886,0.0,0.13083333333333333,0.12054487179487179,0.13105769230769232,0.8641666666666666,0.7708333333333334,0.8608333333333333
177,0.95,100.0,0.8123797658830881,1.0320375069975853,1.0,31200,0,0.11037075784976164,0.1870544428291957,0.06664396237242527,-0.043726795477336364,-0.12041048045677043,0.13112179487179487,0.1310897435897436,0.13102564102564102,0.0002884615384615385,0.010576923076923078,0.0,0.002199951112197507,0.08068459657701711,0.0,0.13083333333333333,0.12051282051282051,0.13102564102564102,0.8475,0.7566666666666667,0.8554166666666667
178,0.85,200.0,1.100237036496401,0.9654461350291967,1.5,31200,0,0.11247914177641274,0.20308518857992985,0.06653257207259321,-0.04594656970381954,-0.13655261650733663,0.13141025641025642,0.13112179487179487,0.13121794871794873,3.205128205128205e-05,0.010608974358974359,0.0,0.00024390243902439024,0.08090931312637496,0.0,0.13137820512820514,0.12051282051282051,0.13121794871794873,0.8095833333333333,0.7675,0.8166666666666667
179,0.75,50.0,0.913400560989976,1.112346412241459,0.5,31200,0,0.13281959943101182,0.2361737516203704,0.06716374772883316,-0.06565585170217866,-0.16901000389153725,0.13076923076923078,0.13128205128205128,0.13099358974358974,0.002403846153846154,0.017371794871794872,0.0,0.01838235294117647,0.13232421875,0.0,0.1283653846153846,0.11391025641025641,0.13099358974358974,0.8841666666666667,0.6745833333333333,0.87125
180,0.65,100.0,0.8793727610260249,1.1667599134147169,0.5,31200,0,0.15341823770335117,0.247927943044867,0.06673032015841232,-0.08668791754493885,-0.1811976228864547,0.13096153846153846,0.13131410256410256,0.13102564102564102,0.006282051282051282,0.019230769230769232,0.0,0.047968673519334315,0.1464486209421528,0.0,0.12467948717948718,0.11208333333333333,0.13102564102564102,0.8941666666666667,0.6654166666666667,0.8754166666666666
181,0.9,50.0,1.0913647808134557,0.9074071515351534,1.5,31200,0,0.1172562316558551,0.2122486454527518,0.0669589157024298,-0.05029731595342529,-0.145289729750322,0.13137820512820514,0.13115384615384615,0.1309294871794872,0.0003205128205128205,0.010673076923076922,0.0,0.0024396194193705783,0.0813782991202346,0.0,0.13105769230769232,0.12048076923076922,0.1309294871794872,0.81375,0.7608333333333334,0.8316666666666667
182,0.9,200.0,0.9964092168956995,1.0904182873666288,1.5,31200,0,0.10837617217162011,0.18576049624809535,0.06644359931300925,-0.041932572858610864,-0.1193168969350861,0.13141025641025642,0.13105769230769232,0.1310897435897436,3.205128205128205e-05,0.010608974358974359,0.0,0.00024390243902439024,0.08094888725849841,0.0,0.13137820512820514,0.12044871794871795,0.1310897435897436,0.7975,0.7666666666666667,0.8091666666666667
183,0.85,50.0,1.1828549839556217,0.8372697371989489,0.5,31200,0,0.13752268790164818,0.23297496598486964,0.06782966249410191,-0.06969302540754627,-0.16514530349076773,0.13128205128205128,0.13118589743589743,0.1308653846153846,0.0021474358974358974,0.01375,0.0,0.016357421875,0.10481309552895186,0.0,0.12913461538461538,0.11743589743589744,0.1308653846153846,0.8904166666666666,0.6895833333333333,0.8820833333333333
184,0.75,100.0,0.9613513987511397,0.9378779210150242,1.0,31200,0,0.12667984795336937,0.21472960275712946,0.0672368722748259,-0.05944297567854347,-0.14749273048230355,0.13125,0.13102564102564102,0.13115384615384615,0.0020192307692307693,0.011506410256410256,0.0,0.015384615384615385,0.08781800391389433,0.0,0.12923076923076923,0.11951923076923077,0.13115384615384615,0.85875,0.7520833333333333,0.8575
185,0.95,50.0,1.1749422639608385,1.1847262594848873,1.0,31200,0,0.12284361979328953,0.20944938086262563,0.06802041311998215,-0.05482320667330738,-0.14142896774264346,0.13131410256410256,0.13134615384615383,0.1310897435897436,0.0007692307692307692,0.009775641025641026,0.0,0.005857944837686112,0.0744265495363592,0.0,0.1305448717948718,0.12157051282051282,0.1310897435897436,0.845,0.7729166666666667,0.85125
186,0.9,200.0,0.8628666263073683,0.8177382297813893,0.5,31200,0,0.11105270468351994,0.1889188721156345,0.0662483441012862,-0.044804360582233735,-0.12267052801434829,0.1309294871794872,0.1310897435897436,0.13083333333333333,3.205128205128205e-05,0.010608974358974359,0.0,0.0002447980416156671,0.08092909535452322,0.0,0.1308974358974359,0.12048076923076922,0.13083333333333333,0.89625,0.7558333333333334,0.8808333333333334
187,0.65,100.0,1.0508379727602006,1.0583884362131357,1.5,31200,0,0.16838310025038214,0.2514091524317626,0.06714696006401269,-0.10123614018636945,-0.1842621923677499,0.13115384615384615,0.13121794871794873,0.13112179487179487,0.009198717948717948,0.016923076923076923,0.0,0.0701368523949169,0.12896922325354176,0.0,0.1219551282051282,0.1142948717948718,0.13112179487179487,0.7945833333333333,0.7016666666666667,0.82125
188,0.65,200.0,1.141935193538666,1.0125090401619674,1.5,31200,0,0.16210504414449972,0.24880538048159995,0.06642611672029747,-0.09567892742420225,-0.18237926376130248,0.13121794871794873,0.13128205128205128,0.13105769230769232,0.00798076923076923,0.015865384615384615,0.0,0.06082071323888617,0.120849609375,0.0,0.1232371794871795,0.11541666666666667,0.13105769230769232,0.7920833333333334,0.6908333333333333,0.8033333333333333
189,0.85,50.0,0.9287350606173277,0.8594062060117722,0.5,31200,0,0.12112417896457538,0.21858420933730402,0.06715965854725536,-0.053964520417320014,-0.15142455079004866,0.13150641025641024,0.13096153846153846,0.1308653846153846,0.0004807692307692308,0.011346153846153846,0.0,0.0036558615647087496,0.08663729809104258,0.0,0.13102564102564102,0.11961538461538461,0.1308653846153846,0.8891666666666667,0.7175,0.87625
190,0.95,100.0,1.0338464915752412,1.1428141426295042,1.0,31200,0,0.10997273010890164,0.19061951024676177,0.06656451449507135,-0.04340821561383029,-0.12405499575169042,0.13131410256410256,0.13118589743589743,0.1308974358974359,3.205128205128205e-05,0.010320512820512821,0.0,0.000244081034903588,0.07867090153921329,0.0,0.13128205128205128,0.12086538461538461,0.1308974358974359,0.8441666666666666,0.7679166666666667,0.8520833333333333
191,0.75,50.0,0.8454846035689116,0.9834155201911927,1.0,31200,0,0.13085314522283994,0.22160396355365916,0.06761316908891037,-0.06323997613392958,-0.15399079446474878,0.13083333333333333,0.13115384615384615,0.1308974358974359,0.0025,0.012211538461538461,0.0,0.01910828025477707,0.09310850439882698,0.0,0.12833333333333333,0.1189423076923077,0.1308974358974359,0.8529166666666667,0.7416666666666667,0.8591666666666666
192,0.75,200.0,1.0430029086768628,1.1822986487299205,1.5,31200,0,0.11475960412930122,0.21044062661384066,0.06662226400279218,-0.04813734012650904,-0.14381836261104847,0.13137820512820514,0.13121794871794873,0.13115384615384615,0.0003205128205128205,0.011057692307692308,0.0,0.0024396194193705783,0.08426966292134831,0.0,0.13105769230769232,0.1201602564102564,0.13115384615384615,0.7825,0.7429166666666667,0.805
193,0.95,50.0,0.8299851167947054,0.9416971273720265,0.5,31200,0,0.11391165152484704,0.19479016926841364,0.06725255669042184,-0.04665909483442521,-0.1275376125779918,0.1310897435897436,0.13076923076923078,0.13112179487179487,0.0002884615384615385,0.010544871794871794,0.0,0.002200488997555012,0.08063725490196079,0.0,0.13080128205128205,0.12022435897435897,0.13112179487179487,0.8904166666666666,0.75,0.8783333333333333
194,0.85,200.0,1.132778023928404,1.06218337751925,1.0,31200,0,0.11644651064729224,0.19972383660916693,0.06651223851007222,-0.049934272137220015,-0.13321159809909472,0.13112179487179487,0.13121794871794873,0.13102564102564102,0.0003846153846153846,0.010576923076923078,0.0,0.0029332681495966755,0.0806057645334636,0.0,0.1307371794871795,0.12064102564102563,0.13102564102564102,0.8520833333333333,0.7629166666666667,0.8541666666666666
195,0.65,100.0,0.9442322660237551,0.8152860678732395,1.0,31200,0,0.16677637522714783,0.2396420791607804,0.06743882666343012,-0.09933754856371771,-0.17220325249735027,0.13064102564102564,0.1310897435897436,0.13105769230769232,0.007756410256410257,0.01564102564102564,0.0,0.05937193326790972,0.11931540342298289,0.0,0.12288461538461538,0.11544871794871794,0.13105769230769232,0.86875,0.6958333333333333,0.8679166666666667
196,0.65,200.0,0.859478022530675,0.8571739077568055,1.5,31200,0,0.14471860310556683,0.23861588269872777,0.06658837841047646,-0.07813022469509037,-0.1720275042882513,0.13102564102564102,0.13141025641025642,0.13112179487179487,0.006057692307692307,0.014583333333333334,0.0,0.046232876712328765,0.11097560975609756,0.0,0.12496794871794872,0.11682692307692308,0.13112179487179487,0.8158333333333333,0.7020833333333333,0.8383333333333334
197,0.9,100.0,1.072886546701193,1.0165235590189696,0.5,31200,0,0.11749849626147855,0.2025216359484408,0.06668983806724506,-0.0508086581942335,-0.13583179788119576,0.13102564102564102,0.13102564102564102,0.1310897435897436,0.0,0.010544871794871794,0.0,0.0,0.08047945205479452,0.0,0.13102564102564102,0.12048076923076922,0.1310897435897436,0.89375,0.7508333333333334,0.88
198,0.95,100.0,0.9647407609969378,0.9874057739973069,0.5,31200,0,0.115241011400164,0.1978197671788093,0.06686971692587391,-0.04837129447429009,-0.13095005025293538,0.1310897435897436,0.13125,0.1305769230769231,0.0,0.010544871794871794,0.0,0.0,0.08034188034188035,0.0,0.1310897435897436,0.1207051282051282,0.1305769230769231,0.8920833333333333,0.76,0.8745833333333334
199,0.85,50.0,1.1528959773480894,1.1405572932213546,1.5,31200,0,0.12249982171969089,0.22235990897529048,0.06709706368836142,-0.05540275803132946,-0.15526284528692907,0.13118589743589743,0.13121794871794873,0.13076923076923078,0.001153846153846154,0.011634615384615384,0.0,0.008795504519912045,0.08866634098680996,0.0,0.13003205128205128,0.11958333333333333,0.13076923076923078,0.7916666666666666,0.75375,0.8083333333333333
200,0.85,200.0,0.9806602444499731,1.034492613375187,0.5,31200,0,0.11511164880153914,0.20376934160236163,0.06632614096835372,-0.048785507833185415,-0.1374432006340079,0.13112179487179487,0.13112179487179487,0.13128205128205128,0.0,0.010608974358974359,0.0,0.0,0.08090931312637496,0.0,0.13112179487179487,0.12051282051282051,0.13128205128205128,0.895,0.7525,0.8825
201,0.9,100.0,1.1924439802765847,0.8876412119716406,1.5,31200,0,0.11775313677263614,0.2074260618145636,0.06663980398996293,-0.051113332782673215,-0.1407862578246007,0.1310897435897436,0.13099358974358974,0.1310897435897436,3.205128205128205e-05,0.010544871794871794,0.0,0.00024449877750611245,0.08049914362613164,0.0,0.13105769230769232,0.12044871794871795,0.1310897435897436,0.8141666666666667,0.7575,0.8304166666666667
202,0.9,200.0,0.895120969042182,1.1085240706801416,1.0,31200,0,0.10868961995148148,0.18744473686616123,0.0664685270192699,-0.042221092932211574,-0.12097620984689132,0.1310897435897436,0.1309294871794872,0.1309294871794872,3.205128205128205e-05,0.010608974358974359,0.0,0.00024449877750611245,0.0810281517747858,0.0,0.13105769230769232,0.12032051282051281,0.1309294871794872,0.8458333333333333,0.7591666666666667,0.85
203,0.65,50.0,1.081773491203785,0.9678768809884787,1.0,31200,0,0.1913148468784355,0.25334777807164033,0.06770039069232901,-0.12361445618610649,-0.1856473873793113,0.13112179487179487,0.13080128205128205,0.13099358974358974,0.011666666666666667,0.01919871794871795,0.0,0.08897580053776583,0.14677775055133546,0.0,0.1194551282051282,0.1116025641025641,0.13099358974358974,0.8491666666666666,0.6833333333333333,0.8604166666666667
204,0.75,100.0,1.1219369515776636,0.9096669454127551,0.5,31200,0,0.1315867594485205,0.2312107196761392,0.06632839481429564,-0.06525836463422485,-0.16488232486184357,0.13169871794871796,0.13157051282051282,0.13076923076923078,0.0020833333333333333,0.015352564102564102,0.0,0.015818934047213434,0.11668696711327649,0.0,0.1296153846153846,0.11621794871794872,0.13076923076923078,0.9075,0.6895833333333333,0.8820833333333333
205,0.85,50.0,0.9105437334626914,1.1627667151391508,1.0,31200,0,0.12146661532026348,0.21921671257769176,0.06765573875524715,-0.05381087656501633,-0.1515609738224446,0.13083333333333333,0.13125,0.13137820512820514,0.0005448717948717948,0.010961538461538462,0.0,0.004164625183733464,0.08351648351648351,0.0,0.13028846153846155,0.12028846153846154,0.13137820512820514,0.8308333333333333,0.75625,0.8483333333333334
206,0.95,200.0,1.0022821232676506,0.8332520831376314,1.5,31200,0,0.10893442952228326,0.18872370849010808,0.06635519755429391,-0.04257923196798935,-0.12236851093581418,0.13118589743589743,0.13134615384615383,0.13118589743589743,3.205128205128205e-05,0.010512820512820513,0.0,0.0002443195699975568,0.08003904343582235,0.0,0.13115384615384615,0.12083333333333333,0.13118589743589743,0.8258333333333333,0.7716666666666666,0.83125
207,0.75,50.0,0.815238892659545,1.0926537208259106,0.5,31200,0,0.127139401376988,0.23234172864252958,0.06684726072344228,-0.060292140653545725,-0.16549446791908728,0.13048076923076923,0.1310897435897436,0.13115384615384615,0.0015064102564102564,0.015737179487179488,0.0,0.011545074920167035,0.12004889975550122,0.0,0.12897435897435897,0.1153525641025641,0.13115384615384615,0.8891666666666667,0.6725,0.8783333333333333
208,0.75,200.0,1.175024998188019,0.9884130734950305,1.0,31200,0,0.12355843439514005,0.21842773189485012,0.06657474093253107,-0.05698369346260898,-0.15185299096231905,0.1310897435897436,0.13125,0.13115384615384615,0.001314102564102564,0.011410256410256411,0.0,0.010024449877750611,0.08693528693528693,0.0,0.12977564102564101,0.11983974358974359,0.13115384615384615,0.8533333333333334,0.7629166666666667,0.8545833333333334
209,0.95,50.0,0.9885819148272277,1.135266085714102,1.0,31200,0,0.11622095159564715,0.20495705017560695,0.06821841495405763,-0.048002536641589516,-0.13673863522154933,0.13105769230769232,0.13067307692307692,0.13102564102564102,3.205128205128205e-05,0.010384615384615384,0.0,0.00024455857177794083,0.07947019867549669,0.0,0.13102564102564102,0.12028846153846154,0.13102564102564102,0.8425,0.7604166666666666,0.8454166666666667
210,0.85,100.0,1.099193423986435,0.8686663020402193,0.5,31200,0,0.1194791334316372,0.2087350642993055,0.06685236573710121,-0.05262676769453599,-0.14188269856220428,0.1308653846153846,0.13134615384615383,0.1309294871794872,0.00022435897435897436,0.010865384615384615,0.0,0.0017144256674014205,0.08272327964860908,0.0,0.13064102564102564,0.12048076923076922,0.1309294871794872,0.8895833333333333,0.7333333333333333,0.8891666666666667
211,0.65,50.0,0.8871979605406524,1.0093150787055494,1.5,31200,0,0.17645256057396214,0.26529790611992066,0.06714876323469575,-0.10930379733926639,-0.1981491428852249,0.1308974358974359,0.13118589743589743,0.13096153846153846,0.01044871794871795,0.019455128205128205,0.0,0.07982370225269343,0.148301978988517,0.0,0.12044871794871795,0.11173076923076923,0.13096153846153846,0.805,0.6795833333333333,0.8279166666666666
212,0.65,200.0,0.9211998265236616,1.0635317102074624,1.5,31200,0,0.14813506856307065,0.2385946227775594,0.06700385842785365,-0.081131210135217,-0.17159076434970577,0.13083333333333333,0.13134615384615383,0.13128205128205128,0.005993589743589743,0.013653846153846154,0.0,0.045810877021068105,0.10395314787701318,0.0,0.12483974358974359,0.1176923076923077,0.13128205128205128,0.79,0.7020833333333333,0.8141666666666667
213,0.9,50.0,1.1080336421728134,0.8104335512965918,0.5,31200,0,0.11918129568672409,0.20986017050753608,0.06678272596317228,-0.05239856972355181,-0.1430774445443638,0.13118589743589743,0.13125,0.13083333333333333,0.0003846153846153846,0.010737179487179487,0.0,0.0029318348399706815,0.08180708180708181,0.0,0.13080128205128205,0.12051282051282051,0.13083333333333333,0.89875,0.74875,0.8779166666666667
214,0.9,200.0,0.8045814614742994,1.1934500083327295,0.5,31200,0,0.10909753427232342,0.18495810342288285,0.06619599511547603,-0.0429015391568474,-0.11876210830740683,0.13105769230769232,0.13083333333333333,0.13121794871794873,6.41025641025641e-05,0.010608974358974359,0.0,0.0004891171435558817,0.08108770210681039,0.0,0.13099358974358974,0.12022435897435897,0.13121794871794873,0.885,0.75,0.8783333333333333
215,0.85,100.0,1.016186383366585,0.9340499576181174,1.5,31200,0,0.11300893256405135,0.20216565189155944,0.06696187422719815,-0.0460470583368532,-0.13520377766436129,0.1310897435897436,0.13083333333333333,0.13105769230769232,9.615384615384615e-05,0.01064102564102564,0.0,0.0007334963325183374,0.08133268005879471,0.0,0.13099358974358974,0.1201923076923077,0.13105769230769232,0.8108333333333333,0.7545833333333334,0.8254166666666667
216,0.85,100.0,0.8376884434372187,0.8409001231193542,1.0,31200,0,0.11499875085845716,0.20125552144797287,0.06753698851570505,-0.04746176234275211,-0.13371853293226782,0.13105769230769232,0.13096153846153846,0.1310897435897436,0.0001282051282051282,0.010608974358974359,0.0,0.0009782342871117633,0.08100832109642682,0.0,0.1309294871794872,0.1203525641025641,0.1310897435897436,0.8591666666666666,0.7479166666666667,0.86
217,0.95,50.0,1.0260468877851965,1.0815030168741941,1.0,31200,0,0.11622676294642421,0.20146813454069695,0.0673316007389624,-0.04889516220746182,-0.13413653380173457,0.1307371794871795,0.13102564102564102,0.13128205128205128,6.41025641025641e-05,0.010224358974358975,0.0,0.0004903162539838195,0.07803326810176126,0.0,0.13067307692307692,0.12080128205128206,0.13128205128205128,0.84625,0.77375,0.8541666666666666
218,0.9,200.0,0.9365302715450525,0.9145188301801682,1.5,31200,0,0.10920630406562608,0.18786506841494474,0.06604064046897426,-0.04316566359665182,-0.12182442794597048,0.13112179487179487,0.13112179487179487,0.1310897435897436,3.205128205128205e-05,0.010608974358974359,0.0,0.0002444390124663896,0.08090931312637496,0.0,0.1310897435897436,0.12051282051282051,0.1310897435897436,0.81875,0.7670833333333333,0.83
219,0.65,50.0,1.1497330881655217,1.1614174883812667,0.5,31200,0,0.20550733008603012,0.28635316136544253,0.0670881088197897,-0.1384192212662404,-0.21926505254565282,0.1308974358974359,0.13131410256410256,0.13067307692307692,0.013461538461538462,0.02798076923076923,0.0,0.10284035259549461,0.2130827434708323,0.0,0.11743589743589744,0.10333333333333333,0.13067307692307692,0.88875,0.5754166666666667,0.8720833333333333
220,0.65,200.0,1.0586648531258107,1.1157318953424693,0.5,31200,0,0.16109818494436734,0.24829684933818608,0.06647391407320298,-0.09462427087116436,-0.1818229352649831,0.13102564102564102,0.13134615384615383,0.1310897435897436,0.0071794871794871795,0.019358974358974358,0.0,0.0547945205479452,0.1473889702293802,0.0,0.12384615384615384,0.11198717948717948,0.1310897435897436,0.8995833333333333,0.6554166666666666,0.8804166666666666
221,0.9,100.0,0.8706969264894724,0.9563836164772511,1.5,31200,0,0.11038399875743495,0.19442893190562185,0.06714531521547794,-0.04323868354195701,-0.12728361669014393,0.1310897435897436,0.13121794871794873,0.13112179487179487,0.0001923076923076923,0.010576923076923078,0.0,0.001466992665036675,0.0806057645334636,0.0,0.1308974358974359,0.12064102564102563,0.13112179487179487,0.81625,0.7779166666666667,0.8304166666666667
222,0.95,100.0,1.167116714268923,1.0397847149521113,1.0,31200,0,0.11835982579144949,0.2020651029696589,0.06739850706381612,-0.050961318727633376,-0.1346665959058428,0.13153846153846155,0.1310897435897436,0.13099358974358974,0.0,0.009935897435897435,0.0,0.0,0.07579462102689487,0.0,0.13153846153846155,0.12115384615384615,0.13099358974358974,0.8579166666666667,0.7616666666666667,0.8529166666666667
223,0.75,50.0,0.9535231892019511,0.8866345442831517,1.0,31200,0,0.13661445395531205,0.23320755655138775,0.06767823218322806,-0.06893622177208399,-0.1655293243681597,0.13118589743589743,0.1309294871794872,0.13099358974358974,0.0028846153846153848,0.012435897435897436,0.0,0.021988761299780113,0.09498164014687882,0.0,0.12830128205128205,0.11849358974358974,0.13099358974358974,0.8670833333333333,0.7345833333333334,0.8670833333333333
224,0.75,200.0,0.8914571158587933,0.9293809961527586,1.5,31200,0,0.11434625430857667,0.211869062902904,0.06641627336533562,-0.04792998094324105,-0.14545278953756838,0.13105769230769232,0.13128205128205128,0.13125,0.0007371794871794872,0.010961538461538462,0.0,0.005624847150892639,0.08349609375,0.0,0.13032051282051282,0.12032051282051281,0.13125,0.8158333333333333,0.75625,0.8291666666666667
225,0.95,100.0,1.0784976769238712,1.1949809908866884,0.5,31200,0,0.11694513755132281,0.20113456895281495,0.0665819824841732,-0.05036315506714961,-0.13455258646864177,0.1307051282051282,0.1309294871794872,0.13118589743589743,0.0,0.010352564102564103,0.0,0.0,0.07906976744186046,0.0,0.1307051282051282,0.12057692307692308,0.13118589743589743,0.88875,0.76125,0.8820833333333333
226,0.9,200.0,0.9843236021697521,0.8026006739586592,0.5,31200,0,0.11575746859550065,0.2013710140616343,0.06617048902332605,-0.0495869795721746,-0.13520052503830826,0.13115384615384615,0.1309294871794872,0.13105769230769232,0.0,0.010608974358974359,0.0,0.0,0.0810281517747858,0.0,0.13115384615384615,0.12032051282051281,0.13105769230769232,0.9029166666666667,0.7545833333333334,0.8854166666666666
227,0.65,50.0,1.1957202542573215,1.0745025604963303,1.5,31200,0,0.22314839412948947,0.28571020474676634,0.06803309194309778,-0.1551153021863917,-0.21767711280366855,0.13083333333333333,0.1308653846153846,0.13128205128205128,0.01730769230769231,0.02403846153846154,0.0,0.13228809407153355,0.18368846436443792,0.0,0.11352564102564103,0.10682692307692308,0.13128205128205128,0.7845833333333333,0.6358333333333334,0.81625
228,0.65,100.0,1.0111155707389117,1.0045980520546438,1.0,31200,0,0.16544879037860363,0.22585257345608423,0.06667216806990563,-0.098776622308698,-0.15918040538617861,0.13099358974358974,0.1310897435897436,0.13121794871794873,0.008365384615384615,0.014487179487179487,0.0,0.06386102275507707,0.11051344743276284,0.0,0.12262820512820513,0.1166025641025641,0.13121794871794873,0.8495833333333334,0.7104166666666667,0.8620833333333333
229,0.9,50.0,0.8244657181203365,0.8702468756586313,1.0,31200,0,0.1164550087333648,0.20310549059623323,0.06906470515604193,-0.047390303577322865,-0.1340407854401913,0.1310897435897436,0.1309294871794872,0.13115384615384615,0.0002884615384615385,0.010608974358974359,0.0,0.002200488997555012,0.0810281517747858,0.0,0.13080128205128205,0.12032051282051281,0.13115384615384615,0.86125,0.7633333333333333,0.8654166666666666
230,0.95,200.0,1.1131038088351488,1.1274812735617161,0.5,31200,0,0.11579969405395324,0.20037033030227508,0.06669346777270727,-0.049106226281245974,-0.1336768625295678,0.13125,0.13125,0.13099358974358974,0.0,0.010128205128205128,0.0,0.0,0.07716727716727717,0.0,0.13125,0.12112179487179488,0.13099358974358974,0.8920833333333333,0.7679166666666667,0.8858333333333334
231,0.85,100.0,0.9013166390359402,0.9993343327194453,1.5,31200,0,0.11224455847388054,0.2016000178607888,0.06697504972821433,-0.04526950874566621,-0.13462496813257446,0.1314423076923077,0.13067307692307692,0.13112179487179487,0.0004487179487179487,0.01064102564102564,0.0,0.003413801511826384,0.08143242580328673,0.0,0.13099358974358974,0.12003205128205129,0.13112179487179487,0.8083333333333333,0.765,0.825
232,0.85,200.0,1.1290195968002081,0.8757157050073148,0.5,31200,0,0.11611245059063398,0.20638284441130836,0.06651785562964654,-0.049594594960987434,-0.13986498878166181,0.13064102564102564,0.13137820512820514,0.1308974358974359,0.0,0.01064102564102564,0.0,0.0,0.0809953647231032,0.0,0.13064102564102564,0.12073717948717949,0.1308974358974359,0.9004166666666666,0.7520833333333333,0.8895833333333333
233,0.9,50.0,0.9408678129315377,1.0475655812770128,1.5,31200,0,0.11479483098447467,0.203492211801578,0.06703332827615073,-0.04776150270832394,-0.1364588835254273,0.13153846153846155,0.13131410256410256,0.13121794871794873,0.0004166666666666667,0.01064102564102564,0.0,0.003167641325536062,0.08103490358799122,0.0,0.13112179487179487,0.12067307692307692,0.13121794871794873,0.80625,0.7679166666666667,0.8283333333333334
234,0.9,200.0,1.0467610206454994,0.9548008613288403,1.0,31200,0,0.11286653330345009,0.19721356721436933,0.06659496329898523,-0.04627157000446486,-0.1306186039153841,0.13096153846153846,0.1310897435897436,0.13121794871794873,0.0,0.010576923076923078,0.0,0.0,0.08068459657701711,0.0,0.13096153846153846,0.12051282051282051,0.13121794871794873,0.8545833333333334,0.7633333333333333,0.8670833333333333
235,0.65,100.0,0.8333498254418373,1.1204526294022799,0.5,31200,0,0.1438835413116414,0.24241558562298507,0.06624066098675858,-0.07764288032488283,-0.17617492463622647,0.13099358974358974,0.13099358974358974,0.13096153846153846,0.00467948717948718,0.018237179487179487,0.0,0.03572302422314656,0.1392219231710301,0.0,0.12631410256410255,0.11275641025641026,0.13096153846153846,0.89625,0.6454166666666666,0.8741666666666666
236,0.75,200.0,0.9734858438372612,1.1504505839198829,1.0,31200,0,0.11325037501987384,0.20406568280392828,0.06616812384436734,-0.047082251175506504,-0.13789755895956096,0.1308974358974359,0.13137820512820514,0.1309294871794872,0.0003846153846153846,0.010737179487179487,0.0,0.002938295788442703,0.08172725054891437,0.0,0.1305128205128205,0.12064102564102563,0.1309294871794872,0.8416666666666667,0.7729166666666667,0.84625
237,0.85,50.0,1.162028169259429,0.922349287569523,1.0,31200,0,0.12776038636336498,0.224089205795717,0.06744993728000297,-0.060310449083362014,-0.15663926851571403,0.13150641025641024,0.13147435897435897,0.13121794871794873,0.0007692307692307692,0.011153846153846153,0.0,0.005849378503534,0.0848366650414432,0.0,0.1307371794871795,0.12032051282051281,0.13121794871794873,0.86375,0.7570833333333333,0.8725
238,0.95,100.0,0.850733445584774,1.0799683269113303,1.5,31200,0,0.10992597445918431,0.18889329426845686,0.06682501578380186,-0.04310095867538245,-0.122068278484655,0.13112179487179487,0.13096153846153846,0.13121794871794873,0.0004807692307692308,0.01064102564102564,0.0,0.0036665851869958446,0.08125305922662751,0.0,0.13064102564102564,0.12032051282051281,0.13121794871794873,0.7979166666666667,0.7695833333333333,0.82375
239,0.75,50.0,1.0637539085000753,0.8455712661147118,0.5,31200,0,0.13806358431744417,0.23530793535456115,0.06715604243666082,-0.07090754188078335,-0.16815189291790034,0.1309294871794872,0.13128205128205128,0.1310897435897436,0.002596153846153846,0.01580128205128205,0.0,0.019828641370869034,0.120361328125,0.0,0.12833333333333333,0.11548076923076923,0.1310897435897436,0.9045833333333333,0.6945833333333333,0.8841666666666667
240,0.75,100.0,0.9266225159168244,1.1483619417995214,1.5,31200,0,0.11600800192601644,0.21957513344010923,0.0670390961482553,-0.04896890577776114,-0.15253603729185394,0.13125,0.13112179487179487,0.13102564102564102,0.0007051282051282052,0.011891025641025642,0.0,0.005372405372405372,0.09068687362503056,0.0,0.1305448717948718,0.11923076923076924,0.13102564102564102,0.7870833333333334,0.7433333333333333,0.8154166666666667
241,0.95,50.0,1.1402133714407683,0.9765135064721108,0.5,31200,0,0.12105305444949718,0.20987794320090652,0.06745790248998221,-0.053595151959514975,-0.14242004071092432,0.13128205128205128,0.1310897435897436,0.1310897435897436,0.0001282051282051282,0.010256410256410256,0.0,0.0009765625,0.07823960880195599,0.0,0.13115384615384615,0.12083333333333333,0.1310897435897436,0.8854166666666666,0.7529166666666667,0.8804166666666666
242,0.85,200.0,0.8475956916809082,1.0212176974862814,0.5,31200,0,0.11179046155118733,0.19094136887951677,0.06645903730390039,-0.045331424247286936,-0.12448233157561638,0.1308653846153846,0.13102564102564102,0.1309294871794872,3.205128205128205e-05,0.010608974358974359,0.0,0.0002449179524859172,0.08096868884540118,0.0,0.13083333333333333,0.12041666666666667,0.1309294871794872,0.8958333333333334,0.7533333333333333,0.8775
243,0.75,50.0,1.0355670522898437,0.8555673941969872,1.5,31200,0,0.1372092444411374,0.23861785345755576,0.0669150483967767,-0.07029419604436071,-0.17170280506077906,0.13102564102564102,0.13121794871794873,0.13121794871794873,0.0034615384615384616,0.013525641025641025,0.0,0.026418786692759294,0.10307767464582315,0.0,0.12756410256410255,0.1176923076923077,0.13121794871794873,0.8166666666666667,0.7304166666666667,0.8375
244,0.65,200.0,1.1697062712162734,0.8231387816369534,1.5,31200,0,0.1691243792970262,0.2568217285896746,0.06621178876920897,-0.10291259052781723,-0.19060993982046565,0.13112179487179487,0.1308653846153846,0.1310897435897436,0.008846153846153846,0.017628205128205128,0.0,0.06746516744072353,0.13470487386725447,0.0,0.12227564102564102,0.11323717948717948,0.1310897435897436,0.81875,0.6870833333333334,0.8225
245,0.9,100.0,0.9565061241388322,1.0512415189296007,0.5,31200,0,0.11626803713229607,0.19860231650267893,0.0671200068479201,-0.04914803028437596,-0.13148230965475882,0.13099358974358974,0.13096153846153846,0.13115384615384615,0.0,0.010608974358974359,0.0,0.0,0.08100832109642682,0.0,0.13099358974358974,0.1203525641025641,0.13115384615384615,0.8825,0.74,0.87625
246,0.95,200.0,1.0560756128281357,0.9463432006537915,1.0,31200,0,0.11198335304110521,0.19177424686716224,0.06689165000449251,-0.045091703036612696,-0.12488259686266973,0.1310897435897436,0.13128205128205128,0.13128205128205128,0.0,0.010192307692307691,0.0,0.0,0.07763671875,0.0,0.1310897435897436,0.12108974358974359,0.13128205128205128,0.86125,0.76375,0.8658333333333333
247,0.85,50.0,0.8677137345075607,1.1807417262345554,1.0,31200,0,0.11859490202904927,0.20960684642009936,0.06859314443009026,-0.050001757598959,-0.1410137019900091,0.1310897435897436,0.13118589743589743,0.13112179487179487,0.0005448717948717948,0.010705128205128206,0.0,0.004156479217603912,0.08160273637918397,0.0,0.1305448717948718,0.12048076923076922,0.13112179487179487,0.8433333333333334,0.7641666666666667,0.8516666666666667
248,0.75,200.0,1.0891788993030787,1.0942082472145558,1.0,31200,0,0.11842265642216745,0.213218297838181,0.06664957606099184,-0.051773080361175616,-0.14656872177718916,0.1310897435897436,0.13137820512820514,0.13112179487179487,0.000608974358974359,0.01108974358974359,0.0,0.004645476772616137,0.084410831910222,0.0,0.13048076923076923,0.12028846153846154,0.13112179487179487,0.8483333333333334,0.7629166666666667,0.8495833333333334
249,0.95,100.0,0.8775774098932744,0.8286099318414927,1.5,31200,0,0.10730093305736103,0.18373054287166127,0.06627750912999124,-0.041023423927369795,-0.11745303374167003,0.13134615384615383,0.13157051282051282,0.13125,0.0001923076923076923,0.010608974358974359,0.0,0.0014641288433382138,0.08063337393422655,0.0,0.13115384615384615,0.12096153846153847,0.13125,0.8225,0.76875,0.8425
250,0.9,100.0,1.1850392196327448,1.1737107314169408,1.5,31200,0,0.11496454999439669,0.20488219897261498,0.0663979426952164,-0.04856660729918029,-0.13848425627739858,0.13080128205128205,0.1309294871794872,0.13131410256410256,9.615384615384615e-05,0.01044871794871795,0.0,0.0007351139426611125,0.07980416156670747,0.0,0.1307051282051282,0.12048076923076922,0.13131410256410256,0.7825,0.77375,0.7925
251,0.65,50.0,0.998202732950449,0.9018105480819941,0.5,31200,0,0.1828116307199906,0.2683897560720875,0.06715286096888715,-0.11565876975110345,-0.20123689510320034,0.13112179487179487,0.13147435897435897,0.13076923076923078,0.01044871794871795,0.024615384615384615,0.0,0.07968711806404302,0.18722574353973673,0.0,0.12067307692307692,0.10685897435897436,0.13076923076923078,0.9054166666666666,0.6133333333333333,0.8783333333333333
252,0.65,100.0,0.8070704348385335,0.9694794725626708,0.5,31200,0,0.1567619326295641,0.2493456353147652,0.06643165620952918,-0.09033027642003491,-0.18291397910523602,0.13112179487179487,0.13096153846153846,0.13099358974358974,0.007051282051282051,0.018044871794871794,0.0,0.05377658274260572,0.1377875673029858,0.0,0.12407051282051282,0.11291666666666667,0.13099358974358974,0.90375,0.6625,0.8741666666666666
253,0.85,50.0,1.0190624658018352,1.1038323283195497,1.5,31200,0,0.11818949602435093,0.217683606507672,0.06729792020205394,-0.05089157582229699,-0.15038568630561805,0.13141025641025642,0.13118589743589743,0.13096153846153846,0.000576923076923077,0.011217948717948718,0.0,0.004390243902439025,0.08551184949914488,0.0,0.13083333333333333,0.11996794871794872,0.13096153846153846,0.8008333333333333,0.7695833333333333,0.8166666666666667
254,0.95,200.0,0.9187113471329212,0.8985371630638839,1.0,31200,0,0.11162084483480711,0.19074226333983865,0.06673203850621655,-0.04488880632859056,-0.1240102248336221,0.13096153846153846,0.13096153846153846,0.1310897435897436,3.205128205128205e-05,0.010480769230769231,0.0,0.0002447381302006853,0.08002936857562408,0.0,0.1309294871794872,0.12048076923076922,0.1310897435897436,0.855,0.7558333333333334,0.8554166666666667
255,0.75,100.0,1.1051571015268564,1.0266858071088791,1.0,31200,0,0.12772283718767752,0.2171125198941757,0.06701580242097412,-0.0607070347667034,-0.15009671747320158,0.1310897435897436,0.13112179487179487,0.1308974358974359,0.0016346153846153845,0.011346153846153846,0.0,0.012469437652811735,0.08653141041310193,0.0,0.1294551282051282,0.11977564102564102,0.1308974358974359,0.8466666666666667,0.7416666666666667,0.8583333333333333
