event_id,episode_id,window,physical_view_id,source_frame,image,image_bytes,image_sha256
000125_01,000125,early,exo_view,207,images/000125_01_early_exo_view.jpg,50181,62b725aba124fbce1d9ddadecfb8c0d0999be86b0dc0be1547702e9f55b00e5f
000125_01,000125,ready,exo_view,245,images/000125_01_ready_exo_view.jpg,50510,7b93a3a02a0530e71d9e0b1c3462a2170fdeaae4a9f32157cdec9588cf50e789
000125_02,000125,early,exo_view,435,images/000125_02_early_exo_view.jpg,51392,7d6a3fcde33c9ed8c8a7dbc87cddae4d1355f4c1ac700f2b923047a66dae9dcc
000125_02,000125,ready,exo_view,471,images/000125_02_ready_exo_view.jpg,50104,4bbf0dc97872034637b5a04f2d424ca876194a03b89405ccffa77a7e181ad036
000125_01,000125,early,front_view,207,images/000125_01_early_front_view.jpg,50870,b2060e38e7b0b73763734521630af2dacb3bf3fac050fb0b20b73906090fbbaa
000125_01,000125,ready,front_view,245,images/000125_01_ready_front_view.jpg,50710,77449c94317927cc313b13ec7f9d1e788dc4571d34f4e1ec02185b0220a009a7
000125_02,000125,early,front_view,435,images/000125_02_early_front_view.jpg,53047,1547b498f2a9d1100316e612c75d764088996a0ba83f871c9584bcc4be851374
000125_02,000125,ready,front_view,471,images/000125_02_ready_front_view.jpg,51796,d0c4b085e02230b4dbd663c5d1b2f9bf3ad8c6e817b93d841b86ea3d8254410e
000125_01,000125,early,human_front_view,207,images/000125_01_early_human_front_view.jpg,67430,89ce3a19ca35ecba4a70c1b26c76c5e0c1c267fa39ad261232531ef17f2b2a3f
000125_01,000125,ready,human_front_view,245,images/000125_01_ready_human_front_view.jpg,76126,cffd6cb4c0848bc51b10d056891666e749ecfae9f89ac5c7dbe9827eddbc9485
000125_02,000125,early,human_front_view,435,images/000125_02_early_human_front_view.jpg,62162,e20f343851ffd37e943b774e863143a4c56bfc5e528b118d90ca182c6a946795
000125_02,000125,ready,human_front_view,471,images/000125_02_ready_human_front_view.jpg,73535,f917287679b776bec010dd4bebe6a989f8e452f6f9a00473d99bcfa8df9dc241
000125_01,000125,early,left_wrist_view,207,images/000125_01_early_left_wrist_view.jpg,36054,186b3085bd716efb547b6aa84e54f241e1d77a75fccc006f51dc1fe7281954bc
000125_01,000125,ready,left_wrist_view,245,images/000125_01_ready_left_wrist_view.jpg,34511,8cd6431dab42e4740b8c4508233778d87dedf85259c33b5bdc3f617e2afaeadd
000125_02,000125,early,left_wrist_view,435,images/000125_02_early_left_wrist_view.jpg,35636,1f5907891a0f6c340698a28a375da85ab805098f5f6094c1b78a69f4268130ef
000125_02,000125,ready,left_wrist_view,471,images/000125_02_ready_left_wrist_view.jpg,41241,4391858e296d0175fb701e431f537d59b8c42172ce107ec69171fd264498c9de
000125_01,000125,early,right_wrist_view,207,images/000125_01_early_right_wrist_view.jpg,41843,1391030bf0f71c7afcafcc673abe8222a39652e32bcd81c8f2840c1bf78fc5e5
000125_01,000125,ready,right_wrist_view,245,images/000125_01_ready_right_wrist_view.jpg,48334,b38656951737ebdddd23556c4fb798b1182b199dce530adb28a15ead888da515
000125_02,000125,early,right_wrist_view,435,images/000125_02_early_right_wrist_view.jpg,35998,d73667f99a8b6ac3e0f6c6095d51988966776d3d44773f531899645d6e2d0c44
000125_02,000125,ready,right_wrist_view,471,images/000125_02_ready_right_wrist_view.jpg,36140,6dfdffa9c6c6988ff00d7ac7909f64b00b9cc56315b0d066b8fa1991cdd6234a
000139_01,000139,early,exo_view,196,images/000139_01_early_exo_view.jpg,50259,2e3a7a882c1ead140f2cbd7184a0a44fa44e756391afe5672e684aa196359b32
000139_01,000139,ready,exo_view,227,images/000139_01_ready_exo_view.jpg,50132,b0eb8b00ecf01bd41e00f92418ebba1528c859a63738e37c9b83954c4e08026d
000139_02,000139,early,exo_view,409,images/000139_02_early_exo_view.jpg,51118,1794b4e49fa16b784f669daa34a8283ad0bf9006ac54a9feea8d9724b448f70d
000139_02,000139,ready,exo_view,444,images/000139_02_ready_exo_view.jpg,50631,ea52626128341e326b22a14de9e997041986de615017f73acc78afab32478f5e
000139_01,000139,early,front_view,196,images/000139_01_early_front_view.jpg,54361,be8124884b9df8c419fb30a572fef3c411cb669fdfa89765952991b07c3d731c
000139_01,000139,ready,front_view,227,images/000139_01_ready_front_view.jpg,50418,f2cbccf86a7314d2591f6748ab1728a154a99b3e0808dd8a3ad560173ce901cb
000139_02,000139,early,front_view,409,images/000139_02_early_front_view.jpg,55452,a50584afdee6466a0ed9c928004b7eb472e23c245b57afb22b194e3f4c66bf45
000139_02,000139,ready,front_view,444,images/000139_02_ready_front_view.jpg,52715,545d913a245c3ac2cd29f106d371bed74a5532d8d7d307a5d9f06f668e2ea30c
000139_01,000139,early,human_front_view,196,images/000139_01_early_human_front_view.jpg,51952,d71d642bed7d304ce8503321d3cbe45fb6bf263534133efa414aab2d57d67351
000139_01,000139,ready,human_front_view,227,images/000139_01_ready_human_front_view.jpg,75233,7f14b7d223f0bb7daf7b5ce243baa76206f9c6c5c3e9ceaf16ca3e461bfa2b2a
000139_02,000139,early,human_front_view,409,images/000139_02_early_human_front_view.jpg,46309,325eb3380ea1a89cf3ca8b2a55c13da58fddb9c0591d10f766ed70874ed68c41
000139_02,000139,ready,human_front_view,444,images/000139_02_ready_human_front_view.jpg,70290,20a91d0314d7bde3e322099b9e6120c93512ddd49c6d7c88dc1f32a8089a0e4b
000139_01,000139,early,left_wrist_view,196,images/000139_01_early_left_wrist_view.jpg,33737,25ee1e016c6a71a91abdfc90d8c6756a0c10772b8102d7aa34e849e7326bfb2d
000139_01,000139,ready,left_wrist_view,227,images/000139_01_ready_left_wrist_view.jpg,34267,feb9ac3704634d026427cabe31855d17cf7c7a87491cd90e57a765fd2e3e7277
000139_02,000139,early,left_wrist_view,409,images/000139_02_early_left_wrist_view.jpg,35243,6ae17e4d28438cac1d78c0c2cdbf0e3173601069ffd64eb4655157678d82bcf0
000139_02,000139,ready,left_wrist_view,444,images/000139_02_ready_left_wrist_view.jpg,38015,4dac52356cf024c246af41961304e49bf88d6dc90828380eb053526d67136b06
000139_01,000139,early,right_wrist_view,196,images/000139_01_early_right_wrist_view.jpg,42826,8a2bb51fdde48624728d286564e74e6d0ac565bd38cf71ce54753c2827ede6db
000139_01,000139,ready,right_wrist_view,227,images/000139_01_ready_right_wrist_view.jpg,47558,d187806c9156c2aaad365463d27959291a7e8221920f1def9bdeadc58a13a283
000139_02,000139,early,right_wrist_view,409,images/000139_02_early_right_wrist_view.jpg,37427,69a044e189793d663e43c80a5e6ff7ab701589ac2947539140ee9b89e2de4e10
000139_02,000139,ready,right_wrist_view,444,images/000139_02_ready_right_wrist_view.jpg,40475,d25c135649be76d46fdcb3990fd2847e0d3a4ed0411c7f999f04b8a5bcb0f26d
000140_01,000140,early,exo_view,221,images/000140_01_early_exo_view.jpg,50304,45f12817f93f98e7756aa65cc3a1477547b384d85506b54f07c7cd32b598a3b7
000140_01,000140,ready,exo_view,257,images/000140_01_ready_exo_view.jpg,49379,e3c13f29c0aebefa680ddcc0b5ff4477e2bc465a1dc5dae7b2bc81cbf198a286
000140_02,000140,early,exo_view,411,images/000140_02_early_exo_view.jpg,49961,07a67a8c78bb19056e22b731a07caf03d731962e6415ca63e3105f45d5f176df
000140_02,000140,ready,exo_view,440,images/000140_02_ready_exo_view.jpg,49348,aae82a3f4df760199bffaa0eb638a8e758b91a875a526f5e853c30b4dada087f
000140_01,000140,early,front_view,221,images/000140_01_early_front_view.jpg,50281,fea0b48755d2773c45dae75ff5645321f31039bef61ee5bbe2998246b9fa9824
000140_01,000140,ready,front_view,257,images/000140_01_ready_front_view.jpg,51291,f42f00e84643b2325246b5e777a00279ec5f8d1c3318d8f93f4dab91f1eeb5da
000140_02,000140,early,front_view,411,images/000140_02_early_front_view.jpg,53206,d45503cc91b3fbd77398febaafb6342bee2c0a05d3859af9dbe0b71817057440
000140_02,000140,ready,front_view,440,images/000140_02_ready_front_view.jpg,49274,edeaf73b76d35b85d61195f617a771212d0ef16acae8a6aa8655ad43d8b63125
000140_01,000140,early,human_front_view,221,images/000140_01_early_human_front_view.jpg,66862,a2d706a9f20bbe3a444747f054faad28b32256cf1a843cd41b5ab706795f4c84
000140_01,000140,ready,human_front_view,257,images/000140_01_ready_human_front_view.jpg,73607,606c89c4d948dd9f937c91e166093e7a64c88c516d345a353dc05874411af348
000140_02,000140,early,human_front_view,411,images/000140_02_early_human_front_view.jpg,55994,cb44247b2d73d763428d9d815fc214db6095f64c957540b2b233d1f634167c16
000140_02,000140,ready,human_front_view,440,images/000140_02_ready_human_front_view.jpg,73156,d6f695ec3b899a53419e8093d4c62aa17d7d7f9149489919e23c018aaab00c6c
000140_01,000140,early,left_wrist_view,221,images/000140_01_early_left_wrist_view.jpg,44530,2e3892284ca1cbdd3caf0b1d3d4a75bb779ac08dcebc5c9a6df4e8b53699a34f
000140_01,000140,ready,left_wrist_view,257,images/000140_01_ready_left_wrist_view.jpg,40830,91e7b9e9053da6f23cbab32615678921667df5ffd9167e34cd21fac6591fd9db
000140_02,000140,early,left_wrist_view,411,images/000140_02_early_left_wrist_view.jpg,32143,f9511f4c74d753fe1d16baa4b77d3b0f723635cd06bb1af1018cd097743cd9dc
000140_02,000140,ready,left_wrist_view,440,images/000140_02_ready_left_wrist_view.jpg,38224,34479d7ad8085c0cbbd773020b68d1e2c8957923b563cbc61da81adc8848086e
000140_01,000140,early,right_wrist_view,221,images/000140_01_early_right_wrist_view.jpg,39792,3d3ae226bd3ea83d05408f384c74804d30230394c19661008821e37b56331b6a
000140_01,000140,ready,right_wrist_view,257,images/000140_01_ready_right_wrist_view.jpg,44650,fe9f29c354ba2dae800f44bc1b04f0a83b3781a434df2bb564562d2d9a659344
000140_02,000140,early,right_wrist_view,411,images/000140_02_early_right_wrist_view.jpg,36142,4d6d6b875173ecaef855ab5019c522c71327ce78a8da37fa1c9a94a2cfb39d11
000140_02,000140,ready,right_wrist_view,440,images/000140_02_ready_right_wrist_view.jpg,42007,3b76db47383880bfcc620000a69ac51581fa7df56401c51bf421d34e1331f0f5
000145_01,000145,early,exo_view,182,images/000145_01_early_exo_view.jpg,48204,59c947a3ab2b6fd4036c8d1564b1d80828dc418de1e87bf1d2aae29a56966883
000145_01,000145,ready,exo_view,214,images/000145_01_ready_exo_view.jpg,50574,9707e217efe50fc092677bff1d9838eebcdf8cc068cfde2cd65f378f6346cbcf
000145_02,000145,early,exo_view,364,images/000145_02_early_exo_view.jpg,50621,dfc80e4539b3fc307046d95913e58265115e3c4928080b33d266b7bb602ec3bd
000145_02,000145,ready,exo_view,393,images/000145_02_ready_exo_view.jpg,50132,217fe9fa6d3de0401ff2904c834cb17c0e62cd6e0992917d8aa06bb1d0fba097
000145_01,000145,early,front_view,182,images/000145_01_early_front_view.jpg,57016,b68e6234b63a395d0e6e8055d194531ff36bcff97b6ef69c17d37b648a8e8cb3
000145_01,000145,ready,front_view,214,images/000145_01_ready_front_view.jpg,49925,04225f175ebdc885ad7cae0ddb55e6d738afa0eb2717c9c78282ac2a43428271
000145_02,000145,early,front_view,364,images/000145_02_early_front_view.jpg,55501,fe5004599b5088bb1e8c39d2587acfa58d057bd23b1621e2cc62ef329e08aedb
000145_02,000145,ready,front_view,393,images/000145_02_ready_front_view.jpg,49114,b6f126013df254b1e21d16645e0bb93a0ab0448d6c0e5a7b6abb1ffac05dac3b
000145_01,000145,early,human_front_view,182,images/000145_01_early_human_front_view.jpg,55830,9d30aa33137f71473270e81df122f437c8a2d0d6c783736e902f8e096138bf75
000145_01,000145,ready,human_front_view,214,images/000145_01_ready_human_front_view.jpg,73210,1d4853ba6143eb731ea1bd7eb5ab427d9c472d24e0a47655aa0fc8054300a9fd
000145_02,000145,early,human_front_view,364,images/000145_02_early_human_front_view.jpg,51492,8ca08aec375c2508fab0a502483b22ced1e95945c76c8d81de749a9fa95a48f5
000145_02,000145,ready,human_front_view,393,images/000145_02_ready_human_front_view.jpg,73560,3b21c6aee037a26bbfd02b9c3b9ecdb3e5ec26794339238c84c06feb90a3af7e
000145_01,000145,early,left_wrist_view,182,images/000145_01_early_left_wrist_view.jpg,44770,3a36d1a15be292283bc2d5c6c52b13bef15a42445f6c63acc809a69f47de83d2
000145_01,000145,ready,left_wrist_view,214,images/000145_01_ready_left_wrist_view.jpg,41919,ab12a6bab5d7867bbb4b372f996aa47fc41f03656dd1dbf8ab44f1a6f9422a47
000145_02,000145,early,left_wrist_view,364,images/000145_02_early_left_wrist_view.jpg,37247,3f63406263edda9b34e7300b51da6c94c8417145bd10c85dba80516b10ef16a3
000145_02,000145,ready,left_wrist_view,393,images/000145_02_ready_left_wrist_view.jpg,39377,264345b91a6343b0fe2a269028593d270ed75ca69c1a8a0965249b30599b195e
000145_01,000145,early,right_wrist_view,182,images/000145_01_early_right_wrist_view.jpg,43745,d28023ba43bce343188e6fe696fa14427fa80d38989c2ef8ec3c5cae9319b08d
000145_01,000145,ready,right_wrist_view,214,images/000145_01_ready_right_wrist_view.jpg,46017,ed59462b66bb7ae22eac999d3ba3894ecff1a363435c500a71dad9c5f7fac660
000145_02,000145,early,right_wrist_view,364,images/000145_02_early_right_wrist_view.jpg,38255,24d8a11d2652a65fb1083c9bbb2b77f824eefbb0218c92c3cc9181c6fbffec93
000145_02,000145,ready,right_wrist_view,393,images/000145_02_ready_right_wrist_view.jpg,43866,867ce519072c2ef20312fa1f1447a0fde50f3e9e168d809f3edc80cdb7afd97e
000153_01,000153,early,exo_view,183,images/000153_01_early_exo_view.jpg,47198,cc44b88799afa762d762602fa26a9852197542a61f6aa642c73bb393ded68ef7
000153_01,000153,ready,exo_view,212,images/000153_01_ready_exo_view.jpg,50624,6bac69fc810933c3d4ac034b7b353f8dd6c6ea05da53a4e3c36480cee40d47c7
000153_02,000153,early,exo_view,367,images/000153_02_early_exo_view.jpg,50748,5bf7bb077dd4cbc62c1fae9b2fbaed433340052cbbd0a2e31401bffec4bee4c3
000153_02,000153,ready,exo_view,391,images/000153_02_ready_exo_view.jpg,51056,83f251e59440561f93a7948e98936c8280f576bdccf64bb4d242b68fcea44a99
000153_01,000153,early,front_view,183,images/000153_01_early_front_view.jpg,55284,e621be637cd34b8e83482482d72aee8edca62a19699378d57b060711e7986ce0
000153_01,000153,ready,front_view,212,images/000153_01_ready_front_view.jpg,49259,abf797bec25f997db8420e7b9230e749184488a8cbb7457a3b500061a22ae37b
000153_02,000153,early,front_view,367,images/000153_02_early_front_view.jpg,53011,df552d7bd876f83d21eb2360a3a7e72c71b24d37c6a3c39fdd6201b19487d602
000153_02,000153,ready,front_view,391,images/000153_02_ready_front_view.jpg,47693,70091b13d9a79e2f457b9f5496fdd26c396d04d80a321c1820bda1e2aa9ea454
000153_01,000153,early,human_front_view,183,images/000153_01_early_human_front_view.jpg,54014,c59412011c9433fc553f204fd33f237714a49e865033e77f8a10f69c7b7f81e6
000153_01,000153,ready,human_front_view,212,images/000153_01_ready_human_front_view.jpg,76429,997b553e1304bc7008ff28cb4908120bdb6cc0781208d4ace1edb0a6a64a5f97
000153_02,000153,early,human_front_view,367,images/000153_02_early_human_front_view.jpg,58512,287f65fdf6b16e260c561a2e4d5fdc9dd7509938880416b1ece57c362574dacd
000153_02,000153,ready,human_front_view,391,images/000153_02_ready_human_front_view.jpg,77524,fc9df8fde43ef6764175f471b2063fe44a0e130b35123ec312a216fe7ac93505
000153_01,000153,early,left_wrist_view,183,images/000153_01_early_left_wrist_view.jpg,39204,b7eaca8ee55d4aed0adb3d0e8321ba1d63d3f4cf024ace32a1707d39fb0b5b94
000153_01,000153,ready,left_wrist_view,212,images/000153_01_ready_left_wrist_view.jpg,35748,dc5d9849361b1250b28bfc2c29cb7cfe49790ba43979741a27821e97329d7055
000153_02,000153,early,left_wrist_view,367,images/000153_02_early_left_wrist_view.jpg,34353,0af9f75f3052a5e03571efec0cded2d705344fb68b5dbbb410dd523b965d6f4c
000153_02,000153,ready,left_wrist_view,391,images/000153_02_ready_left_wrist_view.jpg,38899,815b8ceb5bbb54d8f66dc2ab8654718dbfecf1cf7d690a4197ac9fb6a21362a2
000153_01,000153,early,right_wrist_view,183,images/000153_01_early_right_wrist_view.jpg,44780,cf7264671b03be6b3b810b71851d5cd3083a43e4412aa6593581d6c09f2e7a14
000153_01,000153,ready,right_wrist_view,212,images/000153_01_ready_right_wrist_view.jpg,54136,7cf22731af2016604fa579131c02460dd560d3dd0ceaf0d9d043c3e507bd2ae3
000153_02,000153,early,right_wrist_view,367,images/000153_02_early_right_wrist_view.jpg,38518,394e872938211f462ede4d274419296bdd0c870120c02af5feb982e3591ac60a
000153_02,000153,ready,right_wrist_view,391,images/000153_02_ready_right_wrist_view.jpg,40671,b5c682c993c1c1ef9fc899c964b789df599a2176530a420507cffe0f531c0464
000162_01,000162,early,exo_view,185,images/000162_01_early_exo_view.jpg,49234,8781283f4d47f4cea7cce9a33fe627fa63d9cb500e8e09282032810d6136e542
000162_01,000162,ready,exo_view,220,images/000162_01_ready_exo_view.jpg,51241,778c8ab1e7462fd894bf35d3684b50f1c4fc9c5ca3e9b456f100fdd0a2c9f745
000162_02,000162,early,exo_view,375,images/000162_02_early_exo_view.jpg,49319,e68ec5cd222dbffa902503da0019e9497cc04933c81ff5102820218356745c3e
000162_02,000162,ready,exo_view,407,images/000162_02_ready_exo_view.jpg,51071,e1b21833bef39bd11fcd1d3eb628201c9d920c8e8cb72f2b19de8309f075724e
000162_01,000162,early,front_view,185,images/000162_01_early_front_view.jpg,57593,d7bb05a257024baa3a9bb05bd919adbd2017e5257e94ff4834cc9e716efe4cd1
000162_01,000162,ready,front_view,220,images/000162_01_ready_front_view.jpg,51008,3cbf9d5109af548b7b33ddaba8cd6a36ca3ef3a4f2fb5d32564edb180fab2251
000162_02,000162,early,front_view,375,images/000162_02_early_front_view.jpg,54756,930cd92dec33c202b5c3e146b8966fbe796630917a5ab6985b104b44056a0d0e
000162_02,000162,ready,front_view,407,images/000162_02_ready_front_view.jpg,50374,126e6a4f1b945e0f02b3ff010f6a0f8b1fbcee794730d2b07fd161b7160fb09e
000162_01,000162,early,human_front_view,185,images/000162_01_early_human_front_view.jpg,57354,17aa6255ead286ccade2e5ac2ea1aa4c899f30d7c0bd6188cf8cf924453f6b2c
000162_01,000162,ready,human_front_view,220,images/000162_01_ready_human_front_view.jpg,74195,2bb2af10cc48380bf2767d5ac5b61bf27e95e4645e6e6294db387bfc2478e458
000162_02,000162,early,human_front_view,375,images/000162_02_early_human_front_view.jpg,51496,147724d321af6ea1d2af2c0c17539a6ff1fce8246f6b3f957c784ebd5f9833e5
000162_02,000162,ready,human_front_view,407,images/000162_02_ready_human_front_view.jpg,75287,1ff4fa8df14602c13ee3cba2bc26c7eef492f42306654e7476ef057c4d2499de
000162_01,000162,early,left_wrist_view,185,images/000162_01_early_left_wrist_view.jpg,40655,cfedfcbf8f0292efcd46efd427dedd7e5216f465018d15980687d13925816d0b
000162_01,000162,ready,left_wrist_view,220,images/000162_01_ready_left_wrist_view.jpg,35908,02e56e56da4fd52b8757ac4370abad7c7026780609c50e91652b0f4da71dcc5e
000162_02,000162,early,left_wrist_view,375,images/000162_02_early_left_wrist_view.jpg,43511,28b70d071af12bde8e3729bd76c3e2ef4997323bb6f8564ce6568fba36625256
000162_02,000162,ready,left_wrist_view,407,images/000162_02_ready_left_wrist_view.jpg,36857,2dd2dfe0e4ea0716af6c4d8e2962f772f4a0af52121dfb2a45c634382681cc3d
000162_01,000162,early,right_wrist_view,185,images/000162_01_early_right_wrist_view.jpg,41278,b8351bc0bf0a93620e83782572e182f72d6b48a10e736a3628eed17a0461cc36
000162_01,000162,ready,right_wrist_view,220,images/000162_01_ready_right_wrist_view.jpg,50466,a1b3492e018ebdf6cc396a7bded734f59fb5663b281a32e3476c74ed399d578f
000162_02,000162,early,right_wrist_view,375,images/000162_02_early_right_wrist_view.jpg,40012,9b0f00347c80acf82c2262a68c27ebc98164bb8a566d37b4b36b0181473162ca
000162_02,000162,ready,right_wrist_view,407,images/000162_02_ready_right_wrist_view.jpg,37559,b74027a8538bb7b7a0d72de627700e601dc1bfb2bf30f36fe15c8c242def8f0c
000164_01,000164,early,exo_view,209,images/000164_01_early_exo_view.jpg,49182,7224955dad9b34678fa691a04916379e444b47ce0f3579f1b78a2ed9ae802225
000164_01,000164,ready,exo_view,239,images/000164_01_ready_exo_view.jpg,51468,a3ad933126fd6794062bab9d055142f1984967bd1e0aaff4115957214fa84b02
000164_02,000164,early,exo_view,386,images/000164_02_early_exo_view.jpg,48400,7b37bc5ef1f63d4de127611c1b82b1c4c2aa2a70878227cc6863e546276b5b2e
000164_02,000164,ready,exo_view,416,images/000164_02_ready_exo_view.jpg,51241,872f41e4434f5b5e2091d5aebfc3540a15a451ed2c28514472d0dc6ac7629d58
000164_01,000164,early,front_view,209,images/000164_01_early_front_view.jpg,55359,f15394076b826c49c3e07034f62996851743f65992b083f47fc256b654121da7
000164_01,000164,ready,front_view,239,images/000164_01_ready_front_view.jpg,50578,e37438e89023b758ba4f5e80754bcdef73f5aaae5580d18168e7649ec069e064
000164_02,000164,early,front_view,386,images/000164_02_early_front_view.jpg,56951,4feeeffb26b54fd1f862e2373f698575d770a51db35c2d1fe2fedafc42e34404
000164_02,000164,ready,front_view,416,images/000164_02_ready_front_view.jpg,48861,5b26bd7a2630e188d64345673afd80926f0025a5f3726b62bcea27815ce020eb
000164_01,000164,early,human_front_view,209,images/000164_01_early_human_front_view.jpg,66363,8d604fd5b3cbb963a63376cc29426b8307e02ca0179955da785eccfdfa9a641c
000164_01,000164,ready,human_front_view,239,images/000164_01_ready_human_front_view.jpg,75349,8caf192258f130a3b4a07cd891f86a40f3568caa8851573453b8b9a2364859c2
000164_02,000164,early,human_front_view,386,images/000164_02_early_human_front_view.jpg,36996,d89178807c3ca1a9dce70ae346c3c9532792c70c0d2745ee8113d28eb4da73ea
000164_02,000164,ready,human_front_view,416,images/000164_02_ready_human_front_view.jpg,75363,b17bd6c05fc69f9a05dc365e89de7a14f7d2134f9f15d3b4c3ba5573b5973a1f
000164_01,000164,early,left_wrist_view,209,images/000164_01_early_left_wrist_view.jpg,32541,9d2efda8807febeca8b2815caaf1dd7a80c80ace2c825ee526dcfe275b0343d0
000164_01,000164,ready,left_wrist_view,239,images/000164_01_ready_left_wrist_view.jpg,30327,86d122925bb77331f01303d0bd61ae41d4ba9de5796fc20a1ceceed51bbf0137
000164_02,000164,early,left_wrist_view,386,images/000164_02_early_left_wrist_view.jpg,36016,c5d959af664c5103e174f6c31905b10fb704d792bb58272a5d70fb9b5f3c4c9c
000164_02,000164,ready,left_wrist_view,416,images/000164_02_ready_left_wrist_view.jpg,38280,f7d1afc423afc66da9478259cfefa73dde95bca4c5dfe14b8db7be00e339587e
000164_01,000164,early,right_wrist_view,209,images/000164_01_early_right_wrist_view.jpg,41593,a3446fb4c546cbd6684b83abb25e72d69313993223592e10ab96f1e3b502d64d
000164_01,000164,ready,right_wrist_view,239,images/000164_01_ready_right_wrist_view.jpg,41816,ca85dc68a33e3c724ec22b86c6212b772024cdcd1ca40a3976d8dc741ad93408
000164_02,000164,early,right_wrist_view,386,images/000164_02_early_right_wrist_view.jpg,34697,c2944ca4b9601c0982162e550bc0d65cf96cab668dfe391aecb8abf84edc0778
000164_02,000164,ready,right_wrist_view,416,images/000164_02_ready_right_wrist_view.jpg,38570,b6eaff7c443c1c6dbbab9792c205fe20a44286caf38f991f794c148b1d50bc9b
000177_01,000177,early,exo_view,190,images/000177_01_early_exo_view.jpg,48926,48406f34b1b72ca3084a686268a00aa00d51eb8b9b2f9fa25688cc3564c9318d
000177_01,000177,ready,exo_view,216,images/000177_01_ready_exo_view.jpg,50611,5c3377b59b5b63c4ed1745b2aa59195e71cd02880b5454be3a45425c75746862
000177_02,000177,early,exo_view,348,images/000177_02_early_exo_view.jpg,50843,bea390038e751bce00958e7c90a61209a4bedc334de63a4d43142fdc8248a273
000177_02,000177,ready,exo_view,374,images/000177_02_ready_exo_view.jpg,50892,46d1d3d285aeeca76cd344bc0e5cec2fed2f1f8e8422bd9cbe074bec39faad6d
000177_01,000177,early,front_view,190,images/000177_01_early_front_view.jpg,54095,42089e6a7b2a0a75297475837b4d7f8bfbbe3272ec7208ca221603c8bd3186ce
000177_01,000177,ready,front_view,216,images/000177_01_ready_front_view.jpg,49313,756c59e3f28186e3da1684964e242959233480895c44e7a476d4f54a54186eca
000177_02,000177,early,front_view,348,images/000177_02_early_front_view.jpg,52450,35a8b62d341a48c1ffffdb4aec2c9ca54d50be33add129a57b1d6ee0ddac92ec
000177_02,000177,ready,front_view,374,images/000177_02_ready_front_view.jpg,48641,7f453b36da99fb872d1d68ef8720d087fca8f547ffacc180c9c9b21473daf26b
000177_01,000177,early,human_front_view,190,images/000177_01_early_human_front_view.jpg,51526,3548f0e2c72f7c259a968702756c591ba9a96facddb65f74880eadc34f8e0221
000177_01,000177,ready,human_front_view,216,images/000177_01_ready_human_front_view.jpg,69738,b2ee47fa14c2e7a3bd128b6f2335a9aeace440b7215e7ea7776ecce9098348bb
000177_02,000177,early,human_front_view,348,images/000177_02_early_human_front_view.jpg,56631,6f851616ed52e553fea9aab090e0f99198b5dd8922a404d68728fda9edf72d8c
000177_02,000177,ready,human_front_view,374,images/000177_02_ready_human_front_view.jpg,74204,447835b570e887b925dd0b0e1fdd2d5b40de78c656be27c91fa4ca374a5a900c
000177_01,000177,early,left_wrist_view,190,images/000177_01_early_left_wrist_view.jpg,38484,2b1d96e1ed192af36d8c988d03b0e6ff4d11d8ddfeb7f34a553e34d322d17bda
000177_01,000177,ready,left_wrist_view,216,images/000177_01_ready_left_wrist_view.jpg,34417,d1a0ad1f41b1a486c9d6bb1f8fe2001f3e1a4d9ee1775dc4f5fdaf9b15159e3d
000177_02,000177,early,left_wrist_view,348,images/000177_02_early_left_wrist_view.jpg,30241,7aee27573070b2e2c47f4107af2d39711d3bab88060197be389b31c14426de06
000177_02,000177,ready,left_wrist_view,374,images/000177_02_ready_left_wrist_view.jpg,34740,b50acfa10a43af958c0b8cbddbe7aec69c4b46d948fb38b6cb779dafc83e2d47
000177_01,000177,early,right_wrist_view,190,images/000177_01_early_right_wrist_view.jpg,44373,45a64641829ca265f169db27c4a2ee34288ed821ea095d382a7c47678d5ad531
000177_01,000177,ready,right_wrist_view,216,images/000177_01_ready_right_wrist_view.jpg,55500,8954ff5f7a57ded90aaa9cc0eb551352caf3cd79ad95e53666dafae05cf930bf
000177_02,000177,early,right_wrist_view,348,images/000177_02_early_right_wrist_view.jpg,37073,a9642619f6393fd5a428426b2774a2887f53f0b4d1c992a206609dc2e2ff437a
000177_02,000177,ready,right_wrist_view,374,images/000177_02_ready_right_wrist_view.jpg,45232,4a2373b02465104339ed85ed170fc331ce13fd8a084440f3d31082d2e37e0db8
000184_01,000184,early,exo_view,186,images/000184_01_early_exo_view.jpg,47777,44e9f96dcd8a0ff35d52910cb19c9e8f11f92a5153bf2fabe1269fb8101702b4
000184_01,000184,ready,exo_view,211,images/000184_01_ready_exo_view.jpg,50034,a83b20fe38a92f6b6375f972892e4d46f2ba0459d63df272363599476d88e09d
000184_02,000184,early,exo_view,362,images/000184_02_early_exo_view.jpg,49314,fcf05faccdf6bb37f16e2930705c64970a8b99d7c446e9e8a9eaa9bca06bd425
000184_02,000184,ready,exo_view,387,images/000184_02_ready_exo_view.jpg,49813,8ff955ad6326d7584c6b5061f2deacf3e1ecf3757e5f1cc1cfec3acf90a2feda
000184_01,000184,early,front_view,186,images/000184_01_early_front_view.jpg,54853,a174e76f625c0d930146dcebf6e9894d7786678662942e5d0fe53e3e44fd6cee
000184_01,000184,ready,front_view,211,images/000184_01_ready_front_view.jpg,47791,62c32873f99fbefb66771fa892f865e470aa786a9d1685a806c3e37bd623c5f3
000184_02,000184,early,front_view,362,images/000184_02_early_front_view.jpg,51143,5634b906e70802585064d84ffd4686135e20bed6f9a6b42d8bf584068beb196b
000184_02,000184,ready,front_view,387,images/000184_02_ready_front_view.jpg,47496,7be134c0fb129cec8b451a7a9ea401bede98a9457cce2e7a9277aaf712d0c152
000184_01,000184,early,human_front_view,186,images/000184_01_early_human_front_view.jpg,47065,6cd406d6016c4176ddabc410406d8ba00a03f58c6ac5aa715e56f138e32510cc
000184_01,000184,ready,human_front_view,211,images/000184_01_ready_human_front_view.jpg,71016,b97ff0317a3f2bc392fd1c7c0f1bef24ec9ee7acdaa50f67ad3ebc30a2a67baf
000184_02,000184,early,human_front_view,362,images/000184_02_early_human_front_view.jpg,66478,38bd43f8f0c7feee411fddbf8a435c494eeab54faba48d21268b9cbf92c71757
000184_02,000184,ready,human_front_view,387,images/000184_02_ready_human_front_view.jpg,73370,e9ad3095feed4007aaef3e7099bbb0e19f80fea75c4911bb7e5d3ab4f0fd26c6
000184_01,000184,early,left_wrist_view,186,images/000184_01_early_left_wrist_view.jpg,37123,b6e25357f918f39917d7e77f4772d87fa0549387dfc3eabf4e54cd381df22b2e
000184_01,000184,ready,left_wrist_view,211,images/000184_01_ready_left_wrist_view.jpg,35394,ab9e96deefb7ed568cc3727572f8193b519763202b7dc04e91ff8605da9afd0c
000184_02,000184,early,left_wrist_view,362,images/000184_02_early_left_wrist_view.jpg,33794,74c5978524f0967466816629823973714afb37b6b4868804c8c6302ff05624bf
000184_02,000184,ready,left_wrist_view,387,images/000184_02_ready_left_wrist_view.jpg,40192,d5b739a45d7816a6adb4f16d9c961e5b92b43475e25e644be51e14da3fd8c8af
000184_01,000184,early,right_wrist_view,186,images/000184_01_early_right_wrist_view.jpg,46623,71ebc6714acb7bb243f5f64205efdee32169497a8b810872bfb7c0f26c7171ed
000184_01,000184,ready,right_wrist_view,211,images/000184_01_ready_right_wrist_view.jpg,49594,1514e7b7a5b4c6255c19cc5442af0081c9c522f8e63ca1e06b7d0410ba3df022
000184_02,000184,early,right_wrist_view,362,images/000184_02_early_right_wrist_view.jpg,37250,6d50c10ba9c9258ab042ba32c09f8116c6bf4e0a0ddbe30172afc86745cfc95f
000184_02,000184,ready,right_wrist_view,387,images/000184_02_ready_right_wrist_view.jpg,39498,9d1b12368971878bd99851330071ce4437144203a2772af861648ccc311eda50
000204_01,000204,early,exo_view,158,images/000204_01_early_exo_view.jpg,47688,b51050b6647d5ae80cacb60becdc86009a4543486f21a89ed5cace197bdf3078
000204_01,000204,ready,exo_view,186,images/000204_01_ready_exo_view.jpg,50046,c714bc8cde3854d53da5bf4f7be0885f0d7c62e4fbb9e1c3fbd8b4108068b8f3
000204_02,000204,early,exo_view,313,images/000204_02_early_exo_view.jpg,49049,0808e1392c9646a0de3689f2747cbb9d6a627671bc6e5047b141e811b1e6f044
000204_02,000204,ready,exo_view,336,images/000204_02_ready_exo_view.jpg,49600,2ee028133226ba709c6b4b65d648373e9a7cc24d4ebd2ca488b6597d64d3dea9
000204_01,000204,early,front_view,158,images/000204_01_early_front_view.jpg,55279,6b57191fc049a85f6029ec2b81582bca95c44e99ac4fd32f34a757ea9fac73cd
000204_01,000204,ready,front_view,186,images/000204_01_ready_front_view.jpg,49696,87cb533a306316c5df5456a4d51cc1ce6dd0ee318268aeb8df87543b33a57b81
000204_02,000204,early,front_view,313,images/000204_02_early_front_view.jpg,51724,f60bd8c083463be1bd9365fae376a7e079c08d8d6ae77815f4d293bd2b044ff5
000204_02,000204,ready,front_view,336,images/000204_02_ready_front_view.jpg,47497,a8414e1cd8254722efe247f161705c9f223edd527db5ce50ebf094ad027d16d7
000204_01,000204,early,human_front_view,158,images/000204_01_early_human_front_view.jpg,59556,a621f77e5f86b84e7e4709160f81987b4e6b678135f90d73c6e28fb5f6d08cc4
000204_01,000204,ready,human_front_view,186,images/000204_01_ready_human_front_view.jpg,73693,3b0f621523e25b7f11076644a6ccc90d70f3f90c35c48e0ecaf7ff343fbe5c73
000204_02,000204,early,human_front_view,313,images/000204_02_early_human_front_view.jpg,59622,93217f2349c228bd1ec84cedb313e236fb3938673a0b89a7979b507e1bea8f65
000204_02,000204,ready,human_front_view,336,images/000204_02_ready_human_front_view.jpg,75396,f1ee76b85733abb7284918ae14dd900216ec838f8dd8625b52a1ae55cf93d785
000204_01,000204,early,left_wrist_view,158,images/000204_01_early_left_wrist_view.jpg,43019,77bd34bd7670dc01a243b98a89d81863841567ea434e690ab56d286273e42af7
000204_01,000204,ready,left_wrist_view,186,images/000204_01_ready_left_wrist_view.jpg,40788,23a2a4db4d74c0d096abcea28b19dad2991a6af1e7508f43da65bcd28d6e6bea
000204_02,000204,early,left_wrist_view,313,images/000204_02_early_left_wrist_view.jpg,31572,6eea2d9e99c62d66438806da25ce04320eeb3d0992fbe2028130f71ead212475
000204_02,000204,ready,left_wrist_view,336,images/000204_02_ready_left_wrist_view.jpg,33060,fb0ff881bf4cf994f6dc21ff05956e0da5d86de4e3bdeb255005ca986234c4a0
000204_01,000204,early,right_wrist_view,158,images/000204_01_early_right_wrist_view.jpg,42047,141e8b713d2b3bb20cd7e66c8d17fe9f547e958c1a273deda74e3083fd17cbd8
000204_01,000204,ready,right_wrist_view,186,images/000204_01_ready_right_wrist_view.jpg,44222,4ca0aa54b1727fe38afdc067b885353d0b653b34a4e625eae01ff0eebad89e8f
000204_02,000204,early,right_wrist_view,313,images/000204_02_early_right_wrist_view.jpg,34975,5d5216ead62f2ed2acab9158ca5b71555f62026a9967e3c2ff34419dbf52fdd3
000204_02,000204,ready,right_wrist_view,336,images/000204_02_ready_right_wrist_view.jpg,39084,bc3c9f8fcbf9f9237aef8c511c9d67ab57dada9b8c578fef8da2c28b47c2b8c9
000212_01,000212,early,exo_view,173,images/000212_01_early_exo_view.jpg,62876,cbf65340d4c41296f41ee97be5e393aefd3e55d5763a251cdee782ea5819ef76
000212_01,000212,ready,exo_view,199,images/000212_01_ready_exo_view.jpg,77610,6159a00af41e65849cdead579717716df155382161c63a519ced4f39e3a71d82
000212_02,000212,early,exo_view,337,images/000212_02_early_exo_view.jpg,55921,b34b01d58afa5fcf0784d94e157fbd181c6f407ac8b395edda6b3c55c9a193dd
000212_02,000212,ready,exo_view,364,images/000212_02_ready_exo_view.jpg,76936,741ce892d0ff16fb8b27ba69d9134513c60e9a3454776bc1132115665147f60a
000212_01,000212,early,front_view,173,images/000212_01_early_front_view.jpg,52395,f985f791a48fad5e78676d6d262f25a725eaa022320efc6f7d1d914bad709894
000212_01,000212,ready,front_view,199,images/000212_01_ready_front_view.jpg,47153,9a0e34edd23a613b4df51fdc8f1d1a7ceec5c1dd4e61b9a49fbf450ff89638ee
000212_02,000212,early,front_view,337,images/000212_02_early_front_view.jpg,52363,770a93404e18d4cfabb0f2ff5e9aab9bed14b781f4627b2d020428a5024019e1
000212_02,000212,ready,front_view,364,images/000212_02_ready_front_view.jpg,47814,2b52826006d5fcc0f7e34dadf1216d4d77433fff21cab11ce8869660993a5dd1
000212_01,000212,early,human_front_view,173,images/000212_01_early_human_front_view.jpg,47664,57b412e6ec4d0137f65499897341650ceda217e0b630531b5391cc02e359efa3
000212_01,000212,ready,human_front_view,199,images/000212_01_ready_human_front_view.jpg,50234,0df9b211d8eddcfc8771d5f420bf2d26f26c5760b96fdc3785d0aa19800b4065
000212_02,000212,early,human_front_view,337,images/000212_02_early_human_front_view.jpg,49320,4e68dc6a5db9139d012135611a004c5cf7a026c530249a5f1a39461abb3f4f74
000212_02,000212,ready,human_front_view,364,images/000212_02_ready_human_front_view.jpg,49512,d9f560a4c5e09bfba7657a2237315b08130a2cb29a66a29c4139980ff1621c61
000212_01,000212,early,left_wrist_view,173,images/000212_01_early_left_wrist_view.jpg,33713,ab9d4e2464276e7fe49f1d9f66b07ec832d99d8dc7313b8ff3a9932ee8009589
000212_01,000212,ready,left_wrist_view,199,images/000212_01_ready_left_wrist_view.jpg,34583,fc37ac32ce3bb3383f6e25ef8dece54d630db96c20d7f0ce3e4981cd1d06bfd7
000212_02,000212,early,left_wrist_view,337,images/000212_02_early_left_wrist_view.jpg,34065,5417ce355a526f34b4b181dc57e09700ddb006a2dbad6106ec9016f8ba43eaec
000212_02,000212,ready,left_wrist_view,364,images/000212_02_ready_left_wrist_view.jpg,36886,3a5d258c972e81526a8fddfd545b947d9432b02bb1afa44d5ac03452df529895
000212_01,000212,early,right_wrist_view,173,images/000212_01_early_right_wrist_view.jpg,46064,bbcfdf4df223caad0b83c68c2ce90b98e0d4ba53a45c7fe16d16e083223b4460
000212_01,000212,ready,right_wrist_view,199,images/000212_01_ready_right_wrist_view.jpg,47720,f5280bd24ca79bb0dd7221d39199692ed98551ca7f94618809aa36c08aeea4d9
000212_02,000212,early,right_wrist_view,337,images/000212_02_early_right_wrist_view.jpg,39418,af822a1ca5c25002656eb2f3e0f79d8fb9f13755162c6b80cdbc3ffbb0a5b958
000212_02,000212,ready,right_wrist_view,364,images/000212_02_ready_right_wrist_view.jpg,42295,09bbd0b32f485343251c6eb4238885f86992a7e49d2d559c8f167321d86e8c21
000218_01,000218,early,exo_view,164,images/000218_01_early_exo_view.jpg,55359,062f8ac49a789023370b67d3d52d306e5ac67b9191f21031b94061511ec5a955
000218_01,000218,ready,exo_view,190,images/000218_01_ready_exo_view.jpg,69120,92b06c0ab2dd4b9ff0ab0b646ab7e138dcf37c491b118323400c844fd57f24ae
000218_02,000218,early,exo_view,320,images/000218_02_early_exo_view.jpg,61003,6897f3c4b07868a2ce11971a8783e750f0e679f5e3ae5f24a8f05017806ca406
000218_02,000218,ready,exo_view,345,images/000218_02_ready_exo_view.jpg,73120,9ac73d16c202b11e8a3f6cca76cbe73e5be40d84aa218077948d8b2514e5a1bd
000218_01,000218,early,front_view,164,images/000218_01_early_front_view.jpg,55384,08071386d76681421547e9da745cbd7f2e13e2171e8092488c706935de2e0e6b
000218_01,000218,ready,front_view,190,images/000218_01_ready_front_view.jpg,48192,fa3e3db0c1297b49eb0cd5a30f6c00c6e9ada1a7914a8394b90c5c92cb66da01
000218_02,000218,early,front_view,320,images/000218_02_early_front_view.jpg,52874,86e96065caca62e1b0bf13f99adc310b39d8a79ef4de7982e3974d21572efef3
000218_02,000218,ready,front_view,345,images/000218_02_ready_front_view.jpg,47418,2d34b76285908c570afc3cc489ee7bb3e5f9897f8a439a7c6c20b9fae28fa409
000218_01,000218,early,human_front_view,164,images/000218_01_early_human_front_view.jpg,47461,e96518fd98e88693fe36469bc6923df6d56e952bc68bcf59c02a690871296cbb
000218_01,000218,ready,human_front_view,190,images/000218_01_ready_human_front_view.jpg,50796,c05fd700bd56cfa0e1397ed74bf35ac6b50a9c62e8a31b8a8dd2ab5aa6dfbb9b
000218_02,000218,early,human_front_view,320,images/000218_02_early_human_front_view.jpg,49265,0c318b13c49ff6833c61a9f0e1b6ac2a4bf35f29ac3ee4e27e861d0b6b165e40
000218_02,000218,ready,human_front_view,345,images/000218_02_ready_human_front_view.jpg,49877,81960623cfa71f1c0b3837f32bdafc50b6491d18f8c7d4ee22bfd7ae268a16e1
000218_01,000218,early,left_wrist_view,164,images/000218_01_early_left_wrist_view.jpg,31036,6af34d3d4864328a9d1dd08376da130ae23b4d8a5c0460aea34b4a7da044103a
000218_01,000218,ready,left_wrist_view,190,images/000218_01_ready_left_wrist_view.jpg,34896,7ad9f3e5ca7de0098684043d1519ab988630ebd3f690cccf3d4c29c491ce50f1
000218_02,000218,early,left_wrist_view,320,images/000218_02_early_left_wrist_view.jpg,37067,1558db61030fbdbcbb9bc68ad039193726a7bbfa5b5a08f58496a425692974ba
000218_02,000218,ready,left_wrist_view,345,images/000218_02_ready_left_wrist_view.jpg,40664,7395130f9adc2624a77700d6f9036b8e58cb57faa92c4378edac584aa5047c2a
000218_01,000218,early,right_wrist_view,164,images/000218_01_early_right_wrist_view.jpg,42660,e8f5fbd0e1d9427cf1a6b290d8a1cb361309cd39e5e87468d62ef38278b5757d
000218_01,000218,ready,right_wrist_view,190,images/000218_01_ready_right_wrist_view.jpg,40705,17b73cfbb64c249c567b64f46be08559eb50966a7dccb8dded95956c824eb8af
000218_02,000218,early,right_wrist_view,320,images/000218_02_early_right_wrist_view.jpg,35884,8ab5551291785341fc8564758aa9224a58a601012c8774a9ab92f9a526e333b4
000218_02,000218,ready,right_wrist_view,345,images/000218_02_ready_right_wrist_view.jpg,38940,222003c97f3feb58a4ebb321381c1a09f4f4098dddb992f5521d80ded60b9c96
000227_01,000227,early,exo_view,151,images/000227_01_early_exo_view.jpg,54914,af10f75e66205c4a557810a9c1642fda3debd4393bc5ed489df55ec070d51de1
000227_01,000227,ready,exo_view,176,images/000227_01_ready_exo_view.jpg,75852,4e1e3856571290629e966fc3451ed316f42f15314cc70c208e486f9142e6b0ae
000227_02,000227,early,exo_view,307,images/000227_02_early_exo_view.jpg,49608,24cf28442b00f50492cb80fd45ec1f709fb360de3ccc9c66b28de57d2ba6fcc1
000227_02,000227,ready,exo_view,334,images/000227_02_ready_exo_view.jpg,77892,ab41eb7fd61ce97ecb88bf52e6955c8358290084616a3bdae6064d100f8de527
000227_01,000227,early,front_view,151,images/000227_01_early_front_view.jpg,57867,b668581e069c183d75f42883a7fe09b49bd2115ed3a0b424a2ce6bb1da64e99c
000227_01,000227,ready,front_view,176,images/000227_01_ready_front_view.jpg,51567,a1da0ae1f4d3cd9b5d5bd94fb6f3bbddbb48ccd070b3036179b81daf44ddc203
000227_02,000227,early,front_view,307,images/000227_02_early_front_view.jpg,53070,63ceedccca3f1df229376d283effaf52d7db2661743ee0691b4ae8fffbe49b61
000227_02,000227,ready,front_view,334,images/000227_02_ready_front_view.jpg,48724,9900beb19e15a879d9c2012460eec4d436721e87bdbf8382aaf4f7d8436dc17f
000227_01,000227,early,human_front_view,151,images/000227_01_early_human_front_view.jpg,47724,53ae6e50130d4ccf9a03d57d146d96aebfe2a24a91009e004e49c9408bd27b0c
000227_01,000227,ready,human_front_view,176,images/000227_01_ready_human_front_view.jpg,49905,33d1962ad41724b7ec2cc2de8c313781febf0f698a73e27921e7212cf21a834e
000227_02,000227,early,human_front_view,307,images/000227_02_early_human_front_view.jpg,49280,1b15f715e07b74995f9a373eaf4ce48ee0f0332df7899035a06cdb1838e67111
000227_02,000227,ready,human_front_view,334,images/000227_02_ready_human_front_view.jpg,50059,55575089dbb87c4681a95e384f84a75b34a54f1922098b4a1406f067c62e93bd
000227_01,000227,early,left_wrist_view,151,images/000227_01_early_left_wrist_view.jpg,39584,7c40c953a03268254027e7380e9328ac7955c3851a800c82deff83b9f6205371
000227_01,000227,ready,left_wrist_view,176,images/000227_01_ready_left_wrist_view.jpg,35956,cad1a2e63c24ce375bdc5ec98618d4d3835758cb727c97ef63fe5e11c3339498
000227_02,000227,early,left_wrist_view,307,images/000227_02_early_left_wrist_view.jpg,35464,7aa33729dd9f88b5b08269befe904ba1ac20ab2fa5d0b6595efbd1a6e2d2092b
000227_02,000227,ready,left_wrist_view,334,images/000227_02_ready_left_wrist_view.jpg,36416,ca66fdfac5671c028f9340d82cff393833a308bb5fcd2bf34c7ea5336ef4f0d8
000227_01,000227,early,right_wrist_view,151,images/000227_01_early_right_wrist_view.jpg,48295,59b307753ea4b7a9e1483575ae58f846571be0e23954f57293969a2f67f46561
000227_01,000227,ready,right_wrist_view,176,images/000227_01_ready_right_wrist_view.jpg,51187,4cc786c362fe43151687d96d679d84b2a86b172a5897258dad4ec0c69eb5716e
000227_02,000227,early,right_wrist_view,307,images/000227_02_early_right_wrist_view.jpg,36389,b8101858b26aa61068380418b11a803a8f217a7fc2a8075b24401214d4d7eb80
000227_02,000227,ready,right_wrist_view,334,images/000227_02_ready_right_wrist_view.jpg,40067,c31ae6ff403cc7840245f5b499f2a2d65abbb7b97ba0ae6661dd62fa47458808
000228_01,000228,early,exo_view,158,images/000228_01_early_exo_view.jpg,55017,dcd30fc4d1ab07a575609d0352b55d1412211d3ecb3fcb737de4f8eac606d1e6
000228_01,000228,ready,exo_view,181,images/000228_01_ready_exo_view.jpg,75367,24007447ae0f886e869f80113433c73afb2f8e6a2d85ba39233bb8abb4817ec6
000228_02,000228,early,exo_view,331,images/000228_02_early_exo_view.jpg,43927,229930a2fb11d17634da5cfab1906e38c78cc9b38c9ce4477133089ff0026b63
000228_02,000228,ready,exo_view,356,images/000228_02_ready_exo_view.jpg,73843,912f37862010afcb51b5680574fe46eaf778a4f790ff2435763c56e5e9a63d08
000228_01,000228,early,front_view,158,images/000228_01_early_front_view.jpg,54571,e5dea391f08cebe1a922b26200265d7cb96a41ec56d3b8fcd644ee920fed5f9d
000228_01,000228,ready,front_view,181,images/000228_01_ready_front_view.jpg,48292,74386acac28630765cf1ec9e4becf00569540f5528e86f610c535c4532a6cd03
000228_02,000228,early,front_view,331,images/000228_02_early_front_view.jpg,55698,1dfb39813bf0057211df6e6d8e3785bfec50615beb8019a8da8e76f10296a6b9
000228_02,000228,ready,front_view,356,images/000228_02_ready_front_view.jpg,46801,5bcc92110f47fb9fd86ad3a2c8237a4252cb583ce591badcafeea3240a23e59e
000228_01,000228,early,human_front_view,158,images/000228_01_early_human_front_view.jpg,47236,4df9b8e895a3ec8ed42e5196836b316b439d9884c3617e347b1b87480f7f4848
000228_01,000228,ready,human_front_view,181,images/000228_01_ready_human_front_view.jpg,50502,f6ef23d079cf6128abcc62a7b1bf27fdafdfa96896717a9dad52b8e7f4147aa5
000228_02,000228,early,human_front_view,331,images/000228_02_early_human_front_view.jpg,47996,59124f345975755e0f1d9e47b96ff00e30dad86bd4d93928e9732aa04baad179
000228_02,000228,ready,human_front_view,356,images/000228_02_ready_human_front_view.jpg,50350,d16744a465df64078ec18d1f3179c28c82e77a2642760d6fa97560619419f104
000228_01,000228,early,left_wrist_view,158,images/000228_01_early_left_wrist_view.jpg,37046,2d468b5f0cf008b15d1b53c10349c089950b9378a10237b76c543e049709987d
000228_01,000228,ready,left_wrist_view,181,images/000228_01_ready_left_wrist_view.jpg,38872,812fd430c21e570c568e4e60a1b67cf13821ba38b38a77f9db2a3a40850b48c9
000228_02,000228,early,left_wrist_view,331,images/000228_02_early_left_wrist_view.jpg,35958,44e658cbdb34f536a0bce05fa6cd87b6596421f647c5a1cf582467de9489f0d4
000228_02,000228,ready,left_wrist_view,356,images/000228_02_ready_left_wrist_view.jpg,38185,9c0560dde3175761e13fa53bacc11d6fd9fe9ab5d3a20e971d8f774740c8684b
000228_01,000228,early,right_wrist_view,158,images/000228_01_early_right_wrist_view.jpg,45991,37273f96ab90bcbc19cd07142a8477f0bfcb7f51f047aba70e723373be876438
000228_01,000228,ready,right_wrist_view,181,images/000228_01_ready_right_wrist_view.jpg,51199,d07e8fef0f2c22bbb48f5dae083e536269832327edc76c2fe157e7c53ddedc85
000228_02,000228,early,right_wrist_view,331,images/000228_02_early_right_wrist_view.jpg,37256,c93230c391cc217409e916a00900b2c26591902fd6b9750c6f17e61a6877f204
000228_02,000228,ready,right_wrist_view,356,images/000228_02_ready_right_wrist_view.jpg,40375,e25c7d7c61598080947178bb322c84c4416e28dbde6f7836574093a56991e556
002893_01,002893,early,exo_view,83,images/002893_01_early_exo_view.jpg,47240,5159b26f9c92eee3566e05505bdd365d8c6ce9c11cd65531c85019ad24e0b3c4
002893_01,002893,ready,exo_view,193,images/002893_01_ready_exo_view.jpg,46824,7dd8075f977e8df9e5389042dd9ee57d6e1408ef278fbf37467e6c0901125c20
002893_02,002893,early,exo_view,268,images/002893_02_early_exo_view.jpg,46684,6085cd6fc94aad3c1890dc9f905b3ce858edaf0774318e10e70f4db3774132aa
002893_02,002893,ready,exo_view,389,images/002893_02_ready_exo_view.jpg,47265,02bb9d7d8de07b8a4c54b39c70803888abcd44b677a835ac289b812467dda7e3
002893_01,002893,early,front_view,83,images/002893_01_early_front_view.jpg,58445,0e58a2fe08116d18435ab7068c4b5a60a96e877b8f8952d71508453dc0eb4dc2
002893_01,002893,ready,front_view,193,images/002893_01_ready_front_view.jpg,56305,9f062208f51e328b75aea72468efefe1727f3d8b6b07ac5b4ec54f7e1eb0f9f3
002893_02,002893,early,front_view,268,images/002893_02_early_front_view.jpg,56004,337cab61f888e15460ccaa6ccfc97b76341b6ae97de8eb48607cf6626083ff5a
002893_02,002893,ready,front_view,389,images/002893_02_ready_front_view.jpg,53354,b3aca6138e2d5e32b7cd595b12c4b4c818ea7bda16ff12912881ca3623d25de2
002893_01,002893,early,human_front_view,83,images/002893_01_early_human_front_view.jpg,55525,2f66f00d7a4315ec850a02a6558ff41440001d3a52d0b5c4071338542b49db13
002893_01,002893,ready,human_front_view,193,images/002893_01_ready_human_front_view.jpg,55458,4becdca58a3b74f18a24c9e8fb4f7969297d7a5529038f99debb262c75f49c20
002893_02,002893,early,human_front_view,268,images/002893_02_early_human_front_view.jpg,52436,866909f01c306e74a3f1f7c833aacb3c58259f475b124558d8ff7d31eeb3445b
002893_02,002893,ready,human_front_view,389,images/002893_02_ready_human_front_view.jpg,58480,ab527ea70de334d845dc707cc63e4adb047202a97ef62d259e78bab4344cd602
002893_01,002893,early,left_wrist_view,83,images/002893_01_early_left_wrist_view.jpg,68364,3ee50de695ede7a897b89e9b5b76ed30617ff95580eacc19875024e0b677e147
002893_01,002893,ready,left_wrist_view,193,images/002893_01_ready_left_wrist_view.jpg,51311,54cc63d84cca21519c92ec490bfdb68dc742c994f644d6c73ce799740dc7e8b4
002893_02,002893,early,left_wrist_view,268,images/002893_02_early_left_wrist_view.jpg,59570,d2de566677df50567cd9208b580eb72f58932f6ec584bb536e01a4f151d625ce
002893_02,002893,ready,left_wrist_view,389,images/002893_02_ready_left_wrist_view.jpg,59653,ab72e33f74e5d666203031a61cdd1a0efa9aa967fe87572ccde49fd07a78564b
002893_01,002893,early,right_wrist_view,83,images/002893_01_early_right_wrist_view.jpg,56098,45acfeef5671039da5ab6adf029dfdacf6ee365f8d392208f6bceb02d37878a9
002893_01,002893,ready,right_wrist_view,193,images/002893_01_ready_right_wrist_view.jpg,54290,8372b1bb323d8bafd6ef80720244641d81f399d6f40b96a16600c50e8ca89cfd
002893_02,002893,early,right_wrist_view,268,images/002893_02_early_right_wrist_view.jpg,56028,7100770d629bd90c7a992f80d5dec732e5a598adbfa91823b4a502695048251f
002893_02,002893,ready,right_wrist_view,389,images/002893_02_ready_right_wrist_view.jpg,49941,c9d2935179d7f55f0ef4ab83025dc9c51292257323886e4906b55f756df7aca2
002909_01,002909,early,exo_view,66,images/002909_01_early_exo_view.jpg,46453,eddc84fa4f346da0fa7c1452d0ee29d394f0e215b6bef78d5afd1363794c4d84
002909_01,002909,ready,exo_view,177,images/002909_01_ready_exo_view.jpg,47388,168dedfb43b70ed8e7274a4affbe3df64ecbb2de7b98e1b1bb68af010409f3dd
002909_02,002909,early,exo_view,246,images/002909_02_early_exo_view.jpg,48375,1e5024165e9374183e98e06efca9d23dca3b21cd7787b3312c712b8338949a62
002909_02,002909,ready,exo_view,354,images/002909_02_ready_exo_view.jpg,48207,92837e621a6c145b3edbb170301d0f1f3deef1d3da82f422bc60e55deb8df1f0
002909_01,002909,early,front_view,66,images/002909_01_early_front_view.jpg,55582,aaa180b24fc4adddc73c7840b54e1682584fb8b929af7f77474c0dd0e89e720d
002909_01,002909,ready,front_view,177,images/002909_01_ready_front_view.jpg,55609,0e1572f19065bbbe873ffbb6b2c0eb2586d5c9e2da5d854aae9425dd26a7e171
002909_02,002909,early,front_view,246,images/002909_02_early_front_view.jpg,53898,9cb1b99e1ddfcad8f343b59c862eec359d76f31112a05fc625ed51f06e4c8065
002909_02,002909,ready,front_view,354,images/002909_02_ready_front_view.jpg,53012,25a49b6acaf06b031020b9e04f11137c8a4f8a82806e5bb70d8f1c31bb17b18b
002909_01,002909,early,human_front_view,66,images/002909_01_early_human_front_view.jpg,53185,ca25b1ea1dd08c082302a46804bcb80f6c764d8776918c7d341099ded4988cf4
002909_01,002909,ready,human_front_view,177,images/002909_01_ready_human_front_view.jpg,60200,61ddb79de7be9b7b036ab46c2210420e1d220f25c78e47d0d7980980ad251411
002909_02,002909,early,human_front_view,246,images/002909_02_early_human_front_view.jpg,53522,9e96f611d1dfb9a53b7599e23e7be5eaff1745b857201315ac22f1002602f33a
002909_02,002909,ready,human_front_view,354,images/002909_02_ready_human_front_view.jpg,67262,560b50d9acb78ec68d423cfe6fe3a0605b1272eebd55f108ea3eece9fe931a84
002909_01,002909,early,left_wrist_view,66,images/002909_01_early_left_wrist_view.jpg,63438,b4d1ac43b402727bef679a4a3179a5e27c2a053f2bdef30a2380262c01c608f7
002909_01,002909,ready,left_wrist_view,177,images/002909_01_ready_left_wrist_view.jpg,51540,d4a14895c9894f082570a01f4a589015e71f759baf41a619912c0edeeaa206c9
002909_02,002909,early,left_wrist_view,246,images/002909_02_early_left_wrist_view.jpg,56390,4c0019fb0f21bea0705678b6c135b3d981209c028e8763da7041e3b6547b7a55
002909_02,002909,ready,left_wrist_view,354,images/002909_02_ready_left_wrist_view.jpg,55582,6187df1ca2c781fa7626fee71c5c09f8f34ad97aabdb52323da47af463a338e5
002909_01,002909,early,right_wrist_view,66,images/002909_01_early_right_wrist_view.jpg,54850,2088a1ab5f292aa846b7bf26d37ddaa66034a6b3170c8880317f97d6faed5a07
002909_01,002909,ready,right_wrist_view,177,images/002909_01_ready_right_wrist_view.jpg,53809,ecb2fa6f5177a146d4d723c82374117967549e868875fd1c0048e09178788a71
002909_02,002909,early,right_wrist_view,246,images/002909_02_early_right_wrist_view.jpg,56017,9e87ca14e6e7d6f23acceb70acf78494f11c245dd64792ffc7bd86a58cce6387
002909_02,002909,ready,right_wrist_view,354,images/002909_02_ready_right_wrist_view.jpg,52466,54093a3260a0c95ed3a4f2adb80ab416f5e52d1d1e1bbdba663f6ea4e52aa8a0
002919_01,002919,early,exo_view,77,images/002919_01_early_exo_view.jpg,48463,bfc850c5f73d69d6679d89827b8e2ee73fe02ae0919d2039ccb12add036a2cab
002919_01,002919,ready,exo_view,209,images/002919_01_ready_exo_view.jpg,47926,8123ea33a38093e4ea9a4ccf46b4e9c2abcb215087294125ee6ea66b97a35755
002919_02,002919,early,exo_view,284,images/002919_02_early_exo_view.jpg,47482,ca169ee8acbd9617017b37afc27f44b4716c49a4721792210237d5067d332f5e
002919_02,002919,ready,exo_view,393,images/002919_02_ready_exo_view.jpg,47443,5f70186d72620cb0eebd39298007bcf9f5f872779a5d31100fb61b04be268d71
002919_01,002919,early,front_view,77,images/002919_01_early_front_view.jpg,57371,7830361bbdd557a74c9a793d89cdba2dbd815b00b9943fa0d5f535102c90c5d0
002919_01,002919,ready,front_view,209,images/002919_01_ready_front_view.jpg,55622,99ea0c7b6349993f7c65a7d3546e36222dc68efd60755a0180b7399d01cf2471
002919_02,002919,early,front_view,284,images/002919_02_early_front_view.jpg,55315,aedf3b5da5842893604a3ad4db1c70ba113ab866f163290011852bd495f56362
002919_02,002919,ready,front_view,393,images/002919_02_ready_front_view.jpg,50302,4ce920105bbab4dea31c72013c65d07ac0accd82622e299309f326402ff831bc
002919_01,002919,early,human_front_view,77,images/002919_01_early_human_front_view.jpg,53633,41acfad96f9d0e06c0d4b0aefb7b32e4300a84054c762fd0aea5f0dd0cde4e13
002919_01,002919,ready,human_front_view,209,images/002919_01_ready_human_front_view.jpg,61166,ecea158164e827505951be24286cb9f7a72dd7eb7ae6a1851a7d50c8da8adfd2
002919_02,002919,early,human_front_view,284,images/002919_02_early_human_front_view.jpg,61027,e35a6282147277459daadc450263dfc5cf39cc07eafc8f3268e3cff223f3272f
002919_02,002919,ready,human_front_view,393,images/002919_02_ready_human_front_view.jpg,63109,efca3b64e1b5d552300e5726d6b31192ae6a1dc68cced93ad0e48081e7a1abe5
002919_01,002919,early,left_wrist_view,77,images/002919_01_early_left_wrist_view.jpg,60614,f8a6cf208dc4a0dd06157cf9384f6a6be794d12d29c25a1296c2fe4ad4edb080
002919_01,002919,ready,left_wrist_view,209,images/002919_01_ready_left_wrist_view.jpg,46773,fda7ceb5b4c922b1a3f0e62fe3a50e0f31e5ce14e0867f0fe7eeb9a014490d19
002919_02,002919,early,left_wrist_view,284,images/002919_02_early_left_wrist_view.jpg,53980,3fa71c82671c9b6936e7614c4cc34990f9cbfe9c1eb3ebd7a89e8a69fa4091b8
002919_02,002919,ready,left_wrist_view,393,images/002919_02_ready_left_wrist_view.jpg,53244,c77dc79c393fbab6adbb61c80aa1b27a24e37097eaa966caed34ad2370df4502
002919_01,002919,early,right_wrist_view,77,images/002919_01_early_right_wrist_view.jpg,55570,71adc578040893683be571fbb93954cd2145df7b3e96af2deea05ee2e31fdb3a
002919_01,002919,ready,right_wrist_view,209,images/002919_01_ready_right_wrist_view.jpg,53929,c87bebeb717fe56225c09c6810c2887cd6c69d695a82c5b019b7241352a5a20a
002919_02,002919,early,right_wrist_view,284,images/002919_02_early_right_wrist_view.jpg,55539,76764b6c7f2860c142b3900537e6393bd553e5d8dd37a62a8d57cccaf360f1a5
002919_02,002919,ready,right_wrist_view,393,images/002919_02_ready_right_wrist_view.jpg,44667,f61f6cf58e57182e7424d9d95c3f4dea9c25ce999777fc17934b76c78d405762
002928_01,002928,early,exo_view,61,images/002928_01_early_exo_view.jpg,50021,765df5cf7ebb565b2a37c12aa0c41f463a08c120ac5616834aa9c8ef6def8337
002928_01,002928,ready,exo_view,171,images/002928_01_ready_exo_view.jpg,50399,69c0ace250061b7a5e6fedf81fc1f5717c7907c7170647aa398dd80db06993d2
002928_02,002928,early,exo_view,231,images/002928_02_early_exo_view.jpg,50428,6e9c68839945eb3aa60f83666e81988c374fe201c72449a5b74ac0f37ef992a5
002928_02,002928,ready,exo_view,343,images/002928_02_ready_exo_view.jpg,50037,5a2ccb27c2548c6d4ba6845d0c12164e06ce44e6e00137b3a39726bb680a594a
002928_01,002928,early,front_view,61,images/002928_01_early_front_view.jpg,61325,f5a0c040851f11c4ae137886655d22bcbec8ee326595d5cf039e22c60465736b
002928_01,002928,ready,front_view,171,images/002928_01_ready_front_view.jpg,53535,37fe0888a27061e65383e99b1c56384c0ac95767463de928540d43603496a0f5
002928_02,002928,early,front_view,231,images/002928_02_early_front_view.jpg,59699,db8069732ebdf73c5f050c63c6d79c96d3b9bcb32e3d814477b247cbb13e5f52
002928_02,002928,ready,front_view,343,images/002928_02_ready_front_view.jpg,52493,ea47f130e474ae427b8abde61afa305750258ac6c57761dc0f5c9d306941d308
002928_01,002928,early,human_front_view,61,images/002928_01_early_human_front_view.jpg,41060,1beb7baf59bb041015bcc8f9ce5b4813755eb6e80c253f5b03cbdc6320cf617c
002928_01,002928,ready,human_front_view,171,images/002928_01_ready_human_front_view.jpg,51022,b227e48391dced3c29312d75735a816e226e26494c5693c3220f8da59af34d69
002928_02,002928,early,human_front_view,231,images/002928_02_early_human_front_view.jpg,43389,efb1d32b2775a75e0e79d1f6454f95eb61de4283b048df349f44d8d8dbca43c2
002928_02,002928,ready,human_front_view,343,images/002928_02_ready_human_front_view.jpg,52542,f015eb5a7bdf614daefe01dbe17b3c28ed39de465b28fb6eb27eb240883c616a
002928_01,002928,early,left_wrist_view,61,images/002928_01_early_left_wrist_view.jpg,63517,262201622d50b199c991db29f76138d8ccc994f1f6d0c7d5d88ce260523a3bfa
002928_01,002928,ready,left_wrist_view,171,images/002928_01_ready_left_wrist_view.jpg,59935,70c046723223b48df9571a91e19a60041038973054dd7bf2301e7ca899297c92
002928_02,002928,early,left_wrist_view,231,images/002928_02_early_left_wrist_view.jpg,62823,e7c1bc8faa138d1e7fec1d3135e45d0f0ecccf9cf698464ca7199fa9cc76cd48
002928_02,002928,ready,left_wrist_view,343,images/002928_02_ready_left_wrist_view.jpg,60761,55dfa4a982d590000eab53b320f8b13e41e9c294d89e1d977ddc2a96f6958762
002928_01,002928,early,right_wrist_view,61,images/002928_01_early_right_wrist_view.jpg,56320,839bb31d53a251edb356dc3d31e86256c0ddf9e376e9ceabb0444f619e527961
002928_01,002928,ready,right_wrist_view,171,images/002928_01_ready_right_wrist_view.jpg,42481,10206755dc7539e04902e8386d853275a6a9ad52af8ffbc67d87bc1eab670d9c
002928_02,002928,early,right_wrist_view,231,images/002928_02_early_right_wrist_view.jpg,53499,376298d9ec43803a1da2591939acb9242aa3cf92ecb6a2c92b6a28eaeaf8bdc4
002928_02,002928,ready,right_wrist_view,343,images/002928_02_ready_right_wrist_view.jpg,44928,a90e63e64417dfca18e6614933a7d094d216de8305b3ec6d02a2e29c76a93e8e
002933_01,002933,early,exo_view,75,images/002933_01_early_exo_view.jpg,51252,79883cca3d1f1c5be1db120f6733961170a86a5b734fe18a0ed28b111c13ee31
002933_01,002933,ready,exo_view,186,images/002933_01_ready_exo_view.jpg,51314,864b335c6dc582f44bb5d4ac66730ab42a843f1cba796d10f41bbef144ff381d
002933_02,002933,early,exo_view,249,images/002933_02_early_exo_view.jpg,50548,2211a4088c52a11864cd7fd62f2fac219fa11c170e28a4f7397a19b1feafc050
002933_02,002933,ready,exo_view,360,images/002933_02_ready_exo_view.jpg,50828,004b6b436d60d060fa8f7558f386b47849a06628b18b27e8d254f56a51f690fc
002933_01,002933,early,front_view,75,images/002933_01_early_front_view.jpg,61180,4acbe1372623017599070230053b9c70b72579856aea2b086574d42216f7cd67
002933_01,002933,ready,front_view,186,images/002933_01_ready_front_view.jpg,59137,ace140c50040495fcc2744ef95798c64b4d2396e33c27c539d92edb69f9bde25
002933_02,002933,early,front_view,249,images/002933_02_early_front_view.jpg,59943,cb5e53d8da12fd998f53b2d48173f7b97ff5a52a9785aa93f34ae7fbc065e9fa
002933_02,002933,ready,front_view,360,images/002933_02_ready_front_view.jpg,55418,d6bd1e15b19acd24699c8ce27024a863cea88766ddad46488e1571b0786a9d16
002933_01,002933,early,human_front_view,75,images/002933_01_early_human_front_view.jpg,48208,55b33034754256005c743943ceb0395cd57c1b874936a3e9be71c0cce985f44f
002933_01,002933,ready,human_front_view,186,images/002933_01_ready_human_front_view.jpg,54444,655eeb0e052ef1ff1a2b8c3430a2456118965e718c5e16a423c024d26228f0d3
002933_02,002933,early,human_front_view,249,images/002933_02_early_human_front_view.jpg,47230,f26922c46c7ba97874ea12877eed5abd361736892c4fdeb5735d4c4a5f3c76f8
002933_02,002933,ready,human_front_view,360,images/002933_02_ready_human_front_view.jpg,63962,1f625aff8c55631c96a9d4e32e24cb98f6b0d22865149ae7e3e2f93a19ba6bc4
002933_01,002933,early,left_wrist_view,75,images/002933_01_early_left_wrist_view.jpg,62769,106066f1af7e25afce6221955a30866ba960c02d85332628aca3f9a9a22bb84e
002933_01,002933,ready,left_wrist_view,186,images/002933_01_ready_left_wrist_view.jpg,49637,1d252d2e0c135fa55c579da7c857ce640641d6d304074b2f25024adc9233051e
002933_02,002933,early,left_wrist_view,249,images/002933_02_early_left_wrist_view.jpg,61708,9faea60865e9fed68325297c596cfccc84b13c4e5c27e0b83ab9a6fe68ed87e3
002933_02,002933,ready,left_wrist_view,360,images/002933_02_ready_left_wrist_view.jpg,62365,a2edfe8dc64306c2f0cb8433bc26dea1fac9c2b2dea788aea029e12cd6b45546
002933_01,002933,early,right_wrist_view,75,images/002933_01_early_right_wrist_view.jpg,57734,c02802734ec1a5429b093a2455ecf4b3d0b0f05f60162dd41f1d8eb06107ae42
002933_01,002933,ready,right_wrist_view,186,images/002933_01_ready_right_wrist_view.jpg,56729,c9180377164c76ac3578d9c912f22abaa1bb19f33fa33bd86f7b88e0ecbdd8de
002933_02,002933,early,right_wrist_view,249,images/002933_02_early_right_wrist_view.jpg,58334,a02ddc135c4f6732f887b893a504cfd6dabd6d7eb60279ebf729850875a551b9
002933_02,002933,ready,right_wrist_view,360,images/002933_02_ready_right_wrist_view.jpg,48822,763f40826d932f64582a961880e14be6b6d933176c9c12c4332d9ff0a7024241
002937_01,002937,early,exo_view,79,images/002937_01_early_exo_view.jpg,51155,7b338a26800551376ec8fdac1a6144643b9a9f45255555502ca0181c38902a2a
002937_01,002937,ready,exo_view,192,images/002937_01_ready_exo_view.jpg,51026,4fe6c7a53632f63dd7772c8435059570883aa331402c9d7af32d9aeadd28f0e6
002937_02,002937,early,exo_view,276,images/002937_02_early_exo_view.jpg,52222,1316236e7a347038d73c6705df5bdadbc55967dfbe0e7ea01f1e0e126ccc23ca
002937_02,002937,ready,exo_view,409,images/002937_02_ready_exo_view.jpg,51573,e23835436cb4bf3f4874762411dd2277400a0bd35227e1e002dbbf01c08368c7
002937_01,002937,early,front_view,79,images/002937_01_early_front_view.jpg,61707,b46e067ce5b0cd8ccf2c2a3277fe29c69f5130b55c83fcea2862da6146118f5a
002937_01,002937,ready,front_view,192,images/002937_01_ready_front_view.jpg,58254,34abc4a264c017ba3d471f59e1f85266df1f7246b005c0a68c54b40f7766f9b8
002937_02,002937,early,front_view,276,images/002937_02_early_front_view.jpg,59333,b4aa20e8dc428199c7e0c55b7540d5633e7c9e7b5014dab19c264f4281e4c9d4
002937_02,002937,ready,front_view,409,images/002937_02_ready_front_view.jpg,59682,7793befdc87bd1053c682c75208f9c418846e5e01fb7a26d5299d920f76fb921
002937_01,002937,early,human_front_view,79,images/002937_01_early_human_front_view.jpg,40804,5af06ea5ad14931d2411614771a6d4b0a9a30714a99c0e8dec01eba6c50ca091
002937_01,002937,ready,human_front_view,192,images/002937_01_ready_human_front_view.jpg,50436,2d9d503d22473eb06b52edf75633c9746782a1a25b407590f5cbb17677f2b43d
002937_02,002937,early,human_front_view,276,images/002937_02_early_human_front_view.jpg,50660,8a706337ad98b04f7202b57b3cb33f7ea7ed1b223b26f6cc6ea0c3ee7fb23403
002937_02,002937,ready,human_front_view,409,images/002937_02_ready_human_front_view.jpg,57814,9b98cbb18816f7759cab693002a632a06da30deef202d4045656035494061452
002937_01,002937,early,left_wrist_view,79,images/002937_01_early_left_wrist_view.jpg,65434,7c45dc626cb74e2f4989d8b2b92b8d72f4ada36950191e86b0e949660f862d50
002937_01,002937,ready,left_wrist_view,192,images/002937_01_ready_left_wrist_view.jpg,49742,c68e4a2cb5045088731b2410974d13697ab614d66b98ef37aca8cd505c56c273
002937_02,002937,early,left_wrist_view,276,images/002937_02_early_left_wrist_view.jpg,59824,a195c38a238cc47985a14052dc50e07db66ba2f13b15cc48be56912a8724418b
002937_02,002937,ready,left_wrist_view,409,images/002937_02_ready_left_wrist_view.jpg,49990,e60b74e7955567ad526559e03dfb5521ca3d8c968619d3e5bddc9f985828ab5c
002937_01,002937,early,right_wrist_view,79,images/002937_01_early_right_wrist_view.jpg,55404,6e40e360923c118ab599b04edd53f4e81829bd3f0584a6a75a542d0afb702c5d
002937_01,002937,ready,right_wrist_view,192,images/002937_01_ready_right_wrist_view.jpg,54134,a4dc8561990d23669a7331085c832e92b4d10aba5b5dcff4b4dbc275b11d8d52
002937_02,002937,early,right_wrist_view,276,images/002937_02_early_right_wrist_view.jpg,55436,4d0d94270b46080e04248078b39277fcc8b0a1cf4ecc6e088a641a43bc21206b
002937_02,002937,ready,right_wrist_view,409,images/002937_02_ready_right_wrist_view.jpg,55201,5d9af0ce41d3fa226990f6eddbed53a9818436f4dbdb368b69baf7d6f695eb89
002951_01,002951,early,exo_view,55,images/002951_01_early_exo_view.jpg,49318,b910dc3d8cef14f8532782f07210c752451f2e84b46155411437679d0664582d
002951_01,002951,ready,exo_view,159,images/002951_01_ready_exo_view.jpg,50453,eec51532d3b70ca82533cf9caa40e9ce8d47a651aea356c88ec8e03f56e866c7
002951_02,002951,early,exo_view,233,images/002951_02_early_exo_view.jpg,51573,87f304ae1af1c7649334f0e0c9d9c83bbe7a0c24eeef8cf8bbe0b20058b22728
002951_02,002951,ready,exo_view,340,images/002951_02_ready_exo_view.jpg,50807,c48a87a2aded513891aed7a46b8ada91a965ba2a01fc42f7792dd13a31afb16d
002951_01,002951,early,front_view,55,images/002951_01_early_front_view.jpg,59077,a1406e91d26b4058f8833117c588e182151a346085f4d4a12361944383acfdf6
002951_01,002951,ready,front_view,159,images/002951_01_ready_front_view.jpg,55657,fd33f8ce49e3eb2c2610db30ef474a160aff433fc8e4b8503568d0dae78c3ae3
002951_02,002951,early,front_view,233,images/002951_02_early_front_view.jpg,56776,eabb375cf54581acd594470fe94b9181b4cc3e0bea88328ed6fb7d435a0b6444
002951_02,002951,ready,front_view,340,images/002951_02_ready_front_view.jpg,52383,c9174239e40f1a7dc59d2d41d5dcf9347fa75f5d4410976d65f06c2384d35213
002951_01,002951,early,human_front_view,55,images/002951_01_early_human_front_view.jpg,45668,06ebc5a2cf6ac37ea86e9ea2a37b86bdbf58c6bf3011970318f5cd2994ba42aa
002951_01,002951,ready,human_front_view,159,images/002951_01_ready_human_front_view.jpg,54643,489d3243f23181b5c3fd7dc060aa4099577d9fd685adf5e6d7a2f9b73aa97465
002951_02,002951,early,human_front_view,233,images/002951_02_early_human_front_view.jpg,56176,51a85eac2de6bbdcbd1fadf3e75db955b9870753ceea750cbf5c510fe8680ffc
002951_02,002951,ready,human_front_view,340,images/002951_02_ready_human_front_view.jpg,61594,d7e9c9b26e54c24036add86345af53fb156877a9e18a9d0a85b542109a5eccd9
002951_01,002951,early,left_wrist_view,55,images/002951_01_early_left_wrist_view.jpg,61929,650ba0169c7d9389aebf571fd08dfffc3fe44362f1abfc0e7384ea0617ccebb9
002951_01,002951,ready,left_wrist_view,159,images/002951_01_ready_left_wrist_view.jpg,46386,b373b6096d9fbdebcc9ba8212656bde9c6a0ddbf192b844f858ed5552462e15d
002951_02,002951,early,left_wrist_view,233,images/002951_02_early_left_wrist_view.jpg,57681,14ef1d42f8c834663b7fc2518aa52058794b383d516f5681452b1cb19dc920af
002951_02,002951,ready,left_wrist_view,340,images/002951_02_ready_left_wrist_view.jpg,58126,bfe082e46d71d1761a57e98b8691604c6414fb910d8cae505ffcb754afc6cac4
002951_01,002951,early,right_wrist_view,55,images/002951_01_early_right_wrist_view.jpg,55820,2fa48090241f9e7295062a3c6f61b6388347967c20cddb0a9e30b2b41b465a1b
002951_01,002951,ready,right_wrist_view,159,images/002951_01_ready_right_wrist_view.jpg,55495,a180cdd104f78db3eb1775f32de6010ed50b87844fc16eecd55af990caf26be6
002951_02,002951,early,right_wrist_view,233,images/002951_02_early_right_wrist_view.jpg,57535,b9e829ca1f6f94533194459be1498c12ca0246abd88d6c18bf56f9a288e2e635
002951_02,002951,ready,right_wrist_view,340,images/002951_02_ready_right_wrist_view.jpg,47138,80157b33a29696d6c5fd5656836957acd2de42e0e4f63f5fa88ca4cbf03d62da
003426_01,003426,early,exo_view,78,images/003426_01_early_exo_view.jpg,51168,539ac168d926709d2ba483b105b8cfe218c708e6cabd0620270fdfc636851f3a
003426_01,003426,ready,exo_view,246,images/003426_01_ready_exo_view.jpg,50806,43b9883f795d96524ec7df51230f998e27daaf9e7b0e5a7f2bfe71d02579dfbd
003426_02,003426,early,exo_view,338,images/003426_02_early_exo_view.jpg,52627,57370b6550cde2cc8643555bec98d0cdae52339c911c1ab7b5657f95d902fd96
003426_02,003426,ready,exo_view,481,images/003426_02_ready_exo_view.jpg,50622,72b84e8509964c038017c73031f99c4de951b4871dc7dd18352af54e9f6bcf76
003426_01,003426,early,front_view,78,images/003426_01_early_front_view.jpg,57223,af5c7fd60256f227e19431a5a68888cffec167edc7dec9be80f958da45d6a9bc
003426_01,003426,ready,front_view,246,images/003426_01_ready_front_view.jpg,55752,46e99b24b8a21531fecd4fd8fd2a2fb44d0745277ff77c0ea9bd1d2f574c740d
003426_02,003426,early,front_view,338,images/003426_02_early_front_view.jpg,58344,d5f20c7adfcf7f892a62149b10260aa187cde751ae4209380ec66931125480b5
003426_02,003426,ready,front_view,481,images/003426_02_ready_front_view.jpg,57413,5c010fc159659c4dc064485e12dfb10a02e859658f3f5bf19deb8793069cc30e
003426_01,003426,early,human_front_view,78,images/003426_01_early_human_front_view.jpg,54023,c4f9f3744e0d699a69366d7f8fd36dd77df790ad00f84d3da14db9ca4193feb8
003426_01,003426,ready,human_front_view,246,images/003426_01_ready_human_front_view.jpg,64729,b26c14541997a6fdb60eb7efb5bd16daf3894303a8b4eb8d19317ed55039c28c
003426_02,003426,early,human_front_view,338,images/003426_02_early_human_front_view.jpg,62165,57af591f1c04a5c78f16e969b9438ae4d529c8fc5e56842cb2a2db39a2f060c8
003426_02,003426,ready,human_front_view,481,images/003426_02_ready_human_front_view.jpg,64581,5f8f50663ac51f6a74335b8a6d94c9f2c3d868890f1f829773f1935782707f77
003426_01,003426,early,left_wrist_view,78,images/003426_01_early_left_wrist_view.jpg,67809,49844b8317149302c86f4299ffe971d29b089a5e460eeaa0b58d9f54e62829a3
003426_01,003426,ready,left_wrist_view,246,images/003426_01_ready_left_wrist_view.jpg,67700,bda205b7fd1c0de07b8930409003e2f8134ec8ecbfb878d134016f0aac76902e
003426_02,003426,early,left_wrist_view,338,images/003426_02_early_left_wrist_view.jpg,68862,06539fdb968133af288db394d6689fabe0e8727fe8a9a001f6737193f7ed23b9
003426_02,003426,ready,left_wrist_view,481,images/003426_02_ready_left_wrist_view.jpg,53270,d2ceca84dbaa1f9b71527d53fa1620518882eada68182814797e39cf06e57590
003426_01,003426,early,right_wrist_view,78,images/003426_01_early_right_wrist_view.jpg,66022,7cb77bb44b63566c1f9cc81c7096efc706c8e5c5e33437966e1fbb8e10603843
003426_01,003426,ready,right_wrist_view,246,images/003426_01_ready_right_wrist_view.jpg,51264,28426328c989dca03d3b23d32baae0d1b6252df6d481ea51f4536138af7b275f
003426_02,003426,early,right_wrist_view,338,images/003426_02_early_right_wrist_view.jpg,64664,06b19831ed1feef75c65605660d4aaff017cca326ab3b4ca4ccb588ca273fa03
003426_02,003426,ready,right_wrist_view,481,images/003426_02_ready_right_wrist_view.jpg,67168,089f8e97f583aca7c9189a8f4891a2e1af9f97352d9b08f00102d8f90a14808f
003431_01,003431,early,exo_view,83,images/003431_01_early_exo_view.jpg,51212,6b52b4090bb831f5d35c18b3c2233e0019fb93cd9c9e4687684b87c2504570e0
003431_01,003431,ready,exo_view,252,images/003431_01_ready_exo_view.jpg,49982,c0c9cc8cafe5c2efdcf2c48d6fce0671bbfe56fe578c8b1300777133bac7ccb2
003431_02,003431,early,exo_view,331,images/003431_02_early_exo_view.jpg,50977,410e68f9e28fc3dacad41656f686057ecb0fd78b07059bda35f2e267e0d79319
003431_02,003431,ready,exo_view,483,images/003431_02_ready_exo_view.jpg,50460,5837b077d5da63bbe11eedcd2d9ebce74160b862e6f2c26dba532f57d2766064
003431_01,003431,early,front_view,83,images/003431_01_early_front_view.jpg,57100,2fa9ad6eaf39aafd0268b385d4d91f1aacce91def5ca8d67864d85f214d89f46
003431_01,003431,ready,front_view,252,images/003431_01_ready_front_view.jpg,56643,4e47d0376707b5275769bcf835302fc6da8e2eb3209b172c7779d026078d26c9
003431_02,003431,early,front_view,331,images/003431_02_early_front_view.jpg,55118,ecc60a62933e28b63e91e9126dabd0b0ece61bdbffa993872ddb08b1063a89df
003431_02,003431,ready,front_view,483,images/003431_02_ready_front_view.jpg,53961,52c2a563c56de00a853293449b53e14dded9f4b946e373aa73bc8255ea366e9e
003431_01,003431,early,human_front_view,83,images/003431_01_early_human_front_view.jpg,55681,7eb83a023ab2c6fdb0dc6794873e123f6cbaaa0dcd83bb80f60406c9547e1c32
003431_01,003431,ready,human_front_view,252,images/003431_01_ready_human_front_view.jpg,63178,4adb44ee9f9449ba7c790e966e52c7f1f51d93f562e80cbcfce4913ad56aa1db
003431_02,003431,early,human_front_view,331,images/003431_02_early_human_front_view.jpg,60333,c4d4f070e4c628bf34fa22d4472c2bd7eb8c4b8806c1fcc0128e9339f49e9c99
003431_02,003431,ready,human_front_view,483,images/003431_02_ready_human_front_view.jpg,69597,d8ef55961fd72aa7c3db59ce36e222e58e15a27922a909cbfd84443c613839b9
003431_01,003431,early,left_wrist_view,83,images/003431_01_early_left_wrist_view.jpg,73473,43bdb3e7e5e3eaf851187a68b4486a0379119e936fcfb73320439e949cac1b29
003431_01,003431,ready,left_wrist_view,252,images/003431_01_ready_left_wrist_view.jpg,71345,ea7a2019f7187df901b4fe064160c7e059e3fdbd63e2c690b742ffaede873ceb
003431_02,003431,early,left_wrist_view,331,images/003431_02_early_left_wrist_view.jpg,72912,be1b37fab38eea83d74b759689810c26d4ba43d6476675220338ee451b8ea2bb
003431_02,003431,ready,left_wrist_view,483,images/003431_02_ready_left_wrist_view.jpg,71227,ee9c10fdcc02ce922a9b61dbc0d3742f35a29c2aec0444e449caa45c3c604fb0
003431_01,003431,early,right_wrist_view,83,images/003431_01_early_right_wrist_view.jpg,66252,dcfbeed083d432be3fa5ed4eb446e43d9734f2db2b56c2db647fdc07e976cfbd
003431_01,003431,ready,right_wrist_view,252,images/003431_01_ready_right_wrist_view.jpg,52418,3e67c51083508e59fa8f6cebaf105a425eb538e3f24c493a71f3f6c23b3da885
003431_02,003431,early,right_wrist_view,331,images/003431_02_early_right_wrist_view.jpg,61985,bc657dc5820a58c44d82749b192758b12fabb2e5af06e06a0cdd5c3f3e8bf221
003431_02,003431,ready,right_wrist_view,483,images/003431_02_ready_right_wrist_view.jpg,48110,d3fff4fd816c3dbab46f2bad8a663ee27b3174d2c274d52390a1a55970e6bcd0
003439_01,003439,early,exo_view,77,images/003439_01_early_exo_view.jpg,50369,94c1237d2825ef89b0da31666d447c916436b4b3e2ca1023df1d4148288a7c9b
003439_01,003439,ready,exo_view,251,images/003439_01_ready_exo_view.jpg,44723,04c76138e969a10a188ff1b4ad3cb2a6281c12eed090531a31aff5e5f3c55618
003439_02,003439,early,exo_view,344,images/003439_02_early_exo_view.jpg,51454,7ab32be3f908c04d2e4d7088d8f526bccfe3d0b2d898ab7c5b659e3611dca0c9
003439_02,003439,ready,exo_view,467,images/003439_02_ready_exo_view.jpg,49820,b15a8b9a2451962520e7e005ae50aeef9b7234e76c5e9f90b0404497d124b539
003439_01,003439,early,front_view,77,images/003439_01_early_front_view.jpg,57734,c033ece8939acdbb092b65dea5a40f9cdd9ea41774d935e577aaba7c5a19f53b
003439_01,003439,ready,front_view,251,images/003439_01_ready_front_view.jpg,55688,153490a3f2a147d8271c8464030e842cdd369a4db4f7c78a8ced229c12a8b28a
003439_02,003439,early,front_view,344,images/003439_02_early_front_view.jpg,58272,b7a229403efc56064bf16553e0bd0fdb32c69e1ac4eb59fab5abe081d6fffebc
003439_02,003439,ready,front_view,467,images/003439_02_ready_front_view.jpg,57550,332eca3b11418d030b1d82c2131819f528f517abc328b2cc5aea34791b3a89bc
003439_01,003439,early,human_front_view,77,images/003439_01_early_human_front_view.jpg,58125,de95674e2f913d99036d50db482ad9350f57c3c94bea29cabd1fcef0cdaa4752
003439_01,003439,ready,human_front_view,251,images/003439_01_ready_human_front_view.jpg,62695,de7670592bc47cafcada5d05f6bea357cce0c3745a79af77b79eb2172d27b5f8
003439_02,003439,early,human_front_view,344,images/003439_02_early_human_front_view.jpg,58495,0e3601144fcfd7f4f80bb076acd83921af2617154bc8d573ad1362b00d7e9cb0
003439_02,003439,ready,human_front_view,467,images/003439_02_ready_human_front_view.jpg,67244,17004df6cb05c1d150fd0701e3f8f726a428b84802d5154b5e55bafd17d4d5c9
003439_01,003439,early,left_wrist_view,77,images/003439_01_early_left_wrist_view.jpg,78309,8694b9e887018f2263df829f2f04c1acb558e1307643f8251ec8354ad22981ec
003439_01,003439,ready,left_wrist_view,251,images/003439_01_ready_left_wrist_view.jpg,70797,869bf045d90937ed5ea7072c798065e48dac5babf1915b0aefbcd21e63a366ad
003439_02,003439,early,left_wrist_view,344,images/003439_02_early_left_wrist_view.jpg,41472,2a68ab77a2bb99bb84d76691f05da3d50262428d8b623f1ae1659dafb646a78f
003439_02,003439,ready,left_wrist_view,467,images/003439_02_ready_left_wrist_view.jpg,60973,0fc27cdc263fd6872fbcca52a921011b2a4a609230472859ebd9662c9840ea7f
003439_01,003439,early,right_wrist_view,77,images/003439_01_early_right_wrist_view.jpg,71303,3cdab60c6afae713e876e0f16175ecb82c4c029fe0010175d1e502b44f7e0802
003439_01,003439,ready,right_wrist_view,251,images/003439_01_ready_right_wrist_view.jpg,54301,001ffafb72a7eb22f6a97c122932a6b1e896994982a329ee6292e39d0df23b1d
003439_02,003439,early,right_wrist_view,344,images/003439_02_early_right_wrist_view.jpg,56859,f3b2d140e5d8e9884f9573de79e83d613070651d468f90d5a0856174295910f0
003439_02,003439,ready,right_wrist_view,467,images/003439_02_ready_right_wrist_view.jpg,63205,dea5cb2fd202cf00566d8ccbab5411780b41bb7600ff0f0568585cb3c673bdcf
003443_01,003443,early,exo_view,94,images/003443_01_early_exo_view.jpg,52565,923c5eb98b20ad3f48c04028c0203c41355eecbb60f99c1d34e2a33a2feb82ac
003443_01,003443,ready,exo_view,214,images/003443_01_ready_exo_view.jpg,51840,dc5b4a2d429277cabd14902ede12870a3208505e1fd3818338635bf98d795e5c
003443_02,003443,early,exo_view,299,images/003443_02_early_exo_view.jpg,53656,07b906bbb68179d58ccc1335782eb034a20dca502a57ced42d992e383aaca5b3
003443_02,003443,ready,exo_view,451,images/003443_02_ready_exo_view.jpg,52147,b7692c4186c63e137681ec26410cf9ec7e1fc476a9d6e3eac7fd076a0760b59b
003443_01,003443,early,front_view,94,images/003443_01_early_front_view.jpg,59896,357b44760572d39882b2f7d6e70e0f483c767ff7ceba1507db71ca186081c74e
003443_01,003443,ready,front_view,214,images/003443_01_ready_front_view.jpg,57582,ceda5a9f39c759917563bb1f37abe6ea03e601f83916c36599607c8217e6a210
003443_02,003443,early,front_view,299,images/003443_02_early_front_view.jpg,56242,4e07b1d88e31a63e0a833e76936d13a268dffe51efe9509e85c910e1f0d7f2f8
003443_02,003443,ready,front_view,451,images/003443_02_ready_front_view.jpg,52119,379d7c71375bf9d9ada1011ced5981fcded73a332ef9bfd9a276e7fcfe04e068
003443_01,003443,early,human_front_view,94,images/003443_01_early_human_front_view.jpg,60808,c7e0ad6e387b463e4d6fe40f5b404e48fd26b0c94efb7fe06166afda23746aa6
003443_01,003443,ready,human_front_view,214,images/003443_01_ready_human_front_view.jpg,64321,3791470e4105ef0d7a24353c37f5df326a82efa4112a877938ef8458bb74e610
003443_02,003443,early,human_front_view,299,images/003443_02_early_human_front_view.jpg,61773,40c6ccc28c648d817b9b26edf76cd4405f4a72a6b56881d2ae37f1681c91caad
003443_02,003443,ready,human_front_view,451,images/003443_02_ready_human_front_view.jpg,65858,ffc9dc21361a54aae2332cc798e8a9a2c0c28b3f632b9053dd1a15e92f9a178b
003443_01,003443,early,left_wrist_view,94,images/003443_01_early_left_wrist_view.jpg,66186,6cc179444b02f2a49eb5ff8e56543238ce834bb724e4a7c046e862ab793618c3
003443_01,003443,ready,left_wrist_view,214,images/003443_01_ready_left_wrist_view.jpg,65058,937071bd233d92db88f312989b58daea4b8ea626c777b98c6927ed9ec2f22e4a
003443_02,003443,early,left_wrist_view,299,images/003443_02_early_left_wrist_view.jpg,67328,00964032076e5776f61caf4fc72b5e59eba83b53fdafa93b8246d1c15d50851f
003443_02,003443,ready,left_wrist_view,451,images/003443_02_ready_left_wrist_view.jpg,65688,6eb93b105ba3a2aadbf6e1d16003c2cccbb15065cf1b123d4f548ffc53d2b0ab
003443_01,003443,early,right_wrist_view,94,images/003443_01_early_right_wrist_view.jpg,27910,37169e7aecb0b22a1d65a799f0326a83e7b3e840cf47dbaa3f4b61a2429c50af
003443_01,003443,ready,right_wrist_view,214,images/003443_01_ready_right_wrist_view.jpg,55919,05ee370085876186633a5309422aab0b8ed7a99283645133444d694b58a3b5ab
003443_02,003443,early,right_wrist_view,299,images/003443_02_early_right_wrist_view.jpg,63662,3e12138136b9ac4e93997138378addc836db87984ea3e71475aa55daa57908d6
003443_02,003443,ready,right_wrist_view,451,images/003443_02_ready_right_wrist_view.jpg,40396,69fb7bdc642e47f68a663d56f2633fb64e44f3362a87445a99a7518818e3f28e
003471_01,003471,early,exo_view,87,images/003471_01_early_exo_view.jpg,53208,083912762aac847d637d6160c677e2fce585acdb599ed51b0c99ff70febdd28e
003471_01,003471,ready,exo_view,220,images/003471_01_ready_exo_view.jpg,51533,c70cc8759179807029c0141c970a0721e9d3fd12d20a2e9a08045f564c2ae897
003471_02,003471,early,exo_view,313,images/003471_02_early_exo_view.jpg,52980,aa91b9d37e2954ce54a96450ca33183bc2ac69911a67edfafe04e4667ea24859
003471_02,003471,ready,exo_view,455,images/003471_02_ready_exo_view.jpg,51596,5d4cca870e93de36b3fefd68ba8f143ea2d147b08e063fdb9b496cd0275c2895
003471_01,003471,early,front_view,87,images/003471_01_early_front_view.jpg,57368,a8b097c5dd2fcacfe8c22f887fad4ece436fed4a7bf0be1636959ce97f07f5b8
003471_01,003471,ready,front_view,220,images/003471_01_ready_front_view.jpg,55788,083ebe5415b1ec180928e98f9e77665cf46c1bdda0795e6ccb0d026a01547740
003471_02,003471,early,front_view,313,images/003471_02_early_front_view.jpg,56664,61a397a021ba86288e46ba7d10fb0745f56f1ddac41ff6b6d89d7ef259299f69
003471_02,003471,ready,front_view,455,images/003471_02_ready_front_view.jpg,53718,7f34bfb355408737fa96d10caece9968893a8dcb8f3f9b0ac55eb870247933dc
003471_01,003471,early,human_front_view,87,images/003471_01_early_human_front_view.jpg,56249,cfe0d05e0b7cc2d66ae374addb1a2dccc9790115829518f5f2bee2aa651325ab
003471_01,003471,ready,human_front_view,220,images/003471_01_ready_human_front_view.jpg,64013,77a1805a6bcaf71844400bfeb70cb5457ab413e820e8510a4d647fec386057ed
003471_02,003471,early,human_front_view,313,images/003471_02_early_human_front_view.jpg,61664,49425a886b2c3a464e6156723df1fd7adae3b00548d87ce0a38e89ed4fcd0193
003471_02,003471,ready,human_front_view,455,images/003471_02_ready_human_front_view.jpg,67833,404fccec503afe2fb8a1d3ce8f709e8622f5f31f09b3f4fd3699dae35f039a3a
003471_01,003471,early,left_wrist_view,87,images/003471_01_early_left_wrist_view.jpg,72952,cb5a2ea0f887eb011714f7ee113763e64a11b7ce68578e676cd9458b4c8b89e2
003471_01,003471,ready,left_wrist_view,220,images/003471_01_ready_left_wrist_view.jpg,56433,bff3cb676bc873c38ab3effbdf682644930177a990e815fca67b7ba5d190f170
003471_02,003471,early,left_wrist_view,313,images/003471_02_early_left_wrist_view.jpg,65574,4f2338cc8fb879f15b1553ed840b18939a8a4085267004111c2558c2f9158154
003471_02,003471,ready,left_wrist_view,455,images/003471_02_ready_left_wrist_view.jpg,65602,c3ac3f83726cccf17d3d8baabb01f93a4c0b2ecf39c40b99b4e8fb36a0e082ed
003471_01,003471,early,right_wrist_view,87,images/003471_01_early_right_wrist_view.jpg,69324,0259cc164d90fc2d860c43e75d516888a80673642dab19c5bef9fda8b6a6c36a
003471_01,003471,ready,right_wrist_view,220,images/003471_01_ready_right_wrist_view.jpg,65377,8824f8a0b4abdd4cf0f96e10678c9562f6a1552994166b28d68d1fc0e1a39980
003471_02,003471,early,right_wrist_view,313,images/003471_02_early_right_wrist_view.jpg,35471,12ff7187bea0b70e1ce437dd900758881b604cac5a9c87f4533dc41f51b19989
003471_02,003471,ready,right_wrist_view,455,images/003471_02_ready_right_wrist_view.jpg,52190,1c0c1dba0862801d6dc0f13d054e3dc1473bcf3be7a4cf753eb3318a8809615d
003481_01,003481,early,exo_view,81,images/003481_01_early_exo_view.jpg,53271,e58289fd4a36dec0df8061a450c79a6a46407ed3076e45f3b96eb2d1ef94f9c2
003481_01,003481,ready,exo_view,213,images/003481_01_ready_exo_view.jpg,52438,5ded81f68daf8a7e7770be908e3751e6ba3ef2b42fc18e3b449f7ba18cec3633
003481_02,003481,early,exo_view,295,images/003481_02_early_exo_view.jpg,52592,58d7423e4a866273f0ca90cf56b0a98f6b9d7b96ee8e91bf6e61eaf0e05a568f
003481_02,003481,ready,exo_view,450,images/003481_02_ready_exo_view.jpg,51721,913afdaed0cabca489ea151c08c0bd4ba09b2fb8af006e3e5cd95dfddaf620a6
003481_01,003481,early,front_view,81,images/003481_01_early_front_view.jpg,55526,a7ba301f21db83645879f1620e193defe8fb5c049f3beb1e4fdb6fe8cf749f1b
003481_01,003481,ready,front_view,213,images/003481_01_ready_front_view.jpg,55878,e38227a4a398991b1b9935fb906556f052455561418ce86839d89643e60067c7
003481_02,003481,early,front_view,295,images/003481_02_early_front_view.jpg,56005,569f2717d6f7eccd99c72eafcd39f221f25550d4e03a701265d78e507c28de23
003481_02,003481,ready,front_view,450,images/003481_02_ready_front_view.jpg,53980,7ffa8a30a623a106fd72f16ccde023dabaa502aa7cd5e4753cd0327700b6f76e
003481_01,003481,early,human_front_view,81,images/003481_01_early_human_front_view.jpg,59133,18ee935226e263b67f350ad9b6f96915f0f797fb0133a2e0f0d284a222c978a4
003481_01,003481,ready,human_front_view,213,images/003481_01_ready_human_front_view.jpg,65069,ec4c8eb164acafefc860397d3c339a0f0ffed52c1f9d256319204014908b8f06
003481_02,003481,early,human_front_view,295,images/003481_02_early_human_front_view.jpg,66297,bc4153f47721a3795162e067d35796167a95dc3ac33b955f4bbe5de7983ff29a
003481_02,003481,ready,human_front_view,450,images/003481_02_ready_human_front_view.jpg,72443,e38e6cfe9c43a42faf3aafe02acbc2bfef78d19bc8ba3760f51e300a72de016a
003481_01,003481,early,left_wrist_view,81,images/003481_01_early_left_wrist_view.jpg,71598,ad8a0b8ee004b9fa7d1de14611b668202f90b5a9197ada81b1ef9b23ddf23964
003481_01,003481,ready,left_wrist_view,213,images/003481_01_ready_left_wrist_view.jpg,71652,9d1aa84f1ac32465083dff49d0f7565abe11abf92648a86d590e3a4e586a4ef5
003481_02,003481,early,left_wrist_view,295,images/003481_02_early_left_wrist_view.jpg,70770,f98f684bc9edb3e9db8346501931b21fb723e9e0f482842b896bf69b413d4186
003481_02,003481,ready,left_wrist_view,450,images/003481_02_ready_left_wrist_view.jpg,72958,9529323431b10eb08832f799dd2c50d9c49460cf0b1e45ed9b2ba9463b153d8c
003481_01,003481,early,right_wrist_view,81,images/003481_01_early_right_wrist_view.jpg,68093,5eb46b2d841fed52b7bed179d3d375fa356cb3d585653f01b4ca1627c28c4775
003481_01,003481,ready,right_wrist_view,213,images/003481_01_ready_right_wrist_view.jpg,39379,a071cba6fe6b93e9890c3de0a4594c19fb22a26074619147dc9dc4032de398e2
003481_02,003481,early,right_wrist_view,295,images/003481_02_early_right_wrist_view.jpg,48705,d0be87dbd37b9aba0a0d69283ca7cd1b96ba8e7905c5caf2da5985134ca434cc
003481_02,003481,ready,right_wrist_view,450,images/003481_02_ready_right_wrist_view.jpg,53149,38a60e5b6a27802df1dcd28ea2b325f3cf9eca9df6f830172b8393b75b4cc8eb
003484_01,003484,early,exo_view,78,images/003484_01_early_exo_view.jpg,52232,772127bd6b0bd738259b316289155fa2fb40b82f850340f69dbe17e52ae48bbb
003484_01,003484,ready,exo_view,270,images/003484_01_ready_exo_view.jpg,51119,a95aa1b8cc10f0f83a90fe8a029a4dd1f2f33937346c605749833a8d2e256067
003484_02,003484,early,exo_view,369,images/003484_02_early_exo_view.jpg,53611,96d5fca0eb36279fec4b8083504ef4dd0c16e466f27bdfbf73b5fc2748d8cc0e
003484_02,003484,ready,exo_view,511,images/003484_02_ready_exo_view.jpg,52770,3e370a0425985fd4ba7a52d99eb6fdb755cad969de7641da2bcd7828e2424b96
003484_01,003484,early,front_view,78,images/003484_01_early_front_view.jpg,58199,d8f3ffcc8be919920caa27d7ec03b8fa745f26b477385e678d659900e9e1a5e4
003484_01,003484,ready,front_view,270,images/003484_01_ready_front_view.jpg,53833,ccd64e4c48e60266cb8785a3e6127a9905795ee4a6c804138f6aeb4d5f45c324
003484_02,003484,early,front_view,369,images/003484_02_early_front_view.jpg,56889,06dfd4b65329e85dd7bcd18bb8a10d80d32c565c71a5360fbf804a9ce354a9b1
003484_02,003484,ready,front_view,511,images/003484_02_ready_front_view.jpg,54977,102e5673b47b73cae7e0b7ed3888a876eb022efa62cd13be64eba4029bf34125
003484_01,003484,early,human_front_view,78,images/003484_01_early_human_front_view.jpg,63478,45f43becc0bf6e87d89f76c20fd2621deca523e3386ffa5e7c745d39526f789c
003484_01,003484,ready,human_front_view,270,images/003484_01_ready_human_front_view.jpg,63004,7570dafcbe670abeb86e8622c421d61d30a7c0b23eccd09e6f157c1217053851
003484_02,003484,early,human_front_view,369,images/003484_02_early_human_front_view.jpg,65592,1ce5400ffb304398fb6f1ef10c116c8b3637e6f793a9b7910c3caddc18f77bb4
003484_02,003484,ready,human_front_view,511,images/003484_02_ready_human_front_view.jpg,66858,f56e75de06bd2c1ff8b8ab485a6240b51b96ecaeb45ead41797c452869c9375f
003484_01,003484,early,left_wrist_view,78,images/003484_01_early_left_wrist_view.jpg,60250,c0bea8b1ec532c3623d3aef953f5110dac6d999bb4ba0ee7a1d208e49192925f
003484_01,003484,ready,left_wrist_view,270,images/003484_01_ready_left_wrist_view.jpg,66034,2c1eca3234eb9b31aeb523f75037a722ecc68ab11f592247216077066bad7757
003484_02,003484,early,left_wrist_view,369,images/003484_02_early_left_wrist_view.jpg,32252,9ecf9c0b664525e5ae053da9d75bdc15803277def37c0064df348b2e5df6a9ea
003484_02,003484,ready,left_wrist_view,511,images/003484_02_ready_left_wrist_view.jpg,53491,33343c02700ec35aa8b3f78f796e3a1b2db0c40449d36cf8d75f04dd8031962e
003484_01,003484,early,right_wrist_view,78,images/003484_01_early_right_wrist_view.jpg,60585,8920cfd6c3bd81d85608e2061c1d14e2f25fe863fc66aac7d83fdf85086c0054
003484_01,003484,ready,right_wrist_view,270,images/003484_01_ready_right_wrist_view.jpg,44370,cc8cd4e6be803b8844e4af28b3af279500d29a2077af535d0317c6c3b94148f8
003484_02,003484,early,right_wrist_view,369,images/003484_02_early_right_wrist_view.jpg,63495,0eb4c283066155f709b71a41e6398379e6027d0f24751226fb3c64403c675e00
003484_02,003484,ready,right_wrist_view,511,images/003484_02_ready_right_wrist_view.jpg,71088,e9e1b00861d1a92bf7f146426b9f76b5ee985ae710bf3f0a55e60266d1887ef4
003488_01,003488,early,exo_view,83,images/003488_01_early_exo_view.jpg,52012,b55aeb22eb6ccb1ce2bfdf2d61c3495b6623658e56b8380acee8bbe5249b0ee9
003488_01,003488,ready,exo_view,229,images/003488_01_ready_exo_view.jpg,51006,0ccfeecbb22538c4774610e929d7b4e667a1445612df685bebf39ac3e61e3255
003488_02,003488,early,exo_view,313,images/003488_02_early_exo_view.jpg,53392,115949340279661c8f65192b1a7c89664be1086c0322c7ea52c66341285a24df
003488_02,003488,ready,exo_view,421,images/003488_02_ready_exo_view.jpg,51122,253ef3a1a4f26782aa732239975cfbe570d0a0e72538451f1bcd666d54795ede
003488_01,003488,early,front_view,83,images/003488_01_early_front_view.jpg,60193,3e15150463443a1d24a1089acbb3fd631befdb06cca7edaf975bd60b05cb4059
003488_01,003488,ready,front_view,229,images/003488_01_ready_front_view.jpg,57140,508601da562681413d4ec36e7ca0ae3a292a0004d2c313cd81c4301dd6545dc3
003488_02,003488,early,front_view,313,images/003488_02_early_front_view.jpg,58318,6556656ed93b0db88d3f8f6147b1ac356008870944fb0889794a4f3add64608a
003488_02,003488,ready,front_view,421,images/003488_02_ready_front_view.jpg,57073,09bc12599a2bc6983c9209969599539457aca0508cfdeffd01c9e703f8096ab6
003488_01,003488,early,human_front_view,83,images/003488_01_early_human_front_view.jpg,54616,29c9f9a96541ce451d8b8967e2d1298b792934ba71a925eb1016da520a860212
003488_01,003488,ready,human_front_view,229,images/003488_01_ready_human_front_view.jpg,64900,f570eb5d7c50d05cc210778768f9b9f644f30e5d23015f787f7200f8d00e621d
003488_02,003488,early,human_front_view,313,images/003488_02_early_human_front_view.jpg,63471,3278b8fd13cf1cb83fbf52f489025febe0a95046dc422fd2ef26dbebce38c770
003488_02,003488,ready,human_front_view,421,images/003488_02_ready_human_front_view.jpg,68058,515d1f5595453f02070cb4e5c1d37513cfff645f7d3718a7b66c6e55e6a1f0f2
003488_01,003488,early,left_wrist_view,83,images/003488_01_early_left_wrist_view.jpg,78370,05a8f71a33d48c449e115547b2a92f851a9007acf35ad267b487077161d96b7b
003488_01,003488,ready,left_wrist_view,229,images/003488_01_ready_left_wrist_view.jpg,80380,7393e268ff938c6630a3590de63cb3e474249678d73c93b155f97c2f3404271b
003488_02,003488,early,left_wrist_view,313,images/003488_02_early_left_wrist_view.jpg,44358,97d129cc7eccf9b5ef6a07d84dfc172d9cf2e45ee693e71f8d5f09cc3d91d2bd
003488_02,003488,ready,left_wrist_view,421,images/003488_02_ready_left_wrist_view.jpg,58943,81a11be772835890e22a1cf93fe50489b7e46fd3e68981fd0ce88a96145d3ab9
003488_01,003488,early,right_wrist_view,83,images/003488_01_early_right_wrist_view.jpg,69881,fdae9504ab35f7b23998df14b1a7e9190834850cda4146bb3bcd812c9e478c11
003488_01,003488,ready,right_wrist_view,229,images/003488_01_ready_right_wrist_view.jpg,51516,0e20c33abd112e1331dc89f4751bf6aba19dddd3b792ae50065b6671d819162a
003488_02,003488,early,right_wrist_view,313,images/003488_02_early_right_wrist_view.jpg,62170,355e2a72d398a86de89f570c68201f462187a6aaeb604433e526e201c5ec571e
003488_02,003488,ready,right_wrist_view,421,images/003488_02_ready_right_wrist_view.jpg,67805,5500d9dda303bd031bd891b3451855cf9307c18450c5c699bb92a6474b90c395
003492_01,003492,early,exo_view,79,images/003492_01_early_exo_view.jpg,51257,faf7794a2707c8495fa2f3b7430fdd988672cf969722fed38db7d88c7795c90c
003492_01,003492,ready,exo_view,219,images/003492_01_ready_exo_view.jpg,51113,a913d71e3b3deaacb17b2d097b93dff0dcd5bec0153fef237aa6b84525fc682c
003492_02,003492,early,exo_view,303,images/003492_02_early_exo_view.jpg,51403,e4a7434da668e440a319c6d18a690f8b306cd34d24222129401e7c195a9d5f15
003492_02,003492,ready,exo_view,473,images/003492_02_ready_exo_view.jpg,50405,8ad041630981837317555097134360d4c8519d903f4c8466dc3c9f9c7651c3f7
003492_01,003492,early,front_view,79,images/003492_01_early_front_view.jpg,60772,22d5bbaafdb16f2d77e0a2d7ba1c318efa9edcbea4fb4ca7a15563e2e4529aaa
003492_01,003492,ready,front_view,219,images/003492_01_ready_front_view.jpg,57132,70f478f7c421481207f738da12affd0c644cba9250609d68b1036ed2f98094ab
003492_02,003492,early,front_view,303,images/003492_02_early_front_view.jpg,58555,5e79653ffde57f1eb6a31c0a23eba81b86bfe5d7213c9b374e1edfdb0a3f3368
003492_02,003492,ready,front_view,473,images/003492_02_ready_front_view.jpg,54282,3f3dead5491c533559ead22e82a35d1953debf16633c5f60e65b3779b79d34d0
003492_01,003492,early,human_front_view,79,images/003492_01_early_human_front_view.jpg,61123,6224b2e8745d611ff21cb4d69735dca09f171b40960df25ebcb7617709129c40
003492_01,003492,ready,human_front_view,219,images/003492_01_ready_human_front_view.jpg,64918,2bb5cbe407f679cf6d1d14b0f8413bc5f1c7711a57ec005b173fe903f5627711
003492_02,003492,early,human_front_view,303,images/003492_02_early_human_front_view.jpg,64209,93245a23b29bb2f83fbb86569e21ca3274a11d38e4f403ba770ceb9b2bbe2906
003492_02,003492,ready,human_front_view,473,images/003492_02_ready_human_front_view.jpg,67472,8e5fec0c93fa6b41334a25451c9ad2d5f38b8f5084aca7a35c6721e92f25a4dc
003492_01,003492,early,left_wrist_view,79,images/003492_01_early_left_wrist_view.jpg,78549,c49daf8629032bf1cf8b3c8c865cc1c9db7238e303f54b6cd932c035735d8a5e
003492_01,003492,ready,left_wrist_view,219,images/003492_01_ready_left_wrist_view.jpg,79454,2048ce1cfa0994baa8041c5ad27852345cc56a0ba813c038964901429b747ca1
003492_02,003492,early,left_wrist_view,303,images/003492_02_early_left_wrist_view.jpg,77860,ff837ca2c669dd5bbf9a09979083d850403302eb88c7b3621d56a761d9c30fec
003492_02,003492,ready,left_wrist_view,473,images/003492_02_ready_left_wrist_view.jpg,78152,cf3ca59d5b65914ce47b913deec1de5b8494b6282dd3d9328ede45f77636408e
003492_01,003492,early,right_wrist_view,79,images/003492_01_early_right_wrist_view.jpg,71562,6092cce1262ca5ae677f08d1c3952202e99994d8acfd1c52ae5089ed60573476
003492_01,003492,ready,right_wrist_view,219,images/003492_01_ready_right_wrist_view.jpg,51445,00ec9947114291d1a2f43a38e19c7c31a92f4ad868a333841f3ab2d663e68ccd
003492_02,003492,early,right_wrist_view,303,images/003492_02_early_right_wrist_view.jpg,59857,6b173a199f0173fe47e98d0d471e4522e2a6b049f86e8379d9538dfd8821d1d6
003492_02,003492,ready,right_wrist_view,473,images/003492_02_ready_right_wrist_view.jpg,46513,7c938d063b1eef66e860c39e9c72abb98064e28b8c7d0b2d1cc4f84a01429c21
003498_01,003498,early,exo_view,77,images/003498_01_early_exo_view.jpg,54068,781c8c740c21254ebd81f184b2a93b2ba6cac9fc4f38b5f282f70cc44fbed8ce
003498_01,003498,ready,exo_view,208,images/003498_01_ready_exo_view.jpg,52812,eeec631323a693d3053e15a1206765db7dc3bfc4e324f9d8e6735c61299a5531
003498_02,003498,early,exo_view,282,images/003498_02_early_exo_view.jpg,54213,55cd6575c79c5e6c4ed64e6af3a05901d84101df43f2ba2bae87e221a043e7d5
003498_02,003498,ready,exo_view,411,images/003498_02_ready_exo_view.jpg,52886,e09b89de74e3a8f8210423c3d297ba59be2b2333402e9a90cacccb19ebf9fb22
003498_01,003498,early,front_view,77,images/003498_01_early_front_view.jpg,60925,cf1c156d9d1489c0833443c3cd3923932a814bc52d44b05423854027aaf05c89
003498_01,003498,ready,front_view,208,images/003498_01_ready_front_view.jpg,60803,7f9d4d4fa93aaf165e12bcfc9568f76d4eca197add615fa1d1d1b87e4d9f09d7
003498_02,003498,early,front_view,282,images/003498_02_early_front_view.jpg,60341,4f55b567ad32213c987259e6c36a0a6ad49c148bd32e926b46f96c9f8a42a583
003498_02,003498,ready,front_view,411,images/003498_02_ready_front_view.jpg,57508,787371b7f955a0a3f83ae42b1bddb8f8a75e761b04f67befd24a3dd405b2cd15
003498_01,003498,early,human_front_view,77,images/003498_01_early_human_front_view.jpg,61510,72420f9fd296583f3c71a07f060dcf280458aaf3cf6921fa47b547325dde2526
003498_01,003498,ready,human_front_view,208,images/003498_01_ready_human_front_view.jpg,66491,fa1a08547b70c68c759a845af3d400c3c477e137aaa735bc72d7bbed1d28c086
003498_02,003498,early,human_front_view,282,images/003498_02_early_human_front_view.jpg,60962,f95e92a26edf8c99ce41192bef8f88c2d2adcb37a6c8e38ed0d2669d59786c57
003498_02,003498,ready,human_front_view,411,images/003498_02_ready_human_front_view.jpg,67113,5b945c377e51e174166aae560b03efec3a0e1ac920e09c32cc5b448ecbe0c647
003498_01,003498,early,left_wrist_view,77,images/003498_01_early_left_wrist_view.jpg,79058,739bfcf74e893aee61726ca74b8dffed70fd963fce2ea6af6a4ad157034631a8
003498_01,003498,ready,left_wrist_view,208,images/003498_01_ready_left_wrist_view.jpg,44629,2b275f57960ad5e8213b6fd6b82adcc19c0592de58fe6669b88acb1293c191e9
003498_02,003498,early,left_wrist_view,282,images/003498_02_early_left_wrist_view.jpg,66259,cabafd73d526d396e64934440dcec8590278da68a50393b335ae4e1040aa84bc
003498_02,003498,ready,left_wrist_view,411,images/003498_02_ready_left_wrist_view.jpg,51976,cbaa57182c2dabe95ae0c9f2f50450d00644212f2077af03ede3f25658917a9a
003498_01,003498,early,right_wrist_view,77,images/003498_01_early_right_wrist_view.jpg,73721,0bf93f5dbb468017680656ee9b8f3785f8f79e02200307f9a38e6c176936083c
003498_01,003498,ready,right_wrist_view,208,images/003498_01_ready_right_wrist_view.jpg,72938,09a69682803e2aa0cfb419c33fea77ea43464a4343a547d712cd82be92d32174
003498_02,003498,early,right_wrist_view,282,images/003498_02_early_right_wrist_view.jpg,72600,b7a4f221db575b70c23bd59e2bf0c85c9edd1cf89926eaf872ddc776bdd16c75
003498_02,003498,ready,right_wrist_view,411,images/003498_02_ready_right_wrist_view.jpg,72910,a813919dadfdbe9c021e3528db2b55ded175a3e2cf85c872fa3f4afc79af5eb1
003501_01,003501,early,exo_view,78,images/003501_01_early_exo_view.jpg,53173,8bba9223bf04676cbe9efd44ad0cf76528b221c5a28d983f6c931a50e26e412e
003501_01,003501,ready,exo_view,193,images/003501_01_ready_exo_view.jpg,51643,47b3538513c0b89a3951468b4091af7fe1f2b259ddce0b4064524c026cbc7a69
003501_02,003501,early,exo_view,273,images/003501_02_early_exo_view.jpg,51320,2953dbb0879ce3a40f3060f9c551c6e1058eb73f561ea3abd829762ae7405db4
003501_02,003501,ready,exo_view,427,images/003501_02_ready_exo_view.jpg,51412,86dc0c37bacbafa6b717d96a17db14445c65ecb1342bd391923d81bf93d85d04
003501_01,003501,early,front_view,78,images/003501_01_early_front_view.jpg,61508,5b6343376c4eba8c2df4b94ab903248cad7e894413f99fd93d05f1ae2f59e68a
003501_01,003501,ready,front_view,193,images/003501_01_ready_front_view.jpg,60016,ee832167cb1764ece0be2c5c1cc3b9c3d8cb560a049281d20b2443dda91147b1
003501_02,003501,early,front_view,273,images/003501_02_early_front_view.jpg,58752,c00a6bd14d0d70bfea84490a20d8de0827a41934c9145cbd8527efcc0934b7d8
003501_02,003501,ready,front_view,427,images/003501_02_ready_front_view.jpg,57543,3e9765c249ff6c75152204a259dee6a8ac1d2459091aaf112454835598fea39a
003501_01,003501,early,human_front_view,78,images/003501_01_early_human_front_view.jpg,63081,8b5b8f982f07abf3210f43f99dbd33ea6254696ad194000e34612aae6837ba01
003501_01,003501,ready,human_front_view,193,images/003501_01_ready_human_front_view.jpg,66174,57452a2782d5536635296ac652134ba515974610cf4183cb4ce96f4cb10546ac
003501_02,003501,early,human_front_view,273,images/003501_02_early_human_front_view.jpg,60250,fe10e5a1ab5978308b8482ac5dc060e4a4f1cf545a18cfa8f97571da86b91fba
003501_02,003501,ready,human_front_view,427,images/003501_02_ready_human_front_view.jpg,70563,4ab1688d4f8207236aeefb101349c3a2e483379d6d847b83fea793be513c8a63
003501_01,003501,early,left_wrist_view,78,images/003501_01_early_left_wrist_view.jpg,68370,a80d0b5167b719d162f4c46741d31b60174d03dd68a146314b4133fe3a60f333
003501_01,003501,ready,left_wrist_view,193,images/003501_01_ready_left_wrist_view.jpg,52013,81276e2f1e285e5d7e4fa302ea4a81a7f078071d4869f53dfc51eb92a4239991
003501_02,003501,early,left_wrist_view,273,images/003501_02_early_left_wrist_view.jpg,71522,0a4b05065ead7c474f4cab5d02e5f194e863cb7a4cdd565442bf6854d9802f29
003501_02,003501,ready,left_wrist_view,427,images/003501_02_ready_left_wrist_view.jpg,73697,d7aac75e2b0a11cf68e13cfbc84f364524a69d751adf3e8a606e40636376be8d
003501_01,003501,early,right_wrist_view,78,images/003501_01_early_right_wrist_view.jpg,61695,878cbcc1355a54c362a143562c599d175e092ffb4bfde5bac39e14e732a1c073
003501_01,003501,ready,right_wrist_view,193,images/003501_01_ready_right_wrist_view.jpg,61206,9dad5ee3744b0d86243c4818e54fbe8afe9d4bc6d1c69f4a5e75afdb55cc4e3a
003501_02,003501,early,right_wrist_view,273,images/003501_02_early_right_wrist_view.jpg,64097,a47832ce13c8323db0129e969d383e5f416776c41d4c5b363d7c9d372c81a30a
003501_02,003501,ready,right_wrist_view,427,images/003501_02_ready_right_wrist_view.jpg,45376,aa7b12e4e9763ea4ef429d8c21c0f2f61868b98369ad3adfe7ef24763b0feb59
003502_01,003502,early,exo_view,89,images/003502_01_early_exo_view.jpg,53005,9e3b8d50656c18ed1f6818efa2bfdd582cbda74e1cc24ff52c6b5e63c02dd0da
003502_01,003502,ready,exo_view,232,images/003502_01_ready_exo_view.jpg,51801,2672a2d6677f166324d1f87ae2475ab46fa504250329ea78c0c46cded8d11455
003502_02,003502,early,exo_view,318,images/003502_02_early_exo_view.jpg,52006,612e7236ba021438026d9ed94b68912e3bf3735926fb6171d123785ce7de0497
003502_02,003502,ready,exo_view,473,images/003502_02_ready_exo_view.jpg,51065,50b0cb284f15a6143595071ef921dc0f6e7b7b93bfa23a66ddd295e886e49727
003502_01,003502,early,front_view,89,images/003502_01_early_front_view.jpg,61221,87c20fa0f699ff440defa0be0da8ab5495302c63c6a1b687b5f3fec4dc4d2c7e
003502_01,003502,ready,front_view,232,images/003502_01_ready_front_view.jpg,60494,946c9f1f864fab018a0e64e75317a925b1a4a367794c4e2083ab8ebf92d34f97
003502_02,003502,early,front_view,318,images/003502_02_early_front_view.jpg,59220,e1d87c4044b4700237576bdc6d6d7b4225da733193e666e4bb0c860550d01ed2
003502_02,003502,ready,front_view,473,images/003502_02_ready_front_view.jpg,56976,8bdb2a472941d89d8c9ec460bd96f418bd30d50bf05dc28af849437594b4bd1d
003502_01,003502,early,human_front_view,89,images/003502_01_early_human_front_view.jpg,62498,c300c0d33d1b737793682cd0a86304a78502f12f1c3b36e369b0831b29ebd04c
003502_01,003502,ready,human_front_view,232,images/003502_01_ready_human_front_view.jpg,64464,a1d563832e1acbd8f06cf3d3a50a47e0386232449756c85a2be78b0fade2f176
003502_02,003502,early,human_front_view,318,images/003502_02_early_human_front_view.jpg,61344,36357f15e456f209fd40690983542005cf6dc54d75152f9e9ff233c7dce65b94
003502_02,003502,ready,human_front_view,473,images/003502_02_ready_human_front_view.jpg,67238,a17ea923a144f6f294c4d6d0fcb7ad7068c0a2c431fbf672f34e3943cc60205c
003502_01,003502,early,left_wrist_view,89,images/003502_01_early_left_wrist_view.jpg,77303,d59662d4020939d402ad53f4dc5d7a59a1022f15e1feaf40b8c9ab2084c14639
003502_01,003502,ready,left_wrist_view,232,images/003502_01_ready_left_wrist_view.jpg,44675,1b7305baeadf5be2061f906f8251cb336695ac8c694ab5d1b2db25f1f3f1443e
003502_02,003502,early,left_wrist_view,318,images/003502_02_early_left_wrist_view.jpg,72486,66c598d1ff725bbd98588268d688a17c5181d25dc84d50015e3258f9bab6c61d
003502_02,003502,ready,left_wrist_view,473,images/003502_02_ready_left_wrist_view.jpg,74026,867b4cc155eac79e2daa4602d6285ce578f4f086aad43d7032de71f377de72ac
003502_01,003502,early,right_wrist_view,89,images/003502_01_early_right_wrist_view.jpg,66912,c41789e7e5ce5b8f4d9adfa5bd0223a2585fcfd90a6abeee2b89a2d7be55992f
003502_01,003502,ready,right_wrist_view,232,images/003502_01_ready_right_wrist_view.jpg,68175,6649784c71bac41aa2fa89e17b4084ea017b4493ae9c6f38e3df01c318a0a202
003502_02,003502,early,right_wrist_view,318,images/003502_02_early_right_wrist_view.jpg,43215,d9e66ca70c64aeef530888f3971f3ddb51c26dd943bfff48ca262342b5eadcf1
003502_02,003502,ready,right_wrist_view,473,images/003502_02_ready_right_wrist_view.jpg,49356,e50ee72ebf5e283bbb5ecad5c1bb858f9b70761daf38eb0f805ab11ee133e8d6
003509_01,003509,early,exo_view,174,images/003509_01_early_exo_view.jpg,53334,253a2c0734e81d0776f1f590f1c6491892cdff1a7c0b558a9051bb1850d42d8f
003509_01,003509,ready,exo_view,209,images/003509_01_ready_exo_view.jpg,52354,32e602670187f2a8edbcc0c78937719de0e6ac75b990846f4f31d9ff393972b3
003509_02,003509,early,exo_view,326,images/003509_02_early_exo_view.jpg,53729,4f13a202d9c2919992f8eb2eed595ffd9b196da3e582865491a09d1dfcf0722e
003509_02,003509,ready,exo_view,432,images/003509_02_ready_exo_view.jpg,52586,9dc69cd6e32b4249730a8d12806908f74ecc7e5bc969f4d23a9bff16513ef31d
003509_01,003509,early,front_view,174,images/003509_01_early_front_view.jpg,59867,d4f090f89a7630c28c4ae25b1beaecc4b37444fa7ba3518b3bed6704c29524e3
003509_01,003509,ready,front_view,209,images/003509_01_ready_front_view.jpg,61090,1aca6799397c9363cc8be74d5637dc321aa9a666c8ad167b2e482cdecd413b5b
003509_02,003509,early,front_view,326,images/003509_02_early_front_view.jpg,63629,d33b36a09376807675b5a8d9f8ab887f36476ad3b8b6bfbad9579a4b77c216fb
003509_02,003509,ready,front_view,432,images/003509_02_ready_front_view.jpg,57927,27e262f228f0cc0b930d445e717a62b60ea6e4b771fd40b0bf1175a49f324e4d
003509_01,003509,early,human_front_view,174,images/003509_01_early_human_front_view.jpg,62456,fbfcd6cafb8515ed209d8d32b72947c075537cbf512e4a593ef5e258645e138a
003509_01,003509,ready,human_front_view,209,images/003509_01_ready_human_front_view.jpg,67278,c2b776ff551444dc97379371edb434fd35a2308fa4cad2cd48881d63fa65d460
003509_02,003509,early,human_front_view,326,images/003509_02_early_human_front_view.jpg,71844,5e9a8fcef648c8fbce52109427a0dd6061c7c5a4bd0c40cf81023e04db3ca29d
003509_02,003509,ready,human_front_view,432,images/003509_02_ready_human_front_view.jpg,69820,02e3d7a0ad0f16f8c6adc46b601a6ae7f91c7ed32194dfe8095b7a4e57faed8b
003509_01,003509,early,left_wrist_view,174,images/003509_01_early_left_wrist_view.jpg,52372,a9fe15ebce3ece80393f8d3e2332655df92289df04e56ac4100bbf657d248580
003509_01,003509,ready,left_wrist_view,209,images/003509_01_ready_left_wrist_view.jpg,48781,ce8286b16285830ef8bdf5b9102a6194d114985e2ec75e3ee7b99fbd3a36c53a
003509_02,003509,early,left_wrist_view,326,images/003509_02_early_left_wrist_view.jpg,34358,00a1aaf2c62e2950e188feca71c75c74440dc296974a631e63cd070c105140a7
003509_02,003509,ready,left_wrist_view,432,images/003509_02_ready_left_wrist_view.jpg,54420,23a7c3b9c3ea73a87944d2c88db5b1366e394446d489c50d0e94f7b76266a4e8
003509_01,003509,early,right_wrist_view,174,images/003509_01_early_right_wrist_view.jpg,70216,3a68d45b9d4d54cdacb80cce816cf57034efaeae7acd74bfe7cb197a71942d6d
003509_01,003509,ready,right_wrist_view,209,images/003509_01_ready_right_wrist_view.jpg,68200,d5e2dbee12650d7634f5c87f0d1d42d17ed8f3cadc37f6a834ed4dcb4593899e
003509_02,003509,early,right_wrist_view,326,images/003509_02_early_right_wrist_view.jpg,70332,d7cf1ab6509f31b919a26a7e10f30781b45ab67fb64ce2742742fb00dce9492b
003509_02,003509,ready,right_wrist_view,432,images/003509_02_ready_right_wrist_view.jpg,66530,1282f227754868b11c968dccb418d1be6284947c74c821d4d1054f4079bf43e4
003526_01,003526,early,exo_view,82,images/003526_01_early_exo_view.jpg,50914,210b66313d3798a6fd98161aa53e2a6a2492e76f76850481770388eb6f4fb9de
003526_01,003526,ready,exo_view,228,images/003526_01_ready_exo_view.jpg,51008,1574d6f4a819efba0fb178431443495279a652527ef9cd922d2f8e4f29338d46
003526_02,003526,early,exo_view,325,images/003526_02_early_exo_view.jpg,53653,9743912a67c1d512290746eb1f5b37ae7806d302e045a1446796362553878534
003526_02,003526,ready,exo_view,460,images/003526_02_ready_exo_view.jpg,51102,921263cbba51c338b09fa0ded8ecc968fab063d707548fbdd2487c5ae1d638ed
003526_01,003526,early,front_view,82,images/003526_01_early_front_view.jpg,61359,52092daa3181b6bce27b1531926b34cb0abce997158ffb8b86c3beda441efff5
003526_01,003526,ready,front_view,228,images/003526_01_ready_front_view.jpg,59835,8efcc6cbe4eb863eb1833b3acd88d84df352ffb146ea0b655c35b9ec7e67bbe7
003526_02,003526,early,front_view,325,images/003526_02_early_front_view.jpg,60832,d0d7df4cf0d7790e8b51d0181b255db56d3e243466a610ebb493760f64e044b6
003526_02,003526,ready,front_view,460,images/003526_02_ready_front_view.jpg,60146,0ffa6bd1fbb57f9005d92c5d32b646b5889fc123d26ccf44b27369ad9729dab9
003526_01,003526,early,human_front_view,82,images/003526_01_early_human_front_view.jpg,59857,b22afcac51ff972f4a5a23a61b1c89c7dc289cf5e6bab1813bc0e9b6f84cb815
003526_01,003526,ready,human_front_view,228,images/003526_01_ready_human_front_view.jpg,68326,9402859e17632e1009d4470c131bc32c2d65565650cfad73b74361f2e64f7dff
003526_02,003526,early,human_front_view,325,images/003526_02_early_human_front_view.jpg,62794,1d658570cfac294cb9994b5a2acc4a9f3da19ff705b110fb45a9d0859f20cd0e
003526_02,003526,ready,human_front_view,460,images/003526_02_ready_human_front_view.jpg,70344,d973b9d974eebfb29767b66f4d568cbba157ad9d741bd08f9316cab75e859819
003526_01,003526,early,left_wrist_view,82,images/003526_01_early_left_wrist_view.jpg,68679,c868e37c8ac3b4fff13807c4d1d00629269c3e0ff6c4c271bfcae7db2c4bc00c
003526_01,003526,ready,left_wrist_view,228,images/003526_01_ready_left_wrist_view.jpg,66462,c1be8e474202e6b47626ebcca5dbdfac5f549e0dc8de3e5689b283e0078111cb
003526_02,003526,early,left_wrist_view,325,images/003526_02_early_left_wrist_view.jpg,61527,4ca9f02e17515484415164d14bf8f45944b9219ae6e35e97ca1c6704a9579c5a
003526_02,003526,ready,left_wrist_view,460,images/003526_02_ready_left_wrist_view.jpg,55787,285e3e52d0cb177ec1fa377330d06a8c9e10c569cd4210d651d865c3564fb5e3
003526_01,003526,early,right_wrist_view,82,images/003526_01_early_right_wrist_view.jpg,62844,d73c3306ddcbcff3baab94fb3b82f4a4271e1efa6b3643643d0ba5b751314861
003526_01,003526,ready,right_wrist_view,228,images/003526_01_ready_right_wrist_view.jpg,52681,3aa3fac4ba0ca7edbaabe593f9bcf81675e64cd37b62acf852788e10ee04fe1a
003526_02,003526,early,right_wrist_view,325,images/003526_02_early_right_wrist_view.jpg,62041,a3cd01da7021f12cb3dd525ae1052c2104630c77a1df5de4f7510500e5bb30dd
003526_02,003526,ready,right_wrist_view,460,images/003526_02_ready_right_wrist_view.jpg,66472,9185745b98eefd03c0b2979e3295d804852aa6fc06aeb9a7990c802978b96ef2
003533_01,003533,early,exo_view,83,images/003533_01_early_exo_view.jpg,49891,d67fc656fdfe863d23ce1c1b4de68ac7f3c8980103f10d3c04cefef081dda3c7
003533_01,003533,ready,exo_view,229,images/003533_01_ready_exo_view.jpg,49480,c3688006220c7267f3e15220c76d11982eb578eb64c1162c749c9db14888b167
003533_02,003533,early,exo_view,321,images/003533_02_early_exo_view.jpg,51940,69ce38fa44f9fc40a697b40c62b6ece70a21afbbf8792cbd90ecc9f134602704
003533_02,003533,ready,exo_view,436,images/003533_02_ready_exo_view.jpg,50319,094979cc1a5041cb64174629ceb1170ab75165586df1a90840041ea28c7f3abf
003533_01,003533,early,front_view,83,images/003533_01_early_front_view.jpg,59410,74fa5363d24acf0b7c2e36679d3b2eddd4717577e23d0de8a48e0e3188e3cf9f
003533_01,003533,ready,front_view,229,images/003533_01_ready_front_view.jpg,56267,cd2615560596aba9ca68ace7756fb85a50e8f3e744281fe01f91ebad7061fce8
003533_02,003533,early,front_view,321,images/003533_02_early_front_view.jpg,58810,5854362b374908404cadd7c888e789e72d28b7b99dc196eb8cc444c5746bf30c
003533_02,003533,ready,front_view,436,images/003533_02_ready_front_view.jpg,58236,88140ba26c308a48b645080930dc11d40b6ef9dc6cf4369a0d7ca3aa61b8ad10
003533_01,003533,early,human_front_view,83,images/003533_01_early_human_front_view.jpg,57600,6c349964baa8a3f72a7491b7b06bc7085388637f704ee38c9f0322a31cd990ab
003533_01,003533,ready,human_front_view,229,images/003533_01_ready_human_front_view.jpg,66221,5ad4a861c6eedd3403e1f8d46999ee90219437379a734f7f6064aa409d0ee8b2
003533_02,003533,early,human_front_view,321,images/003533_02_early_human_front_view.jpg,63149,38154efc0cfecf779fff7068b9fb92fb9c54fbe1f8a436f90cd9ef239d253c51
003533_02,003533,ready,human_front_view,436,images/003533_02_ready_human_front_view.jpg,66826,19d1d55e173cae885c5ad1aa622539560b9b4c0f8f8ccae656f18e35859e9bc2
003533_01,003533,early,left_wrist_view,83,images/003533_01_early_left_wrist_view.jpg,70795,a8289df3f98bd866af63d7f62b67b9e7c32ac95cea702207cc2870a47665d725
003533_01,003533,ready,left_wrist_view,229,images/003533_01_ready_left_wrist_view.jpg,70262,6372f667d62fbfa61f71afae09f8dc7eed79c76dc027fe0cf109421e30a2b0ce
003533_02,003533,early,left_wrist_view,321,images/003533_02_early_left_wrist_view.jpg,47891,a23d1a1c54264a55578e590786ee12ca6b843a7a831cff09b484cb271868ee9a
003533_02,003533,ready,left_wrist_view,436,images/003533_02_ready_left_wrist_view.jpg,58266,b9ca8573746a9e6fd465501282ed48a4b7db9000535fe8faf13b94423077f0d8
003533_01,003533,early,right_wrist_view,83,images/003533_01_early_right_wrist_view.jpg,67180,50ff6eb897d6d3f74a21c9d60860e4e94d1ae6f6377c68ef5b2a2680e2a5b18c
003533_01,003533,ready,right_wrist_view,229,images/003533_01_ready_right_wrist_view.jpg,54347,8f6096127b4880d26a224f9c3b3061424859a1c550f7dee8ed403fad46de437f
003533_02,003533,early,right_wrist_view,321,images/003533_02_early_right_wrist_view.jpg,61268,4ebfbb32f0595f965952954eb0de029b56198c5546e7b447bd16e2303455b936
003533_02,003533,ready,right_wrist_view,436,images/003533_02_ready_right_wrist_view.jpg,67361,3cec6a8ad6d4c4af0293245d5757fbeb4e7fb2c4aae85eb99856a53fca76ea7a
003545_01,003545,early,exo_view,82,images/003545_01_early_exo_view.jpg,51765,8c6159bba2189e47a2a0378a8e2fc9a0248d55022a3a30f16c631ce368be99fa
003545_01,003545,ready,exo_view,200,images/003545_01_ready_exo_view.jpg,49684,a354f3c08b4aff9c567b395bff755304053ec735a8fad5baf9872b8fe3d226de
003545_02,003545,early,exo_view,277,images/003545_02_early_exo_view.jpg,52106,a11b30b6867c21dd51c678b439e4dd09f74aca753ee7d1ead3d314590e331be1
003545_02,003545,ready,exo_view,399,images/003545_02_ready_exo_view.jpg,50896,0e515436156ffb1444e25bf102bee75004e30b2e07faae315da26c008905327b
003545_01,003545,early,front_view,82,images/003545_01_early_front_view.jpg,58433,4ac9bd80985f230fc0a1b82e3fcc4bdb4312319b4ed252e95c7cf4b439174788
003545_01,003545,ready,front_view,200,images/003545_01_ready_front_view.jpg,57128,44dcbbd033998efdec80f8ad6a492855355f1a8270e5b3771462ae7910a7c9ab
003545_02,003545,early,front_view,277,images/003545_02_early_front_view.jpg,55722,bff3b0980c55975f266638c31f3f062a4a8798cd8e299161d9b16ef76d13b862
003545_02,003545,ready,front_view,399,images/003545_02_ready_front_view.jpg,54975,03f25c42865baa7ab6c017fef2bdc58909abfd1b7c99f9487729f770c3c25292
003545_01,003545,early,human_front_view,82,images/003545_01_early_human_front_view.jpg,64044,d10a8603a8bc31d8b003ebb84409e64b66cb8703c3f221e45424d1a4d38f35a9
003545_01,003545,ready,human_front_view,200,images/003545_01_ready_human_front_view.jpg,65449,bffcb75d145fa77db18bf0eb829f45bb62cdb5eebb03ee8f4dd9af8557be9953
003545_02,003545,early,human_front_view,277,images/003545_02_early_human_front_view.jpg,69354,80030ee731661be1a6bb362a432cf326fdcf02d3cf995a6c5c1ecfebb7ef0dde
003545_02,003545,ready,human_front_view,399,images/003545_02_ready_human_front_view.jpg,66732,daff4db2874d8c0335dc6d3727a2c9f2e6df62cc22db19edcad94cad020504d1
003545_01,003545,early,left_wrist_view,82,images/003545_01_early_left_wrist_view.jpg,68330,4d6e63dc04583e530390236086b1004f007a11b7e3fe7a9722ef033ac057b05a
003545_01,003545,ready,left_wrist_view,200,images/003545_01_ready_left_wrist_view.jpg,54705,9ee1faa8e7da80a4e2e099f4f949e32d8e0f0910d7f0c070b11954a7f5efe8ec
003545_02,003545,early,left_wrist_view,277,images/003545_02_early_left_wrist_view.jpg,60011,4f7c67707b3b783661c1974123533fe5ac6c8032a65df3bddee0cb989dec03a5
003545_02,003545,ready,left_wrist_view,399,images/003545_02_ready_left_wrist_view.jpg,53561,2d939d3d7714541dcc0f7e9e0541e2cee89bd417af8d98a169a5ec2ff121e145
003545_01,003545,early,right_wrist_view,82,images/003545_01_early_right_wrist_view.jpg,72873,64ecf024a02d0106a5faf14cb98845fb1f83af991bb90303217b91ed5a6c6d8d
003545_01,003545,ready,right_wrist_view,200,images/003545_01_ready_right_wrist_view.jpg,70382,ade30553d99d9f52362e304a39938205dbcee209873eac4d0d255f579c286150
003545_02,003545,early,right_wrist_view,277,images/003545_02_early_right_wrist_view.jpg,70025,3a3ce5249df10317a47487d54d3ff609be97903a9a4ae786aafd1c720fb6eb6f
003545_02,003545,ready,right_wrist_view,399,images/003545_02_ready_right_wrist_view.jpg,69219,9737cbdca1adf9c9558fdf24185a483daba3842d7bd278426eb14fe31443eee6
003548_01,003548,early,exo_view,76,images/003548_01_early_exo_view.jpg,52043,c001b8aa10f5b8e2dc650f099bdbc81fd14f340fa44533b8c239befe650fb99a
003548_01,003548,ready,exo_view,209,images/003548_01_ready_exo_view.jpg,50063,d3fc70294b91cf730e5415b6bc44d991744dea8898e1ce593201c1cb62efe446
003548_02,003548,early,exo_view,282,images/003548_02_early_exo_view.jpg,52118,105faabab77dcb5c0d53105457356f5ec38e31961614fcd6a5e89f1eac4e2c4c
003548_02,003548,ready,exo_view,426,images/003548_02_ready_exo_view.jpg,51290,c4f95e71e554ecfc0d59d2165ae04efa12584c11b3c0295aa8e6a96d1c1d019d
003548_01,003548,early,front_view,76,images/003548_01_early_front_view.jpg,59539,2c87f2d421236afe104719326c2b9ca9d3447b3950b1ba2739e48254c48d2dcc
003548_01,003548,ready,front_view,209,images/003548_01_ready_front_view.jpg,58143,95494d6db492bed99ad76a4f1d9dcd5e18499af6ab85de1a8c8e21527f8ea18d
003548_02,003548,early,front_view,282,images/003548_02_early_front_view.jpg,58029,ef9cebbb202cf02c1e05ef9407adbd03cadf5769401b21a989a2c802525ee67f
003548_02,003548,ready,front_view,426,images/003548_02_ready_front_view.jpg,57205,c2828d10664a3afdeccef096ab7633562577de3b473b6f241c708ec5178c7b79
003548_01,003548,early,human_front_view,76,images/003548_01_early_human_front_view.jpg,65477,c2539609ebb82299a3bfa9c0719532fdb434c048280b3dbd25d971b571250439
003548_01,003548,ready,human_front_view,209,images/003548_01_ready_human_front_view.jpg,65182,4e214d0fdca66b74907658fad22e90b74663b8fb7a8747dc9022a6b175467cbd
003548_02,003548,early,human_front_view,282,images/003548_02_early_human_front_view.jpg,69177,0938ffcbfe4ac939dc2727c75586f6a3ee45bdf30c801f1450f685ceaa3213f8
003548_02,003548,ready,human_front_view,426,images/003548_02_ready_human_front_view.jpg,69461,e4dc861ff8346a27da002bca17357e6249d2a8e4722ffc2ebb58992e8dd4ddfc
003548_01,003548,early,left_wrist_view,76,images/003548_01_early_left_wrist_view.jpg,66759,95c869897a5510761d3097b9a10896f8a28da9e0a634c53af5115c5804b1e90d
003548_01,003548,ready,left_wrist_view,209,images/003548_01_ready_left_wrist_view.jpg,52455,1a29be7c0fe2ce0070df820890305d5ac2d60788d175485bc65f8a3e80cbd90f
003548_02,003548,early,left_wrist_view,282,images/003548_02_early_left_wrist_view.jpg,73366,84b076a93865dd21f2cb4c3a57bd4d0f6098b166ea9208f22321bcbea8b9b313
003548_02,003548,ready,left_wrist_view,426,images/003548_02_ready_left_wrist_view.jpg,56136,9c70105ae1cc2ee3c7d79ccee5c716d8de24ae9aa381dfc3458b8cfb69cdc6ff
003548_01,003548,early,right_wrist_view,76,images/003548_01_early_right_wrist_view.jpg,67835,8ddbdd03131472d6fc5bb2195b1542b5f377b27ad13f2103f09ae70743280f7d
003548_01,003548,ready,right_wrist_view,209,images/003548_01_ready_right_wrist_view.jpg,65817,6cb6a2a1570dfb400a2d73b01c9b3e809cb5d2232d79d41c6d716a4eda6b81f3
003548_02,003548,early,right_wrist_view,282,images/003548_02_early_right_wrist_view.jpg,66540,b956b637ec6a5ff767130047d636bc72c8ae46a9c14bfcf3e064eff4bc5e7b66
003548_02,003548,ready,right_wrist_view,426,images/003548_02_ready_right_wrist_view.jpg,65604,9d3db768afe14a983f69e3236fc6c530833b8e3498ca243c864da6dbc6eed252
003765_01,003765,early,exo_view,88,images/003765_01_early_exo_view.jpg,50068,373998f7f64001b73cc0e3c8a6248ac493dc091a019eade543fa2d6b9fbe0ef1
003765_01,003765,ready,exo_view,228,images/003765_01_ready_exo_view.jpg,49521,3aea1ed2f125db49305513a8a0765636c87039cb90d007c9f1f0a4b2be697e84
003765_02,003765,early,exo_view,311,images/003765_02_early_exo_view.jpg,52075,5f0ed02c35a247cc339a389aa07ad26434e671462629d8ba468780645406d3ba
003765_02,003765,ready,exo_view,437,images/003765_02_ready_exo_view.jpg,50621,8f64705efbdae8adea4e00fa7ea328f240b53def82ca1a0b8b240673bbd7f323
003765_01,003765,early,front_view,88,images/003765_01_early_front_view.jpg,57388,5c67a07d3bb578c18daddb46ce10d0a48906fd575373e22fd762eb1e306f2d6f
003765_01,003765,ready,front_view,228,images/003765_01_ready_front_view.jpg,58579,2de6961ae5e2db727b2fc770170eb8e744ee65eb09becac8bc8fdb5c50a3bbe1
003765_02,003765,early,front_view,311,images/003765_02_early_front_view.jpg,55595,f93bd68b8e3269759c425e358274075d987cc7206c3cae717fe21a7ab9ab24ea
003765_02,003765,ready,front_view,437,images/003765_02_ready_front_view.jpg,55805,1a7af07b0376e9c009d7f23b6ab49c50366d0073346592d3f109a0986c6f6044
003765_01,003765,early,human_front_view,88,images/003765_01_early_human_front_view.jpg,54343,a25a40436dc1f05c36c61ac02e76462d1d392e177c88a8782e0738000af6a0bf
003765_01,003765,ready,human_front_view,228,images/003765_01_ready_human_front_view.jpg,65090,92571f7d1334c5b5dc88dccbbc8dfdaac45dcdbf53b74573ce32bf3b184f7419
003765_02,003765,early,human_front_view,311,images/003765_02_early_human_front_view.jpg,60842,ab238e486f6fc83817647d918251695be41a728502aead83ef74fdebfa53b1c2
003765_02,003765,ready,human_front_view,437,images/003765_02_ready_human_front_view.jpg,69274,e7ee858ad908423370bec4bb74295c7505579bc39430d2e2e94b2de3dd0c631c
003765_01,003765,early,left_wrist_view,88,images/003765_01_early_left_wrist_view.jpg,70293,2b7c797473d44f10fd1f63c8edad346a972a056ff46b08facf33922e52f9530d
003765_01,003765,ready,left_wrist_view,228,images/003765_01_ready_left_wrist_view.jpg,69599,697e6fe25e093808900b3d46f9d40bf6e1e3a8930d7e8d4a7698c5a84b7166a2
003765_02,003765,early,left_wrist_view,311,images/003765_02_early_left_wrist_view.jpg,37782,e735e816d1bab99cfb632f7adce53b809ac1a0e82114c023e98f297c36d0c776
003765_02,003765,ready,left_wrist_view,437,images/003765_02_ready_left_wrist_view.jpg,53430,aed77957c6b852c4f7f213187538d59285c0d246050562f7b72c6c6bd0421242
003765_01,003765,early,right_wrist_view,88,images/003765_01_early_right_wrist_view.jpg,67859,5e4d261659c56f9dd077fc8122b89facfaf887bff01f34723d7a69398c0213de
003765_01,003765,ready,right_wrist_view,228,images/003765_01_ready_right_wrist_view.jpg,51709,a099e5ae50cf5ededb552a4260c169bf678c66114ff9d3a8439259ce64a7c6ff
003765_02,003765,early,right_wrist_view,311,images/003765_02_early_right_wrist_view.jpg,58155,d43b83e3def11effa0a2e19592a7b1ca2fc6d74d60ce59b6091186f121181f94
003765_02,003765,ready,right_wrist_view,437,images/003765_02_ready_right_wrist_view.jpg,64628,9f0547e3a954856a7507ca619aeb125167c2b4fc543001e0b7126ee53d2c3368
003775_01,003775,early,exo_view,78,images/003775_01_early_exo_view.jpg,50233,24d25138864abe88a3fa4318a70b103158c970e37d2a1b0b050da8a10db58aca
003775_01,003775,ready,exo_view,235,images/003775_01_ready_exo_view.jpg,50061,7235f1dee89502275fa7f285475abb91aefcf29afb4db9e4ce4078f9748351b3
003775_02,003775,early,exo_view,319,images/003775_02_early_exo_view.jpg,52743,5a2b47d6ed93c7facd6daa6bfd826a16e5a405583d067e65f85e546d0596ca3b
003775_02,003775,ready,exo_view,428,images/003775_02_ready_exo_view.jpg,50407,c7c613e9cb544112365fc08626b8c9071cca240c6300df5ea46d9c9287334513
003775_01,003775,early,front_view,78,images/003775_01_early_front_view.jpg,57272,7c37ed2c413a075078172428a9552a9c5b169a1a666d2dca73aa4c52fcd53991
003775_01,003775,ready,front_view,235,images/003775_01_ready_front_view.jpg,57468,67092e219de17de75cfa86df6296475e886976d85763bf655ea357d0c4029433
003775_02,003775,early,front_view,319,images/003775_02_early_front_view.jpg,56539,5c39b923a916157e3915d6667f1904fdc111d6bf24f5015cc006885100133c92
003775_02,003775,ready,front_view,428,images/003775_02_ready_front_view.jpg,54892,cc3ebd5fb5935bd8eda005cb90988d14db94c6e502ac90906bda23f06fd41498
003775_01,003775,early,human_front_view,78,images/003775_01_early_human_front_view.jpg,58622,37396130a83556a4359d9b3851bfbf8ac49f057d380b359161f8dd1d30142b37
003775_01,003775,ready,human_front_view,235,images/003775_01_ready_human_front_view.jpg,62921,613f6442796e9fc4e08ce2dcba5c64731f5c680b202ba041d5f107d282d1b768
003775_02,003775,early,human_front_view,319,images/003775_02_early_human_front_view.jpg,63255,baa9f94510b71982f317c6b7750e5d6a6e10ecab0401be5df08da18d8b95f8f4
003775_02,003775,ready,human_front_view,428,images/003775_02_ready_human_front_view.jpg,67060,35d7da5f56d08a27640cbffe8c7b06a91fa913aff30667dc60b6f28fe0dc283b
003775_01,003775,early,left_wrist_view,78,images/003775_01_early_left_wrist_view.jpg,69138,d37355f49216f5b8b3095178d2319abe3a32d15c91b25a1c3d9b9c5d98fe0631
003775_01,003775,ready,left_wrist_view,235,images/003775_01_ready_left_wrist_view.jpg,70479,36056fc9342a094d0bcd5804bf33b314d6287aef459db930065bb88f0809d8e5
003775_02,003775,early,left_wrist_view,319,images/003775_02_early_left_wrist_view.jpg,44748,c7e96ba7b8a83a17ddffb568e67eb284b1d28cc38db23df8af6c64c64b1ac240
003775_02,003775,ready,left_wrist_view,428,images/003775_02_ready_left_wrist_view.jpg,52874,4b748a677a025545f659847b5d914fd3aafa89546e1b91e35cfa45dacd435937
003775_01,003775,early,right_wrist_view,78,images/003775_01_early_right_wrist_view.jpg,67869,9d0f0e77b0e22ab87252e26a61e16faaaca20cc810ddf09e98c69625af954951
003775_01,003775,ready,right_wrist_view,235,images/003775_01_ready_right_wrist_view.jpg,47554,2c618d1571b057f985c2e85fb7035c7329893307967b7ab2b26233bcae7758ea
003775_02,003775,early,right_wrist_view,319,images/003775_02_early_right_wrist_view.jpg,56000,d7280503ca2051801e017bdd1769a1164a94459828b47fcd13e3c09ce80aaea3
003775_02,003775,ready,right_wrist_view,428,images/003775_02_ready_right_wrist_view.jpg,65077,2396ffab16ece482b41f953ac537c40a9899e303824f49e25a3af0e0b2217278
003783_01,003783,early,exo_view,82,images/003783_01_early_exo_view.jpg,50651,9b5130da9e2e723d044c4de376a0b0095412c47986df638bdbe5e4754441438e
003783_01,003783,ready,exo_view,223,images/003783_01_ready_exo_view.jpg,50056,3390f936f881e8033536d31d71f99568f2ccb7fa4e83e4cb4c7698265efc7446
003783_02,003783,early,exo_view,309,images/003783_02_early_exo_view.jpg,50832,0d8bf3fa78b336926ee2329b3867cfb5b23eff24272f5b0b0a124756100a9395
003783_02,003783,ready,exo_view,455,images/003783_02_ready_exo_view.jpg,50098,4cf64fefff8ee38f5417f899cb48ef00e71ad019f43fca2329a1ca6638c1ce8d
003783_01,003783,early,front_view,82,images/003783_01_early_front_view.jpg,56881,bcb553258b421367eb45a1ecd8d10d8a51dbce66e2fe3d0051f5ed331e32c1e6
003783_01,003783,ready,front_view,223,images/003783_01_ready_front_view.jpg,56333,3ecfab05f8b5408467f6115de93c479bcf814aa88dd15dfdfec654c39ab9284b
003783_02,003783,early,front_view,309,images/003783_02_early_front_view.jpg,54321,90fc3116a2f6457327b8ceb7b6463be680dde95d0d21387c0b2c29ba0af7f59e
003783_02,003783,ready,front_view,455,images/003783_02_ready_front_view.jpg,52787,46f2af6a0ea3a8c39f8ebcdcd8f714c2bdc89ca1783c8e06f886ac1c70b902a9
003783_01,003783,early,human_front_view,82,images/003783_01_early_human_front_view.jpg,56778,84600784d00d57804a97b2f20146ee295d47969dc57a3746673172d7e9339087
003783_01,003783,ready,human_front_view,223,images/003783_01_ready_human_front_view.jpg,64839,1e26bdf0851d80369cb4efe3f4bdbc9f4760eab9789214a68170f6fa6c120be3
003783_02,003783,early,human_front_view,309,images/003783_02_early_human_front_view.jpg,57509,97ce08e6750cc85356e2f038699d0f17294421a2306e71e5ad1db49e58495f00
003783_02,003783,ready,human_front_view,455,images/003783_02_ready_human_front_view.jpg,65823,acde0b1008599fe783c39d243b1081f5c4f43804faff5c0ef34f8619102e96ab
003783_01,003783,early,left_wrist_view,82,images/003783_01_early_left_wrist_view.jpg,69925,4dce0fb48b82e4b7342643c821d7ed43de7ec521bf67fce95debb26795b2fb78
003783_01,003783,ready,left_wrist_view,223,images/003783_01_ready_left_wrist_view.jpg,68567,9c8a44ae52bdf63cefd3331f4cee3b325113eec96af85358f8b438f5c3f09272
003783_02,003783,early,left_wrist_view,309,images/003783_02_early_left_wrist_view.jpg,69794,7e45673a8177ba55b0e53fe531f6065c5e720fc80c26e0e3e22a2e16c80f6e43
003783_02,003783,ready,left_wrist_view,455,images/003783_02_ready_left_wrist_view.jpg,68884,e8f8fd7327b2d4d3a6f23f127dee376c7e04800aefc67595207b8b76c47a3960
003783_01,003783,early,right_wrist_view,82,images/003783_01_early_right_wrist_view.jpg,71881,5eca3c620fa5e566ad70979c4ec8a98f02305459454827e641978622d7e540b0
003783_01,003783,ready,right_wrist_view,223,images/003783_01_ready_right_wrist_view.jpg,44778,302f625c9662ee094dd65e4ecd1344df15388fceb9d88de98f6ef96507e8fe53
003783_02,003783,early,right_wrist_view,309,images/003783_02_early_right_wrist_view.jpg,64185,40628d3e77d018333ea4f5dad33728ff3bcf5ca6d9391f384ea8cce77a12e815
003783_02,003783,ready,right_wrist_view,455,images/003783_02_ready_right_wrist_view.jpg,45329,76761557e4db32a3e4ce15afffca2498781883e800f75d0caea1627656eef864
003790_01,003790,early,exo_view,76,images/003790_01_early_exo_view.jpg,49137,1802602a5fdce9d4c49b15970d8e8f06e7f6c5889d7a4933d90ff273b5d6e0f9
003790_01,003790,ready,exo_view,228,images/003790_01_ready_exo_view.jpg,49153,1ebbd0facae70c8f1d9c905429dc68801faf51e4850bc34bdd32ed749a499e48
003790_02,003790,early,exo_view,304,images/003790_02_early_exo_view.jpg,51386,c2273a87dcb526b271db8baa944cbf6ae8d0fca1e263cf88ee191a1616a6ce9d
003790_02,003790,ready,exo_view,422,images/003790_02_ready_exo_view.jpg,48723,6f75fed3877599598bbb3c8caff86518c04e7fced91624ca797fcb4d128b6cee
003790_01,003790,early,front_view,76,images/003790_01_early_front_view.jpg,57127,1d3371ced90b80c3a0fbaaab1115450ac3978595333fab32244ab15b875825c3
003790_01,003790,ready,front_view,228,images/003790_01_ready_front_view.jpg,57700,a12c2a539b775fec17ed7a49daded985113979cc0d26311ef5b67e4b8ff19489
003790_02,003790,early,front_view,304,images/003790_02_early_front_view.jpg,55094,393cb379c1b244bc555bbf2b87470c4b46405ee957d5b885c732c59090cb08b0
003790_02,003790,ready,front_view,422,images/003790_02_ready_front_view.jpg,55130,b70d5c9caa057d9d860ff9af758e6c45b21bc858c58ffcb2e274b6a1f0c47eac
003790_01,003790,early,human_front_view,76,images/003790_01_early_human_front_view.jpg,60051,be4804d9b435165ef267bf00731842fa490a8829739ec0d3e5a28c00160f8e66
003790_01,003790,ready,human_front_view,228,images/003790_01_ready_human_front_view.jpg,68036,64cbb29ce05fe096556235f2dd30b29e9161e6dc595313e15c2db336d1aef344
003790_02,003790,early,human_front_view,304,images/003790_02_early_human_front_view.jpg,59950,9de5e93c5b5dd2a85a732e146744fc9fec3e39a5564b6cac4afcde2a63776842
003790_02,003790,ready,human_front_view,422,images/003790_02_ready_human_front_view.jpg,69891,bd480bc7deb9875bb39d2f99ada0b062e4ed59abc96d9c9585933a07d50ebfe5
003790_01,003790,early,left_wrist_view,76,images/003790_01_early_left_wrist_view.jpg,72495,a6a4a5a68c45ae95b835125a8a57009261e5be8372ee13f728d89fd851087d08
003790_01,003790,ready,left_wrist_view,228,images/003790_01_ready_left_wrist_view.jpg,69967,68b168bdc840a62c2cc4535d536e54a86085904d3e30da2711b1ce9cd42b0345
003790_02,003790,early,left_wrist_view,304,images/003790_02_early_left_wrist_view.jpg,71862,19978d6fa36f758edbf16dc30560c1e1e289f35482c7b9b24121d677278ecac0
003790_02,003790,ready,left_wrist_view,422,images/003790_02_ready_left_wrist_view.jpg,48659,4eee975c6a33f25530c97f631d4126c91d2e770dad183dc4a8714ad5952d7e33
003790_01,003790,early,right_wrist_view,76,images/003790_01_early_right_wrist_view.jpg,70527,987f11625d5ba06f61330e2df31f7ce0dcba23ca419aa1cde3f8156778abf494
003790_01,003790,ready,right_wrist_view,228,images/003790_01_ready_right_wrist_view.jpg,52723,ad9b18fc10b115fe9d32f9436683fac1cadef144130ef548dccdb0fa3577b39a
003790_02,003790,early,right_wrist_view,304,images/003790_02_early_right_wrist_view.jpg,64740,812a141ebb32b8d5a72f406367d9ccaaab23a323d6b562dc2d1308846b8a7ee0
003790_02,003790,ready,right_wrist_view,422,images/003790_02_ready_right_wrist_view.jpg,65546,b86c39418bea4a451b1ab050a74ddc6587c8567f197edaa5dfb635cb4ce89570
003792_01,003792,early,exo_view,107,images/003792_01_early_exo_view.jpg,49633,9746d4661671bb8c7f53f19b12c863e749154156e6000225b58cbc15e90ba8ae
003792_01,003792,ready,exo_view,231,images/003792_01_ready_exo_view.jpg,49081,e951c3193806a3f967db8c9b1a0794894dafc1f4c92c1fa1a61dfcedd093c8cb
003792_02,003792,early,exo_view,317,images/003792_02_early_exo_view.jpg,52035,1f81eb452bbaaf3008625ecb30f4aff42d575804f2aa3c41ee7ae0326714278f
003792_02,003792,ready,exo_view,423,images/003792_02_ready_exo_view.jpg,49783,011d7e2e3217c3049a1ecf0f4318b5ddcfdef88b0583087e4093b29b8b7ccb18
003792_01,003792,early,front_view,107,images/003792_01_early_front_view.jpg,59234,0d8b828be3a249d82cc1e515fcb32b3e0daf831c59eff34149f715a54e3dcfc5
003792_01,003792,ready,front_view,231,images/003792_01_ready_front_view.jpg,55276,1a4d6728e18fa6500dffbeabf552465af9536bf432a2203e40d4efaf58d2faab
003792_02,003792,early,front_view,317,images/003792_02_early_front_view.jpg,55040,014e9904ecdd80eb9bb47e374003eb8cc046a3df9ea8e7a23e81fc1607c65ed5
003792_02,003792,ready,front_view,423,images/003792_02_ready_front_view.jpg,54464,0b88c34e62cb00a0699fe1e8be7f0e22899c6cf90d60e3a8fe41f22cc47135b0
003792_01,003792,early,human_front_view,107,images/003792_01_early_human_front_view.jpg,65829,9a0b748c0806dc860660d94c17118a238334f3c6bb06db66ebc35928a4a71021
003792_01,003792,ready,human_front_view,231,images/003792_01_ready_human_front_view.jpg,62995,4d728e0e55345fb65dead617fcfaccd004f4e51e11961c63a81c76826bf86258
003792_02,003792,early,human_front_view,317,images/003792_02_early_human_front_view.jpg,59869,7c6cf63abd0b8aea60ecff112dd0cc0f2dafa376b058af8d3eef2a15e07b8949
003792_02,003792,ready,human_front_view,423,images/003792_02_ready_human_front_view.jpg,69680,4f239dde74feefef76be25976cd15790920d5a4596bd2fdb9756f4a5fb4f5c54
003792_01,003792,early,left_wrist_view,107,images/003792_01_early_left_wrist_view.jpg,73651,099a558fb83dcbb209d84874f605139f9d0e2665ffd03e05072ccb98d19ca205
003792_01,003792,ready,left_wrist_view,231,images/003792_01_ready_left_wrist_view.jpg,74657,041dbbfea06e6f65a512cef7b61140285d06e711a435029e3dfdf3ee8ddeff25
003792_02,003792,early,left_wrist_view,317,images/003792_02_early_left_wrist_view.jpg,33305,70a5693c11612b24d7b0e1360f5fe24824586650fb881972f85a16f35ea78d4a
003792_02,003792,ready,left_wrist_view,423,images/003792_02_ready_left_wrist_view.jpg,50399,791aa8f9f25452c844b49a4990a8ae66c885aa578ff9aae0b162a6472ff853eb
003792_01,003792,early,right_wrist_view,107,images/003792_01_early_right_wrist_view.jpg,40863,44527c1c8300a534d175a29565c63792ff0c4c10a5340b8cfd082f77822da330
003792_01,003792,ready,right_wrist_view,231,images/003792_01_ready_right_wrist_view.jpg,42324,39add88a8bca3c53f7a635ed99a008ae6572305e85ea49a0df2dcd9abcd012ca
003792_02,003792,early,right_wrist_view,317,images/003792_02_early_right_wrist_view.jpg,49917,061bf29b29477877d2979484d4dd4c5968b01aa8f47c0ce9a4167af79a7ceeea
003792_02,003792,ready,right_wrist_view,423,images/003792_02_ready_right_wrist_view.jpg,57345,7d3299a8d875a61bdfef6cd7d6c507084ec5602eea9081a8d55f640d2bbf8e6f
003801_01,003801,early,exo_view,75,images/003801_01_early_exo_view.jpg,49345,302db046328a4282bab2897ed90a8323b6b932ca0c3a2c0d67327d83b51881d3
003801_01,003801,ready,exo_view,194,images/003801_01_ready_exo_view.jpg,50059,a9f78cd0b72c7d4eb61b48c01e78e2c52d3c6998217f88b56a4721bddbae8f60
003801_02,003801,early,exo_view,276,images/003801_02_early_exo_view.jpg,52125,527870a88dc37769b8451d97f741bdb7b284e7697a526eb2b2e146085bd93020
003801_02,003801,ready,exo_view,376,images/003801_02_ready_exo_view.jpg,49907,d483f5525deba0820a18e811720f9ed3ae68cee649105b886ffc1305815b7ddd
003801_01,003801,early,front_view,75,images/003801_01_early_front_view.jpg,56542,fad112875a7307b54b50321c7322b7e2fa60665d642d570be102126e2c618ba0
003801_01,003801,ready,front_view,194,images/003801_01_ready_front_view.jpg,54840,ff26255f0815fe8c8e3437b781d7d5e7253399e60628910382e198f2cc6302de
003801_02,003801,early,front_view,276,images/003801_02_early_front_view.jpg,53426,50f34424c1cb30fe85fee63d81817447b7b3a6034f786021ab3fbbfe2248ad86
003801_02,003801,ready,front_view,376,images/003801_02_ready_front_view.jpg,54249,8aba84480238844a1333cb3e7a57b0da7bb191c51bf05c04ace6a4ac284fe576
003801_01,003801,early,human_front_view,75,images/003801_01_early_human_front_view.jpg,57694,7e71054042bb1ff29d29f49cb9654f692fcef9f2b70ea882392ac9df97f70abc
003801_01,003801,ready,human_front_view,194,images/003801_01_ready_human_front_view.jpg,67066,5b1f7c90e728402aa97390f782cfea89d94232a6db46cdd978fd54c3798e20e2
003801_02,003801,early,human_front_view,276,images/003801_02_early_human_front_view.jpg,63163,84f9ac08e2b041b8bd87825ab54766a3e86c4b2b69c7818c89aa779fcde2a47d
003801_02,003801,ready,human_front_view,376,images/003801_02_ready_human_front_view.jpg,67630,ba202991663c96e792c27839a17567bc39e0d5cfc9677571fc87e836964b69e7
003801_01,003801,early,left_wrist_view,75,images/003801_01_early_left_wrist_view.jpg,61651,aa71f6b8fd5d055a49219bd987a1d2be99e5618a49130b6bb13728cfb64ffc1b
003801_01,003801,ready,left_wrist_view,194,images/003801_01_ready_left_wrist_view.jpg,59912,95618f8b798ee01fe96a6baae63152a8b1f03c2ad0fe6454436eece8e9f8ea2b
003801_02,003801,early,left_wrist_view,276,images/003801_02_early_left_wrist_view.jpg,36067,a7af52d80b5b573ce9d77dc33e56ee4c2fe9e99126cd0cb4544683c5169add96
003801_02,003801,ready,left_wrist_view,376,images/003801_02_ready_left_wrist_view.jpg,48207,e1a42b6bff23f6e26537b6f3574e62e3805a13e3b19423f20eaed2b62da2d641
003801_01,003801,early,right_wrist_view,75,images/003801_01_early_right_wrist_view.jpg,36658,6645a3166cec2c64e7488126513fc76706f8b463edb5dd50a8ec01021343ae11
003801_01,003801,ready,right_wrist_view,194,images/003801_01_ready_right_wrist_view.jpg,52549,a14ce09c6d15a5fb31dd34e31a5e8fc948703ee2dedf7081a6d167ca00bb0309
003801_02,003801,early,right_wrist_view,276,images/003801_02_early_right_wrist_view.jpg,56000,3d34c6c1523b520bafd927f32048bcf1b3ed907483e58b99bf24f259bacc66e0
003801_02,003801,ready,right_wrist_view,376,images/003801_02_ready_right_wrist_view.jpg,61682,1caf29d0ff6ee0a6e1a44bbfdd5458b299aa739e447a55cb9a5ffa1ab4c519e8
004950_01,004950,early,exo_view,165,images/004950_01_early_exo_view.jpg,46115,76dd0dc2ed051b45b08cb8566e2fabb286512b92fb3a467fad1e1766621e6f37
004950_01,004950,ready,exo_view,465,images/004950_01_ready_exo_view.jpg,41196,2e09021024752b923b1201b1f0f0577c22f1ced30be6d89e910d89baca98bd66
004950_01,004950,early,front_view,165,images/004950_01_early_front_view.jpg,46614,5e67a02f48a3f3d4d4578760348d5352c894c2fe0649b1a5508ae2ea7f1b4c19
004950_01,004950,ready,front_view,465,images/004950_01_ready_front_view.jpg,47051,7cad29aa03bdd70d36a2859082f374504a22fc61ff0b395c69787db192e3e965
004950_01,004950,early,human_front_view,165,images/004950_01_early_human_front_view.jpg,57225,4617b38364269d50abbd992b8985acc624cbd52a9bada79f4f5508de2700490a
004950_01,004950,ready,human_front_view,465,images/004950_01_ready_human_front_view.jpg,56947,d94d14344b3b3285db21904f28654dfa1e2ba5dc8411164aa10d890bf1975704
004950_01,004950,early,left_wrist_view,165,images/004950_01_early_left_wrist_view.jpg,38956,7c1c152c4bed4984125da42260c2d8f26e5dc687f074b5407ca9414095146de5
004950_01,004950,ready,left_wrist_view,465,images/004950_01_ready_left_wrist_view.jpg,38476,172c6c5764ac57d7041607d62cd0d1ec923939155cda625666a89416d5a92fdd
004950_01,004950,early,right_wrist_view,165,images/004950_01_early_right_wrist_view.jpg,37035,d6e878698ab87bd7f98cc23b8f84bddf1d32e242f4206b81477cc4c557b5c1d0
004950_01,004950,ready,right_wrist_view,465,images/004950_01_ready_right_wrist_view.jpg,38088,eb7b188d85d27eebdeb8e8e074d81bb2fef6bb7ddb50afa9aaed080c610ec870
004973_01,004973,early,exo_view,106,images/004973_01_early_exo_view.jpg,56122,5d9df9c532b74492cd31340379ffe3c28631d3a9a7891c94c8ef99557356d77d
004973_01,004973,ready,exo_view,350,images/004973_01_ready_exo_view.jpg,58313,44eb495ed02b9ae403394453a2495d8a95ed8a736406f73be26634347f8487d1
004973_01,004973,early,front_view,106,images/004973_01_early_front_view.jpg,54103,9b2b8f427d7594d05a46c49d776f0888d57dcf3da357fd9bc94d7aa9d2da5def
004973_01,004973,ready,front_view,350,images/004973_01_ready_front_view.jpg,57655,53fe0309dfb6eeee620dde81120cf30933bd46b42bfebee48039e0b84665b293
004973_01,004973,early,human_front_view,106,images/004973_01_early_human_front_view.jpg,43106,905c862ac6ee08fe5adad002e4468feebad97260ef252abec89c82897432e1b9
004973_01,004973,ready,human_front_view,350,images/004973_01_ready_human_front_view.jpg,53381,6c159be428581a61895261d494048ac76a8ad41efe33b487cdf1a60fd8aba1e1
004973_01,004973,early,left_wrist_view,106,images/004973_01_early_left_wrist_view.jpg,46080,a027df12c0062a7ba0d12a1a0c3d5db896d6e9fcde7c5972b8fe9fc54e707fe2
004973_01,004973,ready,left_wrist_view,350,images/004973_01_ready_left_wrist_view.jpg,45372,7ebec3c0ae603ec7e65af6af0ce9ecd0021624a724343ad9477432f3fd38425f
004973_01,004973,early,right_wrist_view,106,images/004973_01_early_right_wrist_view.jpg,35372,d674bcb2f1ba9fdf0f49d99df5b1e624abe83bb38c6f695351332b165c333b53
004973_01,004973,ready,right_wrist_view,350,images/004973_01_ready_right_wrist_view.jpg,40614,6f2470f9ecfa3b35c176732678903387479a05a7e958f5a266612300e8a14784
004974_01,004974,early,exo_view,135,images/004974_01_early_exo_view.jpg,57287,a7d7ebeec0659492fdcf80fbdc1ae0128a6bb3146704a89c3935c07367fec75a
004974_01,004974,ready,exo_view,368,images/004974_01_ready_exo_view.jpg,57777,c8261010af920f38e08e2871fe72616580ad6cdf304d27d4ab6d22a80febbd9b
004974_01,004974,early,front_view,135,images/004974_01_early_front_view.jpg,55162,680e3bd9d894bc3e7a6351f60c65bb274913b5eea962f54c873ad3605a72c8ca
004974_01,004974,ready,front_view,368,images/004974_01_ready_front_view.jpg,56360,9f087b46447dfe9139e13503ee918efd5188c09f2a261acefddc68f1e2c835dd
004974_01,004974,early,human_front_view,135,images/004974_01_early_human_front_view.jpg,58036,dd971641545f3ccb89e7fc49c9ce71caa4b66297e697d26ff5b745e664c52634
004974_01,004974,ready,human_front_view,368,images/004974_01_ready_human_front_view.jpg,53605,21b22901257f6837904ab2ebc1bd3ce2aebef4dc6afa4b616b89395096b3e4e2
004974_01,004974,early,left_wrist_view,135,images/004974_01_early_left_wrist_view.jpg,41869,a9b89591ea82b6d71e5d97b64970101e9710e4e74518e6e7281153656d590002
004974_01,004974,ready,left_wrist_view,368,images/004974_01_ready_left_wrist_view.jpg,41592,f9a1c5d18288c6fa1e16e8e32fe8042a05c46a9e9ec0459f7ac686782955b176
004974_01,004974,early,right_wrist_view,135,images/004974_01_early_right_wrist_view.jpg,37940,b9048fa4d6c14b86aedd802861d73a54c95207bac7adf4fa6d01792bd9e3cd61
004974_01,004974,ready,right_wrist_view,368,images/004974_01_ready_right_wrist_view.jpg,34648,dfb01c39a78027b12e2f946fe2d7cf1d8af61059bf72cfccac007ea8f085bac1
004979_01,004979,early,exo_view,118,images/004979_01_early_exo_view.jpg,57120,7b982d89bd04a983fbb9af7982a27526d1a347ab762913ca297e3861c5701af1
004979_01,004979,ready,exo_view,343,images/004979_01_ready_exo_view.jpg,57765,b13f0e7cb971576a6949c348e90f4448baa3ad0f7c6509eebe4d7244fac30553
004979_01,004979,early,front_view,118,images/004979_01_early_front_view.jpg,55858,05bf4d58ed72ba91ea1391073105560a0d3fcb71672d42ad1ebaaaac381f6c4a
004979_01,004979,ready,front_view,343,images/004979_01_ready_front_view.jpg,56999,0f7b0a3d712bb237f44c0ebe0117b11748bfee173d5cc6832961b4f814be4254
004979_01,004979,early,human_front_view,118,images/004979_01_early_human_front_view.jpg,49594,b60458f0229903dbab3b2277b9600a459b1a2cb25b5ba7a736228c84303ef5ea
004979_01,004979,ready,human_front_view,343,images/004979_01_ready_human_front_view.jpg,49140,a630d50201ed9aaa086f25d92120a6e9ab2d2ab106003961ef603ddd56dbb135
004979_01,004979,early,left_wrist_view,118,images/004979_01_early_left_wrist_view.jpg,39642,af65500799723161ad1793aaf1b75992507f5b6bc8f4c3860bd6453ee71b762e
004979_01,004979,ready,left_wrist_view,343,images/004979_01_ready_left_wrist_view.jpg,39658,02a1cc50bd201eba2b097e40fb986c7de580302b0b08b5e5b51434f52a59b923
004979_01,004979,early,right_wrist_view,118,images/004979_01_early_right_wrist_view.jpg,37355,ed563508e75e54282b4c9109924938d5627af1243acd8c18e5eaf42a62f2121c
004979_01,004979,ready,right_wrist_view,343,images/004979_01_ready_right_wrist_view.jpg,38108,b167f957e5528a8f69e00486ad23af41678c75b84c1b36abbc292720acd191da
004985_01,004985,early,exo_view,173,images/004985_01_early_exo_view.jpg,57204,c9b41b8f6bb7b5482becfa681dfc581359db5a93ab992fd07ef31cb6008dc40c
004985_01,004985,ready,exo_view,399,images/004985_01_ready_exo_view.jpg,57892,56f0acd58073972ab4172566c1f231555b07f322bda88f32d45979a85c23edf7
004985_01,004985,early,front_view,173,images/004985_01_early_front_view.jpg,53366,eac8be15ddbd9469bc8f57e5142136e18fa629a1e4f27f934ad4036ad9b3b955
004985_01,004985,ready,front_view,399,images/004985_01_ready_front_view.jpg,56734,f75cf3bfcc3cd8726532711315582632285d69b96b9bec3c65c0d0baa1af6683
004985_01,004985,early,human_front_view,173,images/004985_01_early_human_front_view.jpg,42733,88ecea9fb6878986cb68942810cd0fa4e9ae6186f7c74b3733c81676a4a96153
004985_01,004985,ready,human_front_view,399,images/004985_01_ready_human_front_view.jpg,52830,8085314b49388527f2bf21613d91979e58baeede9cc3128243c30c4e4c9e9900
004985_01,004985,early,left_wrist_view,173,images/004985_01_early_left_wrist_view.jpg,57583,dd9a9c0459159bf28840b024cc01d0adc018d30b6bd0eef29911db6b5712ab24
004985_01,004985,ready,left_wrist_view,399,images/004985_01_ready_left_wrist_view.jpg,55167,72695cf57587e6a8a94963682f91a803ace5215d6e02cae9a4d81a57601c7359
004985_01,004985,early,right_wrist_view,173,images/004985_01_early_right_wrist_view.jpg,47318,6b5dd7a386231f0e863e78e266c1ebfc59c70c9676864f75d59fa8ed27cddfba
004985_01,004985,ready,right_wrist_view,399,images/004985_01_ready_right_wrist_view.jpg,38884,fdd8084f3bb0085cb37b08461af71019e20a24053a420898b27c3e83e8e111e2
005420_01,005420,early,exo_view,128,images/005420_01_early_exo_view.jpg,49405,e64b051c563f13f456a8e813d348de2d63c8f4c49b92f711e6c132e63508f512
005420_01,005420,ready,exo_view,345,images/005420_01_ready_exo_view.jpg,46333,0fba30e22d4c2831dd646628422bc5fbf1e3e09cfda4e9538e97f2052948bf17
005420_01,005420,early,front_view,128,images/005420_01_early_front_view.jpg,53939,7e539eb8ee642513cbb42231da8456f2814f704a83ab4e1fc9ea790b8b4aeb79
005420_01,005420,ready,front_view,345,images/005420_01_ready_front_view.jpg,54713,7e559a5ccf856ec1516561b53d1bf3b594c358ce4e8d4d47875c6316bf9b5f01
005420_01,005420,early,human_front_view,128,images/005420_01_early_human_front_view.jpg,46912,0c062dafb3014155abbbe6390c1449ac72fc1d647c21ff20eeed913e6a530d86
005420_01,005420,ready,human_front_view,345,images/005420_01_ready_human_front_view.jpg,54050,1d0f7c86c459e5c79a9ab41e3b540a8f155fb7d0f480f1fee99274822b16a173
005420_01,005420,early,left_wrist_view,128,images/005420_01_early_left_wrist_view.jpg,43184,a70662ed63595fd054a8cf8f2f3d2e1c3ea65c932654a1b2066d4953b9d68cc7
005420_01,005420,ready,left_wrist_view,345,images/005420_01_ready_left_wrist_view.jpg,42911,d125209358f06f1f3e42afebc16ed43c39e0bed901622bcc88a0861d670e0bab
005420_01,005420,early,right_wrist_view,128,images/005420_01_early_right_wrist_view.jpg,41026,50245d378abe2e7fba54e40899404feafaca6014523dd5dfe6211f130b75f1a4
005420_01,005420,ready,right_wrist_view,345,images/005420_01_ready_right_wrist_view.jpg,33990,6f5d30217d57ced3e25e52af9803a9e9a155ccebffcc1df507e2afc563b88f3b
005426_01,005426,early,exo_view,106,images/005426_01_early_exo_view.jpg,49047,064a174cda922444ab6ab75ea93daeee0a422ab28b80a0f1f7b8f92761effe0a
005426_01,005426,ready,exo_view,294,images/005426_01_ready_exo_view.jpg,43179,6db801cf5d9231349d0df13a99b0afdeb09c87c3c236addfd4b70c06566f3786
005426_01,005426,early,front_view,106,images/005426_01_early_front_view.jpg,51730,3284fe15b881e93854e4400d41f1ea88a4e6d0a05bebb2cb43d8ff84e765ff33
005426_01,005426,ready,front_view,294,images/005426_01_ready_front_view.jpg,51988,51452de82dafe78cf7e9ec5886d22fb5574e5c221272307f77bb58172e8c2bce
005426_01,005426,early,human_front_view,106,images/005426_01_early_human_front_view.jpg,49879,7af03b27f36b63bc7c5697e0992ad7439452e821ef40da5d8deefa0667a2ea7c
005426_01,005426,ready,human_front_view,294,images/005426_01_ready_human_front_view.jpg,52322,fcac11dc603e7624a2c6bd5f10a3e14fc3f509be7d768a8f2008e23a389eee7a
005426_01,005426,early,left_wrist_view,106,images/005426_01_early_left_wrist_view.jpg,43945,c07409ffd49acdd714b96d85e0b467849b095e39b435c323e611a9a85c83b41a
005426_01,005426,ready,left_wrist_view,294,images/005426_01_ready_left_wrist_view.jpg,42947,96c39797e2da9e8f8a5a9bd2e0d247c7935658314350b43eb15feb6e011b7f8e
005426_01,005426,early,right_wrist_view,106,images/005426_01_early_right_wrist_view.jpg,39702,cde69b79ade31fd51187a9418a3ea447104d309e9c5e6c4039dcc8589790311a
005426_01,005426,ready,right_wrist_view,294,images/005426_01_ready_right_wrist_view.jpg,34405,ae5d4774ce79e95eb8fac0f3f7fb490d7a721f0b80ef15665f55758d46c85fd4
005438_01,005438,early,exo_view,127,images/005438_01_early_exo_view.jpg,48354,f0d3a29033c98f8dd76d558d2465b79469fc21835badefd98679d36a97b1d9c5
005438_01,005438,ready,exo_view,367,images/005438_01_ready_exo_view.jpg,43651,464f9a23dbb0698e1bf2a53a6e130cc4870591d367c14f979aa2e687cd03668a
005438_01,005438,early,front_view,127,images/005438_01_early_front_view.jpg,52423,7b03071dfee518e2641056acc0b205d6ea94a8e0932f02bc0ce08db4a328e625
005438_01,005438,ready,front_view,367,images/005438_01_ready_front_view.jpg,51990,a5a7cd60102385ab4ad6850b74ca9aac23eb1e54b60f2293dc4bed7f5c77cf13
005438_01,005438,early,human_front_view,127,images/005438_01_early_human_front_view.jpg,38794,105e841dd5db880037a7ee25e7a000802020993f6410e7fd1344a830197699f5
005438_01,005438,ready,human_front_view,367,images/005438_01_ready_human_front_view.jpg,52577,785a8541625a16dd4ebc6e1b1975c6b6c9254e5ada00e4b3c9055bc32c34ecdd
005438_01,005438,early,left_wrist_view,127,images/005438_01_early_left_wrist_view.jpg,37363,d0d180ee01a808e8c514efdc625971869646a6cd37c2b25910060d798d5a158f
005438_01,005438,ready,left_wrist_view,367,images/005438_01_ready_left_wrist_view.jpg,36928,03a89f431e84f104d8d23de5e3b3210c992caa72acf63b7701bec3b60802de39
005438_01,005438,early,right_wrist_view,127,images/005438_01_early_right_wrist_view.jpg,34305,9d592a54ee80178541809ce64ffe2deb65e42a6cc87dfeea4e266d59d8c7b0b9
005438_01,005438,ready,right_wrist_view,367,images/005438_01_ready_right_wrist_view.jpg,35202,5d189ce93fdb01f867243711d64dacb4eb4c3cbb206ce293885f0b34e5816241
005445_01,005445,early,exo_view,103,images/005445_01_early_exo_view.jpg,48559,39b16cbdbcbf208f15cdcc3d14a6c7f96f73c927241f79e442d9b028e818f046
005445_01,005445,ready,exo_view,310,images/005445_01_ready_exo_view.jpg,45973,2570540f59eae21c8a92b75268a0cdf60f55c3c651b70bb7480f9c8877ce493f
005445_01,005445,early,front_view,103,images/005445_01_early_front_view.jpg,52332,181233490e2770e61cddbdc6ea339a99156216f46c744b3b51f0445d3c04d341
005445_01,005445,ready,front_view,310,images/005445_01_ready_front_view.jpg,54082,5a824579252414596768cf852f4912c0db5c509bf79227ae48c3a225c06f944f
005445_01,005445,early,human_front_view,103,images/005445_01_early_human_front_view.jpg,40472,16bfcab6436c0ff30325f58a29e3bc29f2815183818221ca9450f7e762a51ac4
005445_01,005445,ready,human_front_view,310,images/005445_01_ready_human_front_view.jpg,49169,5d66c52d4aa992444cfd8e0ec8bfb1bd7b01c588b855684b05be73e987c4e042
005445_01,005445,early,left_wrist_view,103,images/005445_01_early_left_wrist_view.jpg,37942,141eaea616ef0f2e078d28bb2e8f14518be5b14d10d81ff37aae5492455e5ec1
005445_01,005445,ready,left_wrist_view,310,images/005445_01_ready_left_wrist_view.jpg,37387,bea6577b727e0a459abbe31881677a597244380d6543455b0514fce7ddb061dc
005445_01,005445,early,right_wrist_view,103,images/005445_01_early_right_wrist_view.jpg,37422,04a441ceb6a8a222b750dec20277ed3da1ecdf9a35480c3306a6b2bf4600c3b6
005445_01,005445,ready,right_wrist_view,310,images/005445_01_ready_right_wrist_view.jpg,35283,9b2f6f8bde65619fa8503753dca179d883c2282c0d39fd4d635ca4474a9d7532
005452_01,005452,early,exo_view,108,images/005452_01_early_exo_view.jpg,48894,d03db38768c46e94fd8a372c7918e6f79fd737786d0034dce2890d86cbd94ae9
005452_01,005452,ready,exo_view,371,images/005452_01_ready_exo_view.jpg,46352,b29b554c837ecc843fa99439b7293c8faba00d5f30841b94b1b5c7231444ad0d
005452_01,005452,early,front_view,108,images/005452_01_early_front_view.jpg,53942,87e0097846c1860185eaa256a19ad87ba605bb56b06bc3754b4dfef4d97bf677
005452_01,005452,ready,front_view,371,images/005452_01_ready_front_view.jpg,52789,b670d099c3b8d2ed82c4afed9ad0dbf0515b8173ee1ab09af527518734763f5d
005452_01,005452,early,human_front_view,108,images/005452_01_early_human_front_view.jpg,26524,fb3cbeebb5f5e5d39934dff651745a32b5ed40f75c90c6d754ade3ad28dc68ab
005452_01,005452,ready,human_front_view,371,images/005452_01_ready_human_front_view.jpg,52181,11c69c1c938e34a4055ca07cecde313a0ff3287044158c13b40f4a3ed494cb4f
005452_01,005452,early,left_wrist_view,108,images/005452_01_early_left_wrist_view.jpg,34239,f5e1a8521ff2dd2927a43c5851c102cb52b98d0b6c061486117d7238b4baa725
005452_01,005452,ready,left_wrist_view,371,images/005452_01_ready_left_wrist_view.jpg,33900,1a5915d8be6c2ecdc1a53964e9b4ab93c6ef4fab4afd5a1689ebe92e1ef7018c
005452_01,005452,early,right_wrist_view,108,images/005452_01_early_right_wrist_view.jpg,34641,f6104836355700d9d9d9a8e60f18cb3ec5ec087268f06a28c870bc797e19fbbe
005452_01,005452,ready,right_wrist_view,371,images/005452_01_ready_right_wrist_view.jpg,34197,a9b790fabfc8cf30856ca2517e8d26e1a2d7c1a8dd2334e135fadddf268224f0
005464_01,005464,early,exo_view,108,images/005464_01_early_exo_view.jpg,47103,b850b65be4cec92523f9aeb12fca3d5965b077a1379b539844bdb60369b99e29
005464_01,005464,ready,exo_view,290,images/005464_01_ready_exo_view.jpg,42233,69108fdf75933bd90f2ba2cbf6acb8c5aabb5c640835e0636db3aa6fe440ca7d
005464_01,005464,early,front_view,108,images/005464_01_early_front_view.jpg,52164,2a4899cb7f0323e9ddd199558a40d940c6d34f6d9b4fc3cc1e953d10ce504353
005464_01,005464,ready,front_view,290,images/005464_01_ready_front_view.jpg,53411,8f33236764e4c7c260c41fd07a00cb4597b1c0be7e91278900962eb8f751f71f
005464_01,005464,early,human_front_view,108,images/005464_01_early_human_front_view.jpg,27166,3d39d18c19a99bee0f6e7440f982d23d680138d80638deed078f60841c7d2a36
005464_01,005464,ready,human_front_view,290,images/005464_01_ready_human_front_view.jpg,52595,651f9df2aece247f5a6747cdaa46ebda4e01d83c4f5beed2f1dc11691b0a1134
005464_01,005464,early,left_wrist_view,108,images/005464_01_early_left_wrist_view.jpg,41610,cd39bfba7d7a6d38bc2ec702fdf540a9697e185b8be3f99be9279d6644bd276d
005464_01,005464,ready,left_wrist_view,290,images/005464_01_ready_left_wrist_view.jpg,40878,dbd57756c094e2374db77bcfb818b89245cc2613418f19900c5e4b290ef06d64
005464_01,005464,early,right_wrist_view,108,images/005464_01_early_right_wrist_view.jpg,37133,80ad4f2489cdf2e98c0c69ad9e59653cee0c3320e712614a61a5201fc697b3b0
005464_01,005464,ready,right_wrist_view,290,images/005464_01_ready_right_wrist_view.jpg,37359,af2342857f75646e55b353a79662dc4039c67b39c0329d4c97057be7f14cce40
005689_01,005689,early,exo_view,122,images/005689_01_early_exo_view.jpg,57826,f5602c5df5ef4e5c0626742d1d3bf9fb22c36d39f6e5df8ac0bea9633856d72c
005689_01,005689,ready,exo_view,416,images/005689_01_ready_exo_view.jpg,58569,187b5fd900b0e7ef6a68e8fd8189352e0058623d169897c6e2bf8f9a161f76aa
005689_01,005689,early,front_view,122,images/005689_01_early_front_view.jpg,62455,6656cbb9c0ddca0553c66d5157e57459e9ab6780fc2f3437d5165536336e4b0c
005689_01,005689,ready,front_view,416,images/005689_01_ready_front_view.jpg,62876,7dbaaa1f9a51005802c54b68e7564fe59e248050206ce943a7a194f92e1742ab
005689_01,005689,early,human_front_view,122,images/005689_01_early_human_front_view.jpg,39261,6c932a562e6e013ffbb0d46dc76aeb45cea7f11abf793d9e0411cf447bb358b9
005689_01,005689,ready,human_front_view,416,images/005689_01_ready_human_front_view.jpg,45334,08a10f87df168e78a7e9919a1d8587354ca504a91f6760f003728496d9e9a934
005689_01,005689,early,left_wrist_view,122,images/005689_01_early_left_wrist_view.jpg,54828,a2a813bc73988085fc963541ae5631f502b7c4e6d6689c89a897665ce519ee74
005689_01,005689,ready,left_wrist_view,416,images/005689_01_ready_left_wrist_view.jpg,53384,5d17b0d5d7386282aa460cbdecdc626470de5301c9fd5c493e946784aaad47e5
005689_01,005689,early,right_wrist_view,122,images/005689_01_early_right_wrist_view.jpg,57814,7cd6e594ce0ad3237d9dff76754b30a763ae41a5df3f3d1fc6c0677306dcca7c
005689_01,005689,ready,right_wrist_view,416,images/005689_01_ready_right_wrist_view.jpg,50934,8b0dc8053e41cdf3fe7555dc6c03d6596c3f7585d09d3f1097ded8b9a310f2b0
005703_01,005703,early,exo_view,113,images/005703_01_early_exo_view.jpg,51343,9c2f1107f8a2d2bbd1693cb8ddc2ac922e85d20503bb863fedd2401d36eaee5e
005703_01,005703,ready,exo_view,366,images/005703_01_ready_exo_view.jpg,50952,da97e955f08b9277adda2986bbed892139517ebd3f72a66afb507e729733dc28
005703_01,005703,early,front_view,113,images/005703_01_early_front_view.jpg,59393,09f8f95f69d20a41dc0529e65fbd0eaba9ea85797a5f5e35d6772d775f8f2acc
005703_01,005703,ready,front_view,366,images/005703_01_ready_front_view.jpg,58040,85acd7a492ffc24eb9065e950d39659521f1122ec3b857e9721492d84f455f3a
005703_01,005703,early,human_front_view,113,images/005703_01_early_human_front_view.jpg,33807,b7cf043ac5accdf7ee298f166f848f036b796b636c2874837b9ca63e8979391d
005703_01,005703,ready,human_front_view,366,images/005703_01_ready_human_front_view.jpg,37184,f63ac6be69e7087706d4231c3e89106583006883403b53ebbb85a52e8b5fcb77
005703_01,005703,early,left_wrist_view,113,images/005703_01_early_left_wrist_view.jpg,66235,058d12e795c4246a03b81904a88c47b4ac4713dc8faee85eb273a5866db10e37
005703_01,005703,ready,left_wrist_view,366,images/005703_01_ready_left_wrist_view.jpg,47784,59983ef12669125affa650b7fcc9a42e0a6e9c951ec506a9efeb43883894f004
005703_01,005703,early,right_wrist_view,113,images/005703_01_early_right_wrist_view.jpg,65030,04c942e3652a425b338015716286fde4423be58015cfe1e48808c3849e163a9b
005703_01,005703,ready,right_wrist_view,366,images/005703_01_ready_right_wrist_view.jpg,48948,cffe96654985f3d4aa86e92dff5647a44f216cc4fe0a6e323f5858c288eaaaaa
005928_01,005928,early,exo_view,125,images/005928_01_early_exo_view.jpg,51690,20a7137fca87879617fbeca6d8c259b64d7d7bb1a0fbb96751f4ec1f7eb4c052
005928_01,005928,ready,exo_view,360,images/005928_01_ready_exo_view.jpg,56587,946e394cebff834bfcec889844eda0fa265f7705b340e548b754b16fc476e68e
005928_01,005928,early,front_view,125,images/005928_01_early_front_view.jpg,65524,a52feb40c654efd5c3cdbe26eebe5121a93dc87ba61b48c99686030f553570e2
005928_01,005928,ready,front_view,360,images/005928_01_ready_front_view.jpg,70943,956c27dbb1116611dfa508c6a8e8115ae1f6721aad39dc62c6aa95070ba83a9c
005928_01,005928,early,human_front_view,125,images/005928_01_early_human_front_view.jpg,45668,fd6109795d00e976079660585ca0b22a64e566d95e641b3c503a47fd22a56a2a
005928_01,005928,ready,human_front_view,360,images/005928_01_ready_human_front_view.jpg,53794,f61d99fce788280c402ae5bb9823420e7fda8798c86cfb3a444ced4fbc60c7d2
005928_01,005928,early,left_wrist_view,125,images/005928_01_early_left_wrist_view.jpg,59779,cc355631a57fbae8976c7108670a361e58ab764d3c6f7cde7006ce73a1586000
005928_01,005928,ready,left_wrist_view,360,images/005928_01_ready_left_wrist_view.jpg,55253,773eb4a0bf5e621e286755c060331af753cd66b4f5065ac42608b0368c5907ad
005928_01,005928,early,right_wrist_view,125,images/005928_01_early_right_wrist_view.jpg,61945,4846addd9c3ad3d5b42325c667fb9d8bd1d3d97ea8f5798e8b14412bf53cb91c
005928_01,005928,ready,right_wrist_view,360,images/005928_01_ready_right_wrist_view.jpg,54477,5c3c4290fc2093ff0e580f3d92d8493b98431ef113ddf2b43eb9449b8078306f
005942_01,005942,early,exo_view,119,images/005942_01_early_exo_view.jpg,55135,19da6ac6e54b6369b543cbbaed4460041c1941b673cc8ae7fabbe68a703c9c98
005942_01,005942,ready,exo_view,361,images/005942_01_ready_exo_view.jpg,55808,98c3b6ff9221e252cf15d42f7bb1503248689689a31689bd14495683addc5125
005942_01,005942,early,front_view,119,images/005942_01_early_front_view.jpg,60561,fdbae8b59924a16695129831a47d58932a5675f6f61c3f9c4b085ce3e1c7f05d
005942_01,005942,ready,front_view,361,images/005942_01_ready_front_view.jpg,69227,14bb3fb05c47568e6d10ffc6a18e2cc205efc9f33cf8a371ef64495b415cdc14
005942_01,005942,early,human_front_view,119,images/005942_01_early_human_front_view.jpg,38607,43912e06dd36dcd63f8b419600cd85ebf5fe03aa52be68f2dd8c76cf88d554ce
005942_01,005942,ready,human_front_view,361,images/005942_01_ready_human_front_view.jpg,44944,df0a55406c16ff07e1bc732e013ac7aa2da1b201623d53acf53142c58c902613
005942_01,005942,early,left_wrist_view,119,images/005942_01_early_left_wrist_view.jpg,61683,4558c74c748cd8efddadac4e4ec74de396e82fcc10897c56cb47dd083f75cc6b
005942_01,005942,ready,left_wrist_view,361,images/005942_01_ready_left_wrist_view.jpg,47653,37cfd3e8429ce73676556f89e77d2217fba18a8b16cce60b7a9ba00b601644e2
005942_01,005942,early,right_wrist_view,119,images/005942_01_early_right_wrist_view.jpg,63556,6474f475675fb42c91adfd01e5967c126969a0416874ee2df531cfcaaabb5566
005942_01,005942,ready,right_wrist_view,361,images/005942_01_ready_right_wrist_view.jpg,47176,537e614dc327fef4934205631012e7b2b4d98a2e7e1eb8fcce16e61a352aee37
005971_01,005971,early,exo_view,109,images/005971_01_early_exo_view.jpg,55698,18411b765fb097a963090f56c7476657c0679146b4acd623eddaea15d46ea9ec
005971_01,005971,ready,exo_view,318,images/005971_01_ready_exo_view.jpg,56395,7d76062e3f4ea74425129efe342042064e60246546b0cd120635217f0b9faa38
005971_01,005971,early,front_view,109,images/005971_01_early_front_view.jpg,63427,dfde3e4dad00985abeebbb7beb30ad61ddb237b8521240ca42a4c7a7c9182a13
005971_01,005971,ready,front_view,318,images/005971_01_ready_front_view.jpg,62096,00a1b8c8f7fb9edc9fd26c9d7de9087482fafdf322ee8b9d36fb99dcfb068a6d
005971_01,005971,early,human_front_view,109,images/005971_01_early_human_front_view.jpg,37851,0781a394908240f767fb568aacbd9c6f1e837ebc9de01e960c756204251f81e6
005971_01,005971,ready,human_front_view,318,images/005971_01_ready_human_front_view.jpg,47632,1f6c18f8d29d4cb5000759c0be6dc62c0c650d797010441c8b7782f00500c865
005971_01,005971,early,left_wrist_view,109,images/005971_01_early_left_wrist_view.jpg,66011,5838019fdf6e33df3f4bb099e9c73c5b887e0e37031833c318fcfcac3c851361
005971_01,005971,ready,left_wrist_view,318,images/005971_01_ready_left_wrist_view.jpg,55642,f727f4d8deeb05b6ddbeeceb4e3f83de45a1f72ffaaa60366375384beb24618d
005971_01,005971,early,right_wrist_view,109,images/005971_01_early_right_wrist_view.jpg,69200,48a89c8124aac8ad9fdc6aa0e66ad3b02f646e3e4b46d3c376957f6126c33c6c
005971_01,005971,ready,right_wrist_view,318,images/005971_01_ready_right_wrist_view.jpg,54141,99087930ba5e34283c71dffa9ec112ef372f9ffb93c5f0cf4881eef6ffbd2674
005980_01,005980,early,exo_view,108,images/005980_01_early_exo_view.jpg,55812,477bfd9d24ed0df2161cbb82bbbd493d93ac14683bb02fcf809266444bd8f50b
005980_01,005980,ready,exo_view,305,images/005980_01_ready_exo_view.jpg,57406,6556a88695f57c387a33b22a10a7914d25e331b843727080fc2e458acf911d10
005980_01,005980,early,front_view,108,images/005980_01_early_front_view.jpg,60239,16e3977f341cd21fb85fddf89e31776d781ac8f2d5fb63f175aa4fc3a6b845b9
005980_01,005980,ready,front_view,305,images/005980_01_ready_front_view.jpg,63962,2245d40c5341900c487074127ae641b0215cb24a29e041ce4e0b4d35f0a2daa6
005980_01,005980,early,human_front_view,108,images/005980_01_early_human_front_view.jpg,48215,7dee94c2ace12dddfa0fafc9fdce297b5c16750c93282b9de0c25a1e0288efd2
005980_01,005980,ready,human_front_view,305,images/005980_01_ready_human_front_view.jpg,49764,8d71258fc29b945fd70f21dfff4414b55484a2d6df8dd3f425fe562d726bdb6e
005980_01,005980,early,left_wrist_view,108,images/005980_01_early_left_wrist_view.jpg,69666,3e62d3239e635bd10f87c7b55a0b6684f9439416c4331e2aac9adbe236020016
005980_01,005980,ready,left_wrist_view,305,images/005980_01_ready_left_wrist_view.jpg,54115,07e572d05cf308becd6db253b25ae78adf7b34037ae31a85376162ba2c5c05d3
005980_01,005980,early,right_wrist_view,108,images/005980_01_early_right_wrist_view.jpg,69669,46c5d5c0fc3844a82c93f9e8559fa34c34582a347371786621149f78b0b1715b
005980_01,005980,ready,right_wrist_view,305,images/005980_01_ready_right_wrist_view.jpg,53689,65ae6c73b0b2222d4a22ffb97df1dccc3abeca93d9630cb4b02b03e1c80d1b6f
006001_01,006001,early,exo_view,118,images/006001_01_early_exo_view.jpg,54696,92a4840f0fbb76ac8739df7d655faeec1414e934b3738673e3b1e4e5fb97e1e1
006001_01,006001,ready,exo_view,323,images/006001_01_ready_exo_view.jpg,56162,0804d65987ece532db91a0a18e91d2bdf35122b7c1d3b92ef7740260ef3870cd
006001_01,006001,early,front_view,118,images/006001_01_early_front_view.jpg,62776,872a9b82427ceab083572aa86d495a2744ae197c48cdc1ec55f313c587ee1724
006001_01,006001,ready,front_view,323,images/006001_01_ready_front_view.jpg,65136,eb4ce1c09072bab66b1d2d763ee2b73272f6c6b7e51e7615e9beb37e6bcb7eb9
006001_01,006001,early,human_front_view,118,images/006001_01_early_human_front_view.jpg,47839,5abb64a2b780a92ee6ea1e4d149d3ae7007907d5948b0a1bcf679c334e16fa77
006001_01,006001,ready,human_front_view,323,images/006001_01_ready_human_front_view.jpg,51648,ac4b9c4f68c5484dc9cc9254dbd1e7833a9f7bce58852c0bbb7ab646cd795dbd
006001_01,006001,early,left_wrist_view,118,images/006001_01_early_left_wrist_view.jpg,65702,1810f03205c2cf5211497b0a2d4a89ea6c2f6325b9d1c45cd8e3b9390a4c274d
006001_01,006001,ready,left_wrist_view,323,images/006001_01_ready_left_wrist_view.jpg,52348,bfad02719a8fd19bf7b3b4dc5bc54d912fc8c2cc1254cce74019f1c28e0a0bdc
006001_01,006001,early,right_wrist_view,118,images/006001_01_early_right_wrist_view.jpg,68060,de9a1e74704ca7d66cb5f22dc245dd55d520b30460f759ae94de944c9bab504a
006001_01,006001,ready,right_wrist_view,323,images/006001_01_ready_right_wrist_view.jpg,51942,4bb0cff9d30355b0fd64b59cedba360e22231f904b7ec7a7942a81fe9a3522d0
006009_01,006009,early,exo_view,130,images/006009_01_early_exo_view.jpg,54892,8ff18549f8acd6a76c3a6240728a81577242db147c700dbd9232ca3a9b0ca333
006009_01,006009,ready,exo_view,380,images/006009_01_ready_exo_view.jpg,54137,9910c94ba7668fba6d980881d050322a087c66edfdd689f9428670955d2c7d77
006009_01,006009,early,front_view,130,images/006009_01_early_front_view.jpg,60267,b1cf3a11a2bfd569849357b8941b56f47d8bc89b446fa8405cfc659ab6606a5b
006009_01,006009,ready,front_view,380,images/006009_01_ready_front_view.jpg,66234,2d539177d33fd58d339fa7da44835544e2230a698f50186f115850be699355ee
006009_01,006009,early,human_front_view,130,images/006009_01_early_human_front_view.jpg,31921,d88cf99a80f409e50a2c686a004bf4ffa47c50e9670ff336f318a596cf05914b
006009_01,006009,ready,human_front_view,380,images/006009_01_ready_human_front_view.jpg,46161,d8e6948f2c7ddc6de7e66b65be69bfdaf2c3e30485c00fc55524051018adef50
006009_01,006009,early,left_wrist_view,130,images/006009_01_early_left_wrist_view.jpg,65234,18276964ac8ae37b5db266525fed5eb7132b8b95b1bd53d6f0e5c811d25b8061
006009_01,006009,ready,left_wrist_view,380,images/006009_01_ready_left_wrist_view.jpg,47331,09572069810812d241a9294d3345f603c82f829ac5b772a44b5fed992830af32
006009_01,006009,early,right_wrist_view,130,images/006009_01_early_right_wrist_view.jpg,63254,e8cdd0b1f5f7cd312cf93eedbf4d313d740c319d06aea2ba943462c051197f87
006009_01,006009,ready,right_wrist_view,380,images/006009_01_ready_right_wrist_view.jpg,45656,498c5d975ca9b0b101af494f9430366094895005e26a5f08de121bbcd6cacb0f
006011_01,006011,early,exo_view,145,images/006011_01_early_exo_view.jpg,55453,7f48bb85e6a7dc7219f7a62555f95bd0550bf3b7802210e4239cf40dd3f9c4db
006011_01,006011,ready,exo_view,389,images/006011_01_ready_exo_view.jpg,55909,0e70e7c282e157fce573bdb2a84c3b7ebb6a0f9824c8b0b52161143b044b3184
006011_01,006011,early,front_view,145,images/006011_01_early_front_view.jpg,63179,8c25b0d053a0594b3efcb9201b6edfc84824a02e122c24ecaedc979719d7a0b3
006011_01,006011,ready,front_view,389,images/006011_01_ready_front_view.jpg,65720,14b1416d3bf07adc07e26b64c415a9b214bf2be3578ede8ff956d5d6839f610e
006011_01,006011,early,human_front_view,145,images/006011_01_early_human_front_view.jpg,34539,50810c0ab0aaba1f06eda50b68ae3e80d4b1b9bf87af0d332b215403b2503b04
006011_01,006011,ready,human_front_view,389,images/006011_01_ready_human_front_view.jpg,38013,c93c915bb4ab5b14bc071158c39dd3dc97004912ffd8aa7e7bd843fb4e3beb86
006011_01,006011,early,left_wrist_view,145,images/006011_01_early_left_wrist_view.jpg,65237,442a801bde0c2ea97a3ed8c2d7ceb43ea70fb6ba16f0fd65f9e12b0a947e0da3
006011_01,006011,ready,left_wrist_view,389,images/006011_01_ready_left_wrist_view.jpg,46300,efcd72184926ad689853b7dbfe2445eb06eedae3d8c72cddf19a03e35b2b1de7
006011_01,006011,early,right_wrist_view,145,images/006011_01_early_right_wrist_view.jpg,63784,465cfbb9167eb018bafc8effeaff77d29bd930e70b60cda3c3a0ceaeed17c4d4
006011_01,006011,ready,right_wrist_view,389,images/006011_01_ready_right_wrist_view.jpg,43606,b27a0ddece6d63117f4dfa9c72d1f1e1fcd3ffd897c351bd92416f3d7514c92c
006015_01,006015,early,exo_view,142,images/006015_01_early_exo_view.jpg,59180,3a523ccad7879f666797377c6d20a995694411c43a3ab9852029eeaa97c73be8
006015_01,006015,ready,exo_view,374,images/006015_01_ready_exo_view.jpg,59809,b783ae6e266c6a8ea6ba5ac87afb6b9621679f9ff76d4aa6d3b87b05743259ae
006015_01,006015,early,front_view,142,images/006015_01_early_front_view.jpg,64442,797351f7496f8e54b04688ac4de766dad75d89bd0b9b9d018fb26f4b7783ee21
006015_01,006015,ready,front_view,374,images/006015_01_ready_front_view.jpg,71631,01e8ae92f0e9541779f41bf06287b1dd1599e46fd9f49fd0525ce41fef86f473
006015_01,006015,early,human_front_view,142,images/006015_01_early_human_front_view.jpg,40262,b084bcd89c74500df5578c5e412867d49cbe7af434b44742c8d00b280ed1f679
006015_01,006015,ready,human_front_view,374,images/006015_01_ready_human_front_view.jpg,56001,6a02e955a512277155ac812e110c267acbb83801126a680c4366ee757a1ae7bf
006015_01,006015,early,left_wrist_view,142,images/006015_01_early_left_wrist_view.jpg,57112,c430ee178ad16a30022101904e9d24850ce5420fd907dd9007527a4f2e929fc5
006015_01,006015,ready,left_wrist_view,374,images/006015_01_ready_left_wrist_view.jpg,58207,919fae1422fabc38fca649eea92a544a51f2f35f550f456643d2d58ffbca35e8
006015_01,006015,early,right_wrist_view,142,images/006015_01_early_right_wrist_view.jpg,58981,26d5c5ce18f20893fabe6f50c9abb1ed09cd15116a6608c7182c8f4ddc5b3cbb
006015_01,006015,ready,right_wrist_view,374,images/006015_01_ready_right_wrist_view.jpg,56065,24ffca5b1bec87eb75a90c70f3b265de1bc6e5e89020c755f47d9bc02a88e045
006017_01,006017,early,exo_view,127,images/006017_01_early_exo_view.jpg,58288,428e5c04d2ac034132a9a501dd919054c1eb7a56097fa255dc519f1853687943
006017_01,006017,ready,exo_view,350,images/006017_01_ready_exo_view.jpg,59347,effb594c05222ce3b820d82587d732f4913de0604f048ae63bff6db7a073635c
006017_01,006017,early,front_view,127,images/006017_01_early_front_view.jpg,65039,2190b12d6c79e5aa5fe456166921654c28983693db1aeb8e4802336f6a7b65dc
006017_01,006017,ready,front_view,350,images/006017_01_ready_front_view.jpg,66961,0b147615cc11bfdae5678190e6a3afe2b19ef23e741a1c1074ecbecde0a1ab7d
006017_01,006017,early,human_front_view,127,images/006017_01_early_human_front_view.jpg,41992,07ff9099dfdc267aeae3305aa6583236af9157ab6e5726ba69bc93570eaa9092
006017_01,006017,ready,human_front_view,350,images/006017_01_ready_human_front_view.jpg,55354,82e28918712e1e493f30580592f90dabbfcfb1618d653e83bfbe0b0dd243e9f0
006017_01,006017,early,left_wrist_view,127,images/006017_01_early_left_wrist_view.jpg,64132,d86ba4a608ca9808cb4fc5e3421544a4e6c9d42f03335ce4a909a5c69d29f21f
006017_01,006017,ready,left_wrist_view,350,images/006017_01_ready_left_wrist_view.jpg,45059,36008589cdfb4786845fddbb3aac894e0ef4e00bead3e356b41632eac9a9f680
006017_01,006017,early,right_wrist_view,127,images/006017_01_early_right_wrist_view.jpg,64158,328856850be342f511194562eb2b13d3c3ed03235c6af0a0dfd1ab2d937eba3c
006017_01,006017,ready,right_wrist_view,350,images/006017_01_ready_right_wrist_view.jpg,50258,775dd60b7dace1af3d8caf6d485e6434271199234a7e704fa002339d1d27fc25
006021_01,006021,early,exo_view,128,images/006021_01_early_exo_view.jpg,56823,8d4d43e54c27554a962b079a3d127dac1f72f60d19b71f771309ef609ef99fca
006021_01,006021,ready,exo_view,353,images/006021_01_ready_exo_view.jpg,57812,4395c1b8ae23a60f325509768e37c7f0fe8bf6e4521ea91317d32b38b547bdcf
006021_01,006021,early,front_view,128,images/006021_01_early_front_view.jpg,65314,dac855d64d8d4b12692d99627ebf7e45f9d19f6df9eacefdb2cb8462e9f9d15c
006021_01,006021,ready,front_view,353,images/006021_01_ready_front_view.jpg,64716,eccf685b0b416102fa50ee981057a208d1d69e1ce43352a4874ef1283a75d540
006021_01,006021,early,human_front_view,128,images/006021_01_early_human_front_view.jpg,41092,e914500b93a1f982f6f79a92815b9e9f10059f936d17c38c8edcd554340f789a
006021_01,006021,ready,human_front_view,353,images/006021_01_ready_human_front_view.jpg,45201,8d0efba15da0384f42cfc3d54849aee489a5280cd6c541505f1d22654ffae77b
006021_01,006021,early,left_wrist_view,128,images/006021_01_early_left_wrist_view.jpg,59290,b7b049a7a7ece2f2c3d04ebc530f710126cfb709d3f151f3f20590f4e2b78a79
006021_01,006021,ready,left_wrist_view,353,images/006021_01_ready_left_wrist_view.jpg,50327,8c4a6d2292981601232a8682f3e5edbf41ce8ea2c748b8a02f8b360b5a1ce198
006021_01,006021,early,right_wrist_view,128,images/006021_01_early_right_wrist_view.jpg,62349,7b0b47a639edf64b58777371c6db0478a6596fd8185ae83548a54fb24ba7f410
006021_01,006021,ready,right_wrist_view,353,images/006021_01_ready_right_wrist_view.jpg,49075,8d28e02a0becc964bdaf68e3e7f2b5edd931bd02fdd4a07214f52503956169dc
006023_01,006023,early,exo_view,137,images/006023_01_early_exo_view.jpg,56130,b411c931f97183f02630f255a72e0612ae9561f2505027ded4e74c8ca17b6657
006023_01,006023,ready,exo_view,370,images/006023_01_ready_exo_view.jpg,58377,5f15c99d16cf7e3214df5bd02173dfc195d944edae9f8a7f4fffcf3b1dd622fc
006023_01,006023,early,front_view,137,images/006023_01_early_front_view.jpg,63981,c31ac25bbae4f88b7419ec2fa48ac099a2cb69eeae1eeaa065d41a7adac2f53a
006023_01,006023,ready,front_view,370,images/006023_01_ready_front_view.jpg,68029,1007c63063e9932d874175b624b585c30ee918de334e7624e22e5986e55ee09c
006023_01,006023,early,human_front_view,137,images/006023_01_early_human_front_view.jpg,33643,e0366486b7322fb0501da728d017a00eea9ab0e61d2def0a9458df8bc8fead77
006023_01,006023,ready,human_front_view,370,images/006023_01_ready_human_front_view.jpg,49225,ec641f183516d8f4f130e60435d6fa1b17754bc049cfaad3f444fa774b7d7042
006023_01,006023,early,left_wrist_view,137,images/006023_01_early_left_wrist_view.jpg,60569,d5b19d031de809853c28302d0dfcd9d421b3e53349a690eda270a9f68731ce59
006023_01,006023,ready,left_wrist_view,370,images/006023_01_ready_left_wrist_view.jpg,50514,6438c7bff80a9995bdec32d81b7474be16ba6dadea9fb00c29f8c4380afc7ca9
006023_01,006023,early,right_wrist_view,137,images/006023_01_early_right_wrist_view.jpg,64859,ac85c5cc643a949f0c506dc454bb8adabeef7ed1dbbf6c765acdc252f618fae9
006023_01,006023,ready,right_wrist_view,370,images/006023_01_ready_right_wrist_view.jpg,49154,15b4c626bffdbd970519fe63122ab66260f94709c0c2a594ac64a70776298d10
007311_01,007311,early,exo_view,299,images/007311_01_early_exo_view.jpg,53576,ee5c1d9e4bad7ec1ff41f499f31045cd5b54699e277b08aa18a1cc44ced1b543
007311_01,007311,ready,exo_view,353,images/007311_01_ready_exo_view.jpg,63931,519cc21cf0a91acf70db5db98d21497f00ec6b8c3d71ad77b58e96b2a3060dbd
007311_02,007311,early,exo_view,418,images/007311_02_early_exo_view.jpg,63207,7156e4d34f6253380e8823b369b4269a84883db2f0e4dbd62bdd917415495dfd
007311_02,007311,ready,exo_view,455,images/007311_02_ready_exo_view.jpg,63944,d952c07985fe6f34c31871c043d6052a8dc27fff1f96042e1cb78bab673319e7
007311_01,007311,early,front_view,299,images/007311_01_early_front_view.jpg,52671,a91083c742d06d3bf4e92f13fb35b49b186e32ba0084ebcc74a8e941a5b172f9
007311_01,007311,ready,front_view,353,images/007311_01_ready_front_view.jpg,50511,94a046a903df2d6500374b36b7a464733b0db4276bfac4c1d0c15f7bf99e365c
007311_02,007311,early,front_view,418,images/007311_02_early_front_view.jpg,48704,62689724392cd9755ca58d8d7ad4d354b5b204da21f1149cbea89e3f66aa6b75
007311_02,007311,ready,front_view,455,images/007311_02_ready_front_view.jpg,49845,f330f086c3e4151d317d51c349b2c5ea7cbd7343dcdcea88d34cbec9ae498852
007311_01,007311,early,human_front_view,299,images/007311_01_early_human_front_view.jpg,27359,6670293f28ad9bf68c1ff6aa1cd4895be96b74f8f95fe6c30ed229d7eae59b4e
007311_01,007311,ready,human_front_view,353,images/007311_01_ready_human_front_view.jpg,61314,161ac7e1015bd0ddfe9673a62835b4d6c465004659f1643c9f5ed405a1253ab6
007311_02,007311,early,human_front_view,418,images/007311_02_early_human_front_view.jpg,42021,52102afe74c6f672199bc6c75fca8a587e589e416df8c3308087cdf091f9b4a2
007311_02,007311,ready,human_front_view,455,images/007311_02_ready_human_front_view.jpg,57826,d3c789362103140eeba0e4e658d29784577973dc50514c9ced75a937099f759f
007311_01,007311,early,left_wrist_view,299,images/007311_01_early_left_wrist_view.jpg,39813,b077212d2b9ee36386cbf1aa97760f2d72ebc87195af94369aa07f3f0b4c287d
007311_01,007311,ready,left_wrist_view,353,images/007311_01_ready_left_wrist_view.jpg,42274,7ae623839249919446be6544129088e34988b0a1af327b9207164af69116e829
007311_02,007311,early,left_wrist_view,418,images/007311_02_early_left_wrist_view.jpg,40208,7a940665aa7a664b634e6eed5a998999165a4ad0c39364becffddbd382bf53c1
007311_02,007311,ready,left_wrist_view,455,images/007311_02_ready_left_wrist_view.jpg,39777,dbf7ca5d8e7ca9e4604b34d597b9b9ff01e5249c551633ca1e5c20fd2d07cac6
007311_01,007311,early,right_wrist_view,299,images/007311_01_early_right_wrist_view.jpg,33633,b575c6ae015b0159cd7ab152c269eb330adeccf8a486ee02a9be494c2055fad5
007311_01,007311,ready,right_wrist_view,353,images/007311_01_ready_right_wrist_view.jpg,40737,7f9775d912f11b60a65cd2d9f6f459df0b62e9236f6df0bcbfb8f2686c759bed
007311_02,007311,early,right_wrist_view,418,images/007311_02_early_right_wrist_view.jpg,37274,4bedc66bef1c1892146b982ee7906d7c8b1323dd2c597b0975cf4c96f1e4f391
007311_02,007311,ready,right_wrist_view,455,images/007311_02_ready_right_wrist_view.jpg,41382,828c55a3ce4076ac0aae3cea803ffd824c7401ed33f3a2405ffa85511f752836
007318_01,007318,early,exo_view,284,images/007318_01_early_exo_view.jpg,54843,3a17f901521807fd79bbb2900dbab32c3280282492f8f0b06bf0434de6a033af
007318_01,007318,ready,exo_view,349,images/007318_01_ready_exo_view.jpg,64623,d7ceddc115fe262a9b004f34d99e8c0ae071bc45ae6686b23721711ee8f4df0a
007318_02,007318,early,exo_view,412,images/007318_02_early_exo_view.jpg,64885,b530c7ed8b3158fd5ff0e463e941a2412852880b8b57aeebb50ec80df7e98a3f
007318_02,007318,ready,exo_view,443,images/007318_02_ready_exo_view.jpg,64513,d45d769d937827c69b9d025bc142e732e2e81435d121eed51317ad081ebe98a9
007318_01,007318,early,front_view,284,images/007318_01_early_front_view.jpg,52023,bb5bd855b19d363450ab13c5f6eb6c8283b571d241fe7c101cf2cb9d24e24d12
007318_01,007318,ready,front_view,349,images/007318_01_ready_front_view.jpg,47430,f1b6c5661cfe8b80b1b8e454d60a5eae74875f787763a4534e5cb07a87e7257b
007318_02,007318,early,front_view,412,images/007318_02_early_front_view.jpg,46913,a8c47fa2c6eac94e1920bc3c73be65055ee1b0edccd1ee503757f038520eddcb
007318_02,007318,ready,front_view,443,images/007318_02_ready_front_view.jpg,48955,49b9d2c9a68d94a1d184fa20537b290b0cf48eaa41d9f9602c0ca462ac6b2fe1
007318_01,007318,early,human_front_view,284,images/007318_01_early_human_front_view.jpg,39948,dd1b09f3f6bb0a7902dc81e2a976cff4305bfe40b3081e787f9befa26144e29e
007318_01,007318,ready,human_front_view,349,images/007318_01_ready_human_front_view.jpg,40566,6360f230521e21d3fb5c952c2eadcf5548ca03835db4edddc916ace118ed2e9d
007318_02,007318,early,human_front_view,412,images/007318_02_early_human_front_view.jpg,37243,c2e25ee7764906eed90e72d507733a40d3dc5f3b4fdc967145e66f7cd3526eca
007318_02,007318,ready,human_front_view,443,images/007318_02_ready_human_front_view.jpg,42416,d8b976403556890501bd9a5944e0ba98d223ef330ef8efd097b692e40b5f0a5b
007318_01,007318,early,left_wrist_view,284,images/007318_01_early_left_wrist_view.jpg,41135,56912f4c35ea962529b24cd0339a8547842cfdbb00c85fc75496565bb3a80424
007318_01,007318,ready,left_wrist_view,349,images/007318_01_ready_left_wrist_view.jpg,44468,dd42cc8fd3809cb7bdecf846c206a561817a72dfcf098cd56f027372105c1e40
007318_02,007318,early,left_wrist_view,412,images/007318_02_early_left_wrist_view.jpg,41527,40743126347551568f410c74ad78d84cbbc80dc3f3279bd42a71b4a3dab04cbf
007318_02,007318,ready,left_wrist_view,443,images/007318_02_ready_left_wrist_view.jpg,43059,5350ae45f719e38097ac3d9de4671d28da53caa8d816e9bd560fceb40cbf51dd
007318_01,007318,early,right_wrist_view,284,images/007318_01_early_right_wrist_view.jpg,28887,9e10aa56d6fffdeda93fb6b0f562d4018bf9bb32ba6ab9670e1b3252e6fb67e9
007318_01,007318,ready,right_wrist_view,349,images/007318_01_ready_right_wrist_view.jpg,42633,cdfbfcd448beee3f13cd1b8034a606617febb57caca9b073493d04a62deedcfa
007318_02,007318,early,right_wrist_view,412,images/007318_02_early_right_wrist_view.jpg,29759,22c9a7db95eeb30e7628de69838802b2c03fff19c9517b75309ee9803381ead9
007318_02,007318,ready,right_wrist_view,443,images/007318_02_ready_right_wrist_view.jpg,42611,aba87c7141a146ff5159d562d5183b313d2b538a31527152f75e0b2d51c3c232
007319_01,007319,early,exo_view,277,images/007319_01_early_exo_view.jpg,53494,393271bfd683dbb85335133e91dcd6900ef9fd6fac49d91b915f7409dc5537c1
007319_01,007319,ready,exo_view,346,images/007319_01_ready_exo_view.jpg,64640,008e7cb95c2c676acf60b8c9c0cf8078f7b72e87b97914df265e6ef085a3c0f2
007319_02,007319,early,exo_view,417,images/007319_02_early_exo_view.jpg,65521,6d1bf4aeb4923f65f7535a522bcaa92e5113b69979cc8249ecf51f1cb4c3c5e5
007319_02,007319,ready,exo_view,444,images/007319_02_ready_exo_view.jpg,64324,5d1f797c73345ed8c20ad08b12ae2af53a1658a65657417387b88db11cb7a361
007319_01,007319,early,front_view,277,images/007319_01_early_front_view.jpg,51444,e676caec78556d01b5872ccfd2026a256f2c65d1fc6a9ad13fea349e8b567f1b
007319_01,007319,ready,front_view,346,images/007319_01_ready_front_view.jpg,48113,05dd1233956ee5286729c358937842915ce2ad5bd331b83600405cd0861d9bf7
007319_02,007319,early,front_view,417,images/007319_02_early_front_view.jpg,44281,bb065185386de6a5156e12f8d60b9f71f6251eb31f5d44a4fea93abd6166c5ab
007319_02,007319,ready,front_view,444,images/007319_02_ready_front_view.jpg,47221,23c37559847a964649adc85f0bfbd0ec0ed95422532b73abbef4d7dbaeee1e27
007319_01,007319,early,human_front_view,277,images/007319_01_early_human_front_view.jpg,27318,238ffe197aa86bfe423650daac204e953a7aa90716b77b72e3effb4dbe947e13
007319_01,007319,ready,human_front_view,346,images/007319_01_ready_human_front_view.jpg,45059,a3f553f65c697ece2fa3d5cffd2069e594e46c42e9f51a18e08f0dd3498d265c
007319_02,007319,early,human_front_view,417,images/007319_02_early_human_front_view.jpg,39296,dfe0a63002a66d01557225e18f5b53f9358ebd726c8301e00b5bd6c0939d4a90
007319_02,007319,ready,human_front_view,444,images/007319_02_ready_human_front_view.jpg,51339,1604f2d843593791e1b40a6e15974f26b6ffcca75eff6e7f9b238d734bc1b8ab
007319_01,007319,early,left_wrist_view,277,images/007319_01_early_left_wrist_view.jpg,43735,d9b5deaebb9953d2fd0439a4fdad7a7114fcebae1c939793bc3b6cd59b087b18
007319_01,007319,ready,left_wrist_view,346,images/007319_01_ready_left_wrist_view.jpg,46672,ffb52bd18980c6b4d4b05c023e18d1af711423d6391c229380c34826bf3c3011
007319_02,007319,early,left_wrist_view,417,images/007319_02_early_left_wrist_view.jpg,42512,5eea4238388f874625471e1b60a2c7b2aa1a160e03a5e3ea1f52bc0b75e00d0c
007319_02,007319,ready,left_wrist_view,444,images/007319_02_ready_left_wrist_view.jpg,44813,f17fa9fcb575c5b077275db4af569ebccdcb472c0903f1ee8359deccc6d67c6e
007319_01,007319,early,right_wrist_view,277,images/007319_01_early_right_wrist_view.jpg,29042,55a464f33c95a510e45b9864245f41b94e9171cbf76527cae9f87a5407d3ec1b
007319_01,007319,ready,right_wrist_view,346,images/007319_01_ready_right_wrist_view.jpg,44278,08c6a4179e8d2907520191f2636a802fba11ef2fee79db30e481d8a599d8fb27
007319_02,007319,early,right_wrist_view,417,images/007319_02_early_right_wrist_view.jpg,33783,268c626f0d8a8a69d43ef702d9802148abb7cff021b545538e39fa4d8f99bee9
007319_02,007319,ready,right_wrist_view,444,images/007319_02_ready_right_wrist_view.jpg,42438,e5724c418382e9ec5e514d2d958057411cdbe5364ae9c8b7fbaee4f8bb4d2b55
007320_01,007320,early,exo_view,295,images/007320_01_early_exo_view.jpg,52766,928435d3d5650c8bf0205da7d9ff43fcbde86c6fe459ca10656f8883605c9fd9
007320_01,007320,ready,exo_view,371,images/007320_01_ready_exo_view.jpg,64119,5658510030c340d67792be56f47198672f1c7040af1333a31f5c14b394662aba
007320_02,007320,early,exo_view,448,images/007320_02_early_exo_view.jpg,65060,23eb2d0dbc48248db056f873512d4cd1f4561a136e3cc8cab444d05ff8181150
007320_02,007320,ready,exo_view,487,images/007320_02_ready_exo_view.jpg,64268,6dbfd4a04d4a7fd31ea20d935f3db9792fba38747ba66bb74bb9a4f4f3416383
007320_01,007320,early,front_view,295,images/007320_01_early_front_view.jpg,52026,40e0dc094e569120dfa19aec92d61eb57a432ea8a7af5df5adfc3744603ef420
007320_01,007320,ready,front_view,371,images/007320_01_ready_front_view.jpg,48253,5104cb92e318e0598e45a7a79140ec90a0bd60e35efa8942f6ee9c5900e28d42
007320_02,007320,early,front_view,448,images/007320_02_early_front_view.jpg,48433,b05ec90232fa3060a448a22602dc7d94cea3dc99a50131a910b37562e4a23bf6
007320_02,007320,ready,front_view,487,images/007320_02_ready_front_view.jpg,47751,b30c9edf704d07cc22df2f6e0495396c47e5e3b731439a26b9578794ba1e2445
007320_01,007320,early,human_front_view,295,images/007320_01_early_human_front_view.jpg,34628,00e1356811925430bc731bb7a0ee2dc3faeca25462dccf5b51c94f53c42bc291
007320_01,007320,ready,human_front_view,371,images/007320_01_ready_human_front_view.jpg,51446,7598ff342e9bacf64fd5cb9c15533e54f63a1b87be5af5753b6315158e4dcc55
007320_02,007320,early,human_front_view,448,images/007320_02_early_human_front_view.jpg,39503,5c43a2ba364cc33528bc30a1e37a5358c4ba8f1f67e9c5f6435bc3a72f4faa86
007320_02,007320,ready,human_front_view,487,images/007320_02_ready_human_front_view.jpg,47966,f88e63d995867a5e9f27fbbd44fda35de8fe563326fd48cdae3d4a22fa577bd4
007320_01,007320,early,left_wrist_view,295,images/007320_01_early_left_wrist_view.jpg,44079,aea16fc8febaa6abeb425fe7e4d46c76f716527acb7bf61dd9ffc23467b9b6dc
007320_01,007320,ready,left_wrist_view,371,images/007320_01_ready_left_wrist_view.jpg,42570,dadfa3ef79158c6bbd7263cbad9da4fad8af7b2bba0ace88913766f1c5fba3ea
007320_02,007320,early,left_wrist_view,448,images/007320_02_early_left_wrist_view.jpg,42733,a573b5ddd3cdc99e5268434ad21c8ee35d1724754c4b7fb7eed2c74acb0029c8
007320_02,007320,ready,left_wrist_view,487,images/007320_02_ready_left_wrist_view.jpg,40990,6e3c3a24bf0066f908c8db64842d36fb9858ace7f5898811e6e21413e1445457
007320_01,007320,early,right_wrist_view,295,images/007320_01_early_right_wrist_view.jpg,48750,ae063ed0fb92a2c705cf4050ab18f99a35da37f05426eb6c09f340c1cec94453
007320_01,007320,ready,right_wrist_view,371,images/007320_01_ready_right_wrist_view.jpg,44944,5968fb2ce42118489c7f39b6e909bbed6b5863e1f15ac34e4d97bca74a9ab1da
007320_02,007320,early,right_wrist_view,448,images/007320_02_early_right_wrist_view.jpg,33086,587b81838852b37699a964708abaf1b9d26d4ee14563fe73bb5974bf736297cf
007320_02,007320,ready,right_wrist_view,487,images/007320_02_ready_right_wrist_view.jpg,40938,2a2e005af20b4282a2d0a07a8f137b3a306e31bc75ed40cd6249229262b50b2f
007324_01,007324,early,exo_view,293,images/007324_01_early_exo_view.jpg,52025,fb536a3b2bae8909e54e883192af3918bf4302729e8e2f250abcc596c3181060
007324_01,007324,ready,exo_view,367,images/007324_01_ready_exo_view.jpg,63330,8e372217a85005da1cf17f2c2373242b62ed9b5a5f153f744e93a81ae58ef929
007324_02,007324,early,exo_view,427,images/007324_02_early_exo_view.jpg,63029,21e032a7a4ef029f8e54ae006f54270d5a2dada14307ef3622c5ad4bb3f4f6d0
007324_02,007324,ready,exo_view,465,images/007324_02_ready_exo_view.jpg,63431,69c14f34bfc553d463c16e4b2000beab583eb9a6549f41b2483befaa4473221c
007324_01,007324,early,front_view,293,images/007324_01_early_front_view.jpg,52129,5c65c7e5fbbb48cce5074590761c58a1899654b40fb156a67ac14f43d224bb9b
007324_01,007324,ready,front_view,367,images/007324_01_ready_front_view.jpg,44368,2cb6e036b102b1d05a4bd307216842cdea6e3485c5ac35ea420b22cadab3846b
007324_02,007324,early,front_view,427,images/007324_02_early_front_view.jpg,45344,b926d8eef094c115e81019c6b3f84a1c075cda008c52c2f7044664c91b88e14a
007324_02,007324,ready,front_view,465,images/007324_02_ready_front_view.jpg,45658,4706991129b38284a755c4f10b5e255ed5f4ecc5d54bc06d76a2ff09593e8d8d
007324_01,007324,early,human_front_view,293,images/007324_01_early_human_front_view.jpg,36356,b426f1b212306ac8a24e2d3c539f78dc3bb43fbafd85a5f30436528774412ad9
007324_01,007324,ready,human_front_view,367,images/007324_01_ready_human_front_view.jpg,60596,4ab84cc65c7fcaf3b23fe49ddc5d1cd7d5c6524d569a4d8c68d68c7120629358
007324_02,007324,early,human_front_view,427,images/007324_02_early_human_front_view.jpg,34598,3f329dd4638c0e358c9bb323200467d2f8989efd43479e0cfa29b4825d6722fc
007324_02,007324,ready,human_front_view,465,images/007324_02_ready_human_front_view.jpg,52425,b3751a25bc0a6783314ca244d5cb8f8a708cbd4112cdf2c23f6a9d85b089e407
007324_01,007324,early,left_wrist_view,293,images/007324_01_early_left_wrist_view.jpg,47630,2f2e208e378da2f899b526679352c1962d60ab57440d991ccd8e7e96e1822ea2
007324_01,007324,ready,left_wrist_view,367,images/007324_01_ready_left_wrist_view.jpg,47185,37ed18db0feeea6de1f2d79ab7bbf21dffc4707eacb2be42548d95f148a7f137
007324_02,007324,early,left_wrist_view,427,images/007324_02_early_left_wrist_view.jpg,45257,dd5fb9944ffe494c9a19d419e6ec135ca1cf1b681af48e41a06646748cf1126c
007324_02,007324,ready,left_wrist_view,465,images/007324_02_ready_left_wrist_view.jpg,44491,f39293aa2b37c21f05980635d439c59fbebe83007ad074a59f61098d95c771d5
007324_01,007324,early,right_wrist_view,293,images/007324_01_early_right_wrist_view.jpg,53163,6e202e7ccb50d92c8a8a89b08a4aaca17694c997a4a897110b33843eba02818a
007324_01,007324,ready,right_wrist_view,367,images/007324_01_ready_right_wrist_view.jpg,38394,3c5bff862bc5942ce777aa58aa3fe6fc85eba2b2df3b2ecc7a6643a43989a9ea
007324_02,007324,early,right_wrist_view,427,images/007324_02_early_right_wrist_view.jpg,34080,63875ffcfe3f8e163bf514bab4b08c878ea92d63af5eff48d5c1d2e72b666876
007324_02,007324,ready,right_wrist_view,465,images/007324_02_ready_right_wrist_view.jpg,40142,a007a1fba8ae3b3367d865a178743cc796540a1ca16874b87b244776f68e87f8
007330_01,007330,early,exo_view,287,images/007330_01_early_exo_view.jpg,49863,1bf141a032d59f755450c06ba964351ae1811f8b8c9a149f8554c049daa522e2
007330_01,007330,ready,exo_view,352,images/007330_01_ready_exo_view.jpg,61486,71522d49dd002377adc41e56fbd386f1c418d25b7d5c4540459591ec1c878767
007330_02,007330,early,exo_view,418,images/007330_02_early_exo_view.jpg,63095,429bffbd8e80be6bf4f40c66a99198eb9d633fec82ed6b195aae1b1db8cf61b4
007330_02,007330,ready,exo_view,448,images/007330_02_ready_exo_view.jpg,62927,2937d2764d023711ab9a843cbbfc83b506021ef8b564f6501899d153793786c3
007330_01,007330,early,front_view,287,images/007330_01_early_front_view.jpg,51404,fc1a9b334f1e1ae70700b6af54306485adf0869e839ec77a61a9c242473b5009
007330_01,007330,ready,front_view,352,images/007330_01_ready_front_view.jpg,47804,1a4488188fa85a0b2eb0ea11bf7d30ec08b00d6b790a60b16e7e7e79d7beb79d
007330_02,007330,early,front_view,418,images/007330_02_early_front_view.jpg,46016,ccd87b16c544a742583deb9a14271496f9d8970cb5a092dabbacb84a06b20f02
007330_02,007330,ready,front_view,448,images/007330_02_ready_front_view.jpg,45400,ad28146af544b96d82e6967e0196b8cbcf6b2e79e21417e8c4dd4f2c6a108b19
007330_01,007330,early,human_front_view,287,images/007330_01_early_human_front_view.jpg,29621,d72aaf91e120b3d47d4f394c60c243b53fcef76d84e496f22da99a2c625be47e
007330_01,007330,ready,human_front_view,352,images/007330_01_ready_human_front_view.jpg,51477,0d832df10bbe174f157041d92ee5345453aa6958dd702ba6d11ac348b609d453
007330_02,007330,early,human_front_view,418,images/007330_02_early_human_front_view.jpg,37696,ef6ba75847d43df99fbd73606e4a875c04fa5276e1425f07be6297fd235be444
007330_02,007330,ready,human_front_view,448,images/007330_02_ready_human_front_view.jpg,48118,614bc579aefaa1aee3f51d61c66173ad7b01f9a6aadef8513a9e354f871324b7
007330_01,007330,early,left_wrist_view,287,images/007330_01_early_left_wrist_view.jpg,48605,a1f22598a57b395c2a9d6d967a37df933b08e58492942bcc094f06091682ff06
007330_01,007330,ready,left_wrist_view,352,images/007330_01_ready_left_wrist_view.jpg,48262,f0035df59876123656b9d453fb54cad7088a87febdad65876406db1feeb813ec
007330_02,007330,early,left_wrist_view,418,images/007330_02_early_left_wrist_view.jpg,46039,095cf904aa3ee8b20b295136cb1057e275e7e7865129f4de2bb6a99d808477d4
007330_02,007330,ready,left_wrist_view,448,images/007330_02_ready_left_wrist_view.jpg,46652,4ec66a4640fcd1782d2076f756c826e965b423cd7dba7c9345cda3429c19f4fb
007330_01,007330,early,right_wrist_view,287,images/007330_01_early_right_wrist_view.jpg,51800,f30c645b44492e5ecf041d3c8eb9d98197c658a59f58b847d73dddcdb10114c8
007330_01,007330,ready,right_wrist_view,352,images/007330_01_ready_right_wrist_view.jpg,42269,283777c299f86c3e170d8904bd1120a4a48be47a664fa26bafc523d8a7954156
007330_02,007330,early,right_wrist_view,418,images/007330_02_early_right_wrist_view.jpg,28010,e4229587e94b393ea158eb9a96f4d45300840043f3ccf0640ce810b236b7bab0
007330_02,007330,ready,right_wrist_view,448,images/007330_02_ready_right_wrist_view.jpg,43048,d5340018be06a9900e6961aea9570e7e0bf47392ea49d5f6c4427035fcb9f11e
008343_01,008343,early,exo_view,61,images/008343_01_early_exo_view.jpg,59496,80858512959fd89afc3ac1f87d969ec0b4e56f0d858f9423bc01bede025ad847
008343_01,008343,ready,exo_view,221,images/008343_01_ready_exo_view.jpg,61572,d185528d68db9cd870a1273ca345a6cb2568b5d725445f611bdb49f2675fbc9e
008343_01,008343,early,front_view,61,images/008343_01_early_front_view.jpg,61236,dc9ec6f8e6f6f8d56e16ea6496d3c17976ea29e4a1d23d1aed7677ddd7f68031
008343_01,008343,ready,front_view,221,images/008343_01_ready_front_view.jpg,56765,636b178e29f77ca89fdcae84fc599c6eb8ae568566dc5e174210afaec6933e0a
008343_01,008343,early,human_front_view,61,images/008343_01_early_human_front_view.jpg,50414,e5a217408a1c6471f4fd6623e0e27c568f259b38a6ac78baf0b1efc78109a268
008343_01,008343,ready,human_front_view,221,images/008343_01_ready_human_front_view.jpg,51864,5f2775e7531d73080e20ba5b4d7c85ebec138c932f1ede018f57aa592cf12bab
008343_01,008343,early,left_wrist_view,61,images/008343_01_early_left_wrist_view.jpg,47714,297896ec8743d2a1f323c036bac2fcae7ab93ea279c5095b3f383971f517b7f5
008343_01,008343,ready,left_wrist_view,221,images/008343_01_ready_left_wrist_view.jpg,39670,143fc0ac2931ff2bdf0f178bc0fd750efa229c5c973a8dd3e13abde74c5ce6a2
008343_01,008343,early,right_wrist_view,61,images/008343_01_early_right_wrist_view.jpg,44936,034f37f400584e32df1b036fbd75358ae9efb942435b1bf1408d1d8a008d35dc
008343_01,008343,ready,right_wrist_view,221,images/008343_01_ready_right_wrist_view.jpg,45870,7b4da22ef8f64814d098a98521b7c1bbdb6c250320fbe45966664d3b12fe71cb
008365_01,008365,early,exo_view,64,images/008365_01_early_exo_view.jpg,62297,b47ef6fa4547efe31da5c5edbb273290f27a6cfed5ad82ec9251562527199252
008365_01,008365,ready,exo_view,195,images/008365_01_ready_exo_view.jpg,61526,88d77ecdf842e4e9da9f2699474d93c1ddb04610e92d9abf3fd9d7007175fa39
008365_01,008365,early,front_view,64,images/008365_01_early_front_view.jpg,61137,d28c8df99d8fa4f4b41401d1686f094f32ad23cebe56f6ea3f87032d66ab5e0c
008365_01,008365,ready,front_view,195,images/008365_01_ready_front_view.jpg,56466,4b793600f337d1416c4ed0180e8c7593c0fd379becbc8904959152afa1ecf54e
008365_01,008365,early,human_front_view,64,images/008365_01_early_human_front_view.jpg,48360,e29a02485580d700dcae7d9ac2138a50229d43c82ee597f0890c557c264b3713
008365_01,008365,ready,human_front_view,195,images/008365_01_ready_human_front_view.jpg,47427,5060e689efe93a18524ff1174f5b729e3e552c54da0fecccc02755ca2434eddf
008365_01,008365,early,left_wrist_view,64,images/008365_01_early_left_wrist_view.jpg,53883,0a9ef13dd030b79f10728eef4252608fe6263530cb968ddd9955c964be0c1288
008365_01,008365,ready,left_wrist_view,195,images/008365_01_ready_left_wrist_view.jpg,54702,99bfd2b610ca9704ff5c8bb740415834d12e2b2bcd74ccb5c7012c01ff00645d
008365_01,008365,early,right_wrist_view,64,images/008365_01_early_right_wrist_view.jpg,47323,537b5c2079e3a41593ce04b5547384b7ead39d69b883c9c9dac5daec8a8ca1ea
008365_01,008365,ready,right_wrist_view,195,images/008365_01_ready_right_wrist_view.jpg,35977,f26f01a15bb3b9b94cd1210492eba10453a925a76d2379c919bee7ba7eba7250
009822_02,009822,early,exo_view,549,images/009822_02_early_exo_view.jpg,55232,b092d6981a7fc42b4d4398f3f27ee9650a7db8a60b10271c923728803ddf0d39
009822_02,009822,ready,exo_view,626,images/009822_02_ready_exo_view.jpg,54755,3c722118e85bb44dda74b630427f3be0bed9419513bc20ffa6a3f6e00d99c37d
009822_02,009822,early,front_view,549,images/009822_02_early_front_view.jpg,67737,bd06cd950bd0ab79701f39b36262d621bdb1ea1db01db1e188973e8e2b59964e
009822_02,009822,ready,front_view,626,images/009822_02_ready_front_view.jpg,67852,8dbfc7674f405bb845c589cd76e67a5d19cd120916f443248e4fb8ec114148c1
009822_02,009822,early,human_front_view,549,images/009822_02_early_human_front_view.jpg,47536,27367442c971f45b7bb4946eebfe8b07449fbe1f4062d9ba6b6c6b02f772cd8b
009822_02,009822,ready,human_front_view,626,images/009822_02_ready_human_front_view.jpg,50585,d75b701f73492e97102f794e8231ebd622ceccf10cd992e31797794585945a8b
009822_02,009822,early,left_wrist_view,549,images/009822_02_early_left_wrist_view.jpg,33023,0b24d0450bf82932a9f8f6253ed93f1330faaade0f9b6c43f4e27b1f6c0a6ba6
009822_02,009822,ready,left_wrist_view,626,images/009822_02_ready_left_wrist_view.jpg,33246,6f42efb6704b1b91cbce2d4a202b352b41f215468b1eb93d1b9cd84c7ba3710f
009822_02,009822,early,right_wrist_view,549,images/009822_02_early_right_wrist_view.jpg,42209,0cee3599ebd4f3b6f1b9a60e57da41188d7a18c2d3cab42c8e397bab11902980
009822_02,009822,ready,right_wrist_view,626,images/009822_02_ready_right_wrist_view.jpg,34710,19f115fcbeb2f6faa88b5a17390837179adf49e3d4523068edd251275eb4ac7c
009840_02,009840,early,exo_view,487,images/009840_02_early_exo_view.jpg,53891,45f089df45dc4a2d10013f311788fcc8df80087431fef8ba603b7cbc315ca591
009840_02,009840,ready,exo_view,564,images/009840_02_ready_exo_view.jpg,53464,ad1d3cbfaf60c124518c07058d8cc3fe2f9aee2cdb9f59fbaf2e2d88081b8f76
009840_02,009840,early,front_view,487,images/009840_02_early_front_view.jpg,64663,93109ff2ba12c90a843031aa63987ea2437154a8168ac50f381dc28fadc333ad
009840_02,009840,ready,front_view,564,images/009840_02_ready_front_view.jpg,66738,6b30c42c43268b4ef72d9d877fab322b458e44ae9d426e114ac143143130129e
009840_02,009840,early,human_front_view,487,images/009840_02_early_human_front_view.jpg,27281,df193602c7a8f00ce7096a790d04b6e01c14cd2973dd90ed6194da09ccdcf145
009840_02,009840,ready,human_front_view,564,images/009840_02_ready_human_front_view.jpg,49940,849d2bbd1b38fbb6973d3a2013c4e90fed94dbfdaa91f21a26ab5f67eecece1f
009840_02,009840,early,left_wrist_view,487,images/009840_02_early_left_wrist_view.jpg,28901,88ae32271454b82821222448dd996f8d1c73ae85c1ab0be8567557346e882129
009840_02,009840,ready,left_wrist_view,564,images/009840_02_ready_left_wrist_view.jpg,29219,825b16826037430a29c086717755387af34354a6b483ae4ac9fccdfef84b09ed
009840_02,009840,early,right_wrist_view,487,images/009840_02_early_right_wrist_view.jpg,42667,a9af029bc0f162e45d408bad0df8508d203189a15fbe5768401b0bbaf596ad8e
009840_02,009840,ready,right_wrist_view,564,images/009840_02_ready_right_wrist_view.jpg,36987,add69722f38b7e82fea172f26010b9b861408885d0692796c730192913ae8baf
009841_02,009841,early,exo_view,486,images/009841_02_early_exo_view.jpg,53711,90b05b7bcb5f2c15cf37ea766c3b11ba3630c3878be19af0be82b5c6a89035cb
009841_02,009841,ready,exo_view,562,images/009841_02_ready_exo_view.jpg,53044,9d8857f48d3ca4804e86b346f4909101943294ecc3effe4d41eb3fea64d7016c
009841_02,009841,early,front_view,486,images/009841_02_early_front_view.jpg,66412,1c0ec0dc5599bbf1f6f912c44611d3803dd7a5eb57634114ed3bf46b40604b74
009841_02,009841,ready,front_view,562,images/009841_02_ready_front_view.jpg,67002,c1bfe8d90315054e885bba6478dd9a45ebebcb4bde0785a72fe0a7fbbf5fcb20
009841_02,009841,early,human_front_view,486,images/009841_02_early_human_front_view.jpg,33894,8a4db69a13267ea6da4daeec2f9d5aeff87f8f90a82bf15e35db3bb63bdb028d
009841_02,009841,ready,human_front_view,562,images/009841_02_ready_human_front_view.jpg,54733,188d218ce9e481b01cfd80ced0958368a7dcd048a7e33f8be9ac1428947797f5
009841_02,009841,early,left_wrist_view,486,images/009841_02_early_left_wrist_view.jpg,35970,4b8fcf7156b3207c3f8340062c79c5cf1dd97316c839fb9111bf580a6cca54d7
009841_02,009841,ready,left_wrist_view,562,images/009841_02_ready_left_wrist_view.jpg,36240,8a6a3d50acf6d871bf85e525ee98d998d2798c5a0420a9fb80eb4efc644cbce6
009841_02,009841,early,right_wrist_view,486,images/009841_02_early_right_wrist_view.jpg,39526,afe057c1bc6f06d1cf94a703f8aabe76fa6b854e87aaf532a9281c43202ca6ad
009841_02,009841,ready,right_wrist_view,562,images/009841_02_ready_right_wrist_view.jpg,39148,80bf31cafe2325109481ea864973567121fac89d1255f0a0203d93001b204d4b
009850_02,009850,early,exo_view,490,images/009850_02_early_exo_view.jpg,65723,13583c368f812126417834247a5a60c160ac0e31c462b12eb0ed7534d7097c19
009850_02,009850,ready,exo_view,560,images/009850_02_ready_exo_view.jpg,65999,574d08be805f7f546ca80a440cf3565de8dd56ab9b37957013806abd10bb2f3b
009850_02,009850,early,front_view,490,images/009850_02_early_front_view.jpg,70325,50a811f7dafe3ba3adf84781a45e1c95a2ee1b750de92faed3274ef213c24958
009850_02,009850,ready,front_view,560,images/009850_02_ready_front_view.jpg,67892,0d1c2d57b17d4dbd730ced9cf85c84fca2addc1843af5638d73cd2d121e376d8
009850_02,009850,early,human_front_view,490,images/009850_02_early_human_front_view.jpg,40519,dc7ec944315ead82f9dfe4e15eae9b03e5671b9f9eb68052cc1d3c7ce0bb729e
009850_02,009850,ready,human_front_view,560,images/009850_02_ready_human_front_view.jpg,52267,3aa32f93dbd60570421747e60654dee175e67c75487f331c9a0e4281583801ee
009850_02,009850,early,left_wrist_view,490,images/009850_02_early_left_wrist_view.jpg,35368,3d9d3aa5eb26d6b6830cc690be1ba69b24c6536cb2d1cc055cd77a390c586ef3
009850_02,009850,ready,left_wrist_view,560,images/009850_02_ready_left_wrist_view.jpg,35203,f094b21ac3f333c701b08d599ef56f1906818a2f1f6fe6d37b777ebcec5b5e5f
009850_02,009850,early,right_wrist_view,490,images/009850_02_early_right_wrist_view.jpg,40222,b30a60c922250da090a6486d9ece2bab3d42817e7bc39a7a01cf15fe3ef97478
009850_02,009850,ready,right_wrist_view,560,images/009850_02_ready_right_wrist_view.jpg,32872,fa92e11486b35e1cadc7a5435f2d032cfaed7ac7fbbedfb4aeff28d94bffa207
009857_02,009857,early,exo_view,530,images/009857_02_early_exo_view.jpg,66631,054a3f26af393dc848eadc7fff1602d764a31686928505ba19b6b2c8bf3981a8
009857_02,009857,ready,exo_view,597,images/009857_02_ready_exo_view.jpg,66487,8bdbbc31f95ed61553e1a0a8ab56e0816714138130ec91aa4ca391def102f925
009857_02,009857,early,front_view,530,images/009857_02_early_front_view.jpg,68998,c84912faff131905b8084d767d04d9fcb1ca53d0eb046f58189621d1b4dd638e
009857_02,009857,ready,front_view,597,images/009857_02_ready_front_view.jpg,67934,56c4600f0b5264acc8baf39c371731a56f315127d37d34333a589bba23c90fcd
009857_02,009857,early,human_front_view,530,images/009857_02_early_human_front_view.jpg,45039,a42b7b00245844ff4139877be069fc504c548de141fcce64c9b5c129e41db6c9
009857_02,009857,ready,human_front_view,597,images/009857_02_ready_human_front_view.jpg,50975,aa63e2adcb9d8340af15b292d7434569f257ec73a1034b92a17e284477064eac
009857_02,009857,early,left_wrist_view,530,images/009857_02_early_left_wrist_view.jpg,38589,7a9716b3e88d0366484893750a2a5bf084a469eff5d8f66e5c7f55c0646f7752
009857_02,009857,ready,left_wrist_view,597,images/009857_02_ready_left_wrist_view.jpg,38891,acb1de4cbddd2625649ec375157b9dbd6668b4e6f39882e93f14ea3358337309
009857_02,009857,early,right_wrist_view,530,images/009857_02_early_right_wrist_view.jpg,41540,30569e9738c92626832ccef8fd19e1a4ece2afb2512a80691bb69129614e8013
009857_02,009857,ready,right_wrist_view,597,images/009857_02_ready_right_wrist_view.jpg,34332,7317e2cdfd2c32e634ed390bef7e17e28ecb9ddc27c4cd97fdde6ef94642f449
009862_02,009862,early,exo_view,541,images/009862_02_early_exo_view.jpg,66120,7ae6072c8cd5d896c22f97b50138e8d9ae658a8d515033d4cf9e0cb9bdfea8a3
009862_02,009862,ready,exo_view,613,images/009862_02_ready_exo_view.jpg,65922,cd0b059a32b8eb204c0113aff732ab65c6afdd02e3030ff7909693418eb2d0b5
009862_02,009862,early,front_view,541,images/009862_02_early_front_view.jpg,66847,9b069cf3ec8a9788cbbb14c24f73efc6b02ecc3f103fad29dcb85fed64a5e821
009862_02,009862,ready,front_view,613,images/009862_02_ready_front_view.jpg,64928,c7dc624269ebd28e0955f3c72b4fd5cb4af56d202c444920613dd97491ae072e
009862_02,009862,early,human_front_view,541,images/009862_02_early_human_front_view.jpg,35275,7166a367ef3a1adcc8bd3b07a4555ecebb161bc7cd9e795384705a708f0436a4
009862_02,009862,ready,human_front_view,613,images/009862_02_ready_human_front_view.jpg,46322,f582eb66e8c20911e458ff9479adfe51bf9306a44ae6b356b1d75edd92b44909
009862_02,009862,early,left_wrist_view,541,images/009862_02_early_left_wrist_view.jpg,33764,459afb7d430612bab2e3dc02998c8ad97892621e1ccebf992175afd2104290fc
009862_02,009862,ready,left_wrist_view,613,images/009862_02_ready_left_wrist_view.jpg,34627,c4a730fbd3c20d96635903c0dd409973843a8e0fab6d06238cef01e55689d1a8
009862_02,009862,early,right_wrist_view,541,images/009862_02_early_right_wrist_view.jpg,40738,430b438cc14363124c83aa893e9c736ada66a0c285366df82921ff0b07d9f875
009862_02,009862,ready,right_wrist_view,613,images/009862_02_ready_right_wrist_view.jpg,34542,d16cb784ac4e358abd9c7e7bd231854a8c19d40aa2c001157fa5d08d775fe978
