id,event_id,sid,window,setting,reference_ready,resnet50_tfidf_ready_probability,instruction_only_ready_probability
habit_test_00001,000124_01,S7025,early,all_five,0,0.03906875802938428,0.5
habit_test_00002,000124_01,S7025,ready,all_five,1,0.7391181806705732,0.5
habit_test_00003,000124_02,S7025,early,all_five,0,0.15096394600779547,0.5
habit_test_00004,000124_02,S7025,ready,all_five,1,0.783980322158025,0.5
habit_test_00005,000126_01,S7025,early,all_five,0,0.3138824767842424,0.5
habit_test_00006,000126_01,S7025,ready,all_five,1,0.8190265844841018,0.5
habit_test_00007,000126_02,S7025,early,all_five,0,0.4473204707984686,0.5
habit_test_00008,000126_02,S7025,ready,all_five,1,0.9389209360685243,0.5
habit_test_00009,000128_01,S7025,early,all_five,0,0.167905293545071,0.5
habit_test_00010,000128_01,S7025,ready,all_five,1,0.8126090763853152,0.5
habit_test_00011,000128_02,S7025,early,all_five,0,0.14325361356475855,0.5
habit_test_00012,000128_02,S7025,ready,all_five,1,0.9443207039412622,0.5
habit_test_00013,000129_01,S7025,early,all_five,0,0.06589370068350783,0.5
habit_test_00014,000129_01,S7025,ready,all_five,1,0.8144532328877675,0.5
habit_test_00015,000129_02,S7025,early,all_five,0,0.3315106972246861,0.5
habit_test_00016,000129_02,S7025,ready,all_five,1,0.9516503278061751,0.5
habit_test_00017,000130_01,S7025,early,all_five,0,0.14259786536340488,0.5
habit_test_00018,000130_01,S7025,ready,all_five,1,0.8117728476573336,0.5
habit_test_00019,000130_02,S7025,early,all_five,0,0.11719176166815276,0.5
habit_test_00020,000130_02,S7025,ready,all_five,1,0.8874181089426937,0.5
habit_test_00021,000131_01,S7025,early,all_five,0,0.19783759657247613,0.5
habit_test_00022,000131_01,S7025,ready,all_five,1,0.7901020094103496,0.5
habit_test_00023,000131_02,S7025,early,all_five,0,0.1598959877399223,0.5
habit_test_00024,000131_02,S7025,ready,all_five,1,0.9155720623440178,0.5
habit_test_00025,000132_01,S7025,early,all_five,0,0.19048278194698187,0.5
habit_test_00026,000132_01,S7025,ready,all_five,1,0.8781667797315407,0.5
habit_test_00027,000132_02,S7025,early,all_five,0,0.6161754710278871,0.5
habit_test_00028,000132_02,S7025,ready,all_five,1,0.9269753633412184,0.5
habit_test_00029,000133_01,S7025,early,all_five,0,0.07572702811386726,0.5
habit_test_00030,000133_01,S7025,ready,all_five,1,0.7684737584993587,0.5
habit_test_00031,000133_02,S7025,early,all_five,0,0.23400409859003454,0.5
habit_test_00032,000133_02,S7025,ready,all_five,1,0.8467579354302597,0.5
habit_test_00033,000135_01,S7025,early,all_five,0,0.12293778248442891,0.5
habit_test_00034,000135_01,S7025,ready,all_five,1,0.7248025267514352,0.5
habit_test_00035,000135_02,S7025,early,all_five,0,0.1362953914812834,0.5
habit_test_00036,000135_02,S7025,ready,all_five,1,0.6717766704232987,0.5
habit_test_00037,000137_01,S7025,early,all_five,0,0.10578522902506014,0.5
habit_test_00038,000137_01,S7025,ready,all_five,1,0.6759478065224412,0.5
habit_test_00039,000137_02,S7025,early,all_five,0,0.07650867842408544,0.5
habit_test_00040,000137_02,S7025,ready,all_five,1,0.8639754299942548,0.5
habit_test_00041,000138_01,S7025,early,all_five,0,0.2392039325156601,0.5
habit_test_00042,000138_01,S7025,ready,all_five,1,0.8547205566188351,0.5
habit_test_00043,000138_02,S7025,early,all_five,0,0.21665307152038354,0.5
habit_test_00044,000138_02,S7025,ready,all_five,1,0.880690224758142,0.5
habit_test_00045,000141_01,S7025,early,all_five,0,0.08284443390542452,0.5
habit_test_00046,000141_01,S7025,ready,all_five,1,0.7917939025955179,0.5
habit_test_00047,000141_02,S7025,early,all_five,0,0.3070133788715144,0.5
habit_test_00048,000141_02,S7025,ready,all_five,1,0.8844486130183824,0.5
habit_test_00049,000142_01,S7025,early,all_five,0,0.11731975871295038,0.5
habit_test_00050,000142_01,S7025,ready,all_five,1,0.9043227593476993,0.5
habit_test_00051,000142_02,S7025,early,all_five,0,0.14353438279454245,0.5
habit_test_00052,000142_02,S7025,ready,all_five,1,0.9096983229558806,0.5
habit_test_00053,000143_01,S7025,early,all_five,0,0.2108984815060637,0.5
habit_test_00054,000143_01,S7025,ready,all_five,1,0.9109341539603919,0.5
habit_test_00055,000143_02,S7025,early,all_five,0,0.11491081203555155,0.5
habit_test_00056,000143_02,S7025,ready,all_five,1,0.8347913446586838,0.5
habit_test_00057,000144_01,S7025,early,all_five,0,0.17961688628621508,0.5
habit_test_00058,000144_01,S7025,ready,all_five,1,0.8569385761495713,0.5
habit_test_00059,000144_02,S7025,early,all_five,0,0.1265212124821382,0.5
habit_test_00060,000144_02,S7025,ready,all_five,1,0.9041446892663613,0.5
habit_test_00061,000146_01,S7025,early,all_five,0,0.05905606402941667,0.5
habit_test_00062,000146_01,S7025,ready,all_five,1,0.877878067151527,0.5
habit_test_00063,000146_02,S7025,early,all_five,0,0.23724313748716747,0.5
habit_test_00064,000146_02,S7025,ready,all_five,1,0.926370417860221,0.5
habit_test_00065,000147_01,S7025,early,all_five,0,0.2540591501715452,0.5
habit_test_00066,000147_01,S7025,ready,all_five,1,0.8501727465804689,0.5
habit_test_00067,000147_02,S7025,early,all_five,0,0.3343292775109478,0.5
habit_test_00068,000147_02,S7025,ready,all_five,1,0.9460558962636156,0.5
habit_test_00069,000149_01,S7025,early,all_five,0,0.13650550314466575,0.5
habit_test_00070,000149_01,S7025,ready,all_five,1,0.949661306830376,0.5
habit_test_00071,000149_02,S7025,early,all_five,0,0.4521045950337747,0.5
habit_test_00072,000149_02,S7025,ready,all_five,1,0.9476828176168336,0.5
habit_test_00073,000150_01,S7025,early,all_five,0,0.10203470214167308,0.5
habit_test_00074,000150_01,S7025,ready,all_five,1,0.8737066387866399,0.5
habit_test_00075,000150_02,S7025,early,all_five,0,0.3764974764706702,0.5
habit_test_00076,000150_02,S7025,ready,all_five,1,0.9512446525070911,0.5
habit_test_00077,000151_01,S7025,early,all_five,0,0.3304771142111788,0.5
habit_test_00078,000151_01,S7025,ready,all_five,1,0.7260142106156157,0.5
habit_test_00079,000151_02,S7025,early,all_five,0,0.25639479304710755,0.5
habit_test_00080,000151_02,S7025,ready,all_five,1,0.9184445420402152,0.5
habit_test_00081,000152_01,S7025,early,all_five,0,0.20691771748701934,0.5
habit_test_00082,000152_01,S7025,ready,all_five,1,0.8805585733355414,0.5
habit_test_00083,000152_02,S7025,early,all_five,0,0.3040765034971434,0.5
habit_test_00084,000152_02,S7025,ready,all_five,1,0.9177026513369274,0.5
habit_test_00085,000154_01,S7025,early,all_five,0,0.10986830070482248,0.5
habit_test_00086,000154_01,S7025,ready,all_five,1,0.8988250826361048,0.5
habit_test_00087,000154_02,S7025,early,all_five,0,0.38729610945116555,0.5
habit_test_00088,000154_02,S7025,ready,all_five,1,0.9010318765740135,0.5
habit_test_00089,000155_01,S7025,early,all_five,0,0.23431840128027998,0.5
habit_test_00090,000155_01,S7025,ready,all_five,1,0.9430043441626189,0.5
habit_test_00091,000155_02,S7025,early,all_five,0,0.23884591591493795,0.5
habit_test_00092,000155_02,S7025,ready,all_five,1,0.9019561096704847,0.5
habit_test_00093,000156_01,S7025,early,all_five,0,0.19812668948084575,0.5
habit_test_00094,000156_01,S7025,ready,all_five,1,0.9048506665515051,0.5
habit_test_00095,000156_02,S7025,early,all_five,0,0.22922891404811283,0.5
habit_test_00096,000156_02,S7025,ready,all_five,1,0.8670087320113266,0.5
habit_test_00097,000157_01,S7025,early,all_five,0,0.2266947344985479,0.5
habit_test_00098,000157_01,S7025,ready,all_five,1,0.8907750696340907,0.5
habit_test_00099,000157_02,S7025,early,all_five,0,0.41517094901632584,0.5
habit_test_00100,000157_02,S7025,ready,all_five,1,0.8596250471536823,0.5
habit_test_00101,000158_01,S7025,early,all_five,0,0.11772080974846347,0.5
habit_test_00102,000158_01,S7025,ready,all_five,1,0.9181665309486715,0.5
habit_test_00103,000158_02,S7025,early,all_five,0,0.11382976538686976,0.5
habit_test_00104,000158_02,S7025,ready,all_five,1,0.8354313763957477,0.5
habit_test_00105,000159_01,S7025,early,all_five,0,0.10625072489588198,0.5
habit_test_00106,000159_01,S7025,ready,all_five,1,0.8909883943353099,0.5
habit_test_00107,000159_02,S7025,early,all_five,0,0.2804125577478407,0.5
habit_test_00108,000159_02,S7025,ready,all_five,1,0.9015270957579822,0.5
habit_test_00109,000160_01,S7025,early,all_five,0,0.15357692153086863,0.5
habit_test_00110,000160_01,S7025,ready,all_five,1,0.8311018014799345,0.5
habit_test_00111,000160_02,S7025,early,all_five,0,0.2100959120609142,0.5
habit_test_00112,000160_02,S7025,ready,all_five,1,0.908133121447491,0.5
habit_test_00113,000161_01,S7025,early,all_five,0,0.18984499243468214,0.5
habit_test_00114,000161_01,S7025,ready,all_five,1,0.818240537501942,0.5
habit_test_00115,000161_02,S7025,early,all_five,0,0.20692301228305462,0.5
habit_test_00116,000161_02,S7025,ready,all_five,1,0.8110258976037195,0.5
habit_test_00117,000163_01,S7025,early,all_five,0,0.1289141380088925,0.5
habit_test_00118,000163_01,S7025,ready,all_five,1,0.8271807239748465,0.5
habit_test_00119,000163_02,S7025,early,all_five,0,0.20123658674466396,0.5
habit_test_00120,000163_02,S7025,ready,all_five,1,0.9152447199037993,0.5
habit_test_00121,000165_01,S7025,early,all_five,0,0.21901541699302998,0.5
habit_test_00122,000165_01,S7025,ready,all_five,1,0.7165644866183366,0.5
habit_test_00123,000165_02,S7025,early,all_five,0,0.4360415281326629,0.5
habit_test_00124,000165_02,S7025,ready,all_five,1,0.9191759506291608,0.5
habit_test_00125,000166_01,S7025,early,all_five,0,0.11532434597230623,0.5
habit_test_00126,000166_01,S7025,ready,all_five,1,0.897604944912442,0.5
habit_test_00127,000166_02,S7025,early,all_five,0,0.3018764980564213,0.5
habit_test_00128,000166_02,S7025,ready,all_five,1,0.8669904524105417,0.5
habit_test_00129,000167_01,S7025,early,all_five,0,0.1427116650305139,0.5
habit_test_00130,000167_01,S7025,ready,all_five,1,0.8787289323783165,0.5
habit_test_00131,000167_02,S7025,early,all_five,0,0.2626040157595641,0.5
habit_test_00132,000167_02,S7025,ready,all_five,1,0.9546068508156998,0.5
habit_test_00133,000168_01,S7025,early,all_five,0,0.20863297795880786,0.5
habit_test_00134,000168_01,S7025,ready,all_five,1,0.8882073366014729,0.5
habit_test_00135,000168_02,S7025,early,all_five,0,0.23698131765582806,0.5
habit_test_00136,000168_02,S7025,ready,all_five,1,0.9392553286294388,0.5
habit_test_00137,000169_01,S7025,early,all_five,0,0.06818984279088783,0.5
habit_test_00138,000169_01,S7025,ready,all_five,1,0.8461596391576781,0.5
habit_test_00139,000169_02,S7025,early,all_five,0,0.09915531365883165,0.5
habit_test_00140,000169_02,S7025,ready,all_five,1,0.9419296673875608,0.5
habit_test_00141,000170_01,S7025,early,all_five,0,0.2006668442095844,0.5
habit_test_00142,000170_01,S7025,ready,all_five,1,0.829719703024866,0.5
habit_test_00143,000170_02,S7025,early,all_five,0,0.3795380934455954,0.5
habit_test_00144,000170_02,S7025,ready,all_five,1,0.9674174148253333,0.5
habit_test_00145,000171_01,S7025,early,all_five,0,0.13901125418652255,0.5
habit_test_00146,000171_01,S7025,ready,all_five,1,0.8500625168437176,0.5
habit_test_00147,000171_02,S7025,early,all_five,0,0.23187441602261483,0.5
habit_test_00148,000171_02,S7025,ready,all_five,1,0.9050469234958688,0.5
habit_test_00149,000172_01,S7025,early,all_five,0,0.14930081565170567,0.5
habit_test_00150,000172_01,S7025,ready,all_five,1,0.8194639398568859,0.5
habit_test_00151,000172_02,S7025,early,all_five,0,0.3440355486009228,0.5
habit_test_00152,000172_02,S7025,ready,all_five,1,0.891988932508309,0.5
habit_test_00153,000173_01,S7025,early,all_five,0,0.11235775277459643,0.5
habit_test_00154,000173_01,S7025,ready,all_five,1,0.744912856843641,0.5
habit_test_00155,000173_02,S7025,early,all_five,0,0.20910166768267632,0.5
habit_test_00156,000173_02,S7025,ready,all_five,1,0.9493975115734715,0.5
habit_test_00157,000174_01,S7025,early,all_five,0,0.18141593925443872,0.5
habit_test_00158,000174_01,S7025,ready,all_five,1,0.940492925770023,0.5
habit_test_00159,000174_02,S7025,early,all_five,0,0.16746284729455846,0.5
habit_test_00160,000174_02,S7025,ready,all_five,1,0.9434231795229856,0.5
habit_test_00161,000175_01,S7025,early,all_five,0,0.09290497580746092,0.5
habit_test_00162,000175_01,S7025,ready,all_five,1,0.9208080272582614,0.5
habit_test_00163,000175_02,S7025,early,all_five,0,0.34063802768846835,0.5
habit_test_00164,000175_02,S7025,ready,all_five,1,0.9471790848339827,0.5
habit_test_00165,000176_01,S7025,early,all_five,0,0.21818553437774058,0.5
habit_test_00166,000176_01,S7025,ready,all_five,1,0.9079298428981333,0.5
habit_test_00167,000176_02,S7025,early,all_five,0,0.2336849747102101,0.5
habit_test_00168,000176_02,S7025,ready,all_five,1,0.8585298755403378,0.5
habit_test_00169,000178_01,S7025,early,all_five,0,0.17148404832509334,0.5
habit_test_00170,000178_01,S7025,ready,all_five,1,0.9345588195805916,0.5
habit_test_00171,000178_02,S7025,early,all_five,0,0.5767164514357898,0.5
habit_test_00172,000178_02,S7025,ready,all_five,1,0.9701116268758154,0.5
habit_test_00173,000179_01,S7025,early,all_five,0,0.06313587820429896,0.5
habit_test_00174,000179_01,S7025,ready,all_five,1,0.8833587242304684,0.5
habit_test_00175,000179_02,S7025,early,all_five,0,0.2474109562185147,0.5
habit_test_00176,000179_02,S7025,ready,all_five,1,0.9624283064806016,0.5
habit_test_00177,000180_01,S7025,early,all_five,0,0.22278152179502766,0.5
habit_test_00178,000180_01,S7025,ready,all_five,1,0.7251501982209858,0.5
habit_test_00179,000180_02,S7025,early,all_five,0,0.22407703512580185,0.5
habit_test_00180,000180_02,S7025,ready,all_five,1,0.9500660187000229,0.5
habit_test_00181,000181_01,S7025,early,all_five,0,0.14931009443650972,0.5
habit_test_00182,000181_01,S7025,ready,all_five,1,0.9010316661319883,0.5
habit_test_00183,000181_02,S7025,early,all_five,0,0.3079064794488442,0.5
habit_test_00184,000181_02,S7025,ready,all_five,1,0.9698221679282543,0.5
habit_test_00185,000182_01,S7025,early,all_five,0,0.07710301547795352,0.5
habit_test_00186,000182_01,S7025,ready,all_five,1,0.8512097461511283,0.5
habit_test_00187,000182_02,S7025,early,all_five,0,0.16191217393694518,0.5
habit_test_00188,000182_02,S7025,ready,all_five,1,0.9523716791779782,0.5
habit_test_00189,000183_01,S7025,early,all_five,0,0.18385750065357687,0.5
habit_test_00190,000183_01,S7025,ready,all_five,1,0.9176909094761645,0.5
habit_test_00191,000183_02,S7025,early,all_five,0,0.09994944443696678,0.5
habit_test_00192,000183_02,S7025,ready,all_five,1,0.8862239449275848,0.5
habit_test_00193,000185_01,S7025,early,all_five,0,0.28734552108036354,0.5
habit_test_00194,000185_01,S7025,ready,all_five,1,0.9115681224890398,0.5
habit_test_00195,000185_02,S7025,early,all_five,0,0.1279398888683802,0.5
habit_test_00196,000185_02,S7025,ready,all_five,1,0.9412739398260664,0.5
habit_test_00197,000186_01,S7025,early,all_five,0,0.09102909314133581,0.5
habit_test_00198,000186_01,S7025,ready,all_five,1,0.8046300829589662,0.5
habit_test_00199,000186_02,S7025,early,all_five,0,0.47632225805209044,0.5
habit_test_00200,000186_02,S7025,ready,all_five,1,0.9287418060366698,0.5
habit_test_00201,000187_01,S7025,early,all_five,0,0.5133525071024411,0.5
habit_test_00202,000187_01,S7025,ready,all_five,1,0.8664728116153844,0.5
habit_test_00203,000187_02,S7025,early,all_five,0,0.16325378804845114,0.5
habit_test_00204,000187_02,S7025,ready,all_five,1,0.8882497556305811,0.5
habit_test_00205,000188_01,S7025,early,all_five,0,0.20653266483206556,0.5
habit_test_00206,000188_01,S7025,ready,all_five,1,0.8026113190343117,0.5
habit_test_00207,000188_02,S7025,early,all_five,0,0.4595108481481243,0.5
habit_test_00208,000188_02,S7025,ready,all_five,1,0.887841040135266,0.5
habit_test_00209,000189_01,S7025,early,all_five,0,0.24708507939971805,0.5
habit_test_00210,000189_01,S7025,ready,all_five,1,0.850078289849264,0.5
habit_test_00211,000189_02,S7025,early,all_five,0,0.407595531216721,0.5
habit_test_00212,000189_02,S7025,ready,all_five,1,0.9655739325793558,0.5
habit_test_00213,000190_01,S7025,early,all_five,0,0.09705837652222629,0.5
habit_test_00214,000190_01,S7025,ready,all_five,1,0.7110376098965154,0.5
habit_test_00215,000190_02,S7025,early,all_five,0,0.4695751154440714,0.5
habit_test_00216,000190_02,S7025,ready,all_five,1,0.9609297452574673,0.5
habit_test_00217,000191_01,S7025,early,all_five,0,0.11386141398713168,0.5
habit_test_00218,000191_01,S7025,ready,all_five,1,0.9038682745117865,0.5
habit_test_00219,000191_02,S7025,early,all_five,0,0.3075271351454676,0.5
habit_test_00220,000191_02,S7025,ready,all_five,1,0.9649705898684666,0.5
habit_test_00221,000193_01,S7025,early,all_five,0,0.2564099303094818,0.5
habit_test_00222,000193_01,S7025,ready,all_five,1,0.9249504287930914,0.5
habit_test_00223,000193_02,S7025,early,all_five,0,0.4405743058624421,0.5
habit_test_00224,000193_02,S7025,ready,all_five,1,0.9149400808999117,0.5
habit_test_00225,000194_01,S7025,early,all_five,0,0.28442177654521855,0.5
habit_test_00226,000194_01,S7025,ready,all_five,1,0.6762504368615345,0.5
habit_test_00227,000194_02,S7025,early,all_five,0,0.34081148347765305,0.5
habit_test_00228,000194_02,S7025,ready,all_five,1,0.9472387038345151,0.5
habit_test_00229,000195_01,S7025,early,all_five,0,0.37092675846205253,0.5
habit_test_00230,000195_01,S7025,ready,all_five,1,0.49101603819907,0.5
habit_test_00231,000195_02,S7025,early,all_five,0,0.2378617005763512,0.5
habit_test_00232,000195_02,S7025,ready,all_five,1,0.9410497748653075,0.5
habit_test_00233,000196_01,S7025,early,all_five,0,0.16095014140082523,0.5
habit_test_00234,000196_01,S7025,ready,all_five,1,0.9398243536676455,0.5
habit_test_00235,000196_02,S7025,early,all_five,0,0.25734463304457666,0.5
habit_test_00236,000196_02,S7025,ready,all_five,1,0.91081492846552,0.5
habit_test_00237,000197_01,S7025,early,all_five,0,0.27806397822471984,0.5
habit_test_00238,000197_01,S7025,ready,all_five,1,0.8576627167051872,0.5
habit_test_00239,000197_02,S7025,early,all_five,0,0.3631597882899373,0.5
habit_test_00240,000197_02,S7025,ready,all_five,1,0.9592592726324611,0.5
habit_test_00241,000198_01,S7025,early,all_five,0,0.2254663529325611,0.5
habit_test_00242,000198_01,S7025,ready,all_five,1,0.9372637863696692,0.5
habit_test_00243,000198_02,S7025,early,all_five,0,0.3204700945987524,0.5
habit_test_00244,000198_02,S7025,ready,all_five,1,0.9579141675850962,0.5
habit_test_00245,000199_01,S7025,early,all_five,0,0.32834883911715934,0.5
habit_test_00246,000199_01,S7025,ready,all_five,1,0.9622006804510655,0.5
habit_test_00247,000199_02,S7025,early,all_five,0,0.43466623511419217,0.5
habit_test_00248,000199_02,S7025,ready,all_five,1,0.9619546642545902,0.5
habit_test_00249,000200_01,S7025,early,all_five,0,0.15845750252146681,0.5
habit_test_00250,000200_01,S7025,ready,all_five,1,0.947782057092795,0.5
habit_test_00251,000200_02,S7025,early,all_five,0,0.5381005839231038,0.5
habit_test_00252,000200_02,S7025,ready,all_five,1,0.9637592126388513,0.5
habit_test_00253,000201_01,S7025,early,all_five,0,0.21120658697890046,0.5
habit_test_00254,000201_01,S7025,ready,all_five,1,0.9601590755832469,0.5
habit_test_00255,000201_02,S7025,early,all_five,0,0.5483823735059544,0.5
habit_test_00256,000201_02,S7025,ready,all_five,1,0.9669857181538383,0.5
habit_test_00257,000202_01,S7025,early,all_five,0,0.20896173380500865,0.5
habit_test_00258,000202_01,S7025,ready,all_five,1,0.9481388803553497,0.5
habit_test_00259,000202_02,S7025,early,all_five,0,0.21752080487295433,0.5
habit_test_00260,000202_02,S7025,ready,all_five,1,0.9772337578107128,0.5
habit_test_00261,000203_01,S7025,early,all_five,0,0.19496345410639465,0.5
habit_test_00262,000203_01,S7025,ready,all_five,1,0.9576346660001627,0.5
habit_test_00263,000203_02,S7025,early,all_five,0,0.6501033691539897,0.5
habit_test_00264,000203_02,S7025,ready,all_five,1,0.9833590884808718,0.5
habit_test_00265,000205_01,S7025,early,all_five,0,0.13396156676975643,0.5
habit_test_00266,000205_01,S7025,ready,all_five,1,0.8863531239577914,0.5
habit_test_00267,000205_02,S7025,early,all_five,0,0.33975899356410943,0.5
habit_test_00268,000205_02,S7025,ready,all_five,1,0.975503990205271,0.5
habit_test_00269,000206_01,S7025,early,all_five,0,0.23684299708720885,0.5
habit_test_00270,000206_01,S7025,ready,all_five,1,0.8775151226172934,0.5
habit_test_00271,000206_02,S7025,early,all_five,0,0.5395933215307042,0.5
habit_test_00272,000206_02,S7025,ready,all_five,1,0.8624551095630735,0.5
habit_test_00273,000207_01,S7025,early,all_five,0,0.29464757311327594,0.5
habit_test_00274,000207_01,S7025,ready,all_five,1,0.9394643340731383,0.5
habit_test_00275,000207_02,S7025,early,all_five,0,0.4259679818088261,0.5
habit_test_00276,000207_02,S7025,ready,all_five,1,0.9556096114801541,0.5
habit_test_00277,000208_01,S7025,early,all_five,0,0.35516710337208685,0.5
habit_test_00278,000208_01,S7025,ready,all_five,1,0.9326308026213199,0.5
habit_test_00279,000208_02,S7025,early,all_five,0,0.3385274445260093,0.5
habit_test_00280,000208_02,S7025,ready,all_five,1,0.9259697705630563,0.5
habit_test_00281,000209_01,S7025,early,all_five,0,0.3110609218563139,0.5
habit_test_00282,000209_01,S7025,ready,all_five,1,0.9318906913354679,0.5
habit_test_00283,000209_02,S7025,early,all_five,0,0.5745531763087404,0.5
habit_test_00284,000209_02,S7025,ready,all_five,1,0.9560938126481585,0.5
habit_test_00285,000210_01,S7025,early,all_five,0,0.09723604920964943,0.5
habit_test_00286,000210_01,S7025,ready,all_five,1,0.8349335689457547,0.5
habit_test_00287,000210_02,S7025,early,all_five,0,0.3377961751136313,0.5
habit_test_00288,000210_02,S7025,ready,all_five,1,0.9161551853807441,0.5
habit_test_00289,000213_01,S7025,early,all_five,0,0.2685392990993986,0.5
habit_test_00290,000213_01,S7025,ready,all_five,1,0.9218439305817507,0.5
habit_test_00291,000213_02,S7025,early,all_five,0,0.2463972455498434,0.5
habit_test_00292,000213_02,S7025,ready,all_five,1,0.9210166643379016,0.5
habit_test_00293,000214_01,S7025,early,all_five,0,0.13515318872712523,0.5
habit_test_00294,000214_01,S7025,ready,all_five,1,0.880191691920624,0.5
habit_test_00295,000214_02,S7025,early,all_five,0,0.4479713830402554,0.5
habit_test_00296,000214_02,S7025,ready,all_five,1,0.9504479161076576,0.5
habit_test_00297,000215_01,S7025,early,all_five,0,0.5379178798668243,0.5
habit_test_00298,000215_01,S7025,ready,all_five,1,0.937836189622243,0.5
habit_test_00299,000215_02,S7025,early,all_five,0,0.2527634314077805,0.5
habit_test_00300,000215_02,S7025,ready,all_five,1,0.7640226811097031,0.5
habit_test_00301,000216_01,S7025,early,all_five,0,0.27851086690854193,0.5
habit_test_00302,000216_01,S7025,ready,all_five,1,0.9045550113850755,0.5
habit_test_00303,000216_02,S7025,early,all_five,0,0.701655261611644,0.5
habit_test_00304,000216_02,S7025,ready,all_five,1,0.9089413682860233,0.5
habit_test_00305,000217_01,S7025,early,all_five,0,0.1986297241364374,0.5
habit_test_00306,000217_01,S7025,ready,all_five,1,0.9732029212240857,0.5
habit_test_00307,000217_02,S7025,early,all_five,0,0.37734875972158743,0.5
habit_test_00308,000217_02,S7025,ready,all_five,1,0.945971727908859,0.5
habit_test_00309,000220_01,S7025,early,all_five,0,0.2654632130146512,0.5
habit_test_00310,000220_01,S7025,ready,all_five,1,0.8769383660552091,0.5
habit_test_00311,000220_02,S7025,early,all_five,0,0.3322535483759359,0.5
habit_test_00312,000220_02,S7025,ready,all_five,1,0.8972840928013128,0.5
habit_test_00313,000221_01,S7025,early,all_five,0,0.3275825911989465,0.5
habit_test_00314,000221_01,S7025,ready,all_five,1,0.9218742627932575,0.5
habit_test_00315,000221_02,S7025,early,all_five,0,0.3316863031253613,0.5
habit_test_00316,000221_02,S7025,ready,all_five,1,0.962445423446305,0.5
habit_test_00317,000222_01,S7025,early,all_five,0,0.25180209084071514,0.5
habit_test_00318,000222_01,S7025,ready,all_five,1,0.9160476393326715,0.5
habit_test_00319,000222_02,S7025,early,all_five,0,0.4220186110508588,0.5
habit_test_00320,000222_02,S7025,ready,all_five,1,0.8877399502938734,0.5
habit_test_00321,000223_01,S7025,early,all_five,0,0.19556402995194955,0.5
habit_test_00322,000223_01,S7025,ready,all_five,1,0.9035533910367224,0.5
habit_test_00323,000223_02,S7025,early,all_five,0,0.38858802977470297,0.5
habit_test_00324,000223_02,S7025,ready,all_five,1,0.9087330407459655,0.5
habit_test_00325,000224_01,S7025,early,all_five,0,0.17904543342812818,0.5
habit_test_00326,000224_01,S7025,ready,all_five,1,0.8649486945423136,0.5
habit_test_00327,000224_02,S7025,early,all_five,0,0.3981828734328754,0.5
habit_test_00328,000224_02,S7025,ready,all_five,1,0.8914498488629322,0.5
habit_test_00329,000226_01,S7025,early,all_five,0,0.2555881229407768,0.5
habit_test_00330,000226_01,S7025,ready,all_five,1,0.888689062101793,0.5
habit_test_00331,000226_02,S7025,early,all_five,0,0.3615950350112781,0.5
habit_test_00332,000226_02,S7025,ready,all_five,1,0.8804548627168165,0.5
habit_test_00333,000229_01,S7025,early,all_five,0,0.14445166020735498,0.5
habit_test_00334,000229_01,S7025,ready,all_five,1,0.7791634836355067,0.5
habit_test_00335,000229_02,S7025,early,all_five,0,0.3429287614482249,0.5
habit_test_00336,000229_02,S7025,ready,all_five,1,0.9615912605172763,0.5
habit_test_00337,000230_01,S7025,early,all_five,0,0.29365897899749444,0.5
habit_test_00338,000230_01,S7025,ready,all_five,1,0.9097280834043262,0.5
habit_test_00339,000230_02,S7025,early,all_five,0,0.5668304192465693,0.5
habit_test_00340,000230_02,S7025,ready,all_five,1,0.8982095239671776,0.5
habit_test_00341,000231_01,S7025,early,all_five,0,0.08679223696070455,0.5
habit_test_00342,000231_01,S7025,ready,all_five,1,0.8015070580710475,0.5
habit_test_00343,000231_02,S7025,early,all_five,0,0.18173753824550087,0.5
habit_test_00344,000231_02,S7025,ready,all_five,1,0.8320203912300871,0.5
habit_test_00345,000232_01,S7025,early,all_five,0,0.1729008929361311,0.5
habit_test_00346,000232_01,S7025,ready,all_five,1,0.9216669695129969,0.5
habit_test_00347,000232_02,S7025,early,all_five,0,0.5993925148419387,0.5
habit_test_00348,000232_02,S7025,ready,all_five,1,0.9115230097618475,0.5
habit_test_00349,000233_01,S7025,early,all_five,0,0.14769050193781696,0.5
habit_test_00350,000233_01,S7025,ready,all_five,1,0.7519321414494013,0.5
habit_test_00351,000233_02,S7025,early,all_five,0,0.5796329963625454,0.5
habit_test_00352,000233_02,S7025,ready,all_five,1,0.9006203542169564,0.5
habit_test_00353,000234_01,S7025,early,all_five,0,0.10830850823916162,0.5
habit_test_00354,000234_01,S7025,ready,all_five,1,0.8641422445408055,0.5
habit_test_00355,000234_02,S7025,early,all_five,0,0.38847452421585843,0.5
habit_test_00356,000234_02,S7025,ready,all_five,1,0.958737517099671,0.5
habit_test_00357,000235_01,S7025,early,all_five,0,0.14693479582276467,0.5
habit_test_00358,000235_01,S7025,ready,all_five,1,0.8257723104275765,0.5
habit_test_00359,000235_02,S7025,early,all_five,0,0.24290542023789405,0.5
habit_test_00360,000235_02,S7025,ready,all_five,1,0.9600237356199912,0.5
habit_test_00361,000236_01,S7025,early,all_five,0,0.2308799988330726,0.5
habit_test_00362,000236_01,S7025,ready,all_five,1,0.9233717702840435,0.5
habit_test_00363,000236_02,S7025,early,all_five,0,0.2922040778582431,0.5
habit_test_00364,000236_02,S7025,ready,all_five,1,0.9307481381815166,0.5
habit_test_00365,000237_01,S7025,early,all_five,0,0.16256015315686553,0.5
habit_test_00366,000237_01,S7025,ready,all_five,1,0.9030414740418976,0.5
habit_test_00367,000237_02,S7025,early,all_five,0,0.36955459692389414,0.5
habit_test_00368,000237_02,S7025,ready,all_five,1,0.968221571607451,0.5
habit_test_00369,000238_01,S7025,early,all_five,0,0.22104591360509332,0.5
habit_test_00370,000238_01,S7025,ready,all_five,1,0.9313154529773845,0.5
habit_test_00371,000238_02,S7025,early,all_five,0,0.43698815770167343,0.5
habit_test_00372,000238_02,S7025,ready,all_five,1,0.9496233285065254,0.5
habit_test_00373,000239_01,S7025,early,all_five,0,0.3551483041123045,0.5
habit_test_00374,000239_01,S7025,ready,all_five,1,0.8706923714291648,0.5
habit_test_00375,000239_02,S7025,early,all_five,0,0.3142412284064535,0.5
habit_test_00376,000239_02,S7025,ready,all_five,1,0.9257671040069445,0.5
habit_test_00377,000240_01,S7025,early,all_five,0,0.2519094042113805,0.5
habit_test_00378,000240_01,S7025,ready,all_five,1,0.7790966706848398,0.5
habit_test_00379,000240_02,S7025,early,all_five,0,0.20552084611957006,0.5
habit_test_00380,000240_02,S7025,ready,all_five,1,0.931201074373894,0.5
habit_test_00381,000241_01,S7025,early,all_five,0,0.19089157705539814,0.5
habit_test_00382,000241_01,S7025,ready,all_five,1,0.8883595697538921,0.5
habit_test_00383,000241_02,S7025,early,all_five,0,0.3783395229408783,0.5
habit_test_00384,000241_02,S7025,ready,all_five,1,0.9604212013991835,0.5
habit_test_00385,000242_01,S7025,early,all_five,0,0.20342557614671614,0.5
habit_test_00386,000242_01,S7025,ready,all_five,1,0.8437726870939167,0.5
habit_test_00387,000242_02,S7025,early,all_five,0,0.17796270763999136,0.5
habit_test_00388,000242_02,S7025,ready,all_five,1,0.838771083414891,0.5
habit_test_00389,000243_01,S7025,early,all_five,0,0.13296704334857729,0.5
habit_test_00390,000243_01,S7025,ready,all_five,1,0.8143178345517045,0.5
habit_test_00391,000243_02,S7025,early,all_five,0,0.34514229702038624,0.5
habit_test_00392,000243_02,S7025,ready,all_five,1,0.9330854093805394,0.5
habit_test_00393,000244_01,S7025,early,all_five,0,0.20490817944045442,0.5
habit_test_00394,000244_01,S7025,ready,all_five,1,0.7983270451348272,0.5
habit_test_00395,000244_02,S7025,early,all_five,0,0.5703694054793763,0.5
habit_test_00396,000244_02,S7025,ready,all_five,1,0.8936551791791371,0.5
habit_test_00397,000245_01,S7025,early,all_five,0,0.15503309093697815,0.5
habit_test_00398,000245_01,S7025,ready,all_five,1,0.9116183574686657,0.5
habit_test_00399,000245_02,S7025,early,all_five,0,0.32315592702519774,0.5
habit_test_00400,000245_02,S7025,ready,all_five,1,0.8027598261668901,0.5
habit_test_00401,000247_01,S7025,early,all_five,0,0.19068534305462934,0.5
habit_test_00402,000247_01,S7025,ready,all_five,1,0.797098377532812,0.5
habit_test_00403,000247_02,S7025,early,all_five,0,0.45696103509170327,0.5
habit_test_00404,000247_02,S7025,ready,all_five,1,0.9612394910967793,0.5
habit_test_00405,000248_01,S7025,early,all_five,0,0.1731411557103619,0.5
habit_test_00406,000248_01,S7025,ready,all_five,1,0.8901118862983024,0.5
habit_test_00407,000248_02,S7025,early,all_five,0,0.4222498868569461,0.5
habit_test_00408,000248_02,S7025,ready,all_five,1,0.9663647631140844,0.5
habit_test_00409,000249_01,S7025,early,all_five,0,0.052242583019838945,0.5
habit_test_00410,000249_01,S7025,ready,all_five,1,0.6549523763389588,0.5
habit_test_00411,000249_02,S7025,early,all_five,0,0.37553785523407074,0.5
habit_test_00412,000249_02,S7025,ready,all_five,1,0.9254358880739662,0.5
habit_test_00413,000250_01,S7025,early,all_five,0,0.3423469717309338,0.5
habit_test_00414,000250_01,S7025,ready,all_five,1,0.6811361122858498,0.5
habit_test_00415,000250_02,S7025,early,all_five,0,0.2942233697178214,0.5
habit_test_00416,000250_02,S7025,ready,all_five,1,0.813582325823891,0.5
habit_test_00417,000251_01,S7025,early,all_five,0,0.27642005628046085,0.5
habit_test_00418,000251_01,S7025,ready,all_five,1,0.8029205428193267,0.5
habit_test_00419,000251_02,S7025,early,all_five,0,0.4188385593843503,0.5
habit_test_00420,000251_02,S7025,ready,all_five,1,0.8078266776798809,0.5
habit_test_00421,000252_01,S7025,early,all_five,0,0.19890135744336584,0.5
habit_test_00422,000252_01,S7025,ready,all_five,1,0.7743872654814414,0.5
habit_test_00423,000252_02,S7025,early,all_five,0,0.44335614695424597,0.5
habit_test_00424,000252_02,S7025,ready,all_five,1,0.8429724628968092,0.5
habit_test_00425,000253_01,S7025,early,all_five,0,0.14583528926139863,0.5
habit_test_00426,000253_01,S7025,ready,all_five,1,0.7621850832464655,0.5
habit_test_00427,000253_02,S7025,early,all_five,0,0.22280879634356068,0.5
habit_test_00428,000253_02,S7025,ready,all_five,1,0.9430261130834088,0.5
habit_test_00429,000254_01,S7025,early,all_five,0,0.2512939819023746,0.5
habit_test_00430,000254_01,S7025,ready,all_five,1,0.8891005206385226,0.5
habit_test_00431,000254_02,S7025,early,all_five,0,0.2666256510198391,0.5
habit_test_00432,000254_02,S7025,ready,all_five,1,0.8966318116890216,0.5
habit_test_00433,000255_01,S7025,early,all_five,0,0.419258360549313,0.5
habit_test_00434,000255_01,S7025,ready,all_five,1,0.9281888265907683,0.5
habit_test_00435,000255_02,S7025,early,all_five,0,0.32978258385185927,0.5
habit_test_00436,000255_02,S7025,ready,all_five,1,0.9361432877695631,0.5
habit_test_00437,000256_01,S7025,early,all_five,0,0.1910535030815823,0.5
habit_test_00438,000256_01,S7025,ready,all_five,1,0.7509456531801824,0.5
habit_test_00439,000256_02,S7025,early,all_five,0,0.37251676373003406,0.5
habit_test_00440,000256_02,S7025,ready,all_five,1,0.8922126504313598,0.5
habit_test_00441,000257_01,S7025,early,all_five,0,0.14284035743854367,0.5
habit_test_00442,000257_01,S7025,ready,all_five,1,0.7041164878172923,0.5
habit_test_00443,000257_02,S7025,early,all_five,0,0.48140897980436964,0.5
habit_test_00444,000257_02,S7025,ready,all_five,1,0.8461398171162532,0.5
habit_test_00445,000259_01,S7025,early,all_five,0,0.11328483408523754,0.5
habit_test_00446,000259_01,S7025,ready,all_five,1,0.8098024255632676,0.5
habit_test_00447,000259_02,S7025,early,all_five,0,0.23702069661757985,0.5
habit_test_00448,000259_02,S7025,ready,all_five,1,0.904927259930921,0.5
habit_test_00449,000260_01,S7025,early,all_five,0,0.24853423751578654,0.5
habit_test_00450,000260_01,S7025,ready,all_five,1,0.9151577581091304,0.5
habit_test_00451,000260_02,S7025,early,all_five,0,0.23835347344625937,0.5
habit_test_00452,000260_02,S7025,ready,all_five,1,0.9174741151626581,0.5
habit_test_00453,000261_01,S7025,early,all_five,0,0.15835701742649333,0.5
habit_test_00454,000261_01,S7025,ready,all_five,1,0.8230857763153082,0.5
habit_test_00455,000261_02,S7025,early,all_five,0,0.4339993535538689,0.5
habit_test_00456,000261_02,S7025,ready,all_five,1,0.9322228857332022,0.5
habit_test_00457,000263_01,S7025,early,all_five,0,0.451544987930784,0.5
habit_test_00458,000263_01,S7025,ready,all_five,1,0.8455042235786897,0.5
habit_test_00459,000263_02,S7025,early,all_five,0,0.3207537653632841,0.5
habit_test_00460,000263_02,S7025,ready,all_five,1,0.7482734911178921,0.5
habit_test_00461,000264_01,S7025,early,all_five,0,0.17614654984435602,0.5
habit_test_00462,000264_01,S7025,ready,all_five,1,0.8816452189787333,0.5
habit_test_00463,000264_02,S7025,early,all_five,0,0.5275362620192631,0.5
habit_test_00464,000264_02,S7025,ready,all_five,1,0.8885599702475594,0.5
habit_test_00465,000265_01,S7025,early,all_five,0,0.16703538693000658,0.5
habit_test_00466,000265_01,S7025,ready,all_five,1,0.824308910771819,0.5
habit_test_00467,000265_02,S7025,early,all_five,0,0.3726524035553372,0.5
habit_test_00468,000265_02,S7025,ready,all_five,1,0.8931227920634895,0.5
habit_test_00469,002888_01,S7414,early,all_five,0,0.07117928918823074,0.5
habit_test_00470,002888_01,S7414,ready,all_five,1,0.8850806330906826,0.5
habit_test_00471,002888_02,S7414,early,all_five,0,0.09444890732807859,0.5
habit_test_00472,002888_02,S7414,ready,all_five,1,0.9097520427734567,0.5
habit_test_00473,002889_01,S7414,early,all_five,0,0.09293049839995662,0.5
habit_test_00474,002889_01,S7414,ready,all_five,1,0.8769195361704208,0.5
habit_test_00475,002889_02,S7414,early,all_five,0,0.10952459479789016,0.5
habit_test_00476,002889_02,S7414,ready,all_five,1,0.9550590607989696,0.5
habit_test_00477,002890_01,S7414,early,all_five,0,0.06571778796290739,0.5
habit_test_00478,002890_01,S7414,ready,all_five,1,0.9338272611196587,0.5
habit_test_00479,002890_02,S7414,early,all_five,0,0.11138464789650514,0.5
habit_test_00480,002890_02,S7414,ready,all_five,1,0.8891365308451282,0.5
habit_test_00481,002891_01,S7414,early,all_five,0,0.08839160031579293,0.5
habit_test_00482,002891_01,S7414,ready,all_five,1,0.8697436915734554,0.5
habit_test_00483,002891_02,S7414,early,all_five,0,0.033851898752130447,0.5
habit_test_00484,002891_02,S7414,ready,all_five,1,0.8218596240046007,0.5
habit_test_00485,002892_01,S7414,early,all_five,0,0.06858834909109414,0.5
habit_test_00486,002892_01,S7414,ready,all_five,1,0.9158603303197418,0.5
habit_test_00487,002892_02,S7414,early,all_five,0,0.11958498751748804,0.5
habit_test_00488,002892_02,S7414,ready,all_five,1,0.8704818931418005,0.5
habit_test_00489,002894_01,S7414,early,all_five,0,0.11632166499284465,0.5
habit_test_00490,002894_01,S7414,ready,all_five,1,0.9439196781546667,0.5
habit_test_00491,002894_02,S7414,early,all_five,0,0.10619740241362427,0.5
habit_test_00492,002894_02,S7414,ready,all_five,1,0.9246479077058105,0.5
habit_test_00493,002895_01,S7414,early,all_five,0,0.09998402488102902,0.5
habit_test_00494,002895_01,S7414,ready,all_five,1,0.9469735732150207,0.5
habit_test_00495,002895_02,S7414,early,all_five,0,0.1352024301815155,0.5
habit_test_00496,002895_02,S7414,ready,all_five,1,0.8215512801816898,0.5
habit_test_00497,002896_01,S7414,early,all_five,0,0.09198282586988146,0.5
habit_test_00498,002896_01,S7414,ready,all_five,1,0.8218464134321105,0.5
habit_test_00499,002896_02,S7414,early,all_five,0,0.09028059903942795,0.5
habit_test_00500,002896_02,S7414,ready,all_five,1,0.9238600075346608,0.5
habit_test_00501,002898_01,S7414,early,all_five,0,0.09067443574199707,0.5
habit_test_00502,002898_01,S7414,ready,all_five,1,0.9099393990914546,0.5
habit_test_00503,002898_02,S7414,early,all_five,0,0.11206660947329035,0.5
habit_test_00504,002898_02,S7414,ready,all_five,1,0.9238728919696103,0.5
habit_test_00505,002899_01,S7414,early,all_five,0,0.09935265519841559,0.5
habit_test_00506,002899_01,S7414,ready,all_five,1,0.9297348387139566,0.5
habit_test_00507,002899_02,S7414,early,all_five,0,0.07855017589974675,0.5
habit_test_00508,002899_02,S7414,ready,all_five,1,0.864087800096898,0.5
habit_test_00509,002900_01,S7414,early,all_five,0,0.11225692783977653,0.5
habit_test_00510,002900_01,S7414,ready,all_five,1,0.9497168656870868,0.5
habit_test_00511,002900_02,S7414,early,all_five,0,0.1627215995450753,0.5
habit_test_00512,002900_02,S7414,ready,all_five,1,0.8339262010645878,0.5
habit_test_00513,002901_01,S7414,early,all_five,0,0.08255144384790901,0.5
habit_test_00514,002901_01,S7414,ready,all_five,1,0.9792546433329318,0.5
habit_test_00515,002901_02,S7414,early,all_five,0,0.07019512271181161,0.5
habit_test_00516,002901_02,S7414,ready,all_five,1,0.8953668320099805,0.5
habit_test_00517,002902_01,S7414,early,all_five,0,0.13633556507706301,0.5
habit_test_00518,002902_01,S7414,ready,all_five,1,0.9617579138319574,0.5
habit_test_00519,002902_02,S7414,early,all_five,0,0.07110770818983057,0.5
habit_test_00520,002902_02,S7414,ready,all_five,1,0.8452439420600794,0.5
habit_test_00521,002903_01,S7414,early,all_five,0,0.08811320478700244,0.5
habit_test_00522,002903_01,S7414,ready,all_five,1,0.9182030701978805,0.5
habit_test_00523,002903_02,S7414,early,all_five,0,0.093676068159837,0.5
habit_test_00524,002903_02,S7414,ready,all_five,1,0.8609993916755222,0.5
habit_test_00525,002904_01,S7414,early,all_five,0,0.05287891055758904,0.5
habit_test_00526,002904_01,S7414,ready,all_five,1,0.9314468174576972,0.5
habit_test_00527,002904_02,S7414,early,all_five,0,0.12237889197553176,0.5
habit_test_00528,002904_02,S7414,ready,all_five,1,0.9344620559105798,0.5
habit_test_00529,002905_01,S7414,early,all_five,0,0.11604541284959356,0.5
habit_test_00530,002905_01,S7414,ready,all_five,1,0.9279597028471775,0.5
habit_test_00531,002905_02,S7414,early,all_five,0,0.07590227787386353,0.5
habit_test_00532,002905_02,S7414,ready,all_five,1,0.9057795663963055,0.5
habit_test_00533,002906_01,S7414,early,all_five,0,0.1106126343112028,0.5
habit_test_00534,002906_01,S7414,ready,all_five,1,0.9374668226757312,0.5
habit_test_00535,002906_02,S7414,early,all_five,0,0.20098442005018005,0.5
habit_test_00536,002906_02,S7414,ready,all_five,1,0.9548483216512613,0.5
habit_test_00537,002907_01,S7414,early,all_five,0,0.1210411006151208,0.5
habit_test_00538,002907_01,S7414,ready,all_five,1,0.8603390453716188,0.5
habit_test_00539,002907_02,S7414,early,all_five,0,0.10220170751903247,0.5
habit_test_00540,002907_02,S7414,ready,all_five,1,0.9405633866243411,0.5
habit_test_00541,002908_01,S7414,early,all_five,0,0.08946000807461357,0.5
habit_test_00542,002908_01,S7414,ready,all_five,1,0.8821232366473215,0.5
habit_test_00543,002908_02,S7414,early,all_five,0,0.03233628982642022,0.5
habit_test_00544,002908_02,S7414,ready,all_five,1,0.9106479889036981,0.5
habit_test_00545,002910_01,S7414,early,all_five,0,0.06193418067408161,0.5
habit_test_00546,002910_01,S7414,ready,all_five,1,0.9179053060328141,0.5
habit_test_00547,002910_02,S7414,early,all_five,0,0.07056445470028902,0.5
habit_test_00548,002910_02,S7414,ready,all_five,1,0.9182630396291932,0.5
habit_test_00549,002911_01,S7414,early,all_five,0,0.11582508356457871,0.5
habit_test_00550,002911_01,S7414,ready,all_five,1,0.9459170444036893,0.5
habit_test_00551,002911_02,S7414,early,all_five,0,0.08163381338894445,0.5
habit_test_00552,002911_02,S7414,ready,all_five,1,0.8581491118246019,0.5
habit_test_00553,002912_01,S7414,early,all_five,0,0.1062844163936694,0.5
habit_test_00554,002912_01,S7414,ready,all_five,1,0.9207167715205852,0.5
habit_test_00555,002912_02,S7414,early,all_five,0,0.15229369920296335,0.5
habit_test_00556,002912_02,S7414,ready,all_five,1,0.9029321595135434,0.5
habit_test_00557,002913_01,S7414,early,all_five,0,0.08732254343378965,0.5
habit_test_00558,002913_01,S7414,ready,all_five,1,0.9428682043642408,0.5
habit_test_00559,002913_02,S7414,early,all_five,0,0.05225042616949723,0.5
habit_test_00560,002913_02,S7414,ready,all_five,1,0.9057778519515852,0.5
habit_test_00561,002914_01,S7414,early,all_five,0,0.12683433880006037,0.5
habit_test_00562,002914_01,S7414,ready,all_five,1,0.9744012019244165,0.5
habit_test_00563,002914_02,S7414,early,all_five,0,0.07741891451801887,0.5
habit_test_00564,002914_02,S7414,ready,all_five,1,0.9329365089633812,0.5
habit_test_00565,002915_01,S7414,early,all_five,0,0.1848698043344585,0.5
habit_test_00566,002915_01,S7414,ready,all_five,1,0.9371691655043306,0.5
habit_test_00567,002915_02,S7414,early,all_five,0,0.055534264052317234,0.5
habit_test_00568,002915_02,S7414,ready,all_five,1,0.8813693694438371,0.5
habit_test_00569,002916_01,S7414,early,all_five,0,0.12683890258970543,0.5
habit_test_00570,002916_01,S7414,ready,all_five,1,0.9616109506891475,0.5
habit_test_00571,002916_02,S7414,early,all_five,0,0.07694236229441376,0.5
habit_test_00572,002916_02,S7414,ready,all_five,1,0.924369731103525,0.5
habit_test_00573,002917_01,S7414,early,all_five,0,0.0476808752118561,0.5
habit_test_00574,002917_01,S7414,ready,all_five,1,0.9396709214387592,0.5
habit_test_00575,002917_02,S7414,early,all_five,0,0.08258267484451334,0.5
habit_test_00576,002917_02,S7414,ready,all_five,1,0.9214794505816594,0.5
habit_test_00577,002918_01,S7414,early,all_five,0,0.0814410730492726,0.5
habit_test_00578,002918_01,S7414,ready,all_five,1,0.8104399511904822,0.5
habit_test_00579,002918_02,S7414,early,all_five,0,0.08052864428633741,0.5
habit_test_00580,002918_02,S7414,ready,all_five,1,0.8877344504462632,0.5
habit_test_00581,002920_01,S7414,early,all_five,0,0.08522890225480244,0.5
habit_test_00582,002920_01,S7414,ready,all_five,1,0.9232978692922388,0.5
habit_test_00583,002920_02,S7414,early,all_five,0,0.09072831386566188,0.5
habit_test_00584,002920_02,S7414,ready,all_five,1,0.8849017050137004,0.5
habit_test_00585,002921_01,S7414,early,all_five,0,0.06390349887815581,0.5
habit_test_00586,002921_01,S7414,ready,all_five,1,0.9295997330318418,0.5
habit_test_00587,002921_02,S7414,early,all_five,0,0.11957336846022507,0.5
habit_test_00588,002921_02,S7414,ready,all_five,1,0.9079411519055506,0.5
habit_test_00589,002922_01,S7414,early,all_five,0,0.1223033372331643,0.5
habit_test_00590,002922_01,S7414,ready,all_five,1,0.8408549954362685,0.5
habit_test_00591,002922_02,S7414,early,all_five,0,0.06148410466967763,0.5
habit_test_00592,002922_02,S7414,ready,all_five,1,0.9205212825884578,0.5
habit_test_00593,002923_01,S7414,early,all_five,0,0.0839716038616568,0.5
habit_test_00594,002923_01,S7414,ready,all_five,1,0.9360420156945747,0.5
habit_test_00595,002923_02,S7414,early,all_five,0,0.0672152297658981,0.5
habit_test_00596,002923_02,S7414,ready,all_five,1,0.9132178390673075,0.5
habit_test_00597,002924_01,S7414,early,all_five,0,0.12033188036479507,0.5
habit_test_00598,002924_01,S7414,ready,all_five,1,0.9551186227295171,0.5
habit_test_00599,002924_02,S7414,early,all_five,0,0.053673831505617164,0.5
habit_test_00600,002924_02,S7414,ready,all_five,1,0.8688883569111382,0.5
habit_test_00601,002925_01,S7414,early,all_five,0,0.10265095346976785,0.5
habit_test_00602,002925_01,S7414,ready,all_five,1,0.9336926314107471,0.5
habit_test_00603,002925_02,S7414,early,all_five,0,0.1253779553085518,0.5
habit_test_00604,002925_02,S7414,ready,all_five,1,0.9371435825354835,0.5
habit_test_00605,002926_01,S7414,early,all_five,0,0.22857944497491978,0.5
habit_test_00606,002926_01,S7414,ready,all_five,1,0.9819633236362749,0.5
habit_test_00607,002926_02,S7414,early,all_five,0,0.11229038193036733,0.5
habit_test_00608,002926_02,S7414,ready,all_five,1,0.9549055465370144,0.5
habit_test_00609,002927_01,S7414,early,all_five,0,0.10700357116846099,0.5
habit_test_00610,002927_01,S7414,ready,all_five,1,0.9393682143849986,0.5
habit_test_00611,002927_02,S7414,early,all_five,0,0.11877284572966179,0.5
habit_test_00612,002927_02,S7414,ready,all_five,1,0.9072143510614454,0.5
habit_test_00613,002929_01,S7414,early,all_five,0,0.0873535536278403,0.5
habit_test_00614,002929_01,S7414,ready,all_five,1,0.9460381211274193,0.5
habit_test_00615,002929_02,S7414,early,all_five,0,0.1330761629718665,0.5
habit_test_00616,002929_02,S7414,ready,all_five,1,0.9711650256111228,0.5
habit_test_00617,002930_01,S7414,early,all_five,0,0.1389502769202891,0.5
habit_test_00618,002930_01,S7414,ready,all_five,1,0.9365648283980427,0.5
habit_test_00619,002930_02,S7414,early,all_five,0,0.2830173544748012,0.5
habit_test_00620,002930_02,S7414,ready,all_five,1,0.9702013278194309,0.5
habit_test_00621,002931_01,S7414,early,all_five,0,0.06215442770111719,0.5
habit_test_00622,002931_01,S7414,ready,all_five,1,0.9468586659998675,0.5
habit_test_00623,002931_02,S7414,early,all_five,0,0.12329527211137911,0.5
habit_test_00624,002931_02,S7414,ready,all_five,1,0.9041280064463199,0.5
habit_test_00625,002932_01,S7414,early,all_five,0,0.07451575966984597,0.5
habit_test_00626,002932_01,S7414,ready,all_five,1,0.9155558469016253,0.5
habit_test_00627,002932_02,S7414,early,all_five,0,0.09186560918674504,0.5
habit_test_00628,002932_02,S7414,ready,all_five,1,0.9479025342206556,0.5
habit_test_00629,002934_01,S7414,early,all_five,0,0.09642262764007334,0.5
habit_test_00630,002934_01,S7414,ready,all_five,1,0.9719713899582261,0.5
habit_test_00631,002934_02,S7414,early,all_five,0,0.10971382672051727,0.5
habit_test_00632,002934_02,S7414,ready,all_five,1,0.8883482879505876,0.5
habit_test_00633,002935_01,S7414,early,all_five,0,0.0712629922628307,0.5
habit_test_00634,002935_01,S7414,ready,all_five,1,0.953829284437613,0.5
habit_test_00635,002935_02,S7414,early,all_five,0,0.10745195559358134,0.5
habit_test_00636,002935_02,S7414,ready,all_five,1,0.9029895033309215,0.5
habit_test_00637,002936_01,S7414,early,all_five,0,0.08184102178488138,0.5
habit_test_00638,002936_01,S7414,ready,all_five,1,0.9261508579014647,0.5
habit_test_00639,002936_02,S7414,early,all_five,0,0.11639409896769391,0.5
habit_test_00640,002936_02,S7414,ready,all_five,1,0.8989493294618661,0.5
habit_test_00641,002938_01,S7414,early,all_five,0,0.07406643683548338,0.5
habit_test_00642,002938_01,S7414,ready,all_five,1,0.9233228942036396,0.5
habit_test_00643,002938_02,S7414,early,all_five,0,0.28021528332128015,0.5
habit_test_00644,002938_02,S7414,ready,all_five,1,0.9436197187227515,0.5
habit_test_00645,002939_01,S7414,early,all_five,0,0.07417640017787008,0.5
habit_test_00646,002939_01,S7414,ready,all_five,1,0.9220959843062096,0.5
habit_test_00647,002939_02,S7414,early,all_five,0,0.08624427196372547,0.5
habit_test_00648,002939_02,S7414,ready,all_five,1,0.95362268068878,0.5
habit_test_00649,002940_01,S7414,early,all_five,0,0.10142803651439324,0.5
habit_test_00650,002940_01,S7414,ready,all_five,1,0.9356208669771776,0.5
habit_test_00651,002940_02,S7414,early,all_five,0,0.06651368188122395,0.5
habit_test_00652,002940_02,S7414,ready,all_five,1,0.6495552999200512,0.5
habit_test_00653,002941_01,S7414,early,all_five,0,0.06068174964539388,0.5
habit_test_00654,002941_01,S7414,ready,all_five,1,0.9101073845787236,0.5
habit_test_00655,002941_02,S7414,early,all_five,0,0.14180266716557025,0.5
habit_test_00656,002941_02,S7414,ready,all_five,1,0.8479854577304983,0.5
habit_test_00657,002942_01,S7414,early,all_five,0,0.13453889471294248,0.5
habit_test_00658,002942_01,S7414,ready,all_five,1,0.9636816822435861,0.5
habit_test_00659,002942_02,S7414,early,all_five,0,0.09213997812039541,0.5
habit_test_00660,002942_02,S7414,ready,all_five,1,0.9038043333263288,0.5
habit_test_00661,002943_01,S7414,early,all_five,0,0.13703697389072714,0.5
habit_test_00662,002943_01,S7414,ready,all_five,1,0.9290996363325965,0.5
habit_test_00663,002943_02,S7414,early,all_five,0,0.0783948316330289,0.5
habit_test_00664,002943_02,S7414,ready,all_five,1,0.8848391396572803,0.5
habit_test_00665,002944_01,S7414,early,all_five,0,0.08075396001925825,0.5
habit_test_00666,002944_01,S7414,ready,all_five,1,0.9266749213276249,0.5
habit_test_00667,002944_02,S7414,early,all_five,0,0.0904273969029258,0.5
habit_test_00668,002944_02,S7414,ready,all_five,1,0.9107087826976413,0.5
habit_test_00669,002945_01,S7414,early,all_five,0,0.07137828520274804,0.5
habit_test_00670,002945_01,S7414,ready,all_five,1,0.9459165567280233,0.5
habit_test_00671,002945_02,S7414,early,all_five,0,0.10762779669491207,0.5
habit_test_00672,002945_02,S7414,ready,all_five,1,0.9326804018857079,0.5
habit_test_00673,002946_01,S7414,early,all_five,0,0.12381763178596876,0.5
habit_test_00674,002946_01,S7414,ready,all_five,1,0.9420313458376242,0.5
habit_test_00675,002946_02,S7414,early,all_five,0,0.1439648224249777,0.5
habit_test_00676,002946_02,S7414,ready,all_five,1,0.9193779564804353,0.5
habit_test_00677,002947_01,S7414,early,all_five,0,0.11355937452863607,0.5
habit_test_00678,002947_01,S7414,ready,all_five,1,0.9687898530057124,0.5
habit_test_00679,002947_02,S7414,early,all_five,0,0.14027694687650383,0.5
habit_test_00680,002947_02,S7414,ready,all_five,1,0.948436801463018,0.5
habit_test_00681,002948_01,S7414,early,all_five,0,0.1291478266680259,0.5
habit_test_00682,002948_01,S7414,ready,all_five,1,0.9658264865904774,0.5
habit_test_00683,002948_02,S7414,early,all_five,0,0.12387072528160477,0.5
habit_test_00684,002948_02,S7414,ready,all_five,1,0.9374931550054166,0.5
habit_test_00685,002949_01,S7414,early,all_five,0,0.09168233620492086,0.5
habit_test_00686,002949_01,S7414,ready,all_five,1,0.9706401331135511,0.5
habit_test_00687,002949_02,S7414,early,all_five,0,0.14842145198941195,0.5
habit_test_00688,002949_02,S7414,ready,all_five,1,0.9371414285814416,0.5
habit_test_00689,002950_01,S7414,early,all_five,0,0.07457120489119194,0.5
habit_test_00690,002950_01,S7414,ready,all_five,1,0.8863427009731603,0.5
habit_test_00691,002950_02,S7414,early,all_five,0,0.12948856515796345,0.5
habit_test_00692,002950_02,S7414,ready,all_five,1,0.9289816228449823,0.5
habit_test_00693,002952_01,S7414,early,all_five,0,0.14405589260846888,0.5
habit_test_00694,002952_01,S7414,ready,all_five,1,0.9386176185899548,0.5
habit_test_00695,002952_02,S7414,early,all_five,0,0.18437261972669303,0.5
habit_test_00696,002952_02,S7414,ready,all_five,1,0.9354963648208682,0.5
habit_test_00697,002953_01,S7414,early,all_five,0,0.10794501591359651,0.5
habit_test_00698,002953_01,S7414,ready,all_five,1,0.9449988664992135,0.5
habit_test_00699,002953_02,S7414,early,all_five,0,0.08210370052062436,0.5
habit_test_00700,002953_02,S7414,ready,all_five,1,0.9318822216302535,0.5
habit_test_00701,002954_01,S7414,early,all_five,0,0.09542768080411491,0.5
habit_test_00702,002954_01,S7414,ready,all_five,1,0.9482833544512334,0.5
habit_test_00703,002954_02,S7414,early,all_five,0,0.09519312566298774,0.5
habit_test_00704,002954_02,S7414,ready,all_five,1,0.9243594804000695,0.5
habit_test_00705,002955_01,S7414,early,all_five,0,0.08230125060327192,0.5
habit_test_00706,002955_01,S7414,ready,all_five,1,0.9497079580115182,0.5
habit_test_00707,002955_02,S7414,early,all_five,0,0.2417754422567579,0.5
habit_test_00708,002955_02,S7414,ready,all_five,1,0.8799190714531254,0.5
habit_test_00709,002956_01,S7414,early,all_five,0,0.151140996466048,0.5
habit_test_00710,002956_01,S7414,ready,all_five,1,0.9257185695184127,0.5
habit_test_00711,002956_02,S7414,early,all_five,0,0.22590005350935566,0.5
habit_test_00712,002956_02,S7414,ready,all_five,1,0.9071686550924584,0.5
habit_test_00713,002957_01,S7414,early,all_five,0,0.08974795460726691,0.5
habit_test_00714,002957_01,S7414,ready,all_five,1,0.9466891546069043,0.5
habit_test_00715,002957_02,S7414,early,all_five,0,0.1161839582359749,0.5
habit_test_00716,002957_02,S7414,ready,all_five,1,0.9256743494720161,0.5
habit_test_00717,002958_01,S7414,early,all_five,0,0.051848551806989,0.5
habit_test_00718,002958_01,S7414,ready,all_five,1,0.9385648067332882,0.5
habit_test_00719,002958_02,S7414,early,all_five,0,0.11249960011100794,0.5
habit_test_00720,002958_02,S7414,ready,all_five,1,0.9286745867865711,0.5
habit_test_00721,002959_01,S7414,early,all_five,0,0.09179493138952569,0.5
habit_test_00722,002959_01,S7414,ready,all_five,1,0.8812737724294716,0.5
habit_test_00723,002959_02,S7414,early,all_five,0,0.20572378541917782,0.5
habit_test_00724,002959_02,S7414,ready,all_five,1,0.8410782677148172,0.5
habit_test_00725,002960_01,S7414,early,all_five,0,0.09580008506471466,0.5
habit_test_00726,002960_01,S7414,ready,all_five,1,0.9000685075551036,0.5
habit_test_00727,002960_02,S7414,early,all_five,0,0.07445236234413033,0.5
habit_test_00728,002960_02,S7414,ready,all_five,1,0.7628759717471082,0.5
habit_test_00729,002961_01,S7414,early,all_five,0,0.060167169683426794,0.5
habit_test_00730,002961_01,S7414,ready,all_five,1,0.8807635317667072,0.5
habit_test_00731,002961_02,S7414,early,all_five,0,0.08457221205216085,0.5
habit_test_00732,002961_02,S7414,ready,all_five,1,0.9190732150913198,0.5
habit_test_00733,002962_01,S7414,early,all_five,0,0.0871546358258513,0.5
habit_test_00734,002962_01,S7414,ready,all_five,1,0.9388065648387514,0.5
habit_test_00735,002962_02,S7414,early,all_five,0,0.09215509996139053,0.5
habit_test_00736,002962_02,S7414,ready,all_five,1,0.8814439663494806,0.5
habit_test_00737,002963_01,S7414,early,all_five,0,0.11448723914871986,0.5
habit_test_00738,002963_01,S7414,ready,all_five,1,0.8849648896958761,0.5
habit_test_00739,002963_02,S7414,early,all_five,0,0.10796152280880876,0.5
habit_test_00740,002963_02,S7414,ready,all_five,1,0.8889100155245132,0.5
habit_test_00741,002964_01,S7414,early,all_five,0,0.0348265331466728,0.5
habit_test_00742,002964_01,S7414,ready,all_five,1,0.8203579101158364,0.5
habit_test_00743,002964_02,S7414,early,all_five,0,0.1481659827346443,0.5
habit_test_00744,002964_02,S7414,ready,all_five,1,0.9347149734896706,0.5
habit_test_00745,002965_01,S7414,early,all_five,0,0.05327343345479829,0.5
habit_test_00746,002965_01,S7414,ready,all_five,1,0.9642270258178173,0.5
habit_test_00747,002965_02,S7414,early,all_five,0,0.0844404879644479,0.5
habit_test_00748,002965_02,S7414,ready,all_five,1,0.9092538553238416,0.5
habit_test_00749,002966_01,S7414,early,all_five,0,0.09109587930745494,0.5
habit_test_00750,002966_01,S7414,ready,all_five,1,0.938318948331932,0.5
habit_test_00751,002966_02,S7414,early,all_five,0,0.12205591051394062,0.5
habit_test_00752,002966_02,S7414,ready,all_five,1,0.9531605593084231,0.5
habit_test_00753,002967_01,S7414,early,all_five,0,0.08780010636380843,0.5
habit_test_00754,002967_01,S7414,ready,all_five,1,0.9281101948324556,0.5
habit_test_00755,002967_02,S7414,early,all_five,0,0.119017351021941,0.5
habit_test_00756,002967_02,S7414,ready,all_five,1,0.902756165937938,0.5
habit_test_00757,002968_01,S7414,early,all_five,0,0.13328097897300797,0.5
habit_test_00758,002968_01,S7414,ready,all_five,1,0.9287158571237535,0.5
habit_test_00759,002968_02,S7414,early,all_five,0,0.06518375357557439,0.5
habit_test_00760,002968_02,S7414,ready,all_five,1,0.9173540545627547,0.5
habit_test_00761,002969_01,S7414,early,all_five,0,0.04826422150832765,0.5
habit_test_00762,002969_01,S7414,ready,all_five,1,0.9181041647455614,0.5
habit_test_00763,002969_02,S7414,early,all_five,0,0.08885270443659293,0.5
habit_test_00764,002969_02,S7414,ready,all_five,1,0.9037236074483905,0.5
habit_test_00765,002970_01,S7414,early,all_five,0,0.13698345537569365,0.5
habit_test_00766,002970_01,S7414,ready,all_five,1,0.9386126583691338,0.5
habit_test_00767,002970_02,S7414,early,all_five,0,0.13483525070630192,0.5
habit_test_00768,002970_02,S7414,ready,all_five,1,0.9378075432338102,0.5
habit_test_00769,002971_01,S7414,early,all_five,0,0.06675403349646589,0.5
habit_test_00770,002971_01,S7414,ready,all_five,1,0.9082666108642113,0.5
habit_test_00771,002971_02,S7414,early,all_five,0,0.15194367300962855,0.5
habit_test_00772,002971_02,S7414,ready,all_five,1,0.9172134134939302,0.5
habit_test_00773,002972_01,S7414,early,all_five,0,0.08126888158113693,0.5
habit_test_00774,002972_01,S7414,ready,all_five,1,0.852472270893279,0.5
habit_test_00775,002972_02,S7414,early,all_five,0,0.1736053377354865,0.5
habit_test_00776,002972_02,S7414,ready,all_five,1,0.9508407131773794,0.5
habit_test_00777,002973_01,S7414,early,all_five,0,0.12868256162726455,0.5
habit_test_00778,002973_01,S7414,ready,all_five,1,0.8919102330397721,0.5
habit_test_00779,002973_02,S7414,early,all_five,0,0.09326447721263699,0.5
habit_test_00780,002973_02,S7414,ready,all_five,1,0.8948526108837371,0.5
habit_test_00781,002974_01,S7414,early,all_five,0,0.13614333084005717,0.5
habit_test_00782,002974_01,S7414,ready,all_five,1,0.9262806320652419,0.5
habit_test_00783,002974_02,S7414,early,all_five,0,0.1897614795637047,0.5
habit_test_00784,002974_02,S7414,ready,all_five,1,0.9449185133693132,0.5
habit_test_00785,002975_01,S7414,early,all_five,0,0.13470463883335082,0.5
habit_test_00786,002975_01,S7414,ready,all_five,1,0.9277033184049811,0.5
habit_test_00787,002975_02,S7414,early,all_five,0,0.15065347234751947,0.5
habit_test_00788,002975_02,S7414,ready,all_five,1,0.9467453642184785,0.5
habit_test_00789,002976_01,S7414,early,all_five,0,0.09126752729175867,0.5
habit_test_00790,002976_01,S7414,ready,all_five,1,0.9514053403396097,0.5
habit_test_00791,002976_02,S7414,early,all_five,0,0.1551932623768689,0.5
habit_test_00792,002976_02,S7414,ready,all_five,1,0.9065994082163794,0.5
habit_test_00793,003395_01,S7414,early,all_five,0,0.08546289137158705,0.5
habit_test_00794,003395_01,S7414,ready,all_five,1,0.9309503554554902,0.5
habit_test_00795,003395_02,S7414,early,all_five,0,0.22850228858417976,0.5
habit_test_00796,003395_02,S7414,ready,all_five,1,0.8189227714062306,0.5
habit_test_00797,003396_01,S7414,early,all_five,0,0.0744082618610011,0.5
habit_test_00798,003396_01,S7414,ready,all_five,1,0.8915329980647156,0.5
habit_test_00799,003396_02,S7414,early,all_five,0,0.0838307843392285,0.5
habit_test_00800,003396_02,S7414,ready,all_five,1,0.9336307988950486,0.5
habit_test_00801,003397_01,S7414,early,all_five,0,0.08648572693584419,0.5
habit_test_00802,003397_01,S7414,ready,all_five,1,0.9467907487442581,0.5
habit_test_00803,003397_02,S7414,early,all_five,0,0.1273827031654851,0.5
habit_test_00804,003397_02,S7414,ready,all_five,1,0.8985949793572224,0.5
habit_test_00805,003398_01,S7414,early,all_five,0,0.07641106404456044,0.5
habit_test_00806,003398_01,S7414,ready,all_five,1,0.9652606025526925,0.5
habit_test_00807,003398_02,S7414,early,all_five,0,0.10585307089613377,0.5
habit_test_00808,003398_02,S7414,ready,all_five,1,0.9485902181105483,0.5
habit_test_00809,003399_01,S7414,early,all_five,0,0.1136630704083764,0.5
habit_test_00810,003399_01,S7414,ready,all_five,1,0.9534817502754389,0.5
habit_test_00811,003399_02,S7414,early,all_five,0,0.14120940111239622,0.5
habit_test_00812,003399_02,S7414,ready,all_five,1,0.8254782995880351,0.5
habit_test_00813,003400_01,S7414,early,all_five,0,0.04452478449717747,0.5
habit_test_00814,003400_01,S7414,ready,all_five,1,0.9323430094783369,0.5
habit_test_00815,003400_02,S7414,early,all_five,0,0.146637022784142,0.5
habit_test_00816,003400_02,S7414,ready,all_five,1,0.9332456167684665,0.5
habit_test_00817,003401_01,S7414,early,all_five,0,0.06023081350010534,0.5
habit_test_00818,003401_01,S7414,ready,all_five,1,0.8779729948261898,0.5
habit_test_00819,003401_02,S7414,early,all_five,0,0.2311945649772337,0.5
habit_test_00820,003401_02,S7414,ready,all_five,1,0.7487141136775824,0.5
habit_test_00821,003402_01,S7414,early,all_five,0,0.10627959333207705,0.5
habit_test_00822,003402_01,S7414,ready,all_five,1,0.9388761818511676,0.5
habit_test_00823,003402_02,S7414,early,all_five,0,0.1307104842914234,0.5
habit_test_00824,003402_02,S7414,ready,all_five,1,0.7852367383529651,0.5
habit_test_00825,003403_01,S7414,early,all_five,0,0.09916382000502834,0.5
habit_test_00826,003403_01,S7414,ready,all_five,1,0.957399036370636,0.5
habit_test_00827,003403_02,S7414,early,all_five,0,0.07088465986015827,0.5
habit_test_00828,003403_02,S7414,ready,all_five,1,0.7326239191666843,0.5
habit_test_00829,003405_01,S7414,early,all_five,0,0.10038646420135156,0.5
habit_test_00830,003405_01,S7414,ready,all_five,1,0.8664183377685978,0.5
habit_test_00831,003405_02,S7414,early,all_five,0,0.04492002229207059,0.5
habit_test_00832,003405_02,S7414,ready,all_five,1,0.8056400068004266,0.5
habit_test_00833,003406_01,S7414,early,all_five,0,0.07418654465410285,0.5
habit_test_00834,003406_01,S7414,ready,all_five,1,0.8524822940304484,0.5
habit_test_00835,003406_02,S7414,early,all_five,0,0.02715995530821582,0.5
habit_test_00836,003406_02,S7414,ready,all_five,1,0.8781613684160807,0.5
habit_test_00837,003407_01,S7414,early,all_five,0,0.10582754385701455,0.5
habit_test_00838,003407_01,S7414,ready,all_five,1,0.8946162429828173,0.5
habit_test_00839,003407_02,S7414,early,all_five,0,0.07909730207760135,0.5
habit_test_00840,003407_02,S7414,ready,all_five,1,0.8780702167940614,0.5
habit_test_00841,003408_01,S7414,early,all_five,0,0.03927562938759783,0.5
habit_test_00842,003408_01,S7414,ready,all_five,1,0.9406929024239877,0.5
habit_test_00843,003408_02,S7414,early,all_five,0,0.17731733692420995,0.5
habit_test_00844,003408_02,S7414,ready,all_five,1,0.9403922290985429,0.5
habit_test_00845,003409_01,S7414,early,all_five,0,0.14512343497326785,0.5
habit_test_00846,003409_01,S7414,ready,all_five,1,0.9434965793166588,0.5
habit_test_00847,003409_02,S7414,early,all_five,0,0.17092820338432477,0.5
habit_test_00848,003409_02,S7414,ready,all_five,1,0.9293291776556271,0.5
habit_test_00849,003410_01,S7414,early,all_five,0,0.11653908595470615,0.5
habit_test_00850,003410_01,S7414,ready,all_five,1,0.9565618257356145,0.5
habit_test_00851,003410_02,S7414,early,all_five,0,0.09226794011290687,0.5
habit_test_00852,003410_02,S7414,ready,all_five,1,0.9080094789971298,0.5
habit_test_00853,003411_01,S7414,early,all_five,0,0.0616656372247111,0.5
habit_test_00854,003411_01,S7414,ready,all_five,1,0.9331708823210276,0.5
habit_test_00855,003411_02,S7414,early,all_five,0,0.16422626307128585,0.5
habit_test_00856,003411_02,S7414,ready,all_five,1,0.8794955407239129,0.5
habit_test_00857,003412_01,S7414,early,all_five,0,0.043313440455091674,0.5
habit_test_00858,003412_01,S7414,ready,all_five,1,0.8763226471391297,0.5
habit_test_00859,003412_02,S7414,early,all_five,0,0.1034274834756701,0.5
habit_test_00860,003412_02,S7414,ready,all_five,1,0.9045173384851809,0.5
habit_test_00861,003413_01,S7414,early,all_five,0,0.03346449887328369,0.5
habit_test_00862,003413_01,S7414,ready,all_five,1,0.8938704161314046,0.5
habit_test_00863,003413_02,S7414,early,all_five,0,0.06794421832929956,0.5
habit_test_00864,003413_02,S7414,ready,all_five,1,0.8960365388447677,0.5
habit_test_00865,003415_01,S7414,early,all_five,0,0.06361209080464934,0.5
habit_test_00866,003415_01,S7414,ready,all_five,1,0.9310235126803081,0.5
habit_test_00867,003415_02,S7414,early,all_five,0,0.1342918046176105,0.5
habit_test_00868,003415_02,S7414,ready,all_five,1,0.7423147505619294,0.5
habit_test_00869,003416_01,S7414,early,all_five,0,0.10827756331009773,0.5
habit_test_00870,003416_01,S7414,ready,all_five,1,0.9230583250640394,0.5
habit_test_00871,003416_02,S7414,early,all_five,0,0.11410733248153027,0.5
habit_test_00872,003416_02,S7414,ready,all_five,1,0.8559760954737337,0.5
habit_test_00873,003417_01,S7414,early,all_five,0,0.04353173161002203,0.5
habit_test_00874,003417_01,S7414,ready,all_five,1,0.8786052302188875,0.5
habit_test_00875,003417_02,S7414,early,all_five,0,0.04557901386311519,0.5
habit_test_00876,003417_02,S7414,ready,all_five,1,0.861814820680758,0.5
habit_test_00877,003418_01,S7414,early,all_five,0,0.07422996815673878,0.5
habit_test_00878,003418_01,S7414,ready,all_five,1,0.9086710713383341,0.5
habit_test_00879,003418_02,S7414,early,all_five,0,0.07832263296720346,0.5
habit_test_00880,003418_02,S7414,ready,all_five,1,0.8878800866769054,0.5
habit_test_00881,003419_01,S7414,early,all_five,0,0.05270580327554941,0.5
habit_test_00882,003419_01,S7414,ready,all_five,1,0.7975436341407799,0.5
habit_test_00883,003419_02,S7414,early,all_five,0,0.034501121987436184,0.5
habit_test_00884,003419_02,S7414,ready,all_five,1,0.7853177868719907,0.5
habit_test_00885,003420_01,S7414,early,all_five,0,0.040759405806306034,0.5
habit_test_00886,003420_01,S7414,ready,all_five,1,0.8985248220594834,0.5
habit_test_00887,003420_02,S7414,early,all_five,0,0.06508237519301405,0.5
habit_test_00888,003420_02,S7414,ready,all_five,1,0.8683344889812576,0.5
habit_test_00889,003421_01,S7414,early,all_five,0,0.03835957036024409,0.5
habit_test_00890,003421_01,S7414,ready,all_five,1,0.820701506015631,0.5
habit_test_00891,003421_02,S7414,early,all_five,0,0.0380833530121776,0.5
habit_test_00892,003421_02,S7414,ready,all_five,1,0.8658600626792817,0.5
habit_test_00893,003422_01,S7414,early,all_five,0,0.04272028506719095,0.5
habit_test_00894,003422_01,S7414,ready,all_five,1,0.8909751156452946,0.5
habit_test_00895,003422_02,S7414,early,all_five,0,0.10817239787608916,0.5
habit_test_00896,003422_02,S7414,ready,all_five,1,0.9240569748008874,0.5
habit_test_00897,003423_01,S7414,early,all_five,0,0.08192335194467602,0.5
habit_test_00898,003423_01,S7414,ready,all_five,1,0.9020528933794213,0.5
habit_test_00899,003423_02,S7414,early,all_five,0,0.08466272374380715,0.5
habit_test_00900,003423_02,S7414,ready,all_five,1,0.8920975629699439,0.5
habit_test_00901,003424_01,S7414,early,all_five,0,0.054836107245604684,0.5
habit_test_00902,003424_01,S7414,ready,all_five,1,0.8599796063397841,0.5
habit_test_00903,003424_02,S7414,early,all_five,0,0.07736446944894897,0.5
habit_test_00904,003424_02,S7414,ready,all_five,1,0.8502497066666975,0.5
habit_test_00905,003425_01,S7414,early,all_five,0,0.07408419786586043,0.5
habit_test_00906,003425_01,S7414,ready,all_five,1,0.9443913356785435,0.5
habit_test_00907,003425_02,S7414,early,all_five,0,0.5894860031418291,0.5
habit_test_00908,003425_02,S7414,ready,all_five,1,0.8817079258431231,0.5
habit_test_00909,003428_01,S7414,early,all_five,0,0.039392201448082385,0.5
habit_test_00910,003428_01,S7414,ready,all_five,1,0.7781135346176006,0.5
habit_test_00911,003428_02,S7414,early,all_five,0,0.06799817786595685,0.5
habit_test_00912,003428_02,S7414,ready,all_five,1,0.8038297328827511,0.5
habit_test_00913,003429_01,S7414,early,all_five,0,0.0744178188428527,0.5
habit_test_00914,003429_01,S7414,ready,all_five,1,0.7069681859369047,0.5
habit_test_00915,003429_02,S7414,early,all_five,0,0.053155259509395966,0.5
habit_test_00916,003429_02,S7414,ready,all_five,1,0.8647831326477309,0.5
habit_test_00917,003430_01,S7414,early,all_five,0,0.06506123723231282,0.5
habit_test_00918,003430_01,S7414,ready,all_five,1,0.8967602479228616,0.5
habit_test_00919,003430_02,S7414,early,all_five,0,0.07156571954200015,0.5
habit_test_00920,003430_02,S7414,ready,all_five,1,0.8248073503616452,0.5
habit_test_00921,003432_01,S7414,early,all_five,0,0.03981075313627946,0.5
habit_test_00922,003432_01,S7414,ready,all_five,1,0.8685297627885474,0.5
habit_test_00923,003432_02,S7414,early,all_five,0,0.03825449689740571,0.5
habit_test_00924,003432_02,S7414,ready,all_five,1,0.8987426558542446,0.5
habit_test_00925,003433_01,S7414,early,all_five,0,0.06769837920115078,0.5
habit_test_00926,003433_01,S7414,ready,all_five,1,0.7851421499213207,0.5
habit_test_00927,003433_02,S7414,early,all_five,0,0.05854230362782461,0.5
habit_test_00928,003433_02,S7414,ready,all_five,1,0.9070215112456947,0.5
habit_test_00929,003434_01,S7414,early,all_five,0,0.06436522046951351,0.5
habit_test_00930,003434_01,S7414,ready,all_five,1,0.8753005588549368,0.5
habit_test_00931,003434_02,S7414,early,all_five,0,0.05907412532958205,0.5
habit_test_00932,003434_02,S7414,ready,all_five,1,0.9116889889279809,0.5
habit_test_00933,003435_01,S7414,early,all_five,0,0.05563625337501228,0.5
habit_test_00934,003435_01,S7414,ready,all_five,1,0.8796200841971737,0.5
habit_test_00935,003435_02,S7414,early,all_five,0,0.08043775035479364,0.5
habit_test_00936,003435_02,S7414,ready,all_five,1,0.9376131426470974,0.5
habit_test_00937,003436_01,S7414,early,all_five,0,0.04161113654541745,0.5
habit_test_00938,003436_01,S7414,ready,all_five,1,0.9245056785123698,0.5
habit_test_00939,003436_02,S7414,early,all_five,0,0.04251260652304992,0.5
habit_test_00940,003436_02,S7414,ready,all_five,1,0.9126704623179428,0.5
habit_test_00941,003437_01,S7414,early,all_five,0,0.11517050555053937,0.5
habit_test_00942,003437_01,S7414,ready,all_five,1,0.9547853510648097,0.5
habit_test_00943,003437_02,S7414,early,all_five,0,0.26339251166837147,0.5
habit_test_00944,003437_02,S7414,ready,all_five,1,0.8438490467454591,0.5
habit_test_00945,003438_01,S7414,early,all_five,0,0.07451372987219891,0.5
habit_test_00946,003438_01,S7414,ready,all_five,1,0.9091212246260176,0.5
habit_test_00947,003438_02,S7414,early,all_five,0,0.11007713412562686,0.5
habit_test_00948,003438_02,S7414,ready,all_five,1,0.8361201862520107,0.5
habit_test_00949,003440_01,S7414,early,all_five,0,0.09834036060719366,0.5
habit_test_00950,003440_01,S7414,ready,all_five,1,0.8426467560083672,0.5
habit_test_00951,003440_02,S7414,early,all_five,0,0.15955337787125368,0.5
habit_test_00952,003440_02,S7414,ready,all_five,1,0.8319177818366178,0.5
habit_test_00953,003441_01,S7414,early,all_five,0,0.046690379825229285,0.5
habit_test_00954,003441_01,S7414,ready,all_five,1,0.9502587952861036,0.5
habit_test_00955,003441_02,S7414,early,all_five,0,0.32130673594780396,0.5
habit_test_00956,003441_02,S7414,ready,all_five,1,0.8937314348731634,0.5
habit_test_00957,003442_01,S7414,early,all_five,0,0.03871682799709427,0.5
habit_test_00958,003442_01,S7414,ready,all_five,1,0.9179553382914697,0.5
habit_test_00959,003442_02,S7414,early,all_five,0,0.20374954928214367,0.5
habit_test_00960,003442_02,S7414,ready,all_five,1,0.9069568044115249,0.5
habit_test_00961,003444_01,S7414,early,all_five,0,0.053467372784914424,0.5
habit_test_00962,003444_01,S7414,ready,all_five,1,0.9142684979340558,0.5
habit_test_00963,003444_02,S7414,early,all_five,0,0.08875009726979527,0.5
habit_test_00964,003444_02,S7414,ready,all_five,1,0.9300056517099569,0.5
habit_test_00965,003445_01,S7414,early,all_five,0,0.05916413653985643,0.5
habit_test_00966,003445_01,S7414,ready,all_five,1,0.9040442832953727,0.5
habit_test_00967,003445_02,S7414,early,all_five,0,0.17660068806672685,0.5
habit_test_00968,003445_02,S7414,ready,all_five,1,0.8826523605136916,0.5
habit_test_00969,003449_01,S7414,early,all_five,0,0.042776374348049435,0.5
habit_test_00970,003449_01,S7414,ready,all_five,1,0.8860861690810194,0.5
habit_test_00971,003449_02,S7414,early,all_five,0,0.0905057737156345,0.5
habit_test_00972,003449_02,S7414,ready,all_five,1,0.9090905359658578,0.5
habit_test_00973,003450_01,S7414,early,all_five,0,0.05722620906172148,0.5
habit_test_00974,003450_01,S7414,ready,all_five,1,0.9200483325819847,0.5
habit_test_00975,003450_02,S7414,early,all_five,0,0.13727758374714344,0.5
habit_test_00976,003450_02,S7414,ready,all_five,1,0.871755277551665,0.5
habit_test_00977,003451_01,S7414,early,all_five,0,0.06562146180552937,0.5
habit_test_00978,003451_01,S7414,ready,all_five,1,0.9271538407259038,0.5
habit_test_00979,003451_02,S7414,early,all_five,0,0.07786340996798777,0.5
habit_test_00980,003451_02,S7414,ready,all_five,1,0.9183872003762366,0.5
habit_test_00981,003452_01,S7414,early,all_five,0,0.19009404974830454,0.5
habit_test_00982,003452_01,S7414,ready,all_five,1,0.9632649699206391,0.5
habit_test_00983,003452_02,S7414,early,all_five,0,0.09870220915364586,0.5
habit_test_00984,003452_02,S7414,ready,all_five,1,0.9408533096671211,0.5
habit_test_00985,003453_01,S7414,early,all_five,0,0.26577168220502134,0.5
habit_test_00986,003453_01,S7414,ready,all_five,1,0.916081876198233,0.5
habit_test_00987,003453_02,S7414,early,all_five,0,0.10298102717775001,0.5
habit_test_00988,003453_02,S7414,ready,all_five,1,0.8394375373273876,0.5
habit_test_00989,003454_01,S7414,early,all_five,0,0.089624407848544,0.5
habit_test_00990,003454_01,S7414,ready,all_five,1,0.9647771700609448,0.5
habit_test_00991,003454_02,S7414,early,all_five,0,0.1953966131649859,0.5
habit_test_00992,003454_02,S7414,ready,all_five,1,0.8449385445219083,0.5
habit_test_00993,003455_01,S7414,early,all_five,0,0.042618554768438476,0.5
habit_test_00994,003455_01,S7414,ready,all_five,1,0.9288089684712721,0.5
habit_test_00995,003455_02,S7414,early,all_five,0,0.09198560960285299,0.5
habit_test_00996,003455_02,S7414,ready,all_five,1,0.7734427602873208,0.5
habit_test_00997,003456_01,S7414,early,all_five,0,0.09657291405362195,0.5
habit_test_00998,003456_01,S7414,ready,all_five,1,0.9318157189730071,0.5
habit_test_00999,003456_02,S7414,early,all_five,0,0.14166225832034335,0.5
habit_test_01000,003456_02,S7414,ready,all_five,1,0.7457348918775921,0.5
habit_test_01001,003457_01,S7414,early,all_five,0,0.03973498850141047,0.5
habit_test_01002,003457_01,S7414,ready,all_five,1,0.9499620890122298,0.5
habit_test_01003,003457_02,S7414,early,all_five,0,0.08848042491500946,0.5
habit_test_01004,003457_02,S7414,ready,all_five,1,0.7636203694255487,0.5
habit_test_01005,003458_01,S7414,early,all_five,0,0.15138119874552403,0.5
habit_test_01006,003458_01,S7414,ready,all_five,1,0.9099060908344165,0.5
habit_test_01007,003458_02,S7414,early,all_five,0,0.1743800734948133,0.5
habit_test_01008,003458_02,S7414,ready,all_five,1,0.7868188971234332,0.5
habit_test_01009,003459_01,S7414,early,all_five,0,0.06865316286055442,0.5
habit_test_01010,003459_01,S7414,ready,all_five,1,0.8714170403586867,0.5
habit_test_01011,003459_02,S7414,early,all_five,0,0.10469212087438051,0.5
habit_test_01012,003459_02,S7414,ready,all_five,1,0.838341119131467,0.5
habit_test_01013,003460_01,S7414,early,all_five,0,0.06418840440218525,0.5
habit_test_01014,003460_01,S7414,ready,all_five,1,0.9553944675926213,0.5
habit_test_01015,003460_02,S7414,early,all_five,0,0.1125107390847318,0.5
habit_test_01016,003460_02,S7414,ready,all_five,1,0.829560053822479,0.5
habit_test_01017,003461_01,S7414,early,all_five,0,0.08546583442899874,0.5
habit_test_01018,003461_01,S7414,ready,all_five,1,0.9151747062550177,0.5
habit_test_01019,003461_02,S7414,early,all_five,0,0.10656820777642467,0.5
habit_test_01020,003461_02,S7414,ready,all_five,1,0.9279151353317976,0.5
habit_test_01021,003462_01,S7414,early,all_five,0,0.10746888167044713,0.5
habit_test_01022,003462_01,S7414,ready,all_five,1,0.9475392076385151,0.5
habit_test_01023,003462_02,S7414,early,all_five,0,0.17511289855022644,0.5
habit_test_01024,003462_02,S7414,ready,all_five,1,0.9380940342477465,0.5
habit_test_01025,003463_01,S7414,early,all_five,0,0.03528149559882594,0.5
habit_test_01026,003463_01,S7414,ready,all_five,1,0.9094545814411656,0.5
habit_test_01027,003463_02,S7414,early,all_five,0,0.08301598732808883,0.5
habit_test_01028,003463_02,S7414,ready,all_five,1,0.9342714686975833,0.5
habit_test_01029,003464_01,S7414,early,all_five,0,0.059025915484875915,0.5
habit_test_01030,003464_01,S7414,ready,all_five,1,0.9155960135167835,0.5
habit_test_01031,003464_02,S7414,early,all_five,0,0.1953072016586332,0.5
habit_test_01032,003464_02,S7414,ready,all_five,1,0.9663299259498666,0.5
habit_test_01033,003465_01,S7414,early,all_five,0,0.04002539641393963,0.5
habit_test_01034,003465_01,S7414,ready,all_five,1,0.8964425473376322,0.5
habit_test_01035,003465_02,S7414,early,all_five,0,0.14954569605364826,0.5
habit_test_01036,003465_02,S7414,ready,all_five,1,0.8903771964851139,0.5
habit_test_01037,003466_01,S7414,early,all_five,0,0.04296870602657393,0.5
habit_test_01038,003466_01,S7414,ready,all_five,1,0.8771064035582173,0.5
habit_test_01039,003466_02,S7414,early,all_five,0,0.03898940737152711,0.5
habit_test_01040,003466_02,S7414,ready,all_five,1,0.8413392444414166,0.5
habit_test_01041,003467_01,S7414,early,all_five,0,0.055332005156338016,0.5
habit_test_01042,003467_01,S7414,ready,all_five,1,0.9253421179096448,0.5
habit_test_01043,003467_02,S7414,early,all_five,0,0.2291073038960415,0.5
habit_test_01044,003467_02,S7414,ready,all_five,1,0.9230416266420641,0.5
habit_test_01045,003468_01,S7414,early,all_five,0,0.056055978760451444,0.5
habit_test_01046,003468_01,S7414,ready,all_five,1,0.9368547032333836,0.5
habit_test_01047,003468_02,S7414,early,all_five,0,0.17526879712307608,0.5
habit_test_01048,003468_02,S7414,ready,all_five,1,0.9453419793644455,0.5
habit_test_01049,003469_01,S7414,early,all_five,0,0.13731675615608974,0.5
habit_test_01050,003469_01,S7414,ready,all_five,1,0.9576479741591276,0.5
habit_test_01051,003469_02,S7414,early,all_five,0,0.07193618442452902,0.5
habit_test_01052,003469_02,S7414,ready,all_five,1,0.9139917761928114,0.5
habit_test_01053,003470_01,S7414,early,all_five,0,0.06238276756914284,0.5
habit_test_01054,003470_01,S7414,ready,all_five,1,0.7335408777865954,0.5
habit_test_01055,003470_02,S7414,early,all_five,0,0.06456366469509713,0.5
habit_test_01056,003470_02,S7414,ready,all_five,1,0.9171302252605659,0.5
habit_test_01057,003472_01,S7414,early,all_five,0,0.08392159655387291,0.5
habit_test_01058,003472_01,S7414,ready,all_five,1,0.8703343455017053,0.5
habit_test_01059,003472_02,S7414,early,all_five,0,0.05486151215201614,0.5
habit_test_01060,003472_02,S7414,ready,all_five,1,0.8749550508504764,0.5
habit_test_01061,003473_01,S7414,early,all_five,0,0.12362581641521464,0.5
habit_test_01062,003473_01,S7414,ready,all_five,1,0.9428963007078834,0.5
habit_test_01063,003473_02,S7414,early,all_five,0,0.10806859821546849,0.5
habit_test_01064,003473_02,S7414,ready,all_five,1,0.9002287975675315,0.5
habit_test_01065,003474_01,S7414,early,all_five,0,0.1221589736068992,0.5
habit_test_01066,003474_01,S7414,ready,all_five,1,0.9115001963658548,0.5
habit_test_01067,003474_02,S7414,early,all_five,0,0.17834102686610986,0.5
habit_test_01068,003474_02,S7414,ready,all_five,1,0.9380594450842419,0.5
habit_test_01069,003475_01,S7414,early,all_five,0,0.09434537995775391,0.5
habit_test_01070,003475_01,S7414,ready,all_five,1,0.9035045438482034,0.5
habit_test_01071,003475_02,S7414,early,all_five,0,0.15060065176721138,0.5
habit_test_01072,003475_02,S7414,ready,all_five,1,0.885157792718002,0.5
habit_test_01073,003476_01,S7414,early,all_five,0,0.05864851992077121,0.5
habit_test_01074,003476_01,S7414,ready,all_five,1,0.8922410197598986,0.5
habit_test_01075,003476_02,S7414,early,all_five,0,0.08748665879486711,0.5
habit_test_01076,003476_02,S7414,ready,all_five,1,0.8917529526164197,0.5
habit_test_01077,003477_01,S7414,early,all_five,0,0.04466960551323179,0.5
habit_test_01078,003477_01,S7414,ready,all_five,1,0.8449822923688499,0.5
habit_test_01079,003477_02,S7414,early,all_five,0,0.17062401781847306,0.5
habit_test_01080,003477_02,S7414,ready,all_five,1,0.8074811517477348,0.5
habit_test_01081,003478_01,S7414,early,all_five,0,0.09518481684132918,0.5
habit_test_01082,003478_01,S7414,ready,all_five,1,0.9335134084950993,0.5
habit_test_01083,003478_02,S7414,early,all_five,0,0.22295338719236799,0.5
habit_test_01084,003478_02,S7414,ready,all_five,1,0.8587937907441524,0.5
habit_test_01085,003479_01,S7414,early,all_five,0,0.09620258716988686,0.5
habit_test_01086,003479_01,S7414,ready,all_five,1,0.859999350967153,0.5
habit_test_01087,003479_02,S7414,early,all_five,0,0.04791767804000668,0.5
habit_test_01088,003479_02,S7414,ready,all_five,1,0.9315604365998164,0.5
habit_test_01089,003480_01,S7414,early,all_five,0,0.07104404399656207,0.5
habit_test_01090,003480_01,S7414,ready,all_five,1,0.8402106815114859,0.5
habit_test_01091,003480_02,S7414,early,all_five,0,0.055830802936281794,0.5
habit_test_01092,003480_02,S7414,ready,all_five,1,0.6687676938227145,0.5
habit_test_01093,003482_01,S7414,early,all_five,0,0.08024361099355062,0.5
habit_test_01094,003482_01,S7414,ready,all_five,1,0.9201948963432505,0.5
habit_test_01095,003482_02,S7414,early,all_five,0,0.09877412599776332,0.5
habit_test_01096,003482_02,S7414,ready,all_five,1,0.9085795468511323,0.5
habit_test_01097,003483_01,S7414,early,all_five,0,0.07013061536613617,0.5
habit_test_01098,003483_01,S7414,ready,all_five,1,0.9340882421471285,0.5
habit_test_01099,003483_02,S7414,early,all_five,0,0.15570193129345924,0.5
habit_test_01100,003483_02,S7414,ready,all_five,1,0.8529348009307612,0.5
habit_test_01101,003485_01,S7414,early,all_five,0,0.0584627541901505,0.5
habit_test_01102,003485_01,S7414,ready,all_five,1,0.8596262637668295,0.5
habit_test_01103,003485_02,S7414,early,all_five,0,0.09316620312767492,0.5
habit_test_01104,003485_02,S7414,ready,all_five,1,0.8963786607779303,0.5
habit_test_01105,003486_01,S7414,early,all_five,0,0.06310726316620474,0.5
habit_test_01106,003486_01,S7414,ready,all_five,1,0.8886228690957211,0.5
habit_test_01107,003486_02,S7414,early,all_five,0,0.11634610666041645,0.5
habit_test_01108,003486_02,S7414,ready,all_five,1,0.9499702144497648,0.5
habit_test_01109,003487_01,S7414,early,all_five,0,0.02488639511095892,0.5
habit_test_01110,003487_01,S7414,ready,all_five,1,0.8863548909205604,0.5
habit_test_01111,003487_02,S7414,early,all_five,0,0.16522864274087473,0.5
habit_test_01112,003487_02,S7414,ready,all_five,1,0.8930110222441626,0.5
habit_test_01113,003489_01,S7414,early,all_five,0,0.0500944365312612,0.5
habit_test_01114,003489_01,S7414,ready,all_five,1,0.9049396458211925,0.5
habit_test_01115,003489_02,S7414,early,all_five,0,0.10100561918051197,0.5
habit_test_01116,003489_02,S7414,ready,all_five,1,0.8501645051834454,0.5
habit_test_01117,003490_01,S7414,early,all_five,0,0.04801192335946423,0.5
habit_test_01118,003490_01,S7414,ready,all_five,1,0.8532464405001646,0.5
habit_test_01119,003490_02,S7414,early,all_five,0,0.05558152064441265,0.5
habit_test_01120,003490_02,S7414,ready,all_five,1,0.8576715038426427,0.5
habit_test_01121,003491_01,S7414,early,all_five,0,0.042150733354277194,0.5
habit_test_01122,003491_01,S7414,ready,all_five,1,0.929716643045475,0.5
habit_test_01123,003491_02,S7414,early,all_five,0,0.07878704893505624,0.5
habit_test_01124,003491_02,S7414,ready,all_five,1,0.8844755281626597,0.5
habit_test_01125,003493_01,S7414,early,all_five,0,0.04531614296594663,0.5
habit_test_01126,003493_01,S7414,ready,all_five,1,0.9521663853875101,0.5
habit_test_01127,003493_02,S7414,early,all_five,0,0.07396105580805283,0.5
habit_test_01128,003493_02,S7414,ready,all_five,1,0.9071359091183478,0.5
habit_test_01129,003494_01,S7414,early,all_five,0,0.06728592454553375,0.5
habit_test_01130,003494_01,S7414,ready,all_five,1,0.8158897654164732,0.5
habit_test_01131,003494_02,S7414,early,all_five,0,0.06406519050312133,0.5
habit_test_01132,003494_02,S7414,ready,all_five,1,0.9078059299393179,0.5
habit_test_01133,003495_01,S7414,early,all_five,0,0.04738651189585664,0.5
habit_test_01134,003495_01,S7414,ready,all_five,1,0.8736190253373612,0.5
habit_test_01135,003495_02,S7414,early,all_five,0,0.052161658316285144,0.5
habit_test_01136,003495_02,S7414,ready,all_five,1,0.881813179847362,0.5
habit_test_01137,003496_01,S7414,early,all_five,0,0.06290582917422688,0.5
habit_test_01138,003496_01,S7414,ready,all_five,1,0.9235974945328258,0.5
habit_test_01139,003496_02,S7414,early,all_five,0,0.05294154487070939,0.5
habit_test_01140,003496_02,S7414,ready,all_five,1,0.9562093748255257,0.5
habit_test_01141,003497_01,S7414,early,all_five,0,0.05073393763638955,0.5
habit_test_01142,003497_01,S7414,ready,all_five,1,0.9471283530928821,0.5
habit_test_01143,003497_02,S7414,early,all_five,0,0.059663278720489814,0.5
habit_test_01144,003497_02,S7414,ready,all_five,1,0.9235769625119162,0.5
habit_test_01145,003499_01,S7414,early,all_five,0,0.02954202293103854,0.5
habit_test_01146,003499_01,S7414,ready,all_five,1,0.9271607514637003,0.5
habit_test_01147,003499_02,S7414,early,all_five,0,0.161389497443994,0.5
habit_test_01148,003499_02,S7414,ready,all_five,1,0.6680740150269964,0.5
habit_test_01149,003500_01,S7414,early,all_five,0,0.08259202229069523,0.5
habit_test_01150,003500_01,S7414,ready,all_five,1,0.8785789461568829,0.5
habit_test_01151,003500_02,S7414,early,all_five,0,0.15154733569153805,0.5
habit_test_01152,003500_02,S7414,ready,all_five,1,0.776695527759083,0.5
habit_test_01153,003503_01,S7414,early,all_five,0,0.028559801009687868,0.5
habit_test_01154,003503_01,S7414,ready,all_five,1,0.8288615864450406,0.5
habit_test_01155,003503_02,S7414,early,all_five,0,0.04062072542313355,0.5
habit_test_01156,003503_02,S7414,ready,all_five,1,0.639593948962325,0.5
habit_test_01157,003504_01,S7414,early,all_five,0,0.024485416461105896,0.5
habit_test_01158,003504_01,S7414,ready,all_five,1,0.8968096434097385,0.5
habit_test_01159,003504_02,S7414,early,all_five,0,0.07093452596409752,0.5
habit_test_01160,003504_02,S7414,ready,all_five,1,0.8794506273465759,0.5
habit_test_01161,003505_01,S7414,early,all_five,0,0.042910468017024576,0.5
habit_test_01162,003505_01,S7414,ready,all_five,1,0.8760557364786247,0.5
habit_test_01163,003505_02,S7414,early,all_five,0,0.03254825539382296,0.5
habit_test_01164,003505_02,S7414,ready,all_five,1,0.9047697031697418,0.5
habit_test_01165,003506_01,S7414,early,all_five,0,0.05757546469797031,0.5
habit_test_01166,003506_01,S7414,ready,all_five,1,0.9148133259695193,0.5
habit_test_01167,003506_02,S7414,early,all_five,0,0.08728774691828678,0.5
habit_test_01168,003506_02,S7414,ready,all_five,1,0.9398517184347797,0.5
habit_test_01169,003507_01,S7414,early,all_five,0,0.03231707962892576,0.5
habit_test_01170,003507_01,S7414,ready,all_five,1,0.8863528756257605,0.5
habit_test_01171,003507_02,S7414,early,all_five,0,0.03816847256650015,0.5
habit_test_01172,003507_02,S7414,ready,all_five,1,0.9288238819306399,0.5
habit_test_01173,003508_01,S7414,early,all_five,0,0.054476784356492815,0.5
habit_test_01174,003508_01,S7414,ready,all_five,1,0.8443557863227477,0.5
habit_test_01175,003508_02,S7414,early,all_five,0,0.11844599060045408,0.5
habit_test_01176,003508_02,S7414,ready,all_five,1,0.9282816375695057,0.5
habit_test_01177,003510_01,S7414,early,all_five,0,0.034803836083134095,0.5
habit_test_01178,003510_01,S7414,ready,all_five,1,0.9257554763963031,0.5
habit_test_01179,003510_02,S7414,early,all_five,0,0.10232005552193577,0.5
habit_test_01180,003510_02,S7414,ready,all_five,1,0.8710547224852939,0.5
habit_test_01181,003511_01,S7414,early,all_five,0,0.06113579624835825,0.5
habit_test_01182,003511_01,S7414,ready,all_five,1,0.8019903653614426,0.5
habit_test_01183,003511_02,S7414,early,all_five,0,0.2051076618243593,0.5
habit_test_01184,003511_02,S7414,ready,all_five,1,0.8648301517092724,0.5
habit_test_01185,003513_01,S7414,early,all_five,0,0.059200471397534385,0.5
habit_test_01186,003513_01,S7414,ready,all_five,1,0.92448266136939,0.5
habit_test_01187,003513_02,S7414,early,all_five,0,0.1306421112342805,0.5
habit_test_01188,003513_02,S7414,ready,all_five,1,0.8869838551281585,0.5
habit_test_01189,003514_01,S7414,early,all_five,0,0.06863597982349508,0.5
habit_test_01190,003514_01,S7414,ready,all_five,1,0.7208561472731047,0.5
habit_test_01191,003514_02,S7414,early,all_five,0,0.13617540782757484,0.5
habit_test_01192,003514_02,S7414,ready,all_five,1,0.9000360193845695,0.5
habit_test_01193,003515_01,S7414,early,all_five,0,0.051202904729852665,0.5
habit_test_01194,003515_01,S7414,ready,all_five,1,0.8681934464154374,0.5
habit_test_01195,003515_02,S7414,early,all_five,0,0.1025037361694209,0.5
habit_test_01196,003515_02,S7414,ready,all_five,1,0.9523974065634,0.5
habit_test_01197,003516_01,S7414,early,all_five,0,0.1467353994510785,0.5
habit_test_01198,003516_01,S7414,ready,all_five,1,0.8838153012905875,0.5
habit_test_01199,003516_02,S7414,early,all_five,0,0.06704028941059051,0.5
habit_test_01200,003516_02,S7414,ready,all_five,1,0.8819213157867102,0.5
habit_test_01201,003517_01,S7414,early,all_five,0,0.036618663396148526,0.5
habit_test_01202,003517_01,S7414,ready,all_five,1,0.926244394641321,0.5
habit_test_01203,003517_02,S7414,early,all_five,0,0.06242401457450491,0.5
habit_test_01204,003517_02,S7414,ready,all_five,1,0.8357227893823889,0.5
habit_test_01205,003518_01,S7414,early,all_five,0,0.06354005838223412,0.5
habit_test_01206,003518_01,S7414,ready,all_five,1,0.9359340552379012,0.5
habit_test_01207,003518_02,S7414,early,all_five,0,0.05691340110785497,0.5
habit_test_01208,003518_02,S7414,ready,all_five,1,0.9290444054529465,0.5
habit_test_01209,003520_01,S7414,early,all_five,0,0.05097973659224409,0.5
habit_test_01210,003520_01,S7414,ready,all_five,1,0.7927772504462562,0.5
habit_test_01211,003520_02,S7414,early,all_five,0,0.06842388392445921,0.5
habit_test_01212,003520_02,S7414,ready,all_five,1,0.9188611389880934,0.5
habit_test_01213,003521_01,S7414,early,all_five,0,0.10864268724579716,0.5
habit_test_01214,003521_01,S7414,ready,all_five,1,0.9115438223679485,0.5
habit_test_01215,003521_02,S7414,early,all_five,0,0.051846149556130094,0.5
habit_test_01216,003521_02,S7414,ready,all_five,1,0.940065318148438,0.5
habit_test_01217,003522_01,S7414,early,all_five,0,0.10274656495987086,0.5
habit_test_01218,003522_01,S7414,ready,all_five,1,0.9478076748154716,0.5
habit_test_01219,003522_02,S7414,early,all_five,0,0.07254501961060653,0.5
habit_test_01220,003522_02,S7414,ready,all_five,1,0.9143203789199812,0.5
habit_test_01221,003523_01,S7414,early,all_five,0,0.07940377830324294,0.5
habit_test_01222,003523_01,S7414,ready,all_five,1,0.895153780849307,0.5
habit_test_01223,003523_02,S7414,early,all_five,0,0.06519765456031629,0.5
habit_test_01224,003523_02,S7414,ready,all_five,1,0.9188460467427524,0.5
habit_test_01225,003524_01,S7414,early,all_five,0,0.12621054689636688,0.5
habit_test_01226,003524_01,S7414,ready,all_five,1,0.9135070877224816,0.5
habit_test_01227,003524_02,S7414,early,all_five,0,0.05715312750718013,0.5
habit_test_01228,003524_02,S7414,ready,all_five,1,0.9092660044441999,0.5
habit_test_01229,003525_01,S7414,early,all_five,0,0.15119566489194763,0.5
habit_test_01230,003525_01,S7414,ready,all_five,1,0.9286505355650415,0.5
habit_test_01231,003525_02,S7414,early,all_five,0,0.1496991434125362,0.5
habit_test_01232,003525_02,S7414,ready,all_five,1,0.8588516496981466,0.5
habit_test_01233,003527_01,S7414,early,all_five,0,0.05333675551067603,0.5
habit_test_01234,003527_01,S7414,ready,all_five,1,0.8850588476887926,0.5
habit_test_01235,003527_02,S7414,early,all_five,0,0.2127320308813952,0.5
habit_test_01236,003527_02,S7414,ready,all_five,1,0.8465793923214707,0.5
habit_test_01237,003528_01,S7414,early,all_five,0,0.0781774035574942,0.5
habit_test_01238,003528_01,S7414,ready,all_five,1,0.9406447987250119,0.5
habit_test_01239,003528_02,S7414,early,all_five,0,0.13984083239988976,0.5
habit_test_01240,003528_02,S7414,ready,all_five,1,0.9036439647488537,0.5
habit_test_01241,003529_01,S7414,early,all_five,0,0.07075519587405725,0.5
habit_test_01242,003529_01,S7414,ready,all_five,1,0.8952290785283662,0.5
habit_test_01243,003529_02,S7414,early,all_five,0,0.06617110383633812,0.5
habit_test_01244,003529_02,S7414,ready,all_five,1,0.8787919932332129,0.5
habit_test_01245,003530_01,S7414,early,all_five,0,0.06671376815265594,0.5
habit_test_01246,003530_01,S7414,ready,all_five,1,0.9565405169912521,0.5
habit_test_01247,003530_02,S7414,early,all_five,0,0.14437727255707664,0.5
habit_test_01248,003530_02,S7414,ready,all_five,1,0.9382737068352387,0.5
habit_test_01249,003531_01,S7414,early,all_five,0,0.061994975683136645,0.5
habit_test_01250,003531_01,S7414,ready,all_five,1,0.9489433046260173,0.5
habit_test_01251,003531_02,S7414,early,all_five,0,0.07246384967360502,0.5
habit_test_01252,003531_02,S7414,ready,all_five,1,0.8931019344304898,0.5
habit_test_01253,003532_01,S7414,early,all_five,0,0.05874117176343344,0.5
habit_test_01254,003532_01,S7414,ready,all_five,1,0.7502487440635983,0.5
habit_test_01255,003532_02,S7414,early,all_five,0,0.08391661756480136,0.5
habit_test_01256,003532_02,S7414,ready,all_five,1,0.7467925150666296,0.5
habit_test_01257,003534_01,S7414,early,all_five,0,0.05455123077568645,0.5
habit_test_01258,003534_01,S7414,ready,all_five,1,0.915440612303033,0.5
habit_test_01259,003534_02,S7414,early,all_five,0,0.056751577390847685,0.5
habit_test_01260,003534_02,S7414,ready,all_five,1,0.8238820980135664,0.5
habit_test_01261,003535_01,S7414,early,all_five,0,0.04506926084396295,0.5
habit_test_01262,003535_01,S7414,ready,all_five,1,0.8852534936981148,0.5
habit_test_01263,003535_02,S7414,early,all_five,0,0.04867313067438315,0.5
habit_test_01264,003535_02,S7414,ready,all_five,1,0.8303888191927552,0.5
habit_test_01265,003536_01,S7414,early,all_five,0,0.08039720681423469,0.5
habit_test_01266,003536_01,S7414,ready,all_five,1,0.9103241635363463,0.5
habit_test_01267,003536_02,S7414,early,all_five,0,0.08781959772422522,0.5
habit_test_01268,003536_02,S7414,ready,all_five,1,0.8402369252859704,0.5
habit_test_01269,003537_01,S7414,early,all_five,0,0.04152506762573573,0.5
habit_test_01270,003537_01,S7414,ready,all_five,1,0.9322432849602083,0.5
habit_test_01271,003537_02,S7414,early,all_five,0,0.12921835012655633,0.5
habit_test_01272,003537_02,S7414,ready,all_five,1,0.8777954497652093,0.5
habit_test_01273,003538_01,S7414,early,all_five,0,0.09910322298635338,0.5
habit_test_01274,003538_01,S7414,ready,all_five,1,0.9721439483374834,0.5
habit_test_01275,003538_02,S7414,early,all_five,0,0.1857895667231167,0.5
habit_test_01276,003538_02,S7414,ready,all_five,1,0.8500690569179774,0.5
habit_test_01277,003539_01,S7414,early,all_five,0,0.16590470174008543,0.5
habit_test_01278,003539_01,S7414,ready,all_five,1,0.9327567293189057,0.5
habit_test_01279,003539_02,S7414,early,all_five,0,0.524818490874676,0.5
habit_test_01280,003539_02,S7414,ready,all_five,1,0.8478168794715762,0.5
habit_test_01281,003540_01,S7414,early,all_five,0,0.06882887801461936,0.5
habit_test_01282,003540_01,S7414,ready,all_five,1,0.9698948389532533,0.5
habit_test_01283,003540_02,S7414,early,all_five,0,0.13766683106679,0.5
habit_test_01284,003540_02,S7414,ready,all_five,1,0.8122820833632072,0.5
habit_test_01285,003541_01,S7414,early,all_five,0,0.06081873235657954,0.5
habit_test_01286,003541_01,S7414,ready,all_five,1,0.9802698483994897,0.5
habit_test_01287,003541_02,S7414,early,all_five,0,0.12017673919691528,0.5
habit_test_01288,003541_02,S7414,ready,all_five,1,0.893463261911562,0.5
habit_test_01289,003542_01,S7414,early,all_five,0,0.1350976792810891,0.5
habit_test_01290,003542_01,S7414,ready,all_five,1,0.9525503772670171,0.5
habit_test_01291,003542_02,S7414,early,all_five,0,0.07128495567538971,0.5
habit_test_01292,003542_02,S7414,ready,all_five,1,0.9008960771763769,0.5
habit_test_01293,003543_01,S7414,early,all_five,0,0.03580384760682648,0.5
habit_test_01294,003543_01,S7414,ready,all_five,1,0.9448410200382612,0.5
habit_test_01295,003543_02,S7414,early,all_five,0,0.0626675351772761,0.5
habit_test_01296,003543_02,S7414,ready,all_five,1,0.9598213685501191,0.5
habit_test_01297,003544_01,S7414,early,all_five,0,0.05257494101104737,0.5
habit_test_01298,003544_01,S7414,ready,all_five,1,0.9202183875687007,0.5
habit_test_01299,003544_02,S7414,early,all_five,0,0.10026624237803762,0.5
habit_test_01300,003544_02,S7414,ready,all_five,1,0.9551679697523104,0.5
habit_test_01301,003546_01,S7414,early,all_five,0,0.09464472941012347,0.5
habit_test_01302,003546_01,S7414,ready,all_five,1,0.9416834508429588,0.5
habit_test_01303,003546_02,S7414,early,all_five,0,0.060428108524524224,0.5
habit_test_01304,003546_02,S7414,ready,all_five,1,0.9557685505140482,0.5
habit_test_01305,003547_01,S7414,early,all_five,0,0.17713547862115325,0.5
habit_test_01306,003547_01,S7414,ready,all_five,1,0.8450891181312339,0.5
habit_test_01307,003547_02,S7414,early,all_five,0,0.11857642948827406,0.5
habit_test_01308,003547_02,S7414,ready,all_five,1,0.9279492326105897,0.5
habit_test_01309,003549_01,S7414,early,all_five,0,0.06735401379676624,0.5
habit_test_01310,003549_01,S7414,ready,all_five,1,0.9113664067898717,0.5
habit_test_01311,003549_02,S7414,early,all_five,0,0.17512439413392727,0.5
habit_test_01312,003549_02,S7414,ready,all_five,1,0.9353797756148718,0.5
habit_test_01313,003550_01,S7414,early,all_five,0,0.05448095774057377,0.5
habit_test_01314,003550_01,S7414,ready,all_five,1,0.7979994430628446,0.5
habit_test_01315,003550_02,S7414,early,all_five,0,0.12409674251372337,0.5
habit_test_01316,003550_02,S7414,ready,all_five,1,0.8837547568799359,0.5
habit_test_01317,003551_01,S7414,early,all_five,0,0.06676374819555213,0.5
habit_test_01318,003551_01,S7414,ready,all_five,1,0.86726144279319,0.5
habit_test_01319,003551_02,S7414,early,all_five,0,0.10398435161827169,0.5
habit_test_01320,003551_02,S7414,ready,all_five,1,0.8624220355228763,0.5
habit_test_01321,003552_01,S7414,early,all_five,0,0.06566771338561998,0.5
habit_test_01322,003552_01,S7414,ready,all_five,1,0.8746971049329962,0.5
habit_test_01323,003552_02,S7414,early,all_five,0,0.16210518823964468,0.5
habit_test_01324,003552_02,S7414,ready,all_five,1,0.9006733176267419,0.5
habit_test_01325,003553_01,S7414,early,all_five,0,0.11346252728902835,0.5
habit_test_01326,003553_01,S7414,ready,all_five,1,0.8981893142446336,0.5
habit_test_01327,003553_02,S7414,early,all_five,0,0.14686513953869396,0.5
habit_test_01328,003553_02,S7414,ready,all_five,1,0.8961339466880222,0.5
habit_test_01329,003555_01,S7414,early,all_five,0,0.07543185586646593,0.5
habit_test_01330,003555_01,S7414,ready,all_five,1,0.8508738379985321,0.5
habit_test_01331,003555_02,S7414,early,all_five,0,0.052583981098724905,0.5
habit_test_01332,003555_02,S7414,ready,all_five,1,0.9499098009975652,0.5
habit_test_01333,003556_01,S7414,early,all_five,0,0.15442747248811142,0.5
habit_test_01334,003556_01,S7414,ready,all_five,1,0.8977252918127234,0.5
habit_test_01335,003556_02,S7414,early,all_five,0,0.10649734712918658,0.5
habit_test_01336,003556_02,S7414,ready,all_five,1,0.9544781784717592,0.5
habit_test_01337,003557_01,S7414,early,all_five,0,0.051274430631781207,0.5
habit_test_01338,003557_01,S7414,ready,all_five,1,0.8731135067462108,0.5
habit_test_01339,003557_02,S7414,early,all_five,0,0.13206590643708088,0.5
habit_test_01340,003557_02,S7414,ready,all_five,1,0.9225968523587871,0.5
habit_test_01341,003748_01,S7414,early,all_five,0,0.06338169650790393,0.5
habit_test_01342,003748_01,S7414,ready,all_five,1,0.7890540401975946,0.5
habit_test_01343,003748_02,S7414,early,all_five,0,0.10719014966424742,0.5
habit_test_01344,003748_02,S7414,ready,all_five,1,0.7864903148159871,0.5
habit_test_01345,003749_01,S7414,early,all_five,0,0.07539446122859438,0.5
habit_test_01346,003749_01,S7414,ready,all_five,1,0.8154496345843755,0.5
habit_test_01347,003749_02,S7414,early,all_five,0,0.09217654833910383,0.5
habit_test_01348,003749_02,S7414,ready,all_five,1,0.8725262315372249,0.5
habit_test_01349,003750_01,S7414,early,all_five,0,0.11105051740439359,0.5
habit_test_01350,003750_01,S7414,ready,all_five,1,0.9047929188259686,0.5
habit_test_01351,003750_02,S7414,early,all_five,0,0.2382824775146346,0.5
habit_test_01352,003750_02,S7414,ready,all_five,1,0.8830336548537074,0.5
habit_test_01353,003751_01,S7414,early,all_five,0,0.11213788320612121,0.5
habit_test_01354,003751_01,S7414,ready,all_five,1,0.9414265519517548,0.5
habit_test_01355,003751_02,S7414,early,all_five,0,0.09217566475536433,0.5
habit_test_01356,003751_02,S7414,ready,all_five,1,0.9241018937074305,0.5
habit_test_01357,003752_01,S7414,early,all_five,0,0.1395853437733291,0.5
habit_test_01358,003752_01,S7414,ready,all_five,1,0.9020685790359131,0.5
habit_test_01359,003752_02,S7414,early,all_five,0,0.08652740417059661,0.5
habit_test_01360,003752_02,S7414,ready,all_five,1,0.7321706679684759,0.5
habit_test_01361,003753_01,S7414,early,all_five,0,0.10056295297408514,0.5
habit_test_01362,003753_01,S7414,ready,all_five,1,0.862781120563397,0.5
habit_test_01363,003753_02,S7414,early,all_five,0,0.0686950201797908,0.5
habit_test_01364,003753_02,S7414,ready,all_five,1,0.8867979728410196,0.5
habit_test_01365,003754_01,S7414,early,all_five,0,0.11407988003884141,0.5
habit_test_01366,003754_01,S7414,ready,all_five,1,0.9105571264326536,0.5
habit_test_01367,003754_02,S7414,early,all_five,0,0.15802180023343412,0.5
habit_test_01368,003754_02,S7414,ready,all_five,1,0.8725211184220013,0.5
habit_test_01369,003755_01,S7414,early,all_five,0,0.0976718059569643,0.5
habit_test_01370,003755_01,S7414,ready,all_five,1,0.8746197197699694,0.5
habit_test_01371,003755_02,S7414,early,all_five,0,0.04782609045980332,0.5
habit_test_01372,003755_02,S7414,ready,all_five,1,0.9355670904184767,0.5
habit_test_01373,003756_01,S7414,early,all_five,0,0.05648274188390489,0.5
habit_test_01374,003756_01,S7414,ready,all_five,1,0.9032688747661259,0.5
habit_test_01375,003756_02,S7414,early,all_five,0,0.06423897233136162,0.5
habit_test_01376,003756_02,S7414,ready,all_five,1,0.8673844460298887,0.5
habit_test_01377,003757_01,S7414,early,all_five,0,0.12489510099309328,0.5
habit_test_01378,003757_01,S7414,ready,all_five,1,0.8946361443824792,0.5
habit_test_01379,003757_02,S7414,early,all_five,0,0.055764735847579364,0.5
habit_test_01380,003757_02,S7414,ready,all_five,1,0.832412853660863,0.5
habit_test_01381,003758_01,S7414,early,all_five,0,0.05001049055004591,0.5
habit_test_01382,003758_01,S7414,ready,all_five,1,0.903389361653345,0.5
habit_test_01383,003758_02,S7414,early,all_five,0,0.3260594518140174,0.5
habit_test_01384,003758_02,S7414,ready,all_five,1,0.920792281341384,0.5
habit_test_01385,003759_01,S7414,early,all_five,0,0.08424426505841741,0.5
habit_test_01386,003759_01,S7414,ready,all_five,1,0.9574784651555189,0.5
habit_test_01387,003759_02,S7414,early,all_five,0,0.05631864446693011,0.5
habit_test_01388,003759_02,S7414,ready,all_five,1,0.8434389699625535,0.5
habit_test_01389,003760_01,S7414,early,all_five,0,0.11313477488017978,0.5
habit_test_01390,003760_01,S7414,ready,all_five,1,0.9082911767518651,0.5
habit_test_01391,003760_02,S7414,early,all_five,0,0.15101240628458504,0.5
habit_test_01392,003760_02,S7414,ready,all_five,1,0.9128256164682026,0.5
habit_test_01393,003761_01,S7414,early,all_five,0,0.10628432683429903,0.5
habit_test_01394,003761_01,S7414,ready,all_five,1,0.8937346065425517,0.5
habit_test_01395,003761_02,S7414,early,all_five,0,0.24293498196534388,0.5
habit_test_01396,003761_02,S7414,ready,all_five,1,0.8783023649055385,0.5
habit_test_01397,003762_01,S7414,early,all_five,0,0.116944652064869,0.5
habit_test_01398,003762_01,S7414,ready,all_five,1,0.8412700941923906,0.5
habit_test_01399,003762_02,S7414,early,all_five,0,0.07814743751155417,0.5
habit_test_01400,003762_02,S7414,ready,all_five,1,0.8906390938934542,0.5
habit_test_01401,003763_01,S7414,early,all_five,0,0.05028903532486039,0.5
habit_test_01402,003763_01,S7414,ready,all_five,1,0.9068237963986836,0.5
habit_test_01403,003763_02,S7414,early,all_five,0,0.12607456233476427,0.5
habit_test_01404,003763_02,S7414,ready,all_five,1,0.8295940040524198,0.5
habit_test_01405,003764_01,S7414,early,all_five,0,0.03243562137386019,0.5
habit_test_01406,003764_01,S7414,ready,all_five,1,0.7702282523577375,0.5
habit_test_01407,003764_02,S7414,early,all_five,0,0.10543828264328295,0.5
habit_test_01408,003764_02,S7414,ready,all_five,1,0.9092244101044322,0.5
habit_test_01409,003766_01,S7414,early,all_five,0,0.07266133589974853,0.5
habit_test_01410,003766_01,S7414,ready,all_five,1,0.8410496516637513,0.5
habit_test_01411,003766_02,S7414,early,all_five,0,0.10430342165959584,0.5
habit_test_01412,003766_02,S7414,ready,all_five,1,0.9106385407831854,0.5
habit_test_01413,003767_01,S7414,early,all_five,0,0.04662510764834684,0.5
habit_test_01414,003767_01,S7414,ready,all_five,1,0.9072987716689579,0.5
habit_test_01415,003767_02,S7414,early,all_five,0,0.04451361046220553,0.5
habit_test_01416,003767_02,S7414,ready,all_five,1,0.9505718344589308,0.5
habit_test_01417,003768_01,S7414,early,all_five,0,0.03173336560747189,0.5
habit_test_01418,003768_01,S7414,ready,all_five,1,0.954900718719947,0.5
habit_test_01419,003768_02,S7414,early,all_five,0,0.05552839335938948,0.5
habit_test_01420,003768_02,S7414,ready,all_five,1,0.968838623763814,0.5
habit_test_01421,003769_01,S7414,early,all_five,0,0.05207466376506704,0.5
habit_test_01422,003769_01,S7414,ready,all_five,1,0.9082145652957242,0.5
habit_test_01423,003769_02,S7414,early,all_five,0,0.09983537088763988,0.5
habit_test_01424,003769_02,S7414,ready,all_five,1,0.9216195386220216,0.5
habit_test_01425,003770_01,S7414,early,all_five,0,0.10301926730308014,0.5
habit_test_01426,003770_01,S7414,ready,all_five,1,0.8858277142194556,0.5
habit_test_01427,003770_02,S7414,early,all_five,0,0.08918988066073683,0.5
habit_test_01428,003770_02,S7414,ready,all_five,1,0.8793138634689052,0.5
habit_test_01429,003772_01,S7414,early,all_five,0,0.04463611010200411,0.5
habit_test_01430,003772_01,S7414,ready,all_five,1,0.9121891306555086,0.5
habit_test_01431,003772_02,S7414,early,all_five,0,0.17359365412709138,0.5
habit_test_01432,003772_02,S7414,ready,all_five,1,0.9304435376584859,0.5
habit_test_01433,003773_01,S7414,early,all_five,0,0.0398480496688474,0.5
habit_test_01434,003773_01,S7414,ready,all_five,1,0.9391087426465978,0.5
habit_test_01435,003773_02,S7414,early,all_five,0,0.09579543562644845,0.5
habit_test_01436,003773_02,S7414,ready,all_five,1,0.9596178425536808,0.5
habit_test_01437,003774_01,S7414,early,all_five,0,0.03513457633180108,0.5
habit_test_01438,003774_01,S7414,ready,all_five,1,0.8701237486633798,0.5
habit_test_01439,003774_02,S7414,early,all_five,0,0.08777451115525099,0.5
habit_test_01440,003774_02,S7414,ready,all_five,1,0.9352212089917369,0.5
habit_test_01441,003776_01,S7414,early,all_five,0,0.03399585317583139,0.5
habit_test_01442,003776_01,S7414,ready,all_five,1,0.921013161126027,0.5
habit_test_01443,003776_02,S7414,early,all_five,0,0.1742488573257872,0.5
habit_test_01444,003776_02,S7414,ready,all_five,1,0.7887569930486531,0.5
habit_test_01445,003777_01,S7414,early,all_five,0,0.021738793397222393,0.5
habit_test_01446,003777_01,S7414,ready,all_five,1,0.9608667535048827,0.5
habit_test_01447,003777_02,S7414,early,all_five,0,0.09869579601087089,0.5
habit_test_01448,003777_02,S7414,ready,all_five,1,0.9441384768505177,0.5
habit_test_01449,003778_01,S7414,early,all_five,0,0.02746044886925465,0.5
habit_test_01450,003778_01,S7414,ready,all_five,1,0.9112507356647809,0.5
habit_test_01451,003778_02,S7414,early,all_five,0,0.17512011390682652,0.5
habit_test_01452,003778_02,S7414,ready,all_five,1,0.7942793536741657,0.5
habit_test_01453,003779_01,S7414,early,all_five,0,0.01433010967669757,0.5
habit_test_01454,003779_01,S7414,ready,all_five,1,0.9378546603981958,0.5
habit_test_01455,003779_02,S7414,early,all_five,0,0.07196415765827929,0.5
habit_test_01456,003779_02,S7414,ready,all_five,1,0.9015027454026636,0.5
habit_test_01457,003780_01,S7414,early,all_five,0,0.04373269662676495,0.5
habit_test_01458,003780_01,S7414,ready,all_five,1,0.961318404130851,0.5
habit_test_01459,003780_02,S7414,early,all_five,0,0.06228894806967299,0.5
habit_test_01460,003780_02,S7414,ready,all_five,1,0.9355902316639692,0.5
habit_test_01461,003781_01,S7414,early,all_five,0,0.06564932650158657,0.5
habit_test_01462,003781_01,S7414,ready,all_five,1,0.9731903401438236,0.5
habit_test_01463,003781_02,S7414,early,all_five,0,0.043753285625895436,0.5
habit_test_01464,003781_02,S7414,ready,all_five,1,0.9272564132316787,0.5
habit_test_01465,003782_01,S7414,early,all_five,0,0.03285835491805582,0.5
habit_test_01466,003782_01,S7414,ready,all_five,1,0.8855642912835127,0.5
habit_test_01467,003782_02,S7414,early,all_five,0,0.04990912235500123,0.5
habit_test_01468,003782_02,S7414,ready,all_five,1,0.9168685198442519,0.5
habit_test_01469,003784_01,S7414,early,all_five,0,0.0605510922501631,0.5
habit_test_01470,003784_01,S7414,ready,all_five,1,0.8578985065118525,0.5
habit_test_01471,003784_02,S7414,early,all_five,0,0.10179440770532658,0.5
habit_test_01472,003784_02,S7414,ready,all_five,1,0.8664569477982332,0.5
habit_test_01473,003785_01,S7414,early,all_five,0,0.042596496021592545,0.5
habit_test_01474,003785_01,S7414,ready,all_five,1,0.7325378258638541,0.5
habit_test_01475,003785_02,S7414,early,all_five,0,0.0510194755440677,0.5
habit_test_01476,003785_02,S7414,ready,all_five,1,0.8549261748496209,0.5
habit_test_01477,003786_01,S7414,early,all_five,0,0.09821637844547179,0.5
habit_test_01478,003786_01,S7414,ready,all_five,1,0.8608384276138119,0.5
habit_test_01479,003786_02,S7414,early,all_five,0,0.03030661808995748,0.5
habit_test_01480,003786_02,S7414,ready,all_five,1,0.932635147694257,0.5
habit_test_01481,003787_01,S7414,early,all_five,0,0.12113671323958221,0.5
habit_test_01482,003787_01,S7414,ready,all_five,1,0.7322195607056493,0.5
habit_test_01483,003787_02,S7414,early,all_five,0,0.08198639833581632,0.5
habit_test_01484,003787_02,S7414,ready,all_five,1,0.9164243245347506,0.5
habit_test_01485,003788_01,S7414,early,all_five,0,0.11094705125846371,0.5
habit_test_01486,003788_01,S7414,ready,all_five,1,0.8975633239375442,0.5
habit_test_01487,003788_02,S7414,early,all_five,0,0.06755258451848202,0.5
habit_test_01488,003788_02,S7414,ready,all_five,1,0.9642763654186491,0.5
habit_test_01489,003789_01,S7414,early,all_five,0,0.0580903946363272,0.5
habit_test_01490,003789_01,S7414,ready,all_five,1,0.852300399736579,0.5
habit_test_01491,003789_02,S7414,early,all_five,0,0.039998798620608726,0.5
habit_test_01492,003789_02,S7414,ready,all_five,1,0.9307280831203146,0.5
habit_test_01493,003791_01,S7414,early,all_five,0,0.03521209199881728,0.5
habit_test_01494,003791_01,S7414,ready,all_five,1,0.9002908928802759,0.5
habit_test_01495,003791_02,S7414,early,all_five,0,0.2254337130606134,0.5
habit_test_01496,003791_02,S7414,ready,all_five,1,0.9588943319328446,0.5
habit_test_01497,003793_01,S7414,early,all_five,0,0.036767209032506874,0.5
habit_test_01498,003793_01,S7414,ready,all_five,1,0.8213320886232983,0.5
habit_test_01499,003793_02,S7414,early,all_five,0,0.06861442628385894,0.5
habit_test_01500,003793_02,S7414,ready,all_five,1,0.862713468508455,0.5
habit_test_01501,003794_01,S7414,early,all_five,0,0.038524641407590585,0.5
habit_test_01502,003794_01,S7414,ready,all_five,1,0.937425410894153,0.5
habit_test_01503,003794_02,S7414,early,all_five,0,0.11500918866608459,0.5
habit_test_01504,003794_02,S7414,ready,all_five,1,0.7366866398841206,0.5
habit_test_01505,003795_01,S7414,early,all_five,0,0.05046862388408956,0.5
habit_test_01506,003795_01,S7414,ready,all_five,1,0.9331843302103593,0.5
habit_test_01507,003795_02,S7414,early,all_five,0,0.06007950180217402,0.5
habit_test_01508,003795_02,S7414,ready,all_five,1,0.9241358018127741,0.5
habit_test_01509,003796_01,S7414,early,all_five,0,0.06501252859454225,0.5
habit_test_01510,003796_01,S7414,ready,all_five,1,0.8841294169792367,0.5
habit_test_01511,003796_02,S7414,early,all_five,0,0.11790575964558614,0.5
habit_test_01512,003796_02,S7414,ready,all_five,1,0.8554378303063819,0.5
habit_test_01513,003797_01,S7414,early,all_five,0,0.06546868819132974,0.5
habit_test_01514,003797_01,S7414,ready,all_five,1,0.9358188998481075,0.5
habit_test_01515,003797_02,S7414,early,all_five,0,0.08744215975503095,0.5
habit_test_01516,003797_02,S7414,ready,all_five,1,0.8862110519529072,0.5
habit_test_01517,003798_01,S7414,early,all_five,0,0.0857755071652799,0.5
habit_test_01518,003798_01,S7414,ready,all_five,1,0.8793252163060976,0.5
habit_test_01519,003798_02,S7414,early,all_five,0,0.06971047425789172,0.5
habit_test_01520,003798_02,S7414,ready,all_five,1,0.9138112054402633,0.5
habit_test_01521,003799_01,S7414,early,all_five,0,0.04486625661604335,0.5
habit_test_01522,003799_01,S7414,ready,all_five,1,0.9105849424425893,0.5
habit_test_01523,003799_02,S7414,early,all_five,0,0.06744530329886049,0.5
habit_test_01524,003799_02,S7414,ready,all_five,1,0.8605739190815386,0.5
habit_test_01525,003800_01,S7414,early,all_five,0,0.039064393015086185,0.5
habit_test_01526,003800_01,S7414,ready,all_five,1,0.9166357978976893,0.5
habit_test_01527,003800_02,S7414,early,all_five,0,0.11694362959980026,0.5
habit_test_01528,003800_02,S7414,ready,all_five,1,0.8536741253556747,0.5
habit_test_01529,004948_01,S6759,early,all_five,0,0.15308127076882982,0.5
habit_test_01530,004948_01,S6759,ready,all_five,1,0.8384648946822499,0.5
habit_test_01531,004949_01,S6759,early,all_five,0,0.13048453457444595,0.5
habit_test_01532,004949_01,S6759,ready,all_five,1,0.8842966714126388,0.5
habit_test_01533,004951_01,S6759,early,all_five,0,0.15175626103596065,0.5
habit_test_01534,004951_01,S6759,ready,all_five,1,0.9351768611083192,0.5
habit_test_01535,004952_01,S6759,early,all_five,0,0.056116241526315086,0.5
habit_test_01536,004952_01,S6759,ready,all_five,1,0.8578653177788428,0.5
habit_test_01537,004953_01,S6759,early,all_five,0,0.11118390400204595,0.5
habit_test_01538,004953_01,S6759,ready,all_five,1,0.9180686525454822,0.5
habit_test_01539,004954_01,S6759,early,all_five,0,0.08374231253656353,0.5
habit_test_01540,004954_01,S6759,ready,all_five,1,0.8716693864517571,0.5
habit_test_01541,004956_01,S6759,early,all_five,0,0.05278341147136873,0.5
habit_test_01542,004956_01,S6759,ready,all_five,1,0.8340399944900204,0.5
habit_test_01543,004957_01,S6759,early,all_five,0,0.07842228353937,0.5
habit_test_01544,004957_01,S6759,ready,all_five,1,0.6363702052033519,0.5
habit_test_01545,004958_01,S6759,early,all_five,0,0.1533417227464273,0.5
habit_test_01546,004958_01,S6759,ready,all_five,1,0.9322060714815534,0.5
habit_test_01547,004959_01,S6759,early,all_five,0,0.15710903436247226,0.5
habit_test_01548,004959_01,S6759,ready,all_five,1,0.9415433412329893,0.5
habit_test_01549,004960_01,S6759,early,all_five,0,0.10272825004427494,0.5
habit_test_01550,004960_01,S6759,ready,all_five,1,0.9228029199025689,0.5
habit_test_01551,004962_01,S6759,early,all_five,0,0.19770448694120318,0.5
habit_test_01552,004962_01,S6759,ready,all_five,1,0.9040359744845806,0.5
habit_test_01553,004963_01,S6759,early,all_five,0,0.13873778519199179,0.5
habit_test_01554,004963_01,S6759,ready,all_five,1,0.9119414250826033,0.5
habit_test_01555,004964_01,S6759,early,all_five,0,0.10465448438292535,0.5
habit_test_01556,004964_01,S6759,ready,all_five,1,0.9179888052174837,0.5
habit_test_01557,004965_01,S6759,early,all_five,0,0.10292300048283617,0.5
habit_test_01558,004965_01,S6759,ready,all_five,1,0.8273454293055685,0.5
habit_test_01559,004968_01,S6759,early,all_five,0,0.09206517667835484,0.5
habit_test_01560,004968_01,S6759,ready,all_five,1,0.8583676411097871,0.5
habit_test_01561,004969_01,S6759,early,all_five,0,0.0655759876172518,0.5
habit_test_01562,004969_01,S6759,ready,all_five,1,0.9031437755197798,0.5
habit_test_01563,004970_01,S6759,early,all_five,0,0.10186422669054626,0.5
habit_test_01564,004970_01,S6759,ready,all_five,1,0.89707865436177,0.5
habit_test_01565,004971_01,S6759,early,all_five,0,0.14268619888316586,0.5
habit_test_01566,004971_01,S6759,ready,all_five,1,0.8798634304370702,0.5
habit_test_01567,004972_01,S6759,early,all_five,0,0.052475185592927145,0.5
habit_test_01568,004972_01,S6759,ready,all_five,1,0.8915078747285035,0.5
habit_test_01569,004975_01,S6759,early,all_five,0,0.1273373556793004,0.5
habit_test_01570,004975_01,S6759,ready,all_five,1,0.876486102141777,0.5
habit_test_01571,004976_01,S6759,early,all_five,0,0.0629761629922844,0.5
habit_test_01572,004976_01,S6759,ready,all_five,1,0.8625128499357122,0.5
habit_test_01573,004977_01,S6759,early,all_five,0,0.08729398312582215,0.5
habit_test_01574,004977_01,S6759,ready,all_five,1,0.8855408687786048,0.5
habit_test_01575,004978_01,S6759,early,all_five,0,0.09436588183780537,0.5
habit_test_01576,004978_01,S6759,ready,all_five,1,0.9184331231898403,0.5
habit_test_01577,004980_01,S6759,early,all_five,0,0.1262353536795096,0.5
habit_test_01578,004980_01,S6759,ready,all_five,1,0.9077273941687609,0.5
habit_test_01579,004981_01,S6759,early,all_five,0,0.19087582694341004,0.5
habit_test_01580,004981_01,S6759,ready,all_five,1,0.9139994981629747,0.5
habit_test_01581,004982_01,S6759,early,all_five,0,0.12381876492200472,0.5
habit_test_01582,004982_01,S6759,ready,all_five,1,0.9411042137613036,0.5
habit_test_01583,004983_01,S6759,early,all_five,0,0.06244952278187541,0.5
habit_test_01584,004983_01,S6759,ready,all_five,1,0.9398491938253367,0.5
habit_test_01585,004984_01,S6759,early,all_five,0,0.06945796407733588,0.5
habit_test_01586,004984_01,S6759,ready,all_five,1,0.904008273350853,0.5
habit_test_01587,004986_01,S6759,early,all_five,0,0.12793806532543794,0.5
habit_test_01588,004986_01,S6759,ready,all_five,1,0.9276284405107185,0.5
habit_test_01589,004987_01,S6759,early,all_five,0,0.1377637279741516,0.5
habit_test_01590,004987_01,S6759,ready,all_five,1,0.886469037468055,0.5
habit_test_01591,004988_01,S6759,early,all_five,0,0.04731565013747874,0.5
habit_test_01592,004988_01,S6759,ready,all_five,1,0.9750814476752415,0.5
habit_test_01593,004989_01,S6759,early,all_five,0,0.13265399338138528,0.5
habit_test_01594,004989_01,S6759,ready,all_five,1,0.953910018931176,0.5
habit_test_01595,004990_01,S6759,early,all_five,0,0.18961414284546108,0.5
habit_test_01596,004990_01,S6759,ready,all_five,1,0.9575753972779826,0.5
habit_test_01597,004991_01,S6759,early,all_five,0,0.10412299948433525,0.5
habit_test_01598,004991_01,S6759,ready,all_five,1,0.9558988895171027,0.5
habit_test_01599,004992_01,S6759,early,all_five,0,0.12295530512759222,0.5
habit_test_01600,004992_01,S6759,ready,all_five,1,0.8838801431327751,0.5
habit_test_01601,004993_01,S6759,early,all_five,0,0.1464288202953514,0.5
habit_test_01602,004993_01,S6759,ready,all_five,1,0.9419691010496436,0.5
habit_test_01603,004995_01,S6759,early,all_five,0,0.10147720183616465,0.5
habit_test_01604,004995_01,S6759,ready,all_five,1,0.8883875327325235,0.5
habit_test_01605,004996_01,S6759,early,all_five,0,0.14295370308751904,0.5
habit_test_01606,004996_01,S6759,ready,all_five,1,0.9425505432599611,0.5
habit_test_01607,005410_01,S6759,early,all_five,0,0.1712636940315803,0.5
habit_test_01608,005410_01,S6759,ready,all_five,1,0.932831337570227,0.5
habit_test_01609,005413_01,S6759,early,all_five,0,0.08967926852960702,0.5
habit_test_01610,005413_01,S6759,ready,all_five,1,0.9065309535475546,0.5
habit_test_01611,005414_01,S6759,early,all_five,0,0.13495793014427793,0.5
habit_test_01612,005414_01,S6759,ready,all_five,1,0.7608040649844755,0.5
habit_test_01613,005416_01,S6759,early,all_five,0,0.10016203174001302,0.5
habit_test_01614,005416_01,S6759,ready,all_five,1,0.9301921723358372,0.5
habit_test_01615,005417_01,S6759,early,all_five,0,0.059309919070363926,0.5
habit_test_01616,005417_01,S6759,ready,all_five,1,0.8882810049835045,0.5
habit_test_01617,005418_01,S6759,early,all_five,0,0.13152073505159934,0.5
habit_test_01618,005418_01,S6759,ready,all_five,1,0.9489838211600119,0.5
habit_test_01619,005419_01,S6759,early,all_five,0,0.20142585042970634,0.5
habit_test_01620,005419_01,S6759,ready,all_five,1,0.5227129132198447,0.5
habit_test_01621,005421_01,S6759,early,all_five,0,0.18469759712331163,0.5
habit_test_01622,005421_01,S6759,ready,all_five,1,0.9111162332021304,0.5
habit_test_01623,005422_01,S6759,early,all_five,0,0.0759639974101692,0.5
habit_test_01624,005422_01,S6759,ready,all_five,1,0.794366120613298,0.5
habit_test_01625,005423_01,S6759,early,all_five,0,0.06974817124983004,0.5
habit_test_01626,005423_01,S6759,ready,all_five,1,0.821751072940074,0.5
habit_test_01627,005424_01,S6759,early,all_five,0,0.1605106987279853,0.5
habit_test_01628,005424_01,S6759,ready,all_five,1,0.912350354228137,0.5
habit_test_01629,005425_01,S6759,early,all_five,0,0.1197865194427143,0.5
habit_test_01630,005425_01,S6759,ready,all_five,1,0.9055801264259128,0.5
habit_test_01631,005427_01,S6759,early,all_five,0,0.13461920692193466,0.5
habit_test_01632,005427_01,S6759,ready,all_five,1,0.9214166437928304,0.5
habit_test_01633,005428_01,S6759,early,all_five,0,0.1603212442682351,0.5
habit_test_01634,005428_01,S6759,ready,all_five,1,0.9416185389195547,0.5
habit_test_01635,005429_01,S6759,early,all_five,0,0.07131419140480999,0.5
habit_test_01636,005429_01,S6759,ready,all_five,1,0.9025097995432072,0.5
habit_test_01637,005430_01,S6759,early,all_five,0,0.11952373248666828,0.5
habit_test_01638,005430_01,S6759,ready,all_five,1,0.9240517569198854,0.5
habit_test_01639,005431_01,S6759,early,all_five,0,0.08854420997835814,0.5
habit_test_01640,005431_01,S6759,ready,all_five,1,0.8776731409875272,0.5
habit_test_01641,005432_01,S6759,early,all_five,0,0.06832522043760574,0.5
habit_test_01642,005432_01,S6759,ready,all_five,1,0.800597599890466,0.5
habit_test_01643,005433_01,S6759,early,all_five,0,0.07023278590240364,0.5
habit_test_01644,005433_01,S6759,ready,all_five,1,0.86557860921869,0.5
habit_test_01645,005434_01,S6759,early,all_five,0,0.12647790642584283,0.5
habit_test_01646,005434_01,S6759,ready,all_five,1,0.9323475147439532,0.5
habit_test_01647,005435_01,S6759,early,all_five,0,0.08120634583687343,0.5
habit_test_01648,005435_01,S6759,ready,all_five,1,0.8876158536042182,0.5
habit_test_01649,005436_01,S6759,early,all_five,0,0.11043590539082682,0.5
habit_test_01650,005436_01,S6759,ready,all_five,1,0.9411973456969678,0.5
habit_test_01651,005437_01,S6759,early,all_five,0,0.07808623369551872,0.5
habit_test_01652,005437_01,S6759,ready,all_five,1,0.8704109948016459,0.5
habit_test_01653,005439_01,S6759,early,all_five,0,0.06548292856226653,0.5
habit_test_01654,005439_01,S6759,ready,all_five,1,0.924302172012457,0.5
habit_test_01655,005440_01,S6759,early,all_five,0,0.09572393081277379,0.5
habit_test_01656,005440_01,S6759,ready,all_five,1,0.900163841198971,0.5
habit_test_01657,005441_01,S6759,early,all_five,0,0.053828824010229086,0.5
habit_test_01658,005441_01,S6759,ready,all_five,1,0.900692127899088,0.5
habit_test_01659,005442_01,S6759,early,all_five,0,0.0406333414633777,0.5
habit_test_01660,005442_01,S6759,ready,all_five,1,0.8180671488416753,0.5
habit_test_01661,005443_01,S6759,early,all_five,0,0.03191998731887,0.5
habit_test_01662,005443_01,S6759,ready,all_five,1,0.9101227939132718,0.5
habit_test_01663,005444_01,S6759,early,all_five,0,0.16574483007565236,0.5
habit_test_01664,005444_01,S6759,ready,all_five,1,0.8395637108862302,0.5
habit_test_01665,005446_01,S6759,early,all_five,0,0.08804876245262971,0.5
habit_test_01666,005446_01,S6759,ready,all_five,1,0.8066638092172423,0.5
habit_test_01667,005447_01,S6759,early,all_five,0,0.13210675898404176,0.5
habit_test_01668,005447_01,S6759,ready,all_five,1,0.8629329283113268,0.5
habit_test_01669,005448_01,S6759,early,all_five,0,0.05010939907670218,0.5
habit_test_01670,005448_01,S6759,ready,all_five,1,0.8589558048193076,0.5
habit_test_01671,005449_01,S6759,early,all_five,0,0.06039511763199882,0.5
habit_test_01672,005449_01,S6759,ready,all_five,1,0.8651884777538487,0.5
habit_test_01673,005450_01,S6759,early,all_five,0,0.05733218048630599,0.5
habit_test_01674,005450_01,S6759,ready,all_five,1,0.7452404059008556,0.5
habit_test_01675,005453_01,S6759,early,all_five,0,0.044121262594263376,0.5
habit_test_01676,005453_01,S6759,ready,all_five,1,0.8494130521575388,0.5
habit_test_01677,005454_01,S6759,early,all_five,0,0.07724986021558275,0.5
habit_test_01678,005454_01,S6759,ready,all_five,1,0.8199362209086629,0.5
habit_test_01679,005455_01,S6759,early,all_five,0,0.07770046203666711,0.5
habit_test_01680,005455_01,S6759,ready,all_five,1,0.9091581110227501,0.5
habit_test_01681,005456_01,S6759,early,all_five,0,0.14215563891789737,0.5
habit_test_01682,005456_01,S6759,ready,all_five,1,0.7963579162220041,0.5
habit_test_01683,005457_01,S6759,early,all_five,0,0.08802074601355081,0.5
habit_test_01684,005457_01,S6759,ready,all_five,1,0.8411424161243,0.5
habit_test_01685,005458_01,S6759,early,all_five,0,0.08648498880998287,0.5
habit_test_01686,005458_01,S6759,ready,all_five,1,0.8748630454420655,0.5
habit_test_01687,005459_01,S6759,early,all_five,0,0.08363774014781923,0.5
habit_test_01688,005459_01,S6759,ready,all_five,1,0.8822041150611388,0.5
habit_test_01689,005460_01,S6759,early,all_five,0,0.07003760015658764,0.5
habit_test_01690,005460_01,S6759,ready,all_five,1,0.8419608689531719,0.5
habit_test_01691,005461_01,S6759,early,all_five,0,0.04824750186764122,0.5
habit_test_01692,005461_01,S6759,ready,all_five,1,0.7617150052365671,0.5
habit_test_01693,005462_01,S6759,early,all_five,0,0.24287965139876072,0.5
habit_test_01694,005462_01,S6759,ready,all_five,1,0.9041248065205081,0.5
habit_test_01695,005463_01,S6759,early,all_five,0,0.06693694522836571,0.5
habit_test_01696,005463_01,S6759,ready,all_five,1,0.8085793242738405,0.5
habit_test_01697,005465_01,S6759,early,all_five,0,0.08224989962880877,0.5
habit_test_01698,005465_01,S6759,ready,all_five,1,0.6342687028378785,0.5
habit_test_01699,005466_01,S6759,early,all_five,0,0.06179985687319532,0.5
habit_test_01700,005466_01,S6759,ready,all_five,1,0.8945162618489851,0.5
habit_test_01701,005467_01,S6759,early,all_five,0,0.0780221163094576,0.5
habit_test_01702,005467_01,S6759,ready,all_five,1,0.7940607400330901,0.5
habit_test_01703,005468_01,S6759,early,all_five,0,0.0835490866294869,0.5
habit_test_01704,005468_01,S6759,ready,all_five,1,0.8594978195152279,0.5
habit_test_01705,005469_01,S6759,early,all_five,0,0.11319200664013869,0.5
habit_test_01706,005469_01,S6759,ready,all_five,1,0.7966487864583212,0.5
habit_test_01707,005470_01,S6759,early,all_five,0,0.16433861427302277,0.5
habit_test_01708,005470_01,S6759,ready,all_five,1,0.8964040233396433,0.5
habit_test_01709,005471_01,S6759,early,all_five,0,0.12668905823258092,0.5
habit_test_01710,005471_01,S6759,ready,all_five,1,0.8250987037444271,0.5
habit_test_01711,005472_01,S6759,early,all_five,0,0.1637444419428664,0.5
habit_test_01712,005472_01,S6759,ready,all_five,1,0.7219666607668734,0.5
habit_test_01713,005473_01,S6759,early,all_five,0,0.11213360597965616,0.5
habit_test_01714,005473_01,S6759,ready,all_five,1,0.9605780875083522,0.5
habit_test_01715,005687_01,S8975,early,all_five,0,0.13526361494986008,0.5
habit_test_01716,005687_01,S8975,ready,all_five,1,0.8921289323394731,0.5
habit_test_01717,005688_01,S8975,early,all_five,0,0.17343695786203922,0.5
habit_test_01718,005688_01,S8975,ready,all_five,1,0.8274731719688633,0.5
habit_test_01719,005691_01,S8975,early,all_five,0,0.2173794409155415,0.5
habit_test_01720,005691_01,S8975,ready,all_five,1,0.9632364023524762,0.5
habit_test_01721,005692_01,S8975,early,all_five,0,0.07463346840987095,0.5
habit_test_01722,005692_01,S8975,ready,all_five,1,0.9685934670971063,0.5
habit_test_01723,005693_01,S8975,early,all_five,0,0.1601314203164515,0.5
habit_test_01724,005693_01,S8975,ready,all_five,1,0.9330952305113103,0.5
habit_test_01725,005694_01,S8975,early,all_five,0,0.1376208536925431,0.5
habit_test_01726,005694_01,S8975,ready,all_five,1,0.9597224076017676,0.5
habit_test_01727,005695_01,S8975,early,all_five,0,0.07763728156449755,0.5
habit_test_01728,005695_01,S8975,ready,all_five,1,0.939338348591294,0.5
habit_test_01729,005696_01,S8975,early,all_five,0,0.17975789327022199,0.5
habit_test_01730,005696_01,S8975,ready,all_five,1,0.9335241164932431,0.5
habit_test_01731,005697_01,S8975,early,all_five,0,0.08129516065073251,0.5
habit_test_01732,005697_01,S8975,ready,all_five,1,0.9275869781370472,0.5
habit_test_01733,005698_01,S8975,early,all_five,0,0.0846057787399409,0.5
habit_test_01734,005698_01,S8975,ready,all_five,1,0.979608839198447,0.5
habit_test_01735,005699_01,S8975,early,all_five,0,0.1257920210356346,0.5
habit_test_01736,005699_01,S8975,ready,all_five,1,0.9373536041371885,0.5
habit_test_01737,005700_01,S8975,early,all_five,0,0.1343716282100099,0.5
habit_test_01738,005700_01,S8975,ready,all_five,1,0.8840976335031105,0.5
habit_test_01739,005701_01,S8975,early,all_five,0,0.08760552309955967,0.5
habit_test_01740,005701_01,S8975,ready,all_five,1,0.9278331341360828,0.5
habit_test_01741,005702_01,S8975,early,all_five,0,0.2525278414818194,0.5
habit_test_01742,005702_01,S8975,ready,all_five,1,0.9211210127788115,0.5
habit_test_01743,005704_01,S8975,early,all_five,0,0.10104245943197378,0.5
habit_test_01744,005704_01,S8975,ready,all_five,1,0.9255073690080702,0.5
habit_test_01745,005922_01,S8975,early,all_five,0,0.20963891906149285,0.5
habit_test_01746,005922_01,S8975,ready,all_five,1,0.9323105757264202,0.5
habit_test_01747,005923_01,S8975,early,all_five,0,0.1810677975488592,0.5
habit_test_01748,005923_01,S8975,ready,all_five,1,0.977956161058633,0.5
habit_test_01749,005924_01,S8975,early,all_five,0,0.15879554021728937,0.5
habit_test_01750,005924_01,S8975,ready,all_five,1,0.9611193871442143,0.5
habit_test_01751,005925_01,S8975,early,all_five,0,0.08398604826076869,0.5
habit_test_01752,005925_01,S8975,ready,all_five,1,0.967338616418079,0.5
habit_test_01753,005926_01,S8975,early,all_five,0,0.2202463314585939,0.5
habit_test_01754,005926_01,S8975,ready,all_five,1,0.9564072538158015,0.5
habit_test_01755,005927_01,S8975,early,all_five,0,0.20791418380413831,0.5
habit_test_01756,005927_01,S8975,ready,all_five,1,0.955345099791236,0.5
habit_test_01757,005929_01,S8975,early,all_five,0,0.22813864970433084,0.5
habit_test_01758,005929_01,S8975,ready,all_five,1,0.9822975259071214,0.5
habit_test_01759,005930_01,S8975,early,all_five,0,0.17027542542749907,0.5
habit_test_01760,005930_01,S8975,ready,all_five,1,0.9725347644669129,0.5
habit_test_01761,005931_01,S8975,early,all_five,0,0.1556578386597461,0.5
habit_test_01762,005931_01,S8975,ready,all_five,1,0.9299393988698341,0.5
habit_test_01763,005932_01,S8975,early,all_five,0,0.1150837559311317,0.5
habit_test_01764,005932_01,S8975,ready,all_five,1,0.9466930962449005,0.5
habit_test_01765,005933_01,S8975,early,all_five,0,0.15046443187290015,0.5
habit_test_01766,005933_01,S8975,ready,all_five,1,0.9463394814468806,0.5
habit_test_01767,005934_01,S8975,early,all_five,0,0.09907746614449625,0.5
habit_test_01768,005934_01,S8975,ready,all_five,1,0.9577509621866829,0.5
habit_test_01769,005935_01,S8975,early,all_five,0,0.11342938206851477,0.5
habit_test_01770,005935_01,S8975,ready,all_five,1,0.9729948137925898,0.5
habit_test_01771,005936_01,S8975,early,all_five,0,0.11191594608668107,0.5
habit_test_01772,005936_01,S8975,ready,all_five,1,0.97462167703859,0.5
habit_test_01773,005937_01,S8975,early,all_five,0,0.17354763906796142,0.5
habit_test_01774,005937_01,S8975,ready,all_five,1,0.9505117477163433,0.5
habit_test_01775,005938_01,S8975,early,all_five,0,0.28345500433250437,0.5
habit_test_01776,005938_01,S8975,ready,all_five,1,0.9699597036583383,0.5
habit_test_01777,005939_01,S8975,early,all_five,0,0.2796028857936614,0.5
habit_test_01778,005939_01,S8975,ready,all_five,1,0.9860428003293161,0.5
habit_test_01779,005940_01,S8975,early,all_five,0,0.1833172527001678,0.5
habit_test_01780,005940_01,S8975,ready,all_five,1,0.9477143802491237,0.5
habit_test_01781,005941_01,S8975,early,all_five,0,0.18451153896559652,0.5
habit_test_01782,005941_01,S8975,ready,all_five,1,0.9427661029901376,0.5
habit_test_01783,005943_01,S8975,early,all_five,0,0.07887439027230035,0.5
habit_test_01784,005943_01,S8975,ready,all_five,1,0.8663341666546027,0.5
habit_test_01785,005944_01,S8975,early,all_five,0,0.14244411756730962,0.5
habit_test_01786,005944_01,S8975,ready,all_five,1,0.9218591747974458,0.5
habit_test_01787,005945_01,S8975,early,all_five,0,0.06423611515452146,0.5
habit_test_01788,005945_01,S8975,ready,all_five,1,0.8983228891542618,0.5
habit_test_01789,005946_01,S8975,early,all_five,0,0.07548827615872675,0.5
habit_test_01790,005946_01,S8975,ready,all_five,1,0.8937691634298233,0.5
habit_test_01791,005947_01,S8975,early,all_five,0,0.10204357545408468,0.5
habit_test_01792,005947_01,S8975,ready,all_five,1,0.8943861471323317,0.5
habit_test_01793,005948_01,S8975,early,all_five,0,0.054774931834411095,0.5
habit_test_01794,005948_01,S8975,ready,all_five,1,0.9332455063659733,0.5
habit_test_01795,005949_01,S8975,early,all_five,0,0.13231267276639838,0.5
habit_test_01796,005949_01,S8975,ready,all_five,1,0.9259715812961108,0.5
habit_test_01797,005950_01,S8975,early,all_five,0,0.1453833917025602,0.5
habit_test_01798,005950_01,S8975,ready,all_five,1,0.8997250069674413,0.5
habit_test_01799,005951_01,S8975,early,all_five,0,0.06901110921693676,0.5
habit_test_01800,005951_01,S8975,ready,all_five,1,0.9374636370176767,0.5
habit_test_01801,005952_01,S8975,early,all_five,0,0.08392402033383299,0.5
habit_test_01802,005952_01,S8975,ready,all_five,1,0.8995731455082417,0.5
habit_test_01803,005953_01,S8975,early,all_five,0,0.10849784585994256,0.5
habit_test_01804,005953_01,S8975,ready,all_five,1,0.9713646923499124,0.5
habit_test_01805,005954_01,S8975,early,all_five,0,0.09333905944149111,0.5
habit_test_01806,005954_01,S8975,ready,all_five,1,0.946181488518916,0.5
habit_test_01807,005955_01,S8975,early,all_five,0,0.10178967718214287,0.5
habit_test_01808,005955_01,S8975,ready,all_five,1,0.915794656832577,0.5
habit_test_01809,005956_01,S8975,early,all_five,0,0.08047168237593552,0.5
habit_test_01810,005956_01,S8975,ready,all_five,1,0.954073078994143,0.5
habit_test_01811,005957_01,S8975,early,all_five,0,0.14154455631374482,0.5
habit_test_01812,005957_01,S8975,ready,all_five,1,0.8615630692436493,0.5
habit_test_01813,005958_01,S8975,early,all_five,0,0.12917302825198013,0.5
habit_test_01814,005958_01,S8975,ready,all_five,1,0.9324100187379853,0.5
habit_test_01815,005959_01,S8975,early,all_five,0,0.07162707416917259,0.5
habit_test_01816,005959_01,S8975,ready,all_five,1,0.8450294641652523,0.5
habit_test_01817,005960_01,S8975,early,all_five,0,0.09389232354457298,0.5
habit_test_01818,005960_01,S8975,ready,all_five,1,0.9343073532069154,0.5
habit_test_01819,005961_01,S8975,early,all_five,0,0.4148998931671194,0.5
habit_test_01820,005961_01,S8975,ready,all_five,1,0.9059315840854106,0.5
habit_test_01821,005962_01,S8975,early,all_five,0,0.0613034018628589,0.5
habit_test_01822,005962_01,S8975,ready,all_five,1,0.9649941846612448,0.5
habit_test_01823,005963_01,S8975,early,all_five,0,0.07531309877633148,0.5
habit_test_01824,005963_01,S8975,ready,all_five,1,0.9265618438823567,0.5
habit_test_01825,005964_01,S8975,early,all_five,0,0.11378955947006078,0.5
habit_test_01826,005964_01,S8975,ready,all_five,1,0.9624408557007291,0.5
habit_test_01827,005965_01,S8975,early,all_five,0,0.11966893238919413,0.5
habit_test_01828,005965_01,S8975,ready,all_five,1,0.9658531422932138,0.5
habit_test_01829,005966_01,S8975,early,all_five,0,0.03914852758732259,0.5
habit_test_01830,005966_01,S8975,ready,all_five,1,0.9735969690088915,0.5
habit_test_01831,005967_01,S8975,early,all_five,0,0.11514523985079157,0.5
habit_test_01832,005967_01,S8975,ready,all_five,1,0.9463521644391474,0.5
habit_test_01833,005968_01,S8975,early,all_five,0,0.06973555189703654,0.5
habit_test_01834,005968_01,S8975,ready,all_five,1,0.9689433976392298,0.5
habit_test_01835,005969_01,S8975,early,all_five,0,0.11951977901471991,0.5
habit_test_01836,005969_01,S8975,ready,all_five,1,0.9688947355865879,0.5
habit_test_01837,005970_01,S8975,early,all_five,0,0.162042469401543,0.5
habit_test_01838,005970_01,S8975,ready,all_five,1,0.9732594954228335,0.5
habit_test_01839,005972_01,S8975,early,all_five,0,0.06610640448449433,0.5
habit_test_01840,005972_01,S8975,ready,all_five,1,0.9262106056286943,0.5
habit_test_01841,005973_01,S8975,early,all_five,0,0.04695896686960243,0.5
habit_test_01842,005973_01,S8975,ready,all_five,1,0.9596188056781165,0.5
habit_test_01843,005974_01,S8975,early,all_five,0,0.07556092633829695,0.5
habit_test_01844,005974_01,S8975,ready,all_five,1,0.9534751727973985,0.5
habit_test_01845,005975_01,S8975,early,all_five,0,0.11550703157855677,0.5
habit_test_01846,005975_01,S8975,ready,all_five,1,0.9471040426247671,0.5
habit_test_01847,005976_01,S8975,early,all_five,0,0.13451987255640796,0.5
habit_test_01848,005976_01,S8975,ready,all_five,1,0.9762285388539028,0.5
habit_test_01849,005977_01,S8975,early,all_five,0,0.08822125732159673,0.5
habit_test_01850,005977_01,S8975,ready,all_five,1,0.9281186425948071,0.5
habit_test_01851,005978_01,S8975,early,all_five,0,0.1527709014241309,0.5
habit_test_01852,005978_01,S8975,ready,all_five,1,0.9779580588517113,0.5
habit_test_01853,005979_01,S8975,early,all_five,0,0.1082943204785133,0.5
habit_test_01854,005979_01,S8975,ready,all_five,1,0.9581100015048485,0.5
habit_test_01855,005981_01,S8975,early,all_five,0,0.07694736355604279,0.5
habit_test_01856,005981_01,S8975,ready,all_five,1,0.9579542471602555,0.5
habit_test_01857,005982_01,S8975,early,all_five,0,0.10513122924808808,0.5
habit_test_01858,005982_01,S8975,ready,all_five,1,0.9545973736331871,0.5
habit_test_01859,005983_01,S8975,early,all_five,0,0.10071891877396277,0.5
habit_test_01860,005983_01,S8975,ready,all_five,1,0.945624812426845,0.5
habit_test_01861,005984_01,S8975,early,all_five,0,0.09240316007141611,0.5
habit_test_01862,005984_01,S8975,ready,all_five,1,0.973512355327256,0.5
habit_test_01863,005985_01,S8975,early,all_five,0,0.11949755006188786,0.5
habit_test_01864,005985_01,S8975,ready,all_five,1,0.9567691265012989,0.5
habit_test_01865,005986_01,S8975,early,all_five,0,0.09690714971028837,0.5
habit_test_01866,005986_01,S8975,ready,all_five,1,0.8863902376597944,0.5
habit_test_01867,005988_01,S8975,early,all_five,0,0.09356492506706575,0.5
habit_test_01868,005988_01,S8975,ready,all_five,1,0.9298321937949052,0.5
habit_test_01869,005989_01,S8975,early,all_five,0,0.13494437749447852,0.5
habit_test_01870,005989_01,S8975,ready,all_five,1,0.9669046242233243,0.5
habit_test_01871,005990_01,S8975,early,all_five,0,0.18628408814048672,0.5
habit_test_01872,005990_01,S8975,ready,all_five,1,0.9680849905402484,0.5
habit_test_01873,005991_01,S8975,early,all_five,0,0.16500843953161973,0.5
habit_test_01874,005991_01,S8975,ready,all_five,1,0.9742211815122613,0.5
habit_test_01875,005992_01,S8975,early,all_five,0,0.20970683686529862,0.5
habit_test_01876,005992_01,S8975,ready,all_five,1,0.9782079608564707,0.5
habit_test_01877,005993_01,S8975,early,all_five,0,0.21779947573580127,0.5
habit_test_01878,005993_01,S8975,ready,all_five,1,0.9359472329642516,0.5
habit_test_01879,005994_01,S8975,early,all_five,0,0.10663525764736954,0.5
habit_test_01880,005994_01,S8975,ready,all_five,1,0.9625699333345895,0.5
habit_test_01881,005995_01,S8975,early,all_five,0,0.12372902627906865,0.5
habit_test_01882,005995_01,S8975,ready,all_five,1,0.9339624303421783,0.5
habit_test_01883,005996_01,S8975,early,all_five,0,0.09944630608903068,0.5
habit_test_01884,005996_01,S8975,ready,all_five,1,0.9693537333761654,0.5
habit_test_01885,005997_01,S8975,early,all_five,0,0.129844795087843,0.5
habit_test_01886,005997_01,S8975,ready,all_five,1,0.9592571531401277,0.5
habit_test_01887,005998_01,S8975,early,all_five,0,0.1475829381919002,0.5
habit_test_01888,005998_01,S8975,ready,all_five,1,0.9690470980075615,0.5
habit_test_01889,005999_01,S8975,early,all_five,0,0.17877697146882113,0.5
habit_test_01890,005999_01,S8975,ready,all_five,1,0.9548383021723449,0.5
habit_test_01891,006000_01,S8975,early,all_five,0,0.1306915450877515,0.5
habit_test_01892,006000_01,S8975,ready,all_five,1,0.9607788465193324,0.5
habit_test_01893,006002_01,S8975,early,all_five,0,0.09134254463037782,0.5
habit_test_01894,006002_01,S8975,ready,all_five,1,0.9654868456514375,0.5
habit_test_01895,006003_01,S8975,early,all_five,0,0.2135204202234044,0.5
habit_test_01896,006003_01,S8975,ready,all_five,1,0.9079562628876005,0.5
habit_test_01897,006004_01,S8975,early,all_five,0,0.18058454262050833,0.5
habit_test_01898,006004_01,S8975,ready,all_five,1,0.9812472308594461,0.5
habit_test_01899,006005_01,S8975,early,all_five,0,0.13761401993929717,0.5
habit_test_01900,006005_01,S8975,ready,all_five,1,0.9686302328336945,0.5
habit_test_01901,006006_01,S8975,early,all_five,0,0.2064871464473273,0.5
habit_test_01902,006006_01,S8975,ready,all_five,1,0.9778558813808845,0.5
habit_test_01903,006007_01,S8975,early,all_five,0,0.11697263494325527,0.5
habit_test_01904,006007_01,S8975,ready,all_five,1,0.9504244354120043,0.5
habit_test_01905,006008_01,S8975,early,all_five,0,0.15632233428800066,0.5
habit_test_01906,006008_01,S8975,ready,all_five,1,0.9824499299008449,0.5
habit_test_01907,006010_01,S8975,early,all_five,0,0.2392411480591935,0.5
habit_test_01908,006010_01,S8975,ready,all_five,1,0.9055564904555212,0.5
habit_test_01909,006012_01,S8975,early,all_five,0,0.17625165128985787,0.5
habit_test_01910,006012_01,S8975,ready,all_five,1,0.9645248321755131,0.5
habit_test_01911,006013_01,S8975,early,all_five,0,0.04229385800448275,0.5
habit_test_01912,006013_01,S8975,ready,all_five,1,0.9584977336787962,0.5
habit_test_01913,006014_01,S8975,early,all_five,0,0.09729106899052392,0.5
habit_test_01914,006014_01,S8975,ready,all_five,1,0.8905318552915289,0.5
habit_test_01915,006016_01,S8975,early,all_five,0,0.11651233342297342,0.5
habit_test_01916,006016_01,S8975,ready,all_five,1,0.8745672917871126,0.5
habit_test_01917,006018_01,S8975,early,all_five,0,0.0817231101151862,0.5
habit_test_01918,006018_01,S8975,ready,all_five,1,0.9259171127665385,0.5
habit_test_01919,006019_01,S8975,early,all_five,0,0.0770496894482602,0.5
habit_test_01920,006019_01,S8975,ready,all_five,1,0.9191568493679345,0.5
habit_test_01921,006020_01,S8975,early,all_five,0,0.09392894355194312,0.5
habit_test_01922,006020_01,S8975,ready,all_five,1,0.942374902173251,0.5
habit_test_01923,006022_01,S8975,early,all_five,0,0.03545312932773313,0.5
habit_test_01924,006022_01,S8975,ready,all_five,1,0.8814752130260438,0.5
habit_test_01925,006024_01,S8975,early,all_five,0,0.060634424644331324,0.5
habit_test_01926,006024_01,S8975,ready,all_five,1,0.9738080156948257,0.5
habit_test_01927,006025_01,S8975,early,all_five,0,0.09280157458506988,0.5
habit_test_01928,006025_01,S8975,ready,all_five,1,0.9342347865428741,0.5
habit_test_01929,006026_01,S8975,early,all_five,0,0.10350321369390988,0.5
habit_test_01930,006026_01,S8975,ready,all_five,1,0.9148597602698554,0.5
habit_test_01931,006027_01,S8975,early,all_five,0,0.12148897025695937,0.5
habit_test_01932,006027_01,S8975,ready,all_five,1,0.8888136335066446,0.5
habit_test_01933,007309_01,S8940,early,all_five,0,0.15362660860230165,0.5
habit_test_01934,007309_01,S8940,ready,all_five,1,0.8802933259424847,0.5
habit_test_01935,007309_02,S8940,early,all_five,0,0.16762285171693217,0.5
habit_test_01936,007309_02,S8940,ready,all_five,1,0.7578921166882063,0.5
habit_test_01937,007310_01,S8940,early,all_five,0,0.09064752451156366,0.5
habit_test_01938,007310_01,S8940,ready,all_five,1,0.8393579383379276,0.5
habit_test_01939,007310_02,S8940,early,all_five,0,0.15668980891216325,0.5
habit_test_01940,007310_02,S8940,ready,all_five,1,0.8555768328739548,0.5
habit_test_01941,007312_01,S8940,early,all_five,0,0.08678174114717235,0.5
habit_test_01942,007312_01,S8940,ready,all_five,1,0.8848110689785276,0.5
habit_test_01943,007312_02,S8940,early,all_five,0,0.19347530463020007,0.5
habit_test_01944,007312_02,S8940,ready,all_five,1,0.7886660429371047,0.5
habit_test_01945,007313_01,S8940,early,all_five,0,0.09920401601832542,0.5
habit_test_01946,007313_01,S8940,ready,all_five,1,0.9073147454776027,0.5
habit_test_01947,007313_02,S8940,early,all_five,0,0.12249513144106082,0.5
habit_test_01948,007313_02,S8940,ready,all_five,1,0.7392494445397179,0.5
habit_test_01949,007314_01,S8940,early,all_five,0,0.09078680373478579,0.5
habit_test_01950,007314_01,S8940,ready,all_five,1,0.8876257132372228,0.5
habit_test_01951,007314_02,S8940,early,all_five,0,0.12916903740457814,0.5
habit_test_01952,007314_02,S8940,ready,all_five,1,0.6644513215390119,0.5
habit_test_01953,007315_01,S8940,early,all_five,0,0.1384753344730794,0.5
habit_test_01954,007315_01,S8940,ready,all_five,1,0.836361134028381,0.5
habit_test_01955,007315_02,S8940,early,all_five,0,0.090333252945057,0.5
habit_test_01956,007315_02,S8940,ready,all_five,1,0.8681711913219923,0.5
habit_test_01957,007316_01,S8940,early,all_five,0,0.07805624052736453,0.5
habit_test_01958,007316_01,S8940,ready,all_five,1,0.9328541876769552,0.5
habit_test_01959,007316_02,S8940,early,all_five,0,0.1236723134931105,0.5
habit_test_01960,007316_02,S8940,ready,all_five,1,0.8122126461466936,0.5
habit_test_01961,007317_01,S8940,early,all_five,0,0.03390499846130472,0.5
habit_test_01962,007317_01,S8940,ready,all_five,1,0.8892940608877898,0.5
habit_test_01963,007317_02,S8940,early,all_five,0,0.2840552359370874,0.5
habit_test_01964,007317_02,S8940,ready,all_five,1,0.8384911368098288,0.5
habit_test_01965,007321_01,S8940,early,all_five,0,0.08685742760766907,0.5
habit_test_01966,007321_01,S8940,ready,all_five,1,0.9612387835801528,0.5
habit_test_01967,007321_02,S8940,early,all_five,0,0.1771809307084081,0.5
habit_test_01968,007321_02,S8940,ready,all_five,1,0.8993630208923198,0.5
habit_test_01969,007322_01,S8940,early,all_five,0,0.0840677091742321,0.5
habit_test_01970,007322_01,S8940,ready,all_five,1,0.9468591375438491,0.5
habit_test_01971,007322_02,S8940,early,all_five,0,0.1193977690591251,0.5
habit_test_01972,007322_02,S8940,ready,all_five,1,0.8797991373529397,0.5
habit_test_01973,007323_01,S8940,early,all_five,0,0.055445342174453516,0.5
habit_test_01974,007323_01,S8940,ready,all_five,1,0.9748588087808239,0.5
habit_test_01975,007323_02,S8940,early,all_five,0,0.18581155331274532,0.5
habit_test_01976,007323_02,S8940,ready,all_five,1,0.8972350071042778,0.5
habit_test_01977,007325_01,S8940,early,all_five,0,0.10222254542710332,0.5
habit_test_01978,007325_01,S8940,ready,all_five,1,0.9458218699020178,0.5
habit_test_01979,007325_02,S8940,early,all_five,0,0.14630872333791367,0.5
habit_test_01980,007325_02,S8940,ready,all_five,1,0.9034835571880019,0.5
habit_test_01981,007326_01,S8940,early,all_five,0,0.08230155580216128,0.5
habit_test_01982,007326_01,S8940,ready,all_five,1,0.9381076495528485,0.5
habit_test_01983,007326_02,S8940,early,all_five,0,0.17690798923656245,0.5
habit_test_01984,007326_02,S8940,ready,all_five,1,0.8599190553432646,0.5
habit_test_01985,007327_01,S8940,early,all_five,0,0.08006004810972897,0.5
habit_test_01986,007327_01,S8940,ready,all_five,1,0.9546645135151492,0.5
habit_test_01987,007327_02,S8940,early,all_five,0,0.12820491474644613,0.5
habit_test_01988,007327_02,S8940,ready,all_five,1,0.8798161169415558,0.5
habit_test_01989,007328_01,S8940,early,all_five,0,0.0641380009104678,0.5
habit_test_01990,007328_01,S8940,ready,all_five,1,0.9439770028623017,0.5
habit_test_01991,007328_02,S8940,early,all_five,0,0.09935603432326398,0.5
habit_test_01992,007328_02,S8940,ready,all_five,1,0.7917379422744325,0.5
habit_test_01993,007329_01,S8940,early,all_five,0,0.04700852131114106,0.5
habit_test_01994,007329_01,S8940,ready,all_five,1,0.9210593726298854,0.5
habit_test_01995,007329_02,S8940,early,all_five,0,0.10414995617059318,0.5
habit_test_01996,007329_02,S8940,ready,all_five,1,0.851031709320777,0.5
habit_test_01997,007331_01,S8940,early,all_five,0,0.06344176409811288,0.5
habit_test_01998,007331_01,S8940,ready,all_five,1,0.9560750401129519,0.5
habit_test_01999,007331_02,S8940,early,all_five,0,0.12047839870609932,0.5
habit_test_02000,007331_02,S8940,ready,all_five,1,0.8273563734935757,0.5
habit_test_02001,007332_01,S8940,early,all_five,0,0.0724398925128035,0.5
habit_test_02002,007332_01,S8940,ready,all_five,1,0.8725384244887588,0.5
habit_test_02003,007332_02,S8940,early,all_five,0,0.09159445135033553,0.5
habit_test_02004,007332_02,S8940,ready,all_five,1,0.8574971064523101,0.5
habit_test_02005,007333_01,S8940,early,all_five,0,0.12680350724547904,0.5
habit_test_02006,007333_01,S8940,ready,all_five,1,0.8763098427051863,0.5
habit_test_02007,007333_02,S8940,early,all_five,0,0.13169456936608137,0.5
habit_test_02008,007333_02,S8940,ready,all_five,1,0.8787830416739763,0.5
habit_test_02009,007334_01,S8940,early,all_five,0,0.06708812392375434,0.5
habit_test_02010,007334_01,S8940,ready,all_five,1,0.8907145242668862,0.5
habit_test_02011,007334_02,S8940,early,all_five,0,0.08069317215404972,0.5
habit_test_02012,007334_02,S8940,ready,all_five,1,0.8963794080500245,0.5
habit_test_02013,008354_01,S7788,early,all_five,0,0.2756970854754759,0.5
habit_test_02014,008354_01,S7788,ready,all_five,1,0.7106319191020816,0.5
habit_test_02015,008364_01,S7788,early,all_five,0,0.4337464916931842,0.5
habit_test_02016,008364_01,S7788,ready,all_five,1,0.9093373452458308,0.5
habit_test_02017,008364_02,S7788,early,all_five,0,0.4117192813771213,0.5
habit_test_02018,008364_02,S7788,ready,all_five,1,0.6389610317014592,0.5
habit_test_02019,008372_02,S7788,early,all_five,0,0.5698434889308098,0.5
habit_test_02020,008372_02,S7788,ready,all_five,1,0.8293892339355269,0.5
habit_test_02021,008462_01,S7788,early,all_five,0,0.352746657404116,0.5
habit_test_02022,008462_01,S7788,ready,all_five,1,0.875546244241227,0.5
habit_test_02023,008475_01,S7788,early,all_five,0,0.2941236671573512,0.5
habit_test_02024,008475_01,S7788,ready,all_five,1,0.7734430440173119,0.5
habit_test_02025,008495_02,S7788,early,all_five,0,0.4352436003562298,0.5
habit_test_02026,008495_02,S7788,ready,all_five,1,0.5999592899593257,0.5
habit_test_02027,008524_02,S7788,early,all_five,0,0.30223392581451386,0.5
habit_test_02028,008524_02,S7788,ready,all_five,1,0.5059317025217817,0.5
habit_test_02029,009796_02,S7788,early,all_five,0,0.1418504191278284,0.5
habit_test_02030,009796_02,S7788,ready,all_five,1,0.4523197288687617,0.5
habit_test_02031,009797_02,S7788,early,all_five,0,0.12301382169682357,0.5
habit_test_02032,009797_02,S7788,ready,all_five,1,0.17972383020721805,0.5
habit_test_02033,009801_02,S7788,early,all_five,0,0.1370770066018925,0.5
habit_test_02034,009801_02,S7788,ready,all_five,1,0.09278854646302195,0.5
habit_test_02035,009808_02,S8940,early,all_five,0,0.19704704828502068,0.5
habit_test_02036,009808_02,S8940,ready,all_five,1,0.716183708683534,0.5
habit_test_02037,009809_02,S8940,early,all_five,0,0.37044423027540524,0.5
habit_test_02038,009809_02,S8940,ready,all_five,1,0.7733583846689337,0.5
habit_test_02039,009810_02,S8940,early,all_five,0,0.34578240416809275,0.5
habit_test_02040,009810_02,S8940,ready,all_five,1,0.7417171368329432,0.5
habit_test_02041,009811_02,S8940,early,all_five,0,0.2163476319883392,0.5
habit_test_02042,009811_02,S8940,ready,all_five,1,0.6441712061290612,0.5
habit_test_02043,009812_02,S8940,early,all_five,0,0.27624350684366655,0.5
habit_test_02044,009812_02,S8940,ready,all_five,1,0.7603194990744306,0.5
habit_test_02045,009813_02,S8940,early,all_five,0,0.22727872624341774,0.5
habit_test_02046,009813_02,S8940,ready,all_five,1,0.5485866323761086,0.5
habit_test_02047,009814_02,S8940,early,all_five,0,0.1531970736957527,0.5
habit_test_02048,009814_02,S8940,ready,all_five,1,0.5326196267416526,0.5
habit_test_02049,009815_02,S8940,early,all_five,0,0.1947284053849244,0.5
habit_test_02050,009815_02,S8940,ready,all_five,1,0.7208249470402008,0.5
habit_test_02051,009816_02,S8940,early,all_five,0,0.09229868910802191,0.5
habit_test_02052,009816_02,S8940,ready,all_five,1,0.7047017791081818,0.5
habit_test_02053,009817_02,S8940,early,all_five,0,0.16267323439844866,0.5
habit_test_02054,009817_02,S8940,ready,all_five,1,0.46386404161081235,0.5
habit_test_02055,009818_02,S8940,early,all_five,0,0.19965546391145303,0.5
habit_test_02056,009818_02,S8940,ready,all_five,1,0.6299876730119458,0.5
habit_test_02057,009819_02,S8940,early,all_five,0,0.15564119823662326,0.5
habit_test_02058,009819_02,S8940,ready,all_five,1,0.4810820336613572,0.5
habit_test_02059,009820_02,S8940,early,all_five,0,0.261949918154472,0.5
habit_test_02060,009820_02,S8940,ready,all_five,1,0.6464467283341666,0.5
habit_test_02061,009821_02,S8940,early,all_five,0,0.1834620186518115,0.5
habit_test_02062,009821_02,S8940,ready,all_five,1,0.6995432312092748,0.5
habit_test_02063,009823_02,S8940,early,all_five,0,0.17428302185064887,0.5
habit_test_02064,009823_02,S8940,ready,all_five,1,0.559775376798688,0.5
habit_test_02065,009824_02,S8940,early,all_five,0,0.18060134848462114,0.5
habit_test_02066,009824_02,S8940,ready,all_five,1,0.5498588632556481,0.5
habit_test_02067,009825_02,S8940,early,all_five,0,0.15609179859879332,0.5
habit_test_02068,009825_02,S8940,ready,all_five,1,0.6073480669306032,0.5
habit_test_02069,009826_02,S8940,early,all_five,0,0.19562705516111087,0.5
habit_test_02070,009826_02,S8940,ready,all_five,1,0.4563403440012239,0.5
habit_test_02071,009827_02,S8940,early,all_five,0,0.15828529610063272,0.5
habit_test_02072,009827_02,S8940,ready,all_five,1,0.6777594054802872,0.5
habit_test_02073,009828_02,S8940,early,all_five,0,0.17034441704956493,0.5
habit_test_02074,009828_02,S8940,ready,all_five,1,0.8222764420726,0.5
habit_test_02075,009829_02,S8940,early,all_five,0,0.21524399220076798,0.5
habit_test_02076,009829_02,S8940,ready,all_five,1,0.7794759319405892,0.5
habit_test_02077,009830_02,S8940,early,all_five,0,0.16667861541008241,0.5
habit_test_02078,009830_02,S8940,ready,all_five,1,0.9187026851405432,0.5
habit_test_02079,009831_02,S8940,early,all_five,0,0.29280467413826533,0.5
habit_test_02080,009831_02,S8940,ready,all_five,1,0.9225354125674023,0.5
habit_test_02081,009832_02,S8940,early,all_five,0,0.16398412553638028,0.5
habit_test_02082,009832_02,S8940,ready,all_five,1,0.8518949866829136,0.5
habit_test_02083,009833_02,S8940,early,all_five,0,0.11536985906913612,0.5
habit_test_02084,009833_02,S8940,ready,all_five,1,0.9127612133677064,0.5
habit_test_02085,009834_02,S8940,early,all_five,0,0.22114707135183218,0.5
habit_test_02086,009834_02,S8940,ready,all_five,1,0.9307249356536539,0.5
habit_test_02087,009835_02,S8940,early,all_five,0,0.20188680942480416,0.5
habit_test_02088,009835_02,S8940,ready,all_five,1,0.6681365631579157,0.5
habit_test_02089,009836_02,S8940,early,all_five,0,0.26505916314450667,0.5
habit_test_02090,009836_02,S8940,ready,all_five,1,0.8713561182555702,0.5
habit_test_02091,009837_02,S8940,early,all_five,0,0.1950463424310878,0.5
habit_test_02092,009837_02,S8940,ready,all_five,1,0.7679725803068413,0.5
habit_test_02093,009838_02,S8940,early,all_five,0,0.12714178894047187,0.5
habit_test_02094,009838_02,S8940,ready,all_five,1,0.7798131861847646,0.5
habit_test_02095,009839_02,S8940,early,all_five,0,0.23919387798535488,0.5
habit_test_02096,009839_02,S8940,ready,all_five,1,0.9143185110795621,0.5
habit_test_02097,009842_02,S8940,early,all_five,0,0.24679471636987796,0.5
habit_test_02098,009842_02,S8940,ready,all_five,1,0.9524722628662894,0.5
habit_test_02099,009843_02,S8940,early,all_five,0,0.1918083628869945,0.5
habit_test_02100,009843_02,S8940,ready,all_five,1,0.8676584501271404,0.5
habit_test_02101,009844_02,S8940,early,all_five,0,0.19263562392872383,0.5
habit_test_02102,009844_02,S8940,ready,all_five,1,0.9281250847739908,0.5
habit_test_02103,009845_02,S8940,early,all_five,0,0.15307198179836703,0.5
habit_test_02104,009845_02,S8940,ready,all_five,1,0.8771421004010125,0.5
habit_test_02105,009846_02,S8940,early,all_five,0,0.26746169330208347,0.5
habit_test_02106,009846_02,S8940,ready,all_five,1,0.9340712761962113,0.5
habit_test_02107,009847_02,S8940,early,all_five,0,0.14456773701961892,0.5
habit_test_02108,009847_02,S8940,ready,all_five,1,0.720379491940939,0.5
habit_test_02109,009848_02,S8940,early,all_five,0,0.20014709266727942,0.5
habit_test_02110,009848_02,S8940,ready,all_five,1,0.6531229589895702,0.5
habit_test_02111,009849_02,S8940,early,all_five,0,0.15676642063023175,0.5
habit_test_02112,009849_02,S8940,ready,all_five,1,0.569391457824616,0.5
habit_test_02113,009851_02,S8940,early,all_five,0,0.17843920013477887,0.5
habit_test_02114,009851_02,S8940,ready,all_five,1,0.5234776210946943,0.5
habit_test_02115,009852_02,S8940,early,all_five,0,0.254187028631918,0.5
habit_test_02116,009852_02,S8940,ready,all_five,1,0.7709978635809637,0.5
habit_test_02117,009853_01,S8940,early,all_five,0,0.1486487253878084,0.5
habit_test_02118,009853_01,S8940,ready,all_five,1,0.667542029185669,0.5
habit_test_02119,009853_02,S8940,early,all_five,0,0.13897072423151902,0.5
habit_test_02120,009853_02,S8940,ready,all_five,1,0.5315904363077554,0.5
habit_test_02121,009854_02,S8940,early,all_five,0,0.24777434335693632,0.5
habit_test_02122,009854_02,S8940,ready,all_five,1,0.5700037866615363,0.5
habit_test_02123,009855_02,S8940,early,all_five,0,0.15379038480593907,0.5
habit_test_02124,009855_02,S8940,ready,all_five,1,0.5186362839888994,0.5
habit_test_02125,009856_02,S8940,early,all_five,0,0.21228154342289082,0.5
habit_test_02126,009856_02,S8940,ready,all_five,1,0.30424667027778707,0.5
habit_test_02127,009858_02,S8940,early,all_five,0,0.1125681604940773,0.5
habit_test_02128,009858_02,S8940,ready,all_five,1,0.5408998607830665,0.5
habit_test_02129,009859_02,S8940,early,all_five,0,0.12910260984038957,0.5
habit_test_02130,009859_02,S8940,ready,all_five,1,0.46421629763435696,0.5
habit_test_02131,009860_02,S8940,early,all_five,0,0.11859248024538448,0.5
habit_test_02132,009860_02,S8940,ready,all_five,1,0.5409073911456267,0.5
habit_test_02133,009861_02,S8940,early,all_five,0,0.15436933984576443,0.5
habit_test_02134,009861_02,S8940,ready,all_five,1,0.3421200958482919,0.5
habit_test_02135,009863_02,S8940,early,all_five,0,0.11127904851259415,0.5
habit_test_02136,009863_02,S8940,ready,all_five,1,0.3943572246698227,0.5
habit_test_02137,009864_02,S8940,early,all_five,0,0.2044910116029907,0.5
habit_test_02138,009864_02,S8940,ready,all_five,1,0.3701901716433698,0.5
habit_test_02139,009865_02,S8940,early,all_five,0,0.18284687782207037,0.5
habit_test_02140,009865_02,S8940,ready,all_five,1,0.3797396990116026,0.5
habit_test_02141,009866_02,S8940,early,all_five,0,0.11930878422267137,0.5
habit_test_02142,009866_02,S8940,ready,all_five,1,0.6084405528214178,0.5
habit_test_02143,009867_02,S8940,early,all_five,0,0.10004648483068938,0.5
habit_test_02144,009867_02,S8940,ready,all_five,1,0.7979169887908402,0.5
habit_test_02145,009868_01,S8940,early,all_five,0,0.1674665252383483,0.5
habit_test_02146,009868_01,S8940,ready,all_five,1,0.4290381874348578,0.5
habit_test_02147,009868_02,S8940,early,all_five,0,0.1251215833809805,0.5
habit_test_02148,009868_02,S8940,ready,all_five,1,0.7316087739005848,0.5
habit_test_02149,009869_01,S8940,early,all_five,0,0.14286992223336123,0.5
habit_test_02150,009869_01,S8940,ready,all_five,1,0.8733789789811572,0.5
habit_test_02151,009869_02,S8940,early,all_five,0,0.20455014614972253,0.5
habit_test_02152,009869_02,S8940,ready,all_five,1,0.6812385598490645,0.5
habit_test_02153,009870_01,S8940,early,all_five,0,0.3881176033674136,0.5
habit_test_02154,009870_01,S8940,ready,all_five,1,0.9433600114166435,0.5
habit_test_02155,009870_02,S8940,early,all_five,0,0.4094568865623813,0.5
habit_test_02156,009870_02,S8940,ready,all_five,1,0.9294103003450939,0.5
habit_test_02157,009871_01,S8940,early,all_five,0,0.4760570392622697,0.5
habit_test_02158,009871_01,S8940,ready,all_five,1,0.9544199545362497,0.5
habit_test_02159,009871_02,S8940,early,all_five,0,0.36390974424690525,0.5
habit_test_02160,009871_02,S8940,ready,all_five,1,0.9753845055556746,0.5
habit_test_02161,009872_01,S8940,early,all_five,0,0.3260942353684494,0.5
habit_test_02162,009872_01,S8940,ready,all_five,1,0.9644633914388386,0.5
habit_test_02163,009872_02,S8940,early,all_five,0,0.5475580174944705,0.5
habit_test_02164,009872_02,S8940,ready,all_five,1,0.9689570105474232,0.5
habit_test_02165,009873_01,S8940,early,all_five,0,0.36837729753021625,0.5
habit_test_02166,009873_01,S8940,ready,all_five,1,0.9802688796967286,0.5
habit_test_02167,009873_02,S8940,early,all_five,0,0.6777433419866445,0.5
habit_test_02168,009873_02,S8940,ready,all_five,1,0.9664205398359322,0.5
habit_test_02169,009874_01,S8940,early,all_five,0,0.21521737620626916,0.5
habit_test_02170,009874_01,S8940,ready,all_five,1,0.9629253444801629,0.5
habit_test_02171,009874_02,S8940,early,all_five,0,0.19342859895286954,0.5
habit_test_02172,009874_02,S8940,ready,all_five,1,0.9689701326918252,0.5
habit_test_02173,009875_01,S8940,early,all_five,0,0.559130670904256,0.5
habit_test_02174,009875_01,S8940,ready,all_five,1,0.9441471972438913,0.5
habit_test_02175,009875_02,S8940,early,all_five,0,0.22298082186960463,0.5
habit_test_02176,009875_02,S8940,ready,all_five,1,0.9541521126926825,0.5
habit_test_02177,009876_01,S8940,early,all_five,0,0.2739917286256394,0.5
habit_test_02178,009876_01,S8940,ready,all_five,1,0.9128009995409174,0.5
habit_test_02179,009876_02,S8940,early,all_five,0,0.2895004441384824,0.5
habit_test_02180,009876_02,S8940,ready,all_five,1,0.9286632927129745,0.5
habit_test_02181,009879_01,S8940,early,all_five,0,0.6298090041721236,0.5
habit_test_02182,009879_01,S8940,ready,all_five,1,0.9752986516548031,0.5
habit_test_02183,009879_02,S8940,early,all_five,0,0.48357132675618375,0.5
habit_test_02184,009879_02,S8940,ready,all_five,1,0.975729598370182,0.5
habit_test_02185,009880_01,S8940,early,all_five,0,0.4035511247082987,0.5
habit_test_02186,009880_01,S8940,ready,all_five,1,0.9507464434107623,0.5
habit_test_02187,009880_02,S8940,early,all_five,0,0.3549611365099113,0.5
habit_test_02188,009880_02,S8940,ready,all_five,1,0.9647805048497714,0.5
habit_test_02189,009881_01,S8940,early,all_five,0,0.5846041629232441,0.5
habit_test_02190,009881_01,S8940,ready,all_five,1,0.9221916550306447,0.5
habit_test_02191,009881_02,S8940,early,all_five,0,0.5634496311594498,0.5
habit_test_02192,009881_02,S8940,ready,all_five,1,0.9322261644478181,0.5
habit_test_02193,009882_01,S8940,early,all_five,0,0.6911441843241012,0.5
habit_test_02194,009882_01,S8940,ready,all_five,1,0.962684993961815,0.5
habit_test_02195,009882_02,S8940,early,all_five,0,0.8186125679052574,0.5
habit_test_02196,009882_02,S8940,ready,all_five,1,0.9676045574085769,0.5
habit_test_02197,009883_01,S8940,early,all_five,0,0.32903508097215767,0.5
habit_test_02198,009883_01,S8940,ready,all_five,1,0.9630103913752015,0.5
habit_test_02199,009883_02,S8940,early,all_five,0,0.578571488020114,0.5
habit_test_02200,009883_02,S8940,ready,all_five,1,0.983932048946952,0.5
habit_test_02201,009885_01,S8940,early,all_five,0,0.5839875080975496,0.5
habit_test_02202,009885_01,S8940,ready,all_five,1,0.9422247786136738,0.5
habit_test_02203,009885_02,S8940,early,all_five,0,0.4763937182446627,0.5
habit_test_02204,009885_02,S8940,ready,all_five,1,0.9609172166181116,0.5
habit_test_02205,009886_01,S8940,early,all_five,0,0.5661197603470652,0.5
habit_test_02206,009886_01,S8940,ready,all_five,1,0.9360920531430035,0.5
habit_test_02207,009886_02,S8940,early,all_five,0,0.6830471460677602,0.5
habit_test_02208,009886_02,S8940,ready,all_five,1,0.9660941737333918,0.5
habit_test_02209,009887_01,S8940,early,all_five,0,0.5840467841050219,0.5
habit_test_02210,009887_01,S8940,ready,all_five,1,0.9378809337746773,0.5
habit_test_02211,009887_02,S8940,early,all_five,0,0.7004413596603138,0.5
habit_test_02212,009887_02,S8940,ready,all_five,1,0.9681020935848034,0.5
habit_test_02213,009889_01,S8940,early,all_five,0,0.37145424398687676,0.5
habit_test_02214,009889_01,S8940,ready,all_five,1,0.7971643980432715,0.5
habit_test_02215,009889_02,S8940,early,all_five,0,0.3170021184880442,0.5
habit_test_02216,009889_02,S8940,ready,all_five,1,0.9199273926272689,0.5
habit_test_02217,009892_01,S8940,early,all_five,0,0.6553636688592833,0.5
habit_test_02218,009892_01,S8940,ready,all_five,1,0.8401273289501736,0.5
habit_test_02219,009892_02,S8940,early,all_five,0,0.47154723990005176,0.5
habit_test_02220,009892_02,S8940,ready,all_five,1,0.9410717063385355,0.5
habit_test_02221,009893_01,S8940,early,all_five,0,0.35389162646403305,0.5
habit_test_02222,009893_01,S8940,ready,all_five,1,0.936452804643292,0.5
habit_test_02223,009893_02,S8940,early,all_five,0,0.6432575568449626,0.5
habit_test_02224,009893_02,S8940,ready,all_five,1,0.97306550814751,0.5
habit_test_02225,009894_01,S8940,early,all_five,0,0.5013073826379084,0.5
habit_test_02226,009894_01,S8940,ready,all_five,1,0.9071151943813849,0.5
habit_test_02227,009894_02,S8940,early,all_five,0,0.4573575962604323,0.5
habit_test_02228,009894_02,S8940,ready,all_five,1,0.9547905263816779,0.5
habit_test_02229,009895_01,S8940,early,all_five,0,0.4606023336004047,0.5
habit_test_02230,009895_01,S8940,ready,all_five,1,0.9321237597401867,0.5
habit_test_02231,009895_02,S8940,early,all_five,0,0.49897547717415236,0.5
habit_test_02232,009895_02,S8940,ready,all_five,1,0.95952020858726,0.5
habit_test_02233,009896_01,S8940,early,all_five,0,0.6766304125355952,0.5
habit_test_02234,009896_01,S8940,ready,all_five,1,0.9480632595790852,0.5
habit_test_02235,009896_02,S8940,early,all_five,0,0.6753423337550752,0.5
habit_test_02236,009896_02,S8940,ready,all_five,1,0.9555768072262325,0.5
habit_test_02237,009897_01,S8940,early,all_five,0,0.34312600737730203,0.5
habit_test_02238,009897_01,S8940,ready,all_five,1,0.9160066111497585,0.5
habit_test_02239,009897_02,S8940,early,all_five,0,0.49771322460663114,0.5
habit_test_02240,009897_02,S8940,ready,all_five,1,0.934634758381397,0.5
habit_test_02241,009898_01,S8940,early,all_five,0,0.4883144446754974,0.5
habit_test_02242,009898_01,S8940,ready,all_five,1,0.9559442689190252,0.5
habit_test_02243,009898_02,S8940,early,all_five,0,0.5347435117057526,0.5
habit_test_02244,009898_02,S8940,ready,all_five,1,0.9477426009462252,0.5
habit_test_02245,009899_01,S8940,early,all_five,0,0.5029772140311091,0.5
habit_test_02246,009899_01,S8940,ready,all_five,1,0.9645958144333312,0.5
habit_test_02247,009899_02,S8940,early,all_five,0,0.642363562555228,0.5
habit_test_02248,009899_02,S8940,ready,all_five,1,0.9638396642297329,0.5
habit_test_02249,009900_01,S8940,early,all_five,0,0.5266865010565728,0.5
habit_test_02250,009900_01,S8940,ready,all_five,1,0.9696831725586686,0.5
habit_test_02251,009900_02,S8940,early,all_five,0,0.622247009631392,0.5
habit_test_02252,009900_02,S8940,ready,all_five,1,0.979545987026428,0.5
habit_test_02253,009901_01,S8940,early,all_five,0,0.49456093030297243,0.5
habit_test_02254,009901_01,S8940,ready,all_five,1,0.9580069408770605,0.5
habit_test_02255,009901_02,S8940,early,all_five,0,0.5768826956841165,0.5
habit_test_02256,009901_02,S8940,ready,all_five,1,0.9661263758996076,0.5
habit_test_02257,000124_01,S7025,early,workspace_context,0,0.02066569732872775,0.5
habit_test_02258,000124_01,S7025,ready,workspace_context,1,0.3901831720985427,0.5
habit_test_02259,000124_02,S7025,early,workspace_context,0,0.20115152447233367,0.5
habit_test_02260,000124_02,S7025,ready,workspace_context,1,0.6880254326591296,0.5
habit_test_02261,000126_01,S7025,early,workspace_context,0,0.45747700900251875,0.5
habit_test_02262,000126_01,S7025,ready,workspace_context,1,0.5779315677809834,0.5
habit_test_02263,000126_02,S7025,early,workspace_context,0,0.44702985439623844,0.5
habit_test_02264,000126_02,S7025,ready,workspace_context,1,0.8058077381903137,0.5
habit_test_02265,000128_01,S7025,early,workspace_context,0,0.107402086587424,0.5
habit_test_02266,000128_01,S7025,ready,workspace_context,1,0.6047353964401057,0.5
habit_test_02267,000128_02,S7025,early,workspace_context,0,0.18929710833511698,0.5
habit_test_02268,000128_02,S7025,ready,workspace_context,1,0.7583735254849521,0.5
habit_test_02269,000129_01,S7025,early,workspace_context,0,0.11076009704274375,0.5
habit_test_02270,000129_01,S7025,ready,workspace_context,1,0.5549597391952065,0.5
habit_test_02271,000129_02,S7025,early,workspace_context,0,0.38762787978262137,0.5
habit_test_02272,000129_02,S7025,ready,workspace_context,1,0.8053831854221142,0.5
habit_test_02273,000130_01,S7025,early,workspace_context,0,0.1729453463557136,0.5
habit_test_02274,000130_01,S7025,ready,workspace_context,1,0.40980525576956656,0.5
habit_test_02275,000130_02,S7025,early,workspace_context,0,0.08472444671750703,0.5
habit_test_02276,000130_02,S7025,ready,workspace_context,1,0.6686881021411396,0.5
habit_test_02277,000131_01,S7025,early,workspace_context,0,0.16083913019353932,0.5
habit_test_02278,000131_01,S7025,ready,workspace_context,1,0.28694652661771003,0.5
habit_test_02279,000131_02,S7025,early,workspace_context,0,0.19108113883410527,0.5
habit_test_02280,000131_02,S7025,ready,workspace_context,1,0.733906069139129,0.5
habit_test_02281,000132_01,S7025,early,workspace_context,0,0.17824701951876204,0.5
habit_test_02282,000132_01,S7025,ready,workspace_context,1,0.5779130288840821,0.5
habit_test_02283,000132_02,S7025,early,workspace_context,0,0.5978801466994137,0.5
habit_test_02284,000132_02,S7025,ready,workspace_context,1,0.6392823979513444,0.5
habit_test_02285,000133_01,S7025,early,workspace_context,0,0.11755923783476852,0.5
habit_test_02286,000133_01,S7025,ready,workspace_context,1,0.6184837495595475,0.5
habit_test_02287,000133_02,S7025,early,workspace_context,0,0.3058636719425687,0.5
habit_test_02288,000133_02,S7025,ready,workspace_context,1,0.5952391622313494,0.5
habit_test_02289,000135_01,S7025,early,workspace_context,0,0.10266155956846663,0.5
habit_test_02290,000135_01,S7025,ready,workspace_context,1,0.44890035916783755,0.5
habit_test_02291,000135_02,S7025,early,workspace_context,0,0.15178976802693375,0.5
habit_test_02292,000135_02,S7025,ready,workspace_context,1,0.19202204602716771,0.5
habit_test_02293,000137_01,S7025,early,workspace_context,0,0.08412328888024574,0.5
habit_test_02294,000137_01,S7025,ready,workspace_context,1,0.46038822641878274,0.5
habit_test_02295,000137_02,S7025,early,workspace_context,0,0.07615684222859384,0.5
habit_test_02296,000137_02,S7025,ready,workspace_context,1,0.6138903997106829,0.5
habit_test_02297,000138_01,S7025,early,workspace_context,0,0.28587418918062907,0.5
habit_test_02298,000138_01,S7025,ready,workspace_context,1,0.6824723101993868,0.5
habit_test_02299,000138_02,S7025,early,workspace_context,0,0.35896830854040584,0.5
habit_test_02300,000138_02,S7025,ready,workspace_context,1,0.6291016812055009,0.5
habit_test_02301,000141_01,S7025,early,workspace_context,0,0.03880560600288258,0.5
habit_test_02302,000141_01,S7025,ready,workspace_context,1,0.5456601493266409,0.5
habit_test_02303,000141_02,S7025,early,workspace_context,0,0.4812967119862048,0.5
habit_test_02304,000141_02,S7025,ready,workspace_context,1,0.7062950907863953,0.5
habit_test_02305,000142_01,S7025,early,workspace_context,0,0.0929348450412811,0.5
habit_test_02306,000142_01,S7025,ready,workspace_context,1,0.5965557038226662,0.5
habit_test_02307,000142_02,S7025,early,workspace_context,0,0.165755561785207,0.5
habit_test_02308,000142_02,S7025,ready,workspace_context,1,0.8294866717920121,0.5
habit_test_02309,000143_01,S7025,early,workspace_context,0,0.3459931071168666,0.5
habit_test_02310,000143_01,S7025,ready,workspace_context,1,0.6727735454717938,0.5
habit_test_02311,000143_02,S7025,early,workspace_context,0,0.18246064087490382,0.5
habit_test_02312,000143_02,S7025,ready,workspace_context,1,0.5199980183408079,0.5
habit_test_02313,000144_01,S7025,early,workspace_context,0,0.1427080388522777,0.5
habit_test_02314,000144_01,S7025,ready,workspace_context,1,0.7379570880899704,0.5
habit_test_02315,000144_02,S7025,early,workspace_context,0,0.12482588647901366,0.5
habit_test_02316,000144_02,S7025,ready,workspace_context,1,0.6764480029234892,0.5
habit_test_02317,000146_01,S7025,early,workspace_context,0,0.06906408937760176,0.5
habit_test_02318,000146_01,S7025,ready,workspace_context,1,0.6200479700417652,0.5
habit_test_02319,000146_02,S7025,early,workspace_context,0,0.2580836646584775,0.5
habit_test_02320,000146_02,S7025,ready,workspace_context,1,0.7731935614205172,0.5
habit_test_02321,000147_01,S7025,early,workspace_context,0,0.25822557304818455,0.5
habit_test_02322,000147_01,S7025,ready,workspace_context,1,0.6799900876477356,0.5
habit_test_02323,000147_02,S7025,early,workspace_context,0,0.40723559340250537,0.5
habit_test_02324,000147_02,S7025,ready,workspace_context,1,0.782330478944266,0.5
habit_test_02325,000149_01,S7025,early,workspace_context,0,0.15470711902648326,0.5
habit_test_02326,000149_01,S7025,ready,workspace_context,1,0.8638410080543342,0.5
habit_test_02327,000149_02,S7025,early,workspace_context,0,0.6271972064793028,0.5
habit_test_02328,000149_02,S7025,ready,workspace_context,1,0.8299393957395967,0.5
habit_test_02329,000150_01,S7025,early,workspace_context,0,0.07280049044830125,0.5
habit_test_02330,000150_01,S7025,ready,workspace_context,1,0.7376910333984686,0.5
habit_test_02331,000150_02,S7025,early,workspace_context,0,0.33436409167241266,0.5
habit_test_02332,000150_02,S7025,ready,workspace_context,1,0.8731762719361285,0.5
habit_test_02333,000151_01,S7025,early,workspace_context,0,0.3745562977172458,0.5
habit_test_02334,000151_01,S7025,ready,workspace_context,1,0.6125709603940594,0.5
habit_test_02335,000151_02,S7025,early,workspace_context,0,0.2455874663789027,0.5
habit_test_02336,000151_02,S7025,ready,workspace_context,1,0.8240319730261211,0.5
habit_test_02337,000152_01,S7025,early,workspace_context,0,0.17161137102212703,0.5
habit_test_02338,000152_01,S7025,ready,workspace_context,1,0.7201257714343068,0.5
habit_test_02339,000152_02,S7025,early,workspace_context,0,0.37909539128939157,0.5
habit_test_02340,000152_02,S7025,ready,workspace_context,1,0.6527065078311355,0.5
habit_test_02341,000154_01,S7025,early,workspace_context,0,0.10843978254180833,0.5
habit_test_02342,000154_01,S7025,ready,workspace_context,1,0.8115866619430921,0.5
habit_test_02343,000154_02,S7025,early,workspace_context,0,0.5234328024539792,0.5
habit_test_02344,000154_02,S7025,ready,workspace_context,1,0.6379980845875871,0.5
habit_test_02345,000155_01,S7025,early,workspace_context,0,0.21562696689695793,0.5
habit_test_02346,000155_01,S7025,ready,workspace_context,1,0.8375497553178634,0.5
habit_test_02347,000155_02,S7025,early,workspace_context,0,0.3943520138560898,0.5
habit_test_02348,000155_02,S7025,ready,workspace_context,1,0.6533688746841667,0.5
habit_test_02349,000156_01,S7025,early,workspace_context,0,0.21622271015674877,0.5
habit_test_02350,000156_01,S7025,ready,workspace_context,1,0.6913517122943436,0.5
habit_test_02351,000156_02,S7025,early,workspace_context,0,0.40553820020667186,0.5
habit_test_02352,000156_02,S7025,ready,workspace_context,1,0.7165448520296132,0.5
habit_test_02353,000157_01,S7025,early,workspace_context,0,0.19722149771359151,0.5
habit_test_02354,000157_01,S7025,ready,workspace_context,1,0.715738161790366,0.5
habit_test_02355,000157_02,S7025,early,workspace_context,0,0.353495701240669,0.5
habit_test_02356,000157_02,S7025,ready,workspace_context,1,0.5912148551454657,0.5
habit_test_02357,000158_01,S7025,early,workspace_context,0,0.14097201474233234,0.5
habit_test_02358,000158_01,S7025,ready,workspace_context,1,0.7252509437370701,0.5
habit_test_02359,000158_02,S7025,early,workspace_context,0,0.16766875443962442,0.5
habit_test_02360,000158_02,S7025,ready,workspace_context,1,0.6736810663726064,0.5
habit_test_02361,000159_01,S7025,early,workspace_context,0,0.11872553832685621,0.5
habit_test_02362,000159_01,S7025,ready,workspace_context,1,0.70570718120181,0.5
habit_test_02363,000159_02,S7025,early,workspace_context,0,0.3547378796108934,0.5
habit_test_02364,000159_02,S7025,ready,workspace_context,1,0.6918100653437818,0.5
habit_test_02365,000160_01,S7025,early,workspace_context,0,0.14908948808965605,0.5
habit_test_02366,000160_01,S7025,ready,workspace_context,1,0.597572845610917,0.5
habit_test_02367,000160_02,S7025,early,workspace_context,0,0.22958502801399017,0.5
habit_test_02368,000160_02,S7025,ready,workspace_context,1,0.7700808411289908,0.5
habit_test_02369,000161_01,S7025,early,workspace_context,0,0.2155119395486148,0.5
habit_test_02370,000161_01,S7025,ready,workspace_context,1,0.5131119781361428,0.5
habit_test_02371,000161_02,S7025,early,workspace_context,0,0.33304367399411167,0.5
habit_test_02372,000161_02,S7025,ready,workspace_context,1,0.7229792279678682,0.5
habit_test_02373,000163_01,S7025,early,workspace_context,0,0.1450936828824403,0.5
habit_test_02374,000163_01,S7025,ready,workspace_context,1,0.5925635275873395,0.5
habit_test_02375,000163_02,S7025,early,workspace_context,0,0.2411797709451925,0.5
habit_test_02376,000163_02,S7025,ready,workspace_context,1,0.5810405446897744,0.5
habit_test_02377,000165_01,S7025,early,workspace_context,0,0.1975694130099801,0.5
habit_test_02378,000165_01,S7025,ready,workspace_context,1,0.48771244636201916,0.5
habit_test_02379,000165_02,S7025,early,workspace_context,0,0.45105898984688675,0.5
habit_test_02380,000165_02,S7025,ready,workspace_context,1,0.9258025134191709,0.5
habit_test_02381,000166_01,S7025,early,workspace_context,0,0.16762283478623818,0.5
habit_test_02382,000166_01,S7025,ready,workspace_context,1,0.7668676427212884,0.5
habit_test_02383,000166_02,S7025,early,workspace_context,0,0.34870835321405674,0.5
habit_test_02384,000166_02,S7025,ready,workspace_context,1,0.8038088854273548,0.5
habit_test_02385,000167_01,S7025,early,workspace_context,0,0.14253551270235346,0.5
habit_test_02386,000167_01,S7025,ready,workspace_context,1,0.6463829665754249,0.5
habit_test_02387,000167_02,S7025,early,workspace_context,0,0.3749449899083601,0.5
habit_test_02388,000167_02,S7025,ready,workspace_context,1,0.9224132301279211,0.5
habit_test_02389,000168_01,S7025,early,workspace_context,0,0.2662666587170309,0.5
habit_test_02390,000168_01,S7025,ready,workspace_context,1,0.8627284146576761,0.5
habit_test_02391,000168_02,S7025,early,workspace_context,0,0.27230114960092877,0.5
habit_test_02392,000168_02,S7025,ready,workspace_context,1,0.8324404725600965,0.5
habit_test_02393,000169_01,S7025,early,workspace_context,0,0.06270279863204686,0.5
habit_test_02394,000169_01,S7025,ready,workspace_context,1,0.6933876583274714,0.5
habit_test_02395,000169_02,S7025,early,workspace_context,0,0.09670048488990791,0.5
habit_test_02396,000169_02,S7025,ready,workspace_context,1,0.8094322862745242,0.5
habit_test_02397,000170_01,S7025,early,workspace_context,0,0.40354786749148286,0.5
habit_test_02398,000170_01,S7025,ready,workspace_context,1,0.711143344311291,0.5
habit_test_02399,000170_02,S7025,early,workspace_context,0,0.44327562821557526,0.5
habit_test_02400,000170_02,S7025,ready,workspace_context,1,0.8702306344266723,0.5
habit_test_02401,000171_01,S7025,early,workspace_context,0,0.14741188104228417,0.5
habit_test_02402,000171_01,S7025,ready,workspace_context,1,0.7714629416151378,0.5
habit_test_02403,000171_02,S7025,early,workspace_context,0,0.27400964872558703,0.5
habit_test_02404,000171_02,S7025,ready,workspace_context,1,0.7156797274133112,0.5
habit_test_02405,000172_01,S7025,early,workspace_context,0,0.12079794441805879,0.5
habit_test_02406,000172_01,S7025,ready,workspace_context,1,0.5633512570752887,0.5
habit_test_02407,000172_02,S7025,early,workspace_context,0,0.4763182689447939,0.5
habit_test_02408,000172_02,S7025,ready,workspace_context,1,0.8189469404226936,0.5
habit_test_02409,000173_01,S7025,early,workspace_context,0,0.18087362752105013,0.5
habit_test_02410,000173_01,S7025,ready,workspace_context,1,0.4169107046112782,0.5
habit_test_02411,000173_02,S7025,early,workspace_context,0,0.31889864343861657,0.5
habit_test_02412,000173_02,S7025,ready,workspace_context,1,0.7991306812816886,0.5
habit_test_02413,000174_01,S7025,early,workspace_context,0,0.19262426794079904,0.5
habit_test_02414,000174_01,S7025,ready,workspace_context,1,0.8136168527869884,0.5
habit_test_02415,000174_02,S7025,early,workspace_context,0,0.1474439434041695,0.5
habit_test_02416,000174_02,S7025,ready,workspace_context,1,0.903424638604066,0.5
habit_test_02417,000175_01,S7025,early,workspace_context,0,0.10322820423440825,0.5
habit_test_02418,000175_01,S7025,ready,workspace_context,1,0.8073464432202648,0.5
habit_test_02419,000175_02,S7025,early,workspace_context,0,0.4765655449955581,0.5
habit_test_02420,000175_02,S7025,ready,workspace_context,1,0.8972970894960703,0.5
habit_test_02421,000176_01,S7025,early,workspace_context,0,0.16774559124608485,0.5
habit_test_02422,000176_01,S7025,ready,workspace_context,1,0.6884909222864875,0.5
habit_test_02423,000176_02,S7025,early,workspace_context,0,0.4562724755845427,0.5
habit_test_02424,000176_02,S7025,ready,workspace_context,1,0.69722524581739,0.5
habit_test_02425,000178_01,S7025,early,workspace_context,0,0.275440395460919,0.5
habit_test_02426,000178_01,S7025,ready,workspace_context,1,0.845224354994101,0.5
habit_test_02427,000178_02,S7025,early,workspace_context,0,0.6789159734347667,0.5
habit_test_02428,000178_02,S7025,ready,workspace_context,1,0.9018711724017251,0.5
habit_test_02429,000179_01,S7025,early,workspace_context,0,0.04306807058130542,0.5
habit_test_02430,000179_01,S7025,ready,workspace_context,1,0.7385111663008554,0.5
habit_test_02431,000179_02,S7025,early,workspace_context,0,0.21630593182475594,0.5
habit_test_02432,000179_02,S7025,ready,workspace_context,1,0.8957925005611546,0.5
habit_test_02433,000180_01,S7025,early,workspace_context,0,0.1443670022154498,0.5
habit_test_02434,000180_01,S7025,ready,workspace_context,1,0.39149981782936993,0.5
habit_test_02435,000180_02,S7025,early,workspace_context,0,0.2049548391631444,0.5
habit_test_02436,000180_02,S7025,ready,workspace_context,1,0.8405204070997124,0.5
habit_test_02437,000181_01,S7025,early,workspace_context,0,0.1768148680720254,0.5
habit_test_02438,000181_01,S7025,ready,workspace_context,1,0.7090725551643264,0.5
habit_test_02439,000181_02,S7025,early,workspace_context,0,0.3007938975114299,0.5
habit_test_02440,000181_02,S7025,ready,workspace_context,1,0.9124756658524713,0.5
habit_test_02441,000182_01,S7025,early,workspace_context,0,0.10222354096664446,0.5
habit_test_02442,000182_01,S7025,ready,workspace_context,1,0.650626361963215,0.5
habit_test_02443,000182_02,S7025,early,workspace_context,0,0.19529555715908437,0.5
habit_test_02444,000182_02,S7025,ready,workspace_context,1,0.8029561401199127,0.5
habit_test_02445,000183_01,S7025,early,workspace_context,0,0.09816722258816067,0.5
habit_test_02446,000183_01,S7025,ready,workspace_context,1,0.7336483947109002,0.5
habit_test_02447,000183_02,S7025,early,workspace_context,0,0.1674634090671525,0.5
habit_test_02448,000183_02,S7025,ready,workspace_context,1,0.604575095568723,0.5
habit_test_02449,000185_01,S7025,early,workspace_context,0,0.3236127830109568,0.5
habit_test_02450,000185_01,S7025,ready,workspace_context,1,0.7442075783144614,0.5
habit_test_02451,000185_02,S7025,early,workspace_context,0,0.1466477063475238,0.5
habit_test_02452,000185_02,S7025,ready,workspace_context,1,0.7169483968765964,0.5
habit_test_02453,000186_01,S7025,early,workspace_context,0,0.11303030840989202,0.5
habit_test_02454,000186_01,S7025,ready,workspace_context,1,0.6734980262027153,0.5
habit_test_02455,000186_02,S7025,early,workspace_context,0,0.6927758367870831,0.5
habit_test_02456,000186_02,S7025,ready,workspace_context,1,0.6773097736815948,0.5
habit_test_02457,000187_01,S7025,early,workspace_context,0,0.6406405924029572,0.5
habit_test_02458,000187_01,S7025,ready,workspace_context,1,0.6747775231762594,0.5
habit_test_02459,000187_02,S7025,early,workspace_context,0,0.21235507697019576,0.5
habit_test_02460,000187_02,S7025,ready,workspace_context,1,0.6226956947404612,0.5
habit_test_02461,000188_01,S7025,early,workspace_context,0,0.15863100740376057,0.5
habit_test_02462,000188_01,S7025,ready,workspace_context,1,0.4696101859103111,0.5
habit_test_02463,000188_02,S7025,early,workspace_context,0,0.40241607978383104,0.5
habit_test_02464,000188_02,S7025,ready,workspace_context,1,0.6383293136711525,0.5
habit_test_02465,000189_01,S7025,early,workspace_context,0,0.24522688441176838,0.5
habit_test_02466,000189_01,S7025,ready,workspace_context,1,0.8093470465816589,0.5
habit_test_02467,000189_02,S7025,early,workspace_context,0,0.5551634238859633,0.5
habit_test_02468,000189_02,S7025,ready,workspace_context,1,0.9202093627183433,0.5
habit_test_02469,000190_01,S7025,early,workspace_context,0,0.09978616153685418,0.5
habit_test_02470,000190_01,S7025,ready,workspace_context,1,0.5604823513397175,0.5
habit_test_02471,000190_02,S7025,early,workspace_context,0,0.5574504132765188,0.5
habit_test_02472,000190_02,S7025,ready,workspace_context,1,0.8892482337999787,0.5
habit_test_02473,000191_01,S7025,early,workspace_context,0,0.218623037427755,0.5
habit_test_02474,000191_01,S7025,ready,workspace_context,1,0.8463565175545934,0.5
habit_test_02475,000191_02,S7025,early,workspace_context,0,0.6028695264687012,0.5
habit_test_02476,000191_02,S7025,ready,workspace_context,1,0.9098290848319608,0.5
habit_test_02477,000193_01,S7025,early,workspace_context,0,0.3256300011355182,0.5
habit_test_02478,000193_01,S7025,ready,workspace_context,1,0.6197876889008056,0.5
habit_test_02479,000193_02,S7025,early,workspace_context,0,0.5171363189221536,0.5
habit_test_02480,000193_02,S7025,ready,workspace_context,1,0.6771627958617635,0.5
habit_test_02481,000194_01,S7025,early,workspace_context,0,0.3775293677638482,0.5
habit_test_02482,000194_01,S7025,ready,workspace_context,1,0.28528028792453153,0.5
habit_test_02483,000194_02,S7025,early,workspace_context,0,0.4211552256519844,0.5
habit_test_02484,000194_02,S7025,ready,workspace_context,1,0.8179641278603075,0.5
habit_test_02485,000195_01,S7025,early,workspace_context,0,0.46606108963264126,0.5
habit_test_02486,000195_01,S7025,ready,workspace_context,1,0.20434298829041947,0.5
habit_test_02487,000195_02,S7025,early,workspace_context,0,0.20582712803252748,0.5
habit_test_02488,000195_02,S7025,ready,workspace_context,1,0.8055757619019207,0.5
habit_test_02489,000196_01,S7025,early,workspace_context,0,0.15712244990593122,0.5
habit_test_02490,000196_01,S7025,ready,workspace_context,1,0.7701640155765463,0.5
habit_test_02491,000196_02,S7025,early,workspace_context,0,0.3434947273083904,0.5
habit_test_02492,000196_02,S7025,ready,workspace_context,1,0.6449838016519838,0.5
habit_test_02493,000197_01,S7025,early,workspace_context,0,0.3107493469911699,0.5
habit_test_02494,000197_01,S7025,ready,workspace_context,1,0.5420915504137203,0.5
habit_test_02495,000197_02,S7025,early,workspace_context,0,0.4953397830217887,0.5
habit_test_02496,000197_02,S7025,ready,workspace_context,1,0.8734423838329024,0.5
habit_test_02497,000198_01,S7025,early,workspace_context,0,0.17878755748337158,0.5
habit_test_02498,000198_01,S7025,ready,workspace_context,1,0.7638633002322414,0.5
habit_test_02499,000198_02,S7025,early,workspace_context,0,0.36635180266346307,0.5
habit_test_02500,000198_02,S7025,ready,workspace_context,1,0.8420982675375566,0.5
habit_test_02501,000199_01,S7025,early,workspace_context,0,0.2906635205407072,0.5
habit_test_02502,000199_01,S7025,ready,workspace_context,1,0.7591341116328945,0.5
habit_test_02503,000199_02,S7025,early,workspace_context,0,0.5252361554377565,0.5
habit_test_02504,000199_02,S7025,ready,workspace_context,1,0.8273043179074469,0.5
habit_test_02505,000200_01,S7025,early,workspace_context,0,0.2274751125979126,0.5
habit_test_02506,000200_01,S7025,ready,workspace_context,1,0.8641356003323407,0.5
habit_test_02507,000200_02,S7025,early,workspace_context,0,0.7006620452803316,0.5
habit_test_02508,000200_02,S7025,ready,workspace_context,1,0.8741313420495572,0.5
habit_test_02509,000201_01,S7025,early,workspace_context,0,0.29700415405114106,0.5
habit_test_02510,000201_01,S7025,ready,workspace_context,1,0.8207030589289289,0.5
habit_test_02511,000201_02,S7025,early,workspace_context,0,0.7083203324741424,0.5
habit_test_02512,000201_02,S7025,ready,workspace_context,1,0.8888168270861104,0.5
habit_test_02513,000202_01,S7025,early,workspace_context,0,0.3045545933669933,0.5
habit_test_02514,000202_01,S7025,ready,workspace_context,1,0.8057451335159822,0.5
habit_test_02515,000202_02,S7025,early,workspace_context,0,0.15962458211827257,0.5
habit_test_02516,000202_02,S7025,ready,workspace_context,1,0.9095940821412745,0.5
habit_test_02517,000203_01,S7025,early,workspace_context,0,0.2758451727222884,0.5
habit_test_02518,000203_01,S7025,ready,workspace_context,1,0.9061940106887543,0.5
habit_test_02519,000203_02,S7025,early,workspace_context,0,0.5784035918943925,0.5
habit_test_02520,000203_02,S7025,ready,workspace_context,1,0.9300420999209578,0.5
habit_test_02521,000205_01,S7025,early,workspace_context,0,0.13726512922042022,0.5
habit_test_02522,000205_01,S7025,ready,workspace_context,1,0.5743519094305549,0.5
habit_test_02523,000205_02,S7025,early,workspace_context,0,0.5725412180349093,0.5
habit_test_02524,000205_02,S7025,ready,workspace_context,1,0.8918188297404344,0.5
habit_test_02525,000206_01,S7025,early,workspace_context,0,0.25483831825167574,0.5
habit_test_02526,000206_01,S7025,ready,workspace_context,1,0.5913853306940946,0.5
habit_test_02527,000206_02,S7025,early,workspace_context,0,0.5462676417520792,0.5
habit_test_02528,000206_02,S7025,ready,workspace_context,1,0.8510774880137026,0.5
habit_test_02529,000207_01,S7025,early,workspace_context,0,0.3407263485008695,0.5
habit_test_02530,000207_01,S7025,ready,workspace_context,1,0.795164586236873,0.5
habit_test_02531,000207_02,S7025,early,workspace_context,0,0.5375203243578642,0.5
habit_test_02532,000207_02,S7025,ready,workspace_context,1,0.8890792130552095,0.5
habit_test_02533,000208_01,S7025,early,workspace_context,0,0.31351902205298826,0.5
habit_test_02534,000208_01,S7025,ready,workspace_context,1,0.7619599580381432,0.5
habit_test_02535,000208_02,S7025,early,workspace_context,0,0.46181677625473655,0.5
habit_test_02536,000208_02,S7025,ready,workspace_context,1,0.6593202723931456,0.5
habit_test_02537,000209_01,S7025,early,workspace_context,0,0.3631333691289462,0.5
habit_test_02538,000209_01,S7025,ready,workspace_context,1,0.7947181179267547,0.5
habit_test_02539,000209_02,S7025,early,workspace_context,0,0.6767809259052031,0.5
habit_test_02540,000209_02,S7025,ready,workspace_context,1,0.8143620448110255,0.5
habit_test_02541,000210_01,S7025,early,workspace_context,0,0.18624863878447587,0.5
habit_test_02542,000210_01,S7025,ready,workspace_context,1,0.42561683104260856,0.5
habit_test_02543,000210_02,S7025,early,workspace_context,0,0.3870404392818704,0.5
habit_test_02544,000210_02,S7025,ready,workspace_context,1,0.8751229060354663,0.5
habit_test_02545,000213_01,S7025,early,workspace_context,0,0.21029711107819124,0.5
habit_test_02546,000213_01,S7025,ready,workspace_context,1,0.7616408725009036,0.5
habit_test_02547,000213_02,S7025,early,workspace_context,0,0.379436589981419,0.5
habit_test_02548,000213_02,S7025,ready,workspace_context,1,0.8421708401387091,0.5
habit_test_02549,000214_01,S7025,early,workspace_context,0,0.13552940874477018,0.5
habit_test_02550,000214_01,S7025,ready,workspace_context,1,0.7211669701232765,0.5
habit_test_02551,000214_02,S7025,early,workspace_context,0,0.5254331156563619,0.5
habit_test_02552,000214_02,S7025,ready,workspace_context,1,0.8702951929234903,0.5
habit_test_02553,000215_01,S7025,early,workspace_context,0,0.47225289879036136,0.5
habit_test_02554,000215_01,S7025,ready,workspace_context,1,0.7385289690222706,0.5
habit_test_02555,000215_02,S7025,early,workspace_context,0,0.2975257160066824,0.5
habit_test_02556,000215_02,S7025,ready,workspace_context,1,0.6973910615047111,0.5
habit_test_02557,000216_01,S7025,early,workspace_context,0,0.3749263482182672,0.5
habit_test_02558,000216_01,S7025,ready,workspace_context,1,0.743239250926249,0.5
habit_test_02559,000216_02,S7025,early,workspace_context,0,0.6983942091662838,0.5
habit_test_02560,000216_02,S7025,ready,workspace_context,1,0.8413290314494701,0.5
habit_test_02561,000217_01,S7025,early,workspace_context,0,0.24743477215156612,0.5
habit_test_02562,000217_01,S7025,ready,workspace_context,1,0.8341168565144681,0.5
habit_test_02563,000217_02,S7025,early,workspace_context,0,0.47813923980834083,0.5
habit_test_02564,000217_02,S7025,ready,workspace_context,1,0.7841385398492822,0.5
habit_test_02565,000220_01,S7025,early,workspace_context,0,0.35430624489480417,0.5
habit_test_02566,000220_01,S7025,ready,workspace_context,1,0.6404199318635854,0.5
habit_test_02567,000220_02,S7025,early,workspace_context,0,0.26058152997026623,0.5
habit_test_02568,000220_02,S7025,ready,workspace_context,1,0.6128115444978846,0.5
habit_test_02569,000221_01,S7025,early,workspace_context,0,0.3160950269607082,0.5
habit_test_02570,000221_01,S7025,ready,workspace_context,1,0.8165799215228841,0.5
habit_test_02571,000221_02,S7025,early,workspace_context,0,0.29481645363756903,0.5
habit_test_02572,000221_02,S7025,ready,workspace_context,1,0.8373039704884571,0.5
habit_test_02573,000222_01,S7025,early,workspace_context,0,0.30183244071196,0.5
habit_test_02574,000222_01,S7025,ready,workspace_context,1,0.8149881209952192,0.5
habit_test_02575,000222_02,S7025,early,workspace_context,0,0.53195038124228,0.5
habit_test_02576,000222_02,S7025,ready,workspace_context,1,0.833878683375077,0.5
habit_test_02577,000223_01,S7025,early,workspace_context,0,0.18810710289237342,0.5
habit_test_02578,000223_01,S7025,ready,workspace_context,1,0.7289660107418228,0.5
habit_test_02579,000223_02,S7025,early,workspace_context,0,0.4275638496294531,0.5
habit_test_02580,000223_02,S7025,ready,workspace_context,1,0.8553923392893619,0.5
habit_test_02581,000224_01,S7025,early,workspace_context,0,0.2368739034432305,0.5
habit_test_02582,000224_01,S7025,ready,workspace_context,1,0.6666692262048525,0.5
habit_test_02583,000224_02,S7025,early,workspace_context,0,0.578249693956023,0.5
habit_test_02584,000224_02,S7025,ready,workspace_context,1,0.7815364858190769,0.5
habit_test_02585,000226_01,S7025,early,workspace_context,0,0.26098082880695206,0.5
habit_test_02586,000226_01,S7025,ready,workspace_context,1,0.64463697694295,0.5
habit_test_02587,000226_02,S7025,early,workspace_context,0,0.6009901329040648,0.5
habit_test_02588,000226_02,S7025,ready,workspace_context,1,0.8487793163777874,0.5
habit_test_02589,000229_01,S7025,early,workspace_context,0,0.1454602496374173,0.5
habit_test_02590,000229_01,S7025,ready,workspace_context,1,0.3305696606433702,0.5
habit_test_02591,000229_02,S7025,early,workspace_context,0,0.5626498843130461,0.5
habit_test_02592,000229_02,S7025,ready,workspace_context,1,0.9144762490335566,0.5
habit_test_02593,000230_01,S7025,early,workspace_context,0,0.24189147763478555,0.5
habit_test_02594,000230_01,S7025,ready,workspace_context,1,0.6104116521482793,0.5
habit_test_02595,000230_02,S7025,early,workspace_context,0,0.6483682793555708,0.5
habit_test_02596,000230_02,S7025,ready,workspace_context,1,0.8360451313040704,0.5
habit_test_02597,000231_01,S7025,early,workspace_context,0,0.056595706098637164,0.5
habit_test_02598,000231_01,S7025,ready,workspace_context,1,0.4828074605794282,0.5
habit_test_02599,000231_02,S7025,early,workspace_context,0,0.12836538359245825,0.5
habit_test_02600,000231_02,S7025,ready,workspace_context,1,0.7005628421573478,0.5
habit_test_02601,000232_01,S7025,early,workspace_context,0,0.1409849527523642,0.5
habit_test_02602,000232_01,S7025,ready,workspace_context,1,0.7599592896357947,0.5
habit_test_02603,000232_02,S7025,early,workspace_context,0,0.803002333185269,0.5
habit_test_02604,000232_02,S7025,ready,workspace_context,1,0.8736208418341925,0.5
habit_test_02605,000233_01,S7025,early,workspace_context,0,0.15359152350262012,0.5
habit_test_02606,000233_01,S7025,ready,workspace_context,1,0.5865611926560338,0.5
habit_test_02607,000233_02,S7025,early,workspace_context,0,0.5893894779831815,0.5
habit_test_02608,000233_02,S7025,ready,workspace_context,1,0.8388322590714411,0.5
habit_test_02609,000234_01,S7025,early,workspace_context,0,0.12253551689017919,0.5
habit_test_02610,000234_01,S7025,ready,workspace_context,1,0.7075425486025818,0.5
habit_test_02611,000234_02,S7025,early,workspace_context,0,0.43529729626446106,0.5
habit_test_02612,000234_02,S7025,ready,workspace_context,1,0.7813309503012996,0.5
habit_test_02613,000235_01,S7025,early,workspace_context,0,0.15680818476229416,0.5
habit_test_02614,000235_01,S7025,ready,workspace_context,1,0.565430931799729,0.5
habit_test_02615,000235_02,S7025,early,workspace_context,0,0.28502209592713,0.5
habit_test_02616,000235_02,S7025,ready,workspace_context,1,0.8788186314634018,0.5
habit_test_02617,000236_01,S7025,early,workspace_context,0,0.2509330426452923,0.5
habit_test_02618,000236_01,S7025,ready,workspace_context,1,0.621658303235216,0.5
habit_test_02619,000236_02,S7025,early,workspace_context,0,0.3870165621296956,0.5
habit_test_02620,000236_02,S7025,ready,workspace_context,1,0.8506802321822923,0.5
habit_test_02621,000237_01,S7025,early,workspace_context,0,0.2729330829858536,0.5
habit_test_02622,000237_01,S7025,ready,workspace_context,1,0.7951858497236713,0.5
habit_test_02623,000237_02,S7025,early,workspace_context,0,0.6195647964316628,0.5
habit_test_02624,000237_02,S7025,ready,workspace_context,1,0.8770989934037118,0.5
habit_test_02625,000238_01,S7025,early,workspace_context,0,0.25583937162314885,0.5
habit_test_02626,000238_01,S7025,ready,workspace_context,1,0.7768048957072347,0.5
habit_test_02627,000238_02,S7025,early,workspace_context,0,0.4641944696578106,0.5
habit_test_02628,000238_02,S7025,ready,workspace_context,1,0.8656888507558645,0.5
habit_test_02629,000239_01,S7025,early,workspace_context,0,0.330098402295916,0.5
habit_test_02630,000239_01,S7025,ready,workspace_context,1,0.6225685211513868,0.5
habit_test_02631,000239_02,S7025,early,workspace_context,0,0.4786052177233524,0.5
habit_test_02632,000239_02,S7025,ready,workspace_context,1,0.8982389419857554,0.5
habit_test_02633,000240_01,S7025,early,workspace_context,0,0.3162823320255562,0.5
habit_test_02634,000240_01,S7025,ready,workspace_context,1,0.3539143498747468,0.5
habit_test_02635,000240_02,S7025,early,workspace_context,0,0.3360725817197918,0.5
habit_test_02636,000240_02,S7025,ready,workspace_context,1,0.8534317856699649,0.5
habit_test_02637,000241_01,S7025,early,workspace_context,0,0.14179025838599296,0.5
habit_test_02638,000241_01,S7025,ready,workspace_context,1,0.7130622685108365,0.5
habit_test_02639,000241_02,S7025,early,workspace_context,0,0.46506164813569767,0.5
habit_test_02640,000241_02,S7025,ready,workspace_context,1,0.8755092880143373,0.5
habit_test_02641,000242_01,S7025,early,workspace_context,0,0.2428654995942015,0.5
habit_test_02642,000242_01,S7025,ready,workspace_context,1,0.7281398797336417,0.5
habit_test_02643,000242_02,S7025,early,workspace_context,0,0.2995631508614008,0.5
habit_test_02644,000242_02,S7025,ready,workspace_context,1,0.6097389586152082,0.5
habit_test_02645,000243_01,S7025,early,workspace_context,0,0.19454644083894646,0.5
habit_test_02646,000243_01,S7025,ready,workspace_context,1,0.5533342171689815,0.5
habit_test_02647,000243_02,S7025,early,workspace_context,0,0.37614718756136895,0.5
habit_test_02648,000243_02,S7025,ready,workspace_context,1,0.8080891808987609,0.5
habit_test_02649,000244_01,S7025,early,workspace_context,0,0.1651890505832464,0.5
habit_test_02650,000244_01,S7025,ready,workspace_context,1,0.5556305978043781,0.5
habit_test_02651,000244_02,S7025,early,workspace_context,0,0.7107125880220905,0.5
habit_test_02652,000244_02,S7025,ready,workspace_context,1,0.8946993459701572,0.5
habit_test_02653,000245_01,S7025,early,workspace_context,0,0.11972693595184533,0.5
habit_test_02654,000245_01,S7025,ready,workspace_context,1,0.8145070762773208,0.5
habit_test_02655,000245_02,S7025,early,workspace_context,0,0.4908707481678604,0.5
habit_test_02656,000245_02,S7025,ready,workspace_context,1,0.7804929032824652,0.5
habit_test_02657,000247_01,S7025,early,workspace_context,0,0.1228312959341049,0.5
habit_test_02658,000247_01,S7025,ready,workspace_context,1,0.6232025578690776,0.5
habit_test_02659,000247_02,S7025,early,workspace_context,0,0.5409812601596415,0.5
habit_test_02660,000247_02,S7025,ready,workspace_context,1,0.839187305742778,0.5
habit_test_02661,000248_01,S7025,early,workspace_context,0,0.19122185133734226,0.5
habit_test_02662,000248_01,S7025,ready,workspace_context,1,0.6614820370587173,0.5
habit_test_02663,000248_02,S7025,early,workspace_context,0,0.4195126003598025,0.5
habit_test_02664,000248_02,S7025,ready,workspace_context,1,0.8848566604798533,0.5
habit_test_02665,000249_01,S7025,early,workspace_context,0,0.04466539133155357,0.5
habit_test_02666,000249_01,S7025,ready,workspace_context,1,0.5246301541959298,0.5
habit_test_02667,000249_02,S7025,early,workspace_context,0,0.28071047999178367,0.5
habit_test_02668,000249_02,S7025,ready,workspace_context,1,0.8103231955106048,0.5
habit_test_02669,000250_01,S7025,early,workspace_context,0,0.38730582760441223,0.5
habit_test_02670,000250_01,S7025,ready,workspace_context,1,0.2626565723928518,0.5
habit_test_02671,000250_02,S7025,early,workspace_context,0,0.2738144639106878,0.5
habit_test_02672,000250_02,S7025,ready,workspace_context,1,0.7491656103898079,0.5
habit_test_02673,000251_01,S7025,early,workspace_context,0,0.14963483332740526,0.5
habit_test_02674,000251_01,S7025,ready,workspace_context,1,0.5244250921684723,0.5
habit_test_02675,000251_02,S7025,early,workspace_context,0,0.41313603410533756,0.5
habit_test_02676,000251_02,S7025,ready,workspace_context,1,0.6435262782116216,0.5
habit_test_02677,000252_01,S7025,early,workspace_context,0,0.2411685386249541,0.5
habit_test_02678,000252_01,S7025,ready,workspace_context,1,0.7145199902708808,0.5
habit_test_02679,000252_02,S7025,early,workspace_context,0,0.5136202176819816,0.5
habit_test_02680,000252_02,S7025,ready,workspace_context,1,0.7932019088188182,0.5
habit_test_02681,000253_01,S7025,early,workspace_context,0,0.1299965106712582,0.5
habit_test_02682,000253_01,S7025,ready,workspace_context,1,0.5367685411173904,0.5
habit_test_02683,000253_02,S7025,early,workspace_context,0,0.22229609015045168,0.5
habit_test_02684,000253_02,S7025,ready,workspace_context,1,0.813248160068789,0.5
habit_test_02685,000254_01,S7025,early,workspace_context,0,0.21338451750592205,0.5
habit_test_02686,000254_01,S7025,ready,workspace_context,1,0.570597084342074,0.5
habit_test_02687,000254_02,S7025,early,workspace_context,0,0.38972344301472256,0.5
habit_test_02688,000254_02,S7025,ready,workspace_context,1,0.7942881799001236,0.5
habit_test_02689,000255_01,S7025,early,workspace_context,0,0.38649531392988973,0.5
habit_test_02690,000255_01,S7025,ready,workspace_context,1,0.7715855363752372,0.5
habit_test_02691,000255_02,S7025,early,workspace_context,0,0.37656586205129444,0.5
habit_test_02692,000255_02,S7025,ready,workspace_context,1,0.862302084186134,0.5
habit_test_02693,000256_01,S7025,early,workspace_context,0,0.3157241876614354,0.5
habit_test_02694,000256_01,S7025,ready,workspace_context,1,0.4172170276258958,0.5
habit_test_02695,000256_02,S7025,early,workspace_context,0,0.41550305748241034,0.5
habit_test_02696,000256_02,S7025,ready,workspace_context,1,0.758191151996906,0.5
habit_test_02697,000257_01,S7025,early,workspace_context,0,0.17625269700965424,0.5
habit_test_02698,000257_01,S7025,ready,workspace_context,1,0.5077910813528648,0.5
habit_test_02699,000257_02,S7025,early,workspace_context,0,0.4072486424686111,0.5
habit_test_02700,000257_02,S7025,ready,workspace_context,1,0.6879970940431389,0.5
habit_test_02701,000259_01,S7025,early,workspace_context,0,0.08840054229066721,0.5
habit_test_02702,000259_01,S7025,ready,workspace_context,1,0.6219578633494309,0.5
habit_test_02703,000259_02,S7025,early,workspace_context,0,0.240483797472595,0.5
habit_test_02704,000259_02,S7025,ready,workspace_context,1,0.8252148869160548,0.5
habit_test_02705,000260_01,S7025,early,workspace_context,0,0.16355941850998995,0.5
habit_test_02706,000260_01,S7025,ready,workspace_context,1,0.7508992171816261,0.5
habit_test_02707,000260_02,S7025,early,workspace_context,0,0.134723015646168,0.5
habit_test_02708,000260_02,S7025,ready,workspace_context,1,0.6206436380365519,0.5
habit_test_02709,000261_01,S7025,early,workspace_context,0,0.10190328005724897,0.5
habit_test_02710,000261_01,S7025,ready,workspace_context,1,0.5450907052151309,0.5
habit_test_02711,000261_02,S7025,early,workspace_context,0,0.4089857145313864,0.5
habit_test_02712,000261_02,S7025,ready,workspace_context,1,0.7379920051613641,0.5
habit_test_02713,000263_01,S7025,early,workspace_context,0,0.48293472148931305,0.5
habit_test_02714,000263_01,S7025,ready,workspace_context,1,0.6194002774085585,0.5
habit_test_02715,000263_02,S7025,early,workspace_context,0,0.18997367021278178,0.5
habit_test_02716,000263_02,S7025,ready,workspace_context,1,0.5203184109380176,0.5
habit_test_02717,000264_01,S7025,early,workspace_context,0,0.18490153885770974,0.5
habit_test_02718,000264_01,S7025,ready,workspace_context,1,0.6741305362289601,0.5
habit_test_02719,000264_02,S7025,early,workspace_context,0,0.43951787881108123,0.5
habit_test_02720,000264_02,S7025,ready,workspace_context,1,0.656665993116438,0.5
habit_test_02721,000265_01,S7025,early,workspace_context,0,0.21236948094601443,0.5
habit_test_02722,000265_01,S7025,ready,workspace_context,1,0.6003166508384076,0.5
habit_test_02723,000265_02,S7025,early,workspace_context,0,0.4800144045759479,0.5
habit_test_02724,000265_02,S7025,ready,workspace_context,1,0.7585476020767248,0.5
habit_test_02725,002888_01,S7414,early,workspace_context,0,0.08426105062686964,0.5
habit_test_02726,002888_01,S7414,ready,workspace_context,1,0.8833186166521582,0.5
habit_test_02727,002888_02,S7414,early,workspace_context,0,0.12843527887020437,0.5
habit_test_02728,002888_02,S7414,ready,workspace_context,1,0.8923239418546226,0.5
habit_test_02729,002889_01,S7414,early,workspace_context,0,0.08779274092198894,0.5
habit_test_02730,002889_01,S7414,ready,workspace_context,1,0.8532858129586526,0.5
habit_test_02731,002889_02,S7414,early,workspace_context,0,0.16957956351427936,0.5
habit_test_02732,002889_02,S7414,ready,workspace_context,1,0.9600434195557663,0.5
habit_test_02733,002890_01,S7414,early,workspace_context,0,0.06950895588431623,0.5
habit_test_02734,002890_01,S7414,ready,workspace_context,1,0.925312797726406,0.5
habit_test_02735,002890_02,S7414,early,workspace_context,0,0.21427993878639115,0.5
habit_test_02736,002890_02,S7414,ready,workspace_context,1,0.8913733677201524,0.5
habit_test_02737,002891_01,S7414,early,workspace_context,0,0.11045157631040167,0.5
habit_test_02738,002891_01,S7414,ready,workspace_context,1,0.8094712723523074,0.5
habit_test_02739,002891_02,S7414,early,workspace_context,0,0.0682772008464389,0.5
habit_test_02740,002891_02,S7414,ready,workspace_context,1,0.7734996953041513,0.5
habit_test_02741,002892_01,S7414,early,workspace_context,0,0.053292504104995767,0.5
habit_test_02742,002892_01,S7414,ready,workspace_context,1,0.8472734632360626,0.5
habit_test_02743,002892_02,S7414,early,workspace_context,0,0.18913525697016725,0.5
habit_test_02744,002892_02,S7414,ready,workspace_context,1,0.8726817736009478,0.5
habit_test_02745,002894_01,S7414,early,workspace_context,0,0.0807413051953415,0.5
habit_test_02746,002894_01,S7414,ready,workspace_context,1,0.8042386014870768,0.5
habit_test_02747,002894_02,S7414,early,workspace_context,0,0.1460484475659572,0.5
habit_test_02748,002894_02,S7414,ready,workspace_context,1,0.8589895117286732,0.5
habit_test_02749,002895_01,S7414,early,workspace_context,0,0.10219186789487314,0.5
habit_test_02750,002895_01,S7414,ready,workspace_context,1,0.952628973064033,0.5
habit_test_02751,002895_02,S7414,early,workspace_context,0,0.10982962528736745,0.5
habit_test_02752,002895_02,S7414,ready,workspace_context,1,0.7837964503295983,0.5
habit_test_02753,002896_01,S7414,early,workspace_context,0,0.05459140869247537,0.5
habit_test_02754,002896_01,S7414,ready,workspace_context,1,0.6613905414766069,0.5
habit_test_02755,002896_02,S7414,early,workspace_context,0,0.09083668575896144,0.5
habit_test_02756,002896_02,S7414,ready,workspace_context,1,0.8433562005216235,0.5
habit_test_02757,002898_01,S7414,early,workspace_context,0,0.15800567963460452,0.5
habit_test_02758,002898_01,S7414,ready,workspace_context,1,0.8937098867182858,0.5
habit_test_02759,002898_02,S7414,early,workspace_context,0,0.20334268956823479,0.5
habit_test_02760,002898_02,S7414,ready,workspace_context,1,0.9504294785806378,0.5
habit_test_02761,002899_01,S7414,early,workspace_context,0,0.09560866480960713,0.5
habit_test_02762,002899_01,S7414,ready,workspace_context,1,0.8407064459017771,0.5
habit_test_02763,002899_02,S7414,early,workspace_context,0,0.12436963957687446,0.5
habit_test_02764,002899_02,S7414,ready,workspace_context,1,0.8410760339385012,0.5
habit_test_02765,002900_01,S7414,early,workspace_context,0,0.0792200339141772,0.5
habit_test_02766,002900_01,S7414,ready,workspace_context,1,0.9261679208399566,0.5
habit_test_02767,002900_02,S7414,early,workspace_context,0,0.12970037883725896,0.5
habit_test_02768,002900_02,S7414,ready,workspace_context,1,0.6888083251611007,0.5
habit_test_02769,002901_01,S7414,early,workspace_context,0,0.046004277885884175,0.5
habit_test_02770,002901_01,S7414,ready,workspace_context,1,0.9617754642727242,0.5
habit_test_02771,002901_02,S7414,early,workspace_context,0,0.07580023273813255,0.5
habit_test_02772,002901_02,S7414,ready,workspace_context,1,0.8751309789537054,0.5
habit_test_02773,002902_01,S7414,early,workspace_context,0,0.24815950440048484,0.5
habit_test_02774,002902_01,S7414,ready,workspace_context,1,0.9431412226547816,0.5
habit_test_02775,002902_02,S7414,early,workspace_context,0,0.0898098226003384,0.5
habit_test_02776,002902_02,S7414,ready,workspace_context,1,0.686299484089638,0.5
habit_test_02777,002903_01,S7414,early,workspace_context,0,0.08622146370485424,0.5
habit_test_02778,002903_01,S7414,ready,workspace_context,1,0.865319323823106,0.5
habit_test_02779,002903_02,S7414,early,workspace_context,0,0.16276473261459318,0.5
habit_test_02780,002903_02,S7414,ready,workspace_context,1,0.7885908082716425,0.5
habit_test_02781,002904_01,S7414,early,workspace_context,0,0.05404930548757352,0.5
habit_test_02782,002904_01,S7414,ready,workspace_context,1,0.9249312285660941,0.5
habit_test_02783,002904_02,S7414,early,workspace_context,0,0.21163168878954605,0.5
habit_test_02784,002904_02,S7414,ready,workspace_context,1,0.9277833680886957,0.5
habit_test_02785,002905_01,S7414,early,workspace_context,0,0.09779758769538922,0.5
habit_test_02786,002905_01,S7414,ready,workspace_context,1,0.831608119966286,0.5
habit_test_02787,002905_02,S7414,early,workspace_context,0,0.11585534480536616,0.5
habit_test_02788,002905_02,S7414,ready,workspace_context,1,0.7531804700618983,0.5
habit_test_02789,002906_01,S7414,early,workspace_context,0,0.1702222073278817,0.5
habit_test_02790,002906_01,S7414,ready,workspace_context,1,0.9135094847628218,0.5
habit_test_02791,002906_02,S7414,early,workspace_context,0,0.32233339886991785,0.5
habit_test_02792,002906_02,S7414,ready,workspace_context,1,0.9429876068311657,0.5
habit_test_02793,002907_01,S7414,early,workspace_context,0,0.13005276876982208,0.5
habit_test_02794,002907_01,S7414,ready,workspace_context,1,0.833829359253271,0.5
habit_test_02795,002907_02,S7414,early,workspace_context,0,0.17532965568626807,0.5
habit_test_02796,002907_02,S7414,ready,workspace_context,1,0.9396829187483441,0.5
habit_test_02797,002908_01,S7414,early,workspace_context,0,0.0659173393188506,0.5
habit_test_02798,002908_01,S7414,ready,workspace_context,1,0.7871755091899818,0.5
habit_test_02799,002908_02,S7414,early,workspace_context,0,0.039649429234014565,0.5
habit_test_02800,002908_02,S7414,ready,workspace_context,1,0.8382871855086038,0.5
habit_test_02801,002910_01,S7414,early,workspace_context,0,0.1011497486405349,0.5
habit_test_02802,002910_01,S7414,ready,workspace_context,1,0.8737939106319861,0.5
habit_test_02803,002910_02,S7414,early,workspace_context,0,0.07121736030888834,0.5
habit_test_02804,002910_02,S7414,ready,workspace_context,1,0.9063865460563272,0.5
habit_test_02805,002911_01,S7414,early,workspace_context,0,0.14217745787104158,0.5
habit_test_02806,002911_01,S7414,ready,workspace_context,1,0.9136220440648325,0.5
habit_test_02807,002911_02,S7414,early,workspace_context,0,0.07978467239166662,0.5
habit_test_02808,002911_02,S7414,ready,workspace_context,1,0.6887476591318935,0.5
habit_test_02809,002912_01,S7414,early,workspace_context,0,0.149290669112476,0.5
habit_test_02810,002912_01,S7414,ready,workspace_context,1,0.8522155785730742,0.5
habit_test_02811,002912_02,S7414,early,workspace_context,0,0.17738827940724047,0.5
habit_test_02812,002912_02,S7414,ready,workspace_context,1,0.8093107740976981,0.5
habit_test_02813,002913_01,S7414,early,workspace_context,0,0.13318952377277693,0.5
habit_test_02814,002913_01,S7414,ready,workspace_context,1,0.947636179248542,0.5
habit_test_02815,002913_02,S7414,early,workspace_context,0,0.07617348068445051,0.5
habit_test_02816,002913_02,S7414,ready,workspace_context,1,0.8239838702026491,0.5
habit_test_02817,002914_01,S7414,early,workspace_context,0,0.1727235746572143,0.5
habit_test_02818,002914_01,S7414,ready,workspace_context,1,0.9825255949099767,0.5
habit_test_02819,002914_02,S7414,early,workspace_context,0,0.09403037366585029,0.5
habit_test_02820,002914_02,S7414,ready,workspace_context,1,0.9210496600068832,0.5
habit_test_02821,002915_01,S7414,early,workspace_context,0,0.2894177313429903,0.5
habit_test_02822,002915_01,S7414,ready,workspace_context,1,0.9468008842408403,0.5
habit_test_02823,002915_02,S7414,early,workspace_context,0,0.12494172715872326,0.5
habit_test_02824,002915_02,S7414,ready,workspace_context,1,0.9330340666519551,0.5
habit_test_02825,002916_01,S7414,early,workspace_context,0,0.2243834792068197,0.5
habit_test_02826,002916_01,S7414,ready,workspace_context,1,0.9622982486107313,0.5
habit_test_02827,002916_02,S7414,early,workspace_context,0,0.10914734709019305,0.5
habit_test_02828,002916_02,S7414,ready,workspace_context,1,0.9071721478199549,0.5
habit_test_02829,002917_01,S7414,early,workspace_context,0,0.029439785979631546,0.5
habit_test_02830,002917_01,S7414,ready,workspace_context,1,0.8320693955864795,0.5
habit_test_02831,002917_02,S7414,early,workspace_context,0,0.07545061768532495,0.5
habit_test_02832,002917_02,S7414,ready,workspace_context,1,0.8874630092094461,0.5
habit_test_02833,002918_01,S7414,early,workspace_context,0,0.17800647575466133,0.5
habit_test_02834,002918_01,S7414,ready,workspace_context,1,0.7034341499826986,0.5
habit_test_02835,002918_02,S7414,early,workspace_context,0,0.11028873196795685,0.5
habit_test_02836,002918_02,S7414,ready,workspace_context,1,0.8902991204110546,0.5
habit_test_02837,002920_01,S7414,early,workspace_context,0,0.08953448759003542,0.5
habit_test_02838,002920_01,S7414,ready,workspace_context,1,0.8522027346917362,0.5
habit_test_02839,002920_02,S7414,early,workspace_context,0,0.07236864525631413,0.5
habit_test_02840,002920_02,S7414,ready,workspace_context,1,0.7688280762905411,0.5
habit_test_02841,002921_01,S7414,early,workspace_context,0,0.09905670257058448,0.5
habit_test_02842,002921_01,S7414,ready,workspace_context,1,0.9011869569691808,0.5
habit_test_02843,002921_02,S7414,early,workspace_context,0,0.15007010848211066,0.5
habit_test_02844,002921_02,S7414,ready,workspace_context,1,0.8384500312076033,0.5
habit_test_02845,002922_01,S7414,early,workspace_context,0,0.17605376594464547,0.5
habit_test_02846,002922_01,S7414,ready,workspace_context,1,0.7691591235581556,0.5
habit_test_02847,002922_02,S7414,early,workspace_context,0,0.09450620548610453,0.5
habit_test_02848,002922_02,S7414,ready,workspace_context,1,0.8794005747003623,0.5
habit_test_02849,002923_01,S7414,early,workspace_context,0,0.09719530279848958,0.5
habit_test_02850,002923_01,S7414,ready,workspace_context,1,0.9208057706000684,0.5
habit_test_02851,002923_02,S7414,early,workspace_context,0,0.1493530930372993,0.5
habit_test_02852,002923_02,S7414,ready,workspace_context,1,0.8996860586000378,0.5
habit_test_02853,002924_01,S7414,early,workspace_context,0,0.09670560408970112,0.5
habit_test_02854,002924_01,S7414,ready,workspace_context,1,0.9400911522940131,0.5
habit_test_02855,002924_02,S7414,early,workspace_context,0,0.0845153774510994,0.5
habit_test_02856,002924_02,S7414,ready,workspace_context,1,0.8882901092296153,0.5
habit_test_02857,002925_01,S7414,early,workspace_context,0,0.12380051747281089,0.5
habit_test_02858,002925_01,S7414,ready,workspace_context,1,0.9073661817534205,0.5
habit_test_02859,002925_02,S7414,early,workspace_context,0,0.12344491512117209,0.5
habit_test_02860,002925_02,S7414,ready,workspace_context,1,0.8815182275518795,0.5
habit_test_02861,002926_01,S7414,early,workspace_context,0,0.3692634552919056,0.5
habit_test_02862,002926_01,S7414,ready,workspace_context,1,0.9831709815570798,0.5
habit_test_02863,002926_02,S7414,early,workspace_context,0,0.22980390117278504,0.5
habit_test_02864,002926_02,S7414,ready,workspace_context,1,0.9195227765492957,0.5
habit_test_02865,002927_01,S7414,early,workspace_context,0,0.11643625898861662,0.5
habit_test_02866,002927_01,S7414,ready,workspace_context,1,0.9632721106111625,0.5
habit_test_02867,002927_02,S7414,early,workspace_context,0,0.17647973008066659,0.5
habit_test_02868,002927_02,S7414,ready,workspace_context,1,0.9386155286780844,0.5
habit_test_02869,002929_01,S7414,early,workspace_context,0,0.09675640553596235,0.5
habit_test_02870,002929_01,S7414,ready,workspace_context,1,0.9472530620842088,0.5
habit_test_02871,002929_02,S7414,early,workspace_context,0,0.2738604565406753,0.5
habit_test_02872,002929_02,S7414,ready,workspace_context,1,0.9598030037613847,0.5
habit_test_02873,002930_01,S7414,early,workspace_context,0,0.2008290791218041,0.5
habit_test_02874,002930_01,S7414,ready,workspace_context,1,0.944991761549538,0.5
habit_test_02875,002930_02,S7414,early,workspace_context,0,0.44533261384324924,0.5
habit_test_02876,002930_02,S7414,ready,workspace_context,1,0.9529534153493072,0.5
habit_test_02877,002931_01,S7414,early,workspace_context,0,0.08904646287907542,0.5
habit_test_02878,002931_01,S7414,ready,workspace_context,1,0.9159296874487184,0.5
habit_test_02879,002931_02,S7414,early,workspace_context,0,0.16473165745348836,0.5
habit_test_02880,002931_02,S7414,ready,workspace_context,1,0.8651772243568621,0.5
habit_test_02881,002932_01,S7414,early,workspace_context,0,0.12213755098905536,0.5
habit_test_02882,002932_01,S7414,ready,workspace_context,1,0.8916576411834373,0.5
habit_test_02883,002932_02,S7414,early,workspace_context,0,0.09704192607029836,0.5
habit_test_02884,002932_02,S7414,ready,workspace_context,1,0.925473128040731,0.5
habit_test_02885,002934_01,S7414,early,workspace_context,0,0.11150935197351446,0.5
habit_test_02886,002934_01,S7414,ready,workspace_context,1,0.9625389297114775,0.5
habit_test_02887,002934_02,S7414,early,workspace_context,0,0.21972801292064903,0.5
habit_test_02888,002934_02,S7414,ready,workspace_context,1,0.8398293501144501,0.5
habit_test_02889,002935_01,S7414,early,workspace_context,0,0.09743893237407554,0.5
habit_test_02890,002935_01,S7414,ready,workspace_context,1,0.9595978913428125,0.5
habit_test_02891,002935_02,S7414,early,workspace_context,0,0.1532971478755543,0.5
habit_test_02892,002935_02,S7414,ready,workspace_context,1,0.8792968330382591,0.5
habit_test_02893,002936_01,S7414,early,workspace_context,0,0.07691808754260314,0.5
habit_test_02894,002936_01,S7414,ready,workspace_context,1,0.879939642381325,0.5
habit_test_02895,002936_02,S7414,early,workspace_context,0,0.17632952329145318,0.5
habit_test_02896,002936_02,S7414,ready,workspace_context,1,0.8905556201053723,0.5
habit_test_02897,002938_01,S7414,early,workspace_context,0,0.18077329321992344,0.5
habit_test_02898,002938_01,S7414,ready,workspace_context,1,0.9082955549868409,0.5
habit_test_02899,002938_02,S7414,early,workspace_context,0,0.4737273111403299,0.5
habit_test_02900,002938_02,S7414,ready,workspace_context,1,0.9454598878950694,0.5
habit_test_02901,002939_01,S7414,early,workspace_context,0,0.055289898954329,0.5
habit_test_02902,002939_01,S7414,ready,workspace_context,1,0.8144538566622589,0.5
habit_test_02903,002939_02,S7414,early,workspace_context,0,0.10106900176920007,0.5
habit_test_02904,002939_02,S7414,ready,workspace_context,1,0.9200076769683659,0.5
habit_test_02905,002940_01,S7414,early,workspace_context,0,0.1820435121824581,0.5
habit_test_02906,002940_01,S7414,ready,workspace_context,1,0.9316016205786769,0.5
habit_test_02907,002940_02,S7414,early,workspace_context,0,0.09574976764271029,0.5
habit_test_02908,002940_02,S7414,ready,workspace_context,1,0.5867745768501553,0.5
habit_test_02909,002941_01,S7414,early,workspace_context,0,0.11390030838239656,0.5
habit_test_02910,002941_01,S7414,ready,workspace_context,1,0.9060709364894838,0.5
habit_test_02911,002941_02,S7414,early,workspace_context,0,0.17137417863261598,0.5
habit_test_02912,002941_02,S7414,ready,workspace_context,1,0.8097727344896604,0.5
habit_test_02913,002942_01,S7414,early,workspace_context,0,0.23183302414900295,0.5
habit_test_02914,002942_01,S7414,ready,workspace_context,1,0.9286356217110937,0.5
habit_test_02915,002942_02,S7414,early,workspace_context,0,0.10102144550224998,0.5
habit_test_02916,002942_02,S7414,ready,workspace_context,1,0.8596452300132124,0.5
habit_test_02917,002943_01,S7414,early,workspace_context,0,0.17654491223982743,0.5
habit_test_02918,002943_01,S7414,ready,workspace_context,1,0.8835589409599386,0.5
habit_test_02919,002943_02,S7414,early,workspace_context,0,0.1057100951578508,0.5
habit_test_02920,002943_02,S7414,ready,workspace_context,1,0.8402403099013553,0.5
habit_test_02921,002944_01,S7414,early,workspace_context,0,0.13221402180068773,0.5
habit_test_02922,002944_01,S7414,ready,workspace_context,1,0.9207792066072864,0.5
habit_test_02923,002944_02,S7414,early,workspace_context,0,0.1416375531871538,0.5
habit_test_02924,002944_02,S7414,ready,workspace_context,1,0.882451808307164,0.5
habit_test_02925,002945_01,S7414,early,workspace_context,0,0.08568512000409592,0.5
habit_test_02926,002945_01,S7414,ready,workspace_context,1,0.9500013552134688,0.5
habit_test_02927,002945_02,S7414,early,workspace_context,0,0.1409096437192385,0.5
habit_test_02928,002945_02,S7414,ready,workspace_context,1,0.9500210985417278,0.5
habit_test_02929,002946_01,S7414,early,workspace_context,0,0.1104791995756209,0.5
habit_test_02930,002946_01,S7414,ready,workspace_context,1,0.9555802394533591,0.5
habit_test_02931,002946_02,S7414,early,workspace_context,0,0.2759155609060673,0.5
habit_test_02932,002946_02,S7414,ready,workspace_context,1,0.9073830331487774,0.5
habit_test_02933,002947_01,S7414,early,workspace_context,0,0.13886204356187298,0.5
habit_test_02934,002947_01,S7414,ready,workspace_context,1,0.9757526050336983,0.5
habit_test_02935,002947_02,S7414,early,workspace_context,0,0.1400577735285957,0.5
habit_test_02936,002947_02,S7414,ready,workspace_context,1,0.9420808578992484,0.5
habit_test_02937,002948_01,S7414,early,workspace_context,0,0.19033054566964652,0.5
habit_test_02938,002948_01,S7414,ready,workspace_context,1,0.9688081811582553,0.5
habit_test_02939,002948_02,S7414,early,workspace_context,0,0.2609509717209133,0.5
habit_test_02940,002948_02,S7414,ready,workspace_context,1,0.9117519212820696,0.5
habit_test_02941,002949_01,S7414,early,workspace_context,0,0.08983433160813559,0.5
habit_test_02942,002949_01,S7414,ready,workspace_context,1,0.9719798979208363,0.5
habit_test_02943,002949_02,S7414,early,workspace_context,0,0.27073284914012963,0.5
habit_test_02944,002949_02,S7414,ready,workspace_context,1,0.9102381022338268,0.5
habit_test_02945,002950_01,S7414,early,workspace_context,0,0.09708979752609008,0.5
habit_test_02946,002950_01,S7414,ready,workspace_context,1,0.8060303198069121,0.5
habit_test_02947,002950_02,S7414,early,workspace_context,0,0.2195913445493278,0.5
habit_test_02948,002950_02,S7414,ready,workspace_context,1,0.9325223655050248,0.5
habit_test_02949,002952_01,S7414,early,workspace_context,0,0.1304628839611546,0.5
habit_test_02950,002952_01,S7414,ready,workspace_context,1,0.9162555838500294,0.5
habit_test_02951,002952_02,S7414,early,workspace_context,0,0.2461697793270048,0.5
habit_test_02952,002952_02,S7414,ready,workspace_context,1,0.9198159070647546,0.5
habit_test_02953,002953_01,S7414,early,workspace_context,0,0.1653269826590636,0.5
habit_test_02954,002953_01,S7414,ready,workspace_context,1,0.9251657539607239,0.5
habit_test_02955,002953_02,S7414,early,workspace_context,0,0.12683124049523412,0.5
habit_test_02956,002953_02,S7414,ready,workspace_context,1,0.891654802150285,0.5
habit_test_02957,002954_01,S7414,early,workspace_context,0,0.1761320090941904,0.5
habit_test_02958,002954_01,S7414,ready,workspace_context,1,0.934925137815209,0.5
habit_test_02959,002954_02,S7414,early,workspace_context,0,0.278976170135719,0.5
habit_test_02960,002954_02,S7414,ready,workspace_context,1,0.9214730549913354,0.5
habit_test_02961,002955_01,S7414,early,workspace_context,0,0.09701511261216757,0.5
habit_test_02962,002955_01,S7414,ready,workspace_context,1,0.9488812344662609,0.5
habit_test_02963,002955_02,S7414,early,workspace_context,0,0.3481930988232609,0.5
habit_test_02964,002955_02,S7414,ready,workspace_context,1,0.7568318615804519,0.5
habit_test_02965,002956_01,S7414,early,workspace_context,0,0.16247642286202243,0.5
habit_test_02966,002956_01,S7414,ready,workspace_context,1,0.9113059092374604,0.5
habit_test_02967,002956_02,S7414,early,workspace_context,0,0.29404482399987186,0.5
habit_test_02968,002956_02,S7414,ready,workspace_context,1,0.9345079203542472,0.5
habit_test_02969,002957_01,S7414,early,workspace_context,0,0.10557043397307697,0.5
habit_test_02970,002957_01,S7414,ready,workspace_context,1,0.9175471246813894,0.5
habit_test_02971,002957_02,S7414,early,workspace_context,0,0.20184121046825607,0.5
habit_test_02972,002957_02,S7414,ready,workspace_context,1,0.8700115933109159,0.5
habit_test_02973,002958_01,S7414,early,workspace_context,0,0.07315691425354673,0.5
habit_test_02974,002958_01,S7414,ready,workspace_context,1,0.9208017925918599,0.5
habit_test_02975,002958_02,S7414,early,workspace_context,0,0.1765145338198431,0.5
habit_test_02976,002958_02,S7414,ready,workspace_context,1,0.9330703016189822,0.5
habit_test_02977,002959_01,S7414,early,workspace_context,0,0.10259637976518435,0.5
habit_test_02978,002959_01,S7414,ready,workspace_context,1,0.7777795104547063,0.5
habit_test_02979,002959_02,S7414,early,workspace_context,0,0.2975319219886093,0.5
habit_test_02980,002959_02,S7414,ready,workspace_context,1,0.6492365280947238,0.5
habit_test_02981,002960_01,S7414,early,workspace_context,0,0.14373906032156025,0.5
habit_test_02982,002960_01,S7414,ready,workspace_context,1,0.8393451386904496,0.5
habit_test_02983,002960_02,S7414,early,workspace_context,0,0.144277775561125,0.5
habit_test_02984,002960_02,S7414,ready,workspace_context,1,0.6699799237436476,0.5
habit_test_02985,002961_01,S7414,early,workspace_context,0,0.042938243716958806,0.5
habit_test_02986,002961_01,S7414,ready,workspace_context,1,0.8179869073485199,0.5
habit_test_02987,002961_02,S7414,early,workspace_context,0,0.12909821855001968,0.5
habit_test_02988,002961_02,S7414,ready,workspace_context,1,0.909752593966799,0.5
habit_test_02989,002962_01,S7414,early,workspace_context,0,0.11938355812008536,0.5
habit_test_02990,002962_01,S7414,ready,workspace_context,1,0.8777800538902739,0.5
habit_test_02991,002962_02,S7414,early,workspace_context,0,0.10395655257354121,0.5
habit_test_02992,002962_02,S7414,ready,workspace_context,1,0.7898620686501203,0.5
habit_test_02993,002963_01,S7414,early,workspace_context,0,0.14846428136534198,0.5
habit_test_02994,002963_01,S7414,ready,workspace_context,1,0.7658937113137079,0.5
habit_test_02995,002963_02,S7414,early,workspace_context,0,0.08537064936466375,0.5
habit_test_02996,002963_02,S7414,ready,workspace_context,1,0.8485871134164531,0.5
habit_test_02997,002964_01,S7414,early,workspace_context,0,0.0498015579205649,0.5
habit_test_02998,002964_01,S7414,ready,workspace_context,1,0.726211804804121,0.5
habit_test_02999,002964_02,S7414,early,workspace_context,0,0.1325151066506555,0.5
habit_test_03000,002964_02,S7414,ready,workspace_context,1,0.9208201261093447,0.5
habit_test_03001,002965_01,S7414,early,workspace_context,0,0.08285680655727111,0.5
habit_test_03002,002965_01,S7414,ready,workspace_context,1,0.9466389111301203,0.5
habit_test_03003,002965_02,S7414,early,workspace_context,0,0.13373660546571323,0.5
habit_test_03004,002965_02,S7414,ready,workspace_context,1,0.8569765685872526,0.5
habit_test_03005,002966_01,S7414,early,workspace_context,0,0.12535842915944068,0.5
habit_test_03006,002966_01,S7414,ready,workspace_context,1,0.9528087280671703,0.5
habit_test_03007,002966_02,S7414,early,workspace_context,0,0.34893983780015825,0.5
habit_test_03008,002966_02,S7414,ready,workspace_context,1,0.9086251671348247,0.5
habit_test_03009,002967_01,S7414,early,workspace_context,0,0.0921887986462009,0.5
habit_test_03010,002967_01,S7414,ready,workspace_context,1,0.9220148317372312,0.5
habit_test_03011,002967_02,S7414,early,workspace_context,0,0.2822455454554558,0.5
habit_test_03012,002967_02,S7414,ready,workspace_context,1,0.9154602863003037,0.5
habit_test_03013,002968_01,S7414,early,workspace_context,0,0.27244318898893355,0.5
habit_test_03014,002968_01,S7414,ready,workspace_context,1,0.9323555860584306,0.5
habit_test_03015,002968_02,S7414,early,workspace_context,0,0.23724341550352782,0.5
habit_test_03016,002968_02,S7414,ready,workspace_context,1,0.9257493602110878,0.5
habit_test_03017,002969_01,S7414,early,workspace_context,0,0.07434450772786103,0.5
habit_test_03018,002969_01,S7414,ready,workspace_context,1,0.9153085086469827,0.5
habit_test_03019,002969_02,S7414,early,workspace_context,0,0.16955745688152096,0.5
habit_test_03020,002969_02,S7414,ready,workspace_context,1,0.8846528364536335,0.5
habit_test_03021,002970_01,S7414,early,workspace_context,0,0.1438777999389078,0.5
habit_test_03022,002970_01,S7414,ready,workspace_context,1,0.9211708895308901,0.5
habit_test_03023,002970_02,S7414,early,workspace_context,0,0.2704334726597485,0.5
habit_test_03024,002970_02,S7414,ready,workspace_context,1,0.9234314518587997,0.5
habit_test_03025,002971_01,S7414,early,workspace_context,0,0.07389066409180935,0.5
habit_test_03026,002971_01,S7414,ready,workspace_context,1,0.8471725151545123,0.5
habit_test_03027,002971_02,S7414,early,workspace_context,0,0.21851000228739678,0.5
habit_test_03028,002971_02,S7414,ready,workspace_context,1,0.766848379100099,0.5
habit_test_03029,002972_01,S7414,early,workspace_context,0,0.05588739598096638,0.5
habit_test_03030,002972_01,S7414,ready,workspace_context,1,0.7923564198017853,0.5
habit_test_03031,002972_02,S7414,early,workspace_context,0,0.1815448458282496,0.5
habit_test_03032,002972_02,S7414,ready,workspace_context,1,0.920865460470936,0.5
habit_test_03033,002973_01,S7414,early,workspace_context,0,0.20420948140663214,0.5
habit_test_03034,002973_01,S7414,ready,workspace_context,1,0.8565694354999226,0.5
habit_test_03035,002973_02,S7414,early,workspace_context,0,0.17357778596002096,0.5
habit_test_03036,002973_02,S7414,ready,workspace_context,1,0.821746021674255,0.5
habit_test_03037,002974_01,S7414,early,workspace_context,0,0.22073190033838624,0.5
habit_test_03038,002974_01,S7414,ready,workspace_context,1,0.9104376252261175,0.5
habit_test_03039,002974_02,S7414,early,workspace_context,0,0.3766767506145146,0.5
habit_test_03040,002974_02,S7414,ready,workspace_context,1,0.9522900351243644,0.5
habit_test_03041,002975_01,S7414,early,workspace_context,0,0.19579591791421114,0.5
habit_test_03042,002975_01,S7414,ready,workspace_context,1,0.8167253927029499,0.5
habit_test_03043,002975_02,S7414,early,workspace_context,0,0.27808220225508423,0.5
habit_test_03044,002975_02,S7414,ready,workspace_context,1,0.9664303950284221,0.5
habit_test_03045,002976_01,S7414,early,workspace_context,0,0.1604551676967161,0.5
habit_test_03046,002976_01,S7414,ready,workspace_context,1,0.876586955402555,0.5
habit_test_03047,002976_02,S7414,early,workspace_context,0,0.2555991797081054,0.5
habit_test_03048,002976_02,S7414,ready,workspace_context,1,0.8544542620906785,0.5
habit_test_03049,003395_01,S7414,early,workspace_context,0,0.11590118537053408,0.5
habit_test_03050,003395_01,S7414,ready,workspace_context,1,0.8681931148685855,0.5
habit_test_03051,003395_02,S7414,early,workspace_context,0,0.41490859986251877,0.5
habit_test_03052,003395_02,S7414,ready,workspace_context,1,0.8246920325977595,0.5
habit_test_03053,003396_01,S7414,early,workspace_context,0,0.1889496802178586,0.5
habit_test_03054,003396_01,S7414,ready,workspace_context,1,0.8976955459443747,0.5
habit_test_03055,003396_02,S7414,early,workspace_context,0,0.1483639483703997,0.5
habit_test_03056,003396_02,S7414,ready,workspace_context,1,0.9503285431723388,0.5
habit_test_03057,003397_01,S7414,early,workspace_context,0,0.09883433292189231,0.5
habit_test_03058,003397_01,S7414,ready,workspace_context,1,0.9474933567150018,0.5
habit_test_03059,003397_02,S7414,early,workspace_context,0,0.2443327933646445,0.5
habit_test_03060,003397_02,S7414,ready,workspace_context,1,0.8923244796791772,0.5
habit_test_03061,003398_01,S7414,early,workspace_context,0,0.08273886517132271,0.5
habit_test_03062,003398_01,S7414,ready,workspace_context,1,0.9203784615888159,0.5
habit_test_03063,003398_02,S7414,early,workspace_context,0,0.14656521052093108,0.5
habit_test_03064,003398_02,S7414,ready,workspace_context,1,0.9207391942990126,0.5
habit_test_03065,003399_01,S7414,early,workspace_context,0,0.10688846089151176,0.5
habit_test_03066,003399_01,S7414,ready,workspace_context,1,0.919721206918337,0.5
habit_test_03067,003399_02,S7414,early,workspace_context,0,0.22081914270130878,0.5
habit_test_03068,003399_02,S7414,ready,workspace_context,1,0.8203146905494031,0.5
habit_test_03069,003400_01,S7414,early,workspace_context,0,0.08296076881578805,0.5
habit_test_03070,003400_01,S7414,ready,workspace_context,1,0.8922432422933015,0.5
habit_test_03071,003400_02,S7414,early,workspace_context,0,0.3097838345977361,0.5
habit_test_03072,003400_02,S7414,ready,workspace_context,1,0.87103194850522,0.5
habit_test_03073,003401_01,S7414,early,workspace_context,0,0.11700876195407872,0.5
habit_test_03074,003401_01,S7414,ready,workspace_context,1,0.8593844534238628,0.5
habit_test_03075,003401_02,S7414,early,workspace_context,0,0.4364946858622851,0.5
habit_test_03076,003401_02,S7414,ready,workspace_context,1,0.757128507567849,0.5
habit_test_03077,003402_01,S7414,early,workspace_context,0,0.14469353400717574,0.5
habit_test_03078,003402_01,S7414,ready,workspace_context,1,0.9486482608407522,0.5
habit_test_03079,003402_02,S7414,early,workspace_context,0,0.2747888877339638,0.5
habit_test_03080,003402_02,S7414,ready,workspace_context,1,0.8323875966039946,0.5
habit_test_03081,003403_01,S7414,early,workspace_context,0,0.15694904679831,0.5
habit_test_03082,003403_01,S7414,ready,workspace_context,1,0.9342909962657899,0.5
habit_test_03083,003403_02,S7414,early,workspace_context,0,0.10753487285007234,0.5
habit_test_03084,003403_02,S7414,ready,workspace_context,1,0.7168323072502503,0.5
habit_test_03085,003405_01,S7414,early,workspace_context,0,0.1419611366789551,0.5
habit_test_03086,003405_01,S7414,ready,workspace_context,1,0.8407579591238281,0.5
habit_test_03087,003405_02,S7414,early,workspace_context,0,0.0868804136952421,0.5
habit_test_03088,003405_02,S7414,ready,workspace_context,1,0.8121378665377373,0.5
habit_test_03089,003406_01,S7414,early,workspace_context,0,0.22380118301645335,0.5
habit_test_03090,003406_01,S7414,ready,workspace_context,1,0.9204126140752318,0.5
habit_test_03091,003406_02,S7414,early,workspace_context,0,0.09350057660978744,0.5
habit_test_03092,003406_02,S7414,ready,workspace_context,1,0.808550556759478,0.5
habit_test_03093,003407_01,S7414,early,workspace_context,0,0.1853412423253649,0.5
habit_test_03094,003407_01,S7414,ready,workspace_context,1,0.8061135576944607,0.5
habit_test_03095,003407_02,S7414,early,workspace_context,0,0.09982238429298089,0.5
habit_test_03096,003407_02,S7414,ready,workspace_context,1,0.8482580872161545,0.5
habit_test_03097,003408_01,S7414,early,workspace_context,0,0.07620290399648685,0.5
habit_test_03098,003408_01,S7414,ready,workspace_context,1,0.9367870572674205,0.5
habit_test_03099,003408_02,S7414,early,workspace_context,0,0.22137700401670296,0.5
habit_test_03100,003408_02,S7414,ready,workspace_context,1,0.893682612051771,0.5
habit_test_03101,003409_01,S7414,early,workspace_context,0,0.18255442147370976,0.5
habit_test_03102,003409_01,S7414,ready,workspace_context,1,0.8722384861764864,0.5
habit_test_03103,003409_02,S7414,early,workspace_context,0,0.32760324762261184,0.5
habit_test_03104,003409_02,S7414,ready,workspace_context,1,0.7931799822685985,0.5
habit_test_03105,003410_01,S7414,early,workspace_context,0,0.12231217627628613,0.5
habit_test_03106,003410_01,S7414,ready,workspace_context,1,0.9063704838558542,0.5
habit_test_03107,003410_02,S7414,early,workspace_context,0,0.14353105606413405,0.5
habit_test_03108,003410_02,S7414,ready,workspace_context,1,0.8005105546382743,0.5
habit_test_03109,003411_01,S7414,early,workspace_context,0,0.07650245135188445,0.5
habit_test_03110,003411_01,S7414,ready,workspace_context,1,0.8585972410133343,0.5
habit_test_03111,003411_02,S7414,early,workspace_context,0,0.20833065422385588,0.5
habit_test_03112,003411_02,S7414,ready,workspace_context,1,0.7777901984227876,0.5
habit_test_03113,003412_01,S7414,early,workspace_context,0,0.07824184312472407,0.5
habit_test_03114,003412_01,S7414,ready,workspace_context,1,0.7659422827341178,0.5
habit_test_03115,003412_02,S7414,early,workspace_context,0,0.3144545754716925,0.5
habit_test_03116,003412_02,S7414,ready,workspace_context,1,0.8282292959537729,0.5
habit_test_03117,003413_01,S7414,early,workspace_context,0,0.08259879134527613,0.5
habit_test_03118,003413_01,S7414,ready,workspace_context,1,0.9092893935973808,0.5
habit_test_03119,003413_02,S7414,early,workspace_context,0,0.1448474370851249,0.5
habit_test_03120,003413_02,S7414,ready,workspace_context,1,0.7865247137594311,0.5
habit_test_03121,003415_01,S7414,early,workspace_context,0,0.08046568710522646,0.5
habit_test_03122,003415_01,S7414,ready,workspace_context,1,0.8857799855950211,0.5
habit_test_03123,003415_02,S7414,early,workspace_context,0,0.15176087702746524,0.5
habit_test_03124,003415_02,S7414,ready,workspace_context,1,0.5944901810412728,0.5
habit_test_03125,003416_01,S7414,early,workspace_context,0,0.09453797356529857,0.5
habit_test_03126,003416_01,S7414,ready,workspace_context,1,0.8270238361145061,0.5
habit_test_03127,003416_02,S7414,early,workspace_context,0,0.13410676910994312,0.5
habit_test_03128,003416_02,S7414,ready,workspace_context,1,0.7361192978665362,0.5
habit_test_03129,003417_01,S7414,early,workspace_context,0,0.10547952498004333,0.5
habit_test_03130,003417_01,S7414,ready,workspace_context,1,0.808702952612005,0.5
habit_test_03131,003417_02,S7414,early,workspace_context,0,0.08807135962954421,0.5
habit_test_03132,003417_02,S7414,ready,workspace_context,1,0.8461586425339651,0.5
habit_test_03133,003418_01,S7414,early,workspace_context,0,0.09074411273465109,0.5
habit_test_03134,003418_01,S7414,ready,workspace_context,1,0.8567417254674912,0.5
habit_test_03135,003418_02,S7414,early,workspace_context,0,0.10228460916196234,0.5
habit_test_03136,003418_02,S7414,ready,workspace_context,1,0.8197109321222882,0.5
habit_test_03137,003419_01,S7414,early,workspace_context,0,0.13189816189805917,0.5
habit_test_03138,003419_01,S7414,ready,workspace_context,1,0.7976595378827954,0.5
habit_test_03139,003419_02,S7414,early,workspace_context,0,0.1307219756534171,0.5
habit_test_03140,003419_02,S7414,ready,workspace_context,1,0.7043820287406173,0.5
habit_test_03141,003420_01,S7414,early,workspace_context,0,0.09427118463010131,0.5
habit_test_03142,003420_01,S7414,ready,workspace_context,1,0.8961113901655956,0.5
habit_test_03143,003420_02,S7414,early,workspace_context,0,0.15735473756692997,0.5
habit_test_03144,003420_02,S7414,ready,workspace_context,1,0.8077552568549137,0.5
habit_test_03145,003421_01,S7414,early,workspace_context,0,0.10979089005418945,0.5
habit_test_03146,003421_01,S7414,ready,workspace_context,1,0.6883671682492444,0.5
habit_test_03147,003421_02,S7414,early,workspace_context,0,0.09033513303088694,0.5
habit_test_03148,003421_02,S7414,ready,workspace_context,1,0.7631364855720605,0.5
habit_test_03149,003422_01,S7414,early,workspace_context,0,0.06143785405630394,0.5
habit_test_03150,003422_01,S7414,ready,workspace_context,1,0.8793827765262734,0.5
habit_test_03151,003422_02,S7414,early,workspace_context,0,0.22781251995084753,0.5
habit_test_03152,003422_02,S7414,ready,workspace_context,1,0.787451435166619,0.5
habit_test_03153,003423_01,S7414,early,workspace_context,0,0.10069115221044256,0.5
habit_test_03154,003423_01,S7414,ready,workspace_context,1,0.9059521829961872,0.5
habit_test_03155,003423_02,S7414,early,workspace_context,0,0.11393158291189995,0.5
habit_test_03156,003423_02,S7414,ready,workspace_context,1,0.8154462427245065,0.5
habit_test_03157,003424_01,S7414,early,workspace_context,0,0.1199634260727981,0.5
habit_test_03158,003424_01,S7414,ready,workspace_context,1,0.8681895653295475,0.5
habit_test_03159,003424_02,S7414,early,workspace_context,0,0.10489095718705736,0.5
habit_test_03160,003424_02,S7414,ready,workspace_context,1,0.7051659277730649,0.5
habit_test_03161,003425_01,S7414,early,workspace_context,0,0.07318134943322203,0.5
habit_test_03162,003425_01,S7414,ready,workspace_context,1,0.8480527535391804,0.5
habit_test_03163,003425_02,S7414,early,workspace_context,0,0.612094842341331,0.5
habit_test_03164,003425_02,S7414,ready,workspace_context,1,0.8723445622466894,0.5
habit_test_03165,003428_01,S7414,early,workspace_context,0,0.06570083833066638,0.5
habit_test_03166,003428_01,S7414,ready,workspace_context,1,0.7594237790263142,0.5
habit_test_03167,003428_02,S7414,early,workspace_context,0,0.1396180658005175,0.5
habit_test_03168,003428_02,S7414,ready,workspace_context,1,0.7039142049862355,0.5
habit_test_03169,003429_01,S7414,early,workspace_context,0,0.13846104748836616,0.5
habit_test_03170,003429_01,S7414,ready,workspace_context,1,0.5601897977437195,0.5
habit_test_03171,003429_02,S7414,early,workspace_context,0,0.0958890205999125,0.5
habit_test_03172,003429_02,S7414,ready,workspace_context,1,0.7554045557339861,0.5
habit_test_03173,003430_01,S7414,early,workspace_context,0,0.0748460851585168,0.5
habit_test_03174,003430_01,S7414,ready,workspace_context,1,0.7785147576388184,0.5
habit_test_03175,003430_02,S7414,early,workspace_context,0,0.12284715420742856,0.5
habit_test_03176,003430_02,S7414,ready,workspace_context,1,0.7618587483324287,0.5
habit_test_03177,003432_01,S7414,early,workspace_context,0,0.07454997296234259,0.5
habit_test_03178,003432_01,S7414,ready,workspace_context,1,0.8386244389660181,0.5
habit_test_03179,003432_02,S7414,early,workspace_context,0,0.07577111705638348,0.5
habit_test_03180,003432_02,S7414,ready,workspace_context,1,0.8626142010699231,0.5
habit_test_03181,003433_01,S7414,early,workspace_context,0,0.07711249277778451,0.5
habit_test_03182,003433_01,S7414,ready,workspace_context,1,0.8475453760510009,0.5
habit_test_03183,003433_02,S7414,early,workspace_context,0,0.14298792828129117,0.5
habit_test_03184,003433_02,S7414,ready,workspace_context,1,0.8831705737884676,0.5
habit_test_03185,003434_01,S7414,early,workspace_context,0,0.11625312349638632,0.5
habit_test_03186,003434_01,S7414,ready,workspace_context,1,0.8681354613506961,0.5
habit_test_03187,003434_02,S7414,early,workspace_context,0,0.15545145749356892,0.5
habit_test_03188,003434_02,S7414,ready,workspace_context,1,0.8401690652168912,0.5
habit_test_03189,003435_01,S7414,early,workspace_context,0,0.08131544824850273,0.5
habit_test_03190,003435_01,S7414,ready,workspace_context,1,0.8515665844781312,0.5
habit_test_03191,003435_02,S7414,early,workspace_context,0,0.2274183483279093,0.5
habit_test_03192,003435_02,S7414,ready,workspace_context,1,0.883213151199563,0.5
habit_test_03193,003436_01,S7414,early,workspace_context,0,0.024898096117141454,0.5
habit_test_03194,003436_01,S7414,ready,workspace_context,1,0.8492348450015746,0.5
habit_test_03195,003436_02,S7414,early,workspace_context,0,0.1306877085651057,0.5
habit_test_03196,003436_02,S7414,ready,workspace_context,1,0.8595815409291431,0.5
habit_test_03197,003437_01,S7414,early,workspace_context,0,0.19294777523400256,0.5
habit_test_03198,003437_01,S7414,ready,workspace_context,1,0.9281830353375917,0.5
habit_test_03199,003437_02,S7414,early,workspace_context,0,0.4969872475923288,0.5
habit_test_03200,003437_02,S7414,ready,workspace_context,1,0.8296419304720515,0.5
habit_test_03201,003438_01,S7414,early,workspace_context,0,0.10690311322608548,0.5
habit_test_03202,003438_01,S7414,ready,workspace_context,1,0.8426783428480832,0.5
habit_test_03203,003438_02,S7414,early,workspace_context,0,0.20924393686646775,0.5
habit_test_03204,003438_02,S7414,ready,workspace_context,1,0.6292799745341323,0.5
habit_test_03205,003440_01,S7414,early,workspace_context,0,0.05722626393694834,0.5
habit_test_03206,003440_01,S7414,ready,workspace_context,1,0.6426194804586578,0.5
habit_test_03207,003440_02,S7414,early,workspace_context,0,0.2201724254723312,0.5
habit_test_03208,003440_02,S7414,ready,workspace_context,1,0.8298781484177812,0.5
habit_test_03209,003441_01,S7414,early,workspace_context,0,0.12278918846466173,0.5
habit_test_03210,003441_01,S7414,ready,workspace_context,1,0.9683336520569921,0.5
habit_test_03211,003441_02,S7414,early,workspace_context,0,0.4523472564056322,0.5
habit_test_03212,003441_02,S7414,ready,workspace_context,1,0.8105017847670879,0.5
habit_test_03213,003442_01,S7414,early,workspace_context,0,0.11754241586719884,0.5
habit_test_03214,003442_01,S7414,ready,workspace_context,1,0.9186000665967725,0.5
habit_test_03215,003442_02,S7414,early,workspace_context,0,0.4521235020050727,0.5
habit_test_03216,003442_02,S7414,ready,workspace_context,1,0.8899431683588189,0.5
habit_test_03217,003444_01,S7414,early,workspace_context,0,0.16756189080793982,0.5
habit_test_03218,003444_01,S7414,ready,workspace_context,1,0.8964021919820324,0.5
habit_test_03219,003444_02,S7414,early,workspace_context,0,0.26812073755841254,0.5
habit_test_03220,003444_02,S7414,ready,workspace_context,1,0.8983405173498032,0.5
habit_test_03221,003445_01,S7414,early,workspace_context,0,0.1652401238584011,0.5
habit_test_03222,003445_01,S7414,ready,workspace_context,1,0.8576666575096193,0.5
habit_test_03223,003445_02,S7414,early,workspace_context,0,0.33292769423977886,0.5
habit_test_03224,003445_02,S7414,ready,workspace_context,1,0.848749699278848,0.5
habit_test_03225,003449_01,S7414,early,workspace_context,0,0.10315041858265686,0.5
habit_test_03226,003449_01,S7414,ready,workspace_context,1,0.7946823619491759,0.5
habit_test_03227,003449_02,S7414,early,workspace_context,0,0.16317527547348623,0.5
habit_test_03228,003449_02,S7414,ready,workspace_context,1,0.9282011310704594,0.5
habit_test_03229,003450_01,S7414,early,workspace_context,0,0.10303038627872356,0.5
habit_test_03230,003450_01,S7414,ready,workspace_context,1,0.6897069149187643,0.5
habit_test_03231,003450_02,S7414,early,workspace_context,0,0.20141524398845326,0.5
habit_test_03232,003450_02,S7414,ready,workspace_context,1,0.8025141958762829,0.5
habit_test_03233,003451_01,S7414,early,workspace_context,0,0.18905092486896724,0.5
habit_test_03234,003451_01,S7414,ready,workspace_context,1,0.7630823719303712,0.5
habit_test_03235,003451_02,S7414,early,workspace_context,0,0.14656704017072195,0.5
habit_test_03236,003451_02,S7414,ready,workspace_context,1,0.9125793657999385,0.5
habit_test_03237,003452_01,S7414,early,workspace_context,0,0.2620749977834316,0.5
habit_test_03238,003452_01,S7414,ready,workspace_context,1,0.8771545583585738,0.5
habit_test_03239,003452_02,S7414,early,workspace_context,0,0.130167156875142,0.5
habit_test_03240,003452_02,S7414,ready,workspace_context,1,0.900821123296375,0.5
habit_test_03241,003453_01,S7414,early,workspace_context,0,0.27859256574349434,0.5
habit_test_03242,003453_01,S7414,ready,workspace_context,1,0.8480608419620177,0.5
habit_test_03243,003453_02,S7414,early,workspace_context,0,0.2580593665570278,0.5
habit_test_03244,003453_02,S7414,ready,workspace_context,1,0.8102123579178115,0.5
habit_test_03245,003454_01,S7414,early,workspace_context,0,0.0817950022629693,0.5
habit_test_03246,003454_01,S7414,ready,workspace_context,1,0.8697788514260288,0.5
habit_test_03247,003454_02,S7414,early,workspace_context,0,0.2586460602827013,0.5
habit_test_03248,003454_02,S7414,ready,workspace_context,1,0.7855647503102474,0.5
habit_test_03249,003455_01,S7414,early,workspace_context,0,0.09607274845577168,0.5
habit_test_03250,003455_01,S7414,ready,workspace_context,1,0.8955064074409136,0.5
habit_test_03251,003455_02,S7414,early,workspace_context,0,0.2484167579242911,0.5
habit_test_03252,003455_02,S7414,ready,workspace_context,1,0.626752014809974,0.5
habit_test_03253,003456_01,S7414,early,workspace_context,0,0.2198606609121778,0.5
habit_test_03254,003456_01,S7414,ready,workspace_context,1,0.8628968349872319,0.5
habit_test_03255,003456_02,S7414,early,workspace_context,0,0.23304312391140078,0.5
habit_test_03256,003456_02,S7414,ready,workspace_context,1,0.7791467537701725,0.5
habit_test_03257,003457_01,S7414,early,workspace_context,0,0.07001212911541277,0.5
habit_test_03258,003457_01,S7414,ready,workspace_context,1,0.919446009041558,0.5
habit_test_03259,003457_02,S7414,early,workspace_context,0,0.21910332589899173,0.5
habit_test_03260,003457_02,S7414,ready,workspace_context,1,0.7457684011293402,0.5
habit_test_03261,003458_01,S7414,early,workspace_context,0,0.3222297653183522,0.5
habit_test_03262,003458_01,S7414,ready,workspace_context,1,0.8405236988915975,0.5
habit_test_03263,003458_02,S7414,early,workspace_context,0,0.2634246106544286,0.5
habit_test_03264,003458_02,S7414,ready,workspace_context,1,0.8561248677338307,0.5
habit_test_03265,003459_01,S7414,early,workspace_context,0,0.13661370802668807,0.5
habit_test_03266,003459_01,S7414,ready,workspace_context,1,0.5353266077494502,0.5
habit_test_03267,003459_02,S7414,early,workspace_context,0,0.25179004339326333,0.5
habit_test_03268,003459_02,S7414,ready,workspace_context,1,0.886465153757405,0.5
habit_test_03269,003460_01,S7414,early,workspace_context,0,0.07510544428268126,0.5
habit_test_03270,003460_01,S7414,ready,workspace_context,1,0.9113586110048978,0.5
habit_test_03271,003460_02,S7414,early,workspace_context,0,0.33895129222018255,0.5
habit_test_03272,003460_02,S7414,ready,workspace_context,1,0.8993968760447647,0.5
habit_test_03273,003461_01,S7414,early,workspace_context,0,0.09832807925230122,0.5
habit_test_03274,003461_01,S7414,ready,workspace_context,1,0.7948788923265622,0.5
habit_test_03275,003461_02,S7414,early,workspace_context,0,0.23913615302716734,0.5
habit_test_03276,003461_02,S7414,ready,workspace_context,1,0.8630740433979999,0.5
habit_test_03277,003462_01,S7414,early,workspace_context,0,0.07742393755702036,0.5
habit_test_03278,003462_01,S7414,ready,workspace_context,1,0.8354257600501628,0.5
habit_test_03279,003462_02,S7414,early,workspace_context,0,0.1708976724132926,0.5
habit_test_03280,003462_02,S7414,ready,workspace_context,1,0.8155116970173126,0.5
habit_test_03281,003463_01,S7414,early,workspace_context,0,0.08658496542277672,0.5
habit_test_03282,003463_01,S7414,ready,workspace_context,1,0.8137632827119283,0.5
habit_test_03283,003463_02,S7414,early,workspace_context,0,0.21782788583703888,0.5
habit_test_03284,003463_02,S7414,ready,workspace_context,1,0.8842918396381814,0.5
habit_test_03285,003464_01,S7414,early,workspace_context,0,0.06163096922615852,0.5
habit_test_03286,003464_01,S7414,ready,workspace_context,1,0.8981921561096853,0.5
habit_test_03287,003464_02,S7414,early,workspace_context,0,0.45795926861119307,0.5
habit_test_03288,003464_02,S7414,ready,workspace_context,1,0.9523172219339558,0.5
habit_test_03289,003465_01,S7414,early,workspace_context,0,0.13331193787521203,0.5
habit_test_03290,003465_01,S7414,ready,workspace_context,1,0.8991013305838107,0.5
habit_test_03291,003465_02,S7414,early,workspace_context,0,0.3497677119881883,0.5
habit_test_03292,003465_02,S7414,ready,workspace_context,1,0.8418619590622656,0.5
habit_test_03293,003466_01,S7414,early,workspace_context,0,0.12902760056006388,0.5
habit_test_03294,003466_01,S7414,ready,workspace_context,1,0.8737658488949845,0.5
habit_test_03295,003466_02,S7414,early,workspace_context,0,0.15602042043790837,0.5
habit_test_03296,003466_02,S7414,ready,workspace_context,1,0.8172256148684551,0.5
habit_test_03297,003467_01,S7414,early,workspace_context,0,0.08722184086327123,0.5
habit_test_03298,003467_01,S7414,ready,workspace_context,1,0.9332117524530551,0.5
habit_test_03299,003467_02,S7414,early,workspace_context,0,0.4654140165867982,0.5
habit_test_03300,003467_02,S7414,ready,workspace_context,1,0.9086161878177821,0.5
habit_test_03301,003468_01,S7414,early,workspace_context,0,0.06787823917063543,0.5
habit_test_03302,003468_01,S7414,ready,workspace_context,1,0.8792713317735403,0.5
habit_test_03303,003468_02,S7414,early,workspace_context,0,0.27243238508200385,0.5
habit_test_03304,003468_02,S7414,ready,workspace_context,1,0.9431621675115281,0.5
habit_test_03305,003469_01,S7414,early,workspace_context,0,0.06852185498643125,0.5
habit_test_03306,003469_01,S7414,ready,workspace_context,1,0.9390986114050028,0.5
habit_test_03307,003469_02,S7414,early,workspace_context,0,0.1834228506355018,0.5
habit_test_03308,003469_02,S7414,ready,workspace_context,1,0.8653628019875409,0.5
habit_test_03309,003470_01,S7414,early,workspace_context,0,0.1138175718411583,0.5
habit_test_03310,003470_01,S7414,ready,workspace_context,1,0.6761059441576368,0.5
habit_test_03311,003470_02,S7414,early,workspace_context,0,0.1335771553700137,0.5
habit_test_03312,003470_02,S7414,ready,workspace_context,1,0.9226520388906025,0.5
habit_test_03313,003472_01,S7414,early,workspace_context,0,0.1141396311503562,0.5
habit_test_03314,003472_01,S7414,ready,workspace_context,1,0.7520300873983236,0.5
habit_test_03315,003472_02,S7414,early,workspace_context,0,0.12735816915274087,0.5
habit_test_03316,003472_02,S7414,ready,workspace_context,1,0.8964193598391236,0.5
habit_test_03317,003473_01,S7414,early,workspace_context,0,0.2118305245190673,0.5
habit_test_03318,003473_01,S7414,ready,workspace_context,1,0.9457292651227696,0.5
habit_test_03319,003473_02,S7414,early,workspace_context,0,0.09890725928922423,0.5
habit_test_03320,003473_02,S7414,ready,workspace_context,1,0.7747872404665646,0.5
habit_test_03321,003474_01,S7414,early,workspace_context,0,0.16622329694764681,0.5
habit_test_03322,003474_01,S7414,ready,workspace_context,1,0.8940899911724297,0.5
habit_test_03323,003474_02,S7414,early,workspace_context,0,0.26061609381647244,0.5
habit_test_03324,003474_02,S7414,ready,workspace_context,1,0.8939329670871976,0.5
habit_test_03325,003475_01,S7414,early,workspace_context,0,0.1662354210046378,0.5
habit_test_03326,003475_01,S7414,ready,workspace_context,1,0.7811386080531315,0.5
habit_test_03327,003475_02,S7414,early,workspace_context,0,0.29202115364939957,0.5
habit_test_03328,003475_02,S7414,ready,workspace_context,1,0.8525854489026395,0.5
habit_test_03329,003476_01,S7414,early,workspace_context,0,0.08133740179485809,0.5
habit_test_03330,003476_01,S7414,ready,workspace_context,1,0.7984231882883873,0.5
habit_test_03331,003476_02,S7414,early,workspace_context,0,0.11576158524281137,0.5
habit_test_03332,003476_02,S7414,ready,workspace_context,1,0.8892986655382034,0.5
habit_test_03333,003477_01,S7414,early,workspace_context,0,0.13912853478558732,0.5
habit_test_03334,003477_01,S7414,ready,workspace_context,1,0.7471761397189222,0.5
habit_test_03335,003477_02,S7414,early,workspace_context,0,0.2698629104561428,0.5
habit_test_03336,003477_02,S7414,ready,workspace_context,1,0.74672331980847,0.5
habit_test_03337,003478_01,S7414,early,workspace_context,0,0.2448882859874693,0.5
habit_test_03338,003478_01,S7414,ready,workspace_context,1,0.9073713565283691,0.5
habit_test_03339,003478_02,S7414,early,workspace_context,0,0.38099882668913765,0.5
habit_test_03340,003478_02,S7414,ready,workspace_context,1,0.752227622734917,0.5
habit_test_03341,003479_01,S7414,early,workspace_context,0,0.1235535418109162,0.5
habit_test_03342,003479_01,S7414,ready,workspace_context,1,0.8296607953316516,0.5
habit_test_03343,003479_02,S7414,early,workspace_context,0,0.14395643421149515,0.5
habit_test_03344,003479_02,S7414,ready,workspace_context,1,0.9429320779170681,0.5
habit_test_03345,003480_01,S7414,early,workspace_context,0,0.11131487815162854,0.5
habit_test_03346,003480_01,S7414,ready,workspace_context,1,0.8145534083812592,0.5
habit_test_03347,003480_02,S7414,early,workspace_context,0,0.14038798862947224,0.5
habit_test_03348,003480_02,S7414,ready,workspace_context,1,0.5402321357540165,0.5
habit_test_03349,003482_01,S7414,early,workspace_context,0,0.08970875214341788,0.5
habit_test_03350,003482_01,S7414,ready,workspace_context,1,0.832426799555886,0.5
habit_test_03351,003482_02,S7414,early,workspace_context,0,0.22323880251874573,0.5
habit_test_03352,003482_02,S7414,ready,workspace_context,1,0.8438251077510887,0.5
habit_test_03353,003483_01,S7414,early,workspace_context,0,0.09617859785293775,0.5
habit_test_03354,003483_01,S7414,ready,workspace_context,1,0.901153600749326,0.5
habit_test_03355,003483_02,S7414,early,workspace_context,0,0.31564227145480334,0.5
habit_test_03356,003483_02,S7414,ready,workspace_context,1,0.7235855683035285,0.5
habit_test_03357,003485_01,S7414,early,workspace_context,0,0.14087725269993864,0.5
habit_test_03358,003485_01,S7414,ready,workspace_context,1,0.8847516967445096,0.5
habit_test_03359,003485_02,S7414,early,workspace_context,0,0.10814243033923589,0.5
habit_test_03360,003485_02,S7414,ready,workspace_context,1,0.8215616355238782,0.5
habit_test_03361,003486_01,S7414,early,workspace_context,0,0.12727318442556787,0.5
habit_test_03362,003486_01,S7414,ready,workspace_context,1,0.8076760752294033,0.5
habit_test_03363,003486_02,S7414,early,workspace_context,0,0.26936305842410585,0.5
habit_test_03364,003486_02,S7414,ready,workspace_context,1,0.9203687067832159,0.5
habit_test_03365,003487_01,S7414,early,workspace_context,0,0.05430824834084132,0.5
habit_test_03366,003487_01,S7414,ready,workspace_context,1,0.7942941683752321,0.5
habit_test_03367,003487_02,S7414,early,workspace_context,0,0.3764883159242758,0.5
habit_test_03368,003487_02,S7414,ready,workspace_context,1,0.7975177708908862,0.5
habit_test_03369,003489_01,S7414,early,workspace_context,0,0.0713154879238201,0.5
habit_test_03370,003489_01,S7414,ready,workspace_context,1,0.8969176989579427,0.5
habit_test_03371,003489_02,S7414,early,workspace_context,0,0.09491425651542827,0.5
habit_test_03372,003489_02,S7414,ready,workspace_context,1,0.8626061931667648,0.5
habit_test_03373,003490_01,S7414,early,workspace_context,0,0.15511687957192274,0.5
habit_test_03374,003490_01,S7414,ready,workspace_context,1,0.8087672086175043,0.5
habit_test_03375,003490_02,S7414,early,workspace_context,0,0.07419851649133642,0.5
habit_test_03376,003490_02,S7414,ready,workspace_context,1,0.6556783961686954,0.5
habit_test_03377,003491_01,S7414,early,workspace_context,0,0.07102683722675361,0.5
habit_test_03378,003491_01,S7414,ready,workspace_context,1,0.9219302770030104,0.5
habit_test_03379,003491_02,S7414,early,workspace_context,0,0.2051098331385837,0.5
habit_test_03380,003491_02,S7414,ready,workspace_context,1,0.8920939326871187,0.5
habit_test_03381,003493_01,S7414,early,workspace_context,0,0.05820693348874747,0.5
habit_test_03382,003493_01,S7414,ready,workspace_context,1,0.8911544842319568,0.5
habit_test_03383,003493_02,S7414,early,workspace_context,0,0.15594818814384728,0.5
habit_test_03384,003493_02,S7414,ready,workspace_context,1,0.906464130665518,0.5
habit_test_03385,003494_01,S7414,early,workspace_context,0,0.12037386547194297,0.5
habit_test_03386,003494_01,S7414,ready,workspace_context,1,0.8109441028704631,0.5
habit_test_03387,003494_02,S7414,early,workspace_context,0,0.20653788884038332,0.5
habit_test_03388,003494_02,S7414,ready,workspace_context,1,0.9003139832234207,0.5
habit_test_03389,003495_01,S7414,early,workspace_context,0,0.0686033157544216,0.5
habit_test_03390,003495_01,S7414,ready,workspace_context,1,0.7904569170888093,0.5
habit_test_03391,003495_02,S7414,early,workspace_context,0,0.1394567163671095,0.5
habit_test_03392,003495_02,S7414,ready,workspace_context,1,0.9406295505421739,0.5
habit_test_03393,003496_01,S7414,early,workspace_context,0,0.10663588583920854,0.5
habit_test_03394,003496_01,S7414,ready,workspace_context,1,0.8805170260323661,0.5
habit_test_03395,003496_02,S7414,early,workspace_context,0,0.17986310497435684,0.5
habit_test_03396,003496_02,S7414,ready,workspace_context,1,0.953752018644662,0.5
habit_test_03397,003497_01,S7414,early,workspace_context,0,0.028998392240506023,0.5
habit_test_03398,003497_01,S7414,ready,workspace_context,1,0.8772337736611129,0.5
habit_test_03399,003497_02,S7414,early,workspace_context,0,0.09245359761223827,0.5
habit_test_03400,003497_02,S7414,ready,workspace_context,1,0.8659077272211986,0.5
habit_test_03401,003499_01,S7414,early,workspace_context,0,0.033093231918927116,0.5
habit_test_03402,003499_01,S7414,ready,workspace_context,1,0.8262499039236002,0.5
habit_test_03403,003499_02,S7414,early,workspace_context,0,0.34088904335030273,0.5
habit_test_03404,003499_02,S7414,ready,workspace_context,1,0.7051055585616105,0.5
habit_test_03405,003500_01,S7414,early,workspace_context,0,0.1315409647358565,0.5
habit_test_03406,003500_01,S7414,ready,workspace_context,1,0.8626836097293454,0.5
habit_test_03407,003500_02,S7414,early,workspace_context,0,0.40290885496564655,0.5
habit_test_03408,003500_02,S7414,ready,workspace_context,1,0.6738876502514903,0.5
habit_test_03409,003503_01,S7414,early,workspace_context,0,0.0874218976374613,0.5
habit_test_03410,003503_01,S7414,ready,workspace_context,1,0.8498944182303768,0.5
habit_test_03411,003503_02,S7414,early,workspace_context,0,0.12666815833205766,0.5
habit_test_03412,003503_02,S7414,ready,workspace_context,1,0.720849175799989,0.5
habit_test_03413,003504_01,S7414,early,workspace_context,0,0.04079447628956452,0.5
habit_test_03414,003504_01,S7414,ready,workspace_context,1,0.840805928759829,0.5
habit_test_03415,003504_02,S7414,early,workspace_context,0,0.2651212287141356,0.5
habit_test_03416,003504_02,S7414,ready,workspace_context,1,0.8343196357615257,0.5
habit_test_03417,003505_01,S7414,early,workspace_context,0,0.08370829507462495,0.5
habit_test_03418,003505_01,S7414,ready,workspace_context,1,0.8494459815720361,0.5
habit_test_03419,003505_02,S7414,early,workspace_context,0,0.14476684125958178,0.5
habit_test_03420,003505_02,S7414,ready,workspace_context,1,0.9020728014089971,0.5
habit_test_03421,003506_01,S7414,early,workspace_context,0,0.04209142331004827,0.5
habit_test_03422,003506_01,S7414,ready,workspace_context,1,0.823425091225373,0.5
habit_test_03423,003506_02,S7414,early,workspace_context,0,0.13204228171671423,0.5
habit_test_03424,003506_02,S7414,ready,workspace_context,1,0.921669554966216,0.5
habit_test_03425,003507_01,S7414,early,workspace_context,0,0.07808604815749957,0.5
habit_test_03426,003507_01,S7414,ready,workspace_context,1,0.8213063328748025,0.5
habit_test_03427,003507_02,S7414,early,workspace_context,0,0.1421668546509763,0.5
habit_test_03428,003507_02,S7414,ready,workspace_context,1,0.9078623923653529,0.5
habit_test_03429,003508_01,S7414,early,workspace_context,0,0.08534186550382457,0.5
habit_test_03430,003508_01,S7414,ready,workspace_context,1,0.6424175802106216,0.5
habit_test_03431,003508_02,S7414,early,workspace_context,0,0.15660860852883923,0.5
habit_test_03432,003508_02,S7414,ready,workspace_context,1,0.7784383798906258,0.5
habit_test_03433,003510_01,S7414,early,workspace_context,0,0.04970185155355561,0.5
habit_test_03434,003510_01,S7414,ready,workspace_context,1,0.8409219699668024,0.5
habit_test_03435,003510_02,S7414,early,workspace_context,0,0.17968202315665718,0.5
habit_test_03436,003510_02,S7414,ready,workspace_context,1,0.819685939591789,0.5
habit_test_03437,003511_01,S7414,early,workspace_context,0,0.1863330832727683,0.5
habit_test_03438,003511_01,S7414,ready,workspace_context,1,0.7524085442106591,0.5
habit_test_03439,003511_02,S7414,early,workspace_context,0,0.28186330132439413,0.5
habit_test_03440,003511_02,S7414,ready,workspace_context,1,0.8451638537362588,0.5
habit_test_03441,003513_01,S7414,early,workspace_context,0,0.16680839755865629,0.5
habit_test_03442,003513_01,S7414,ready,workspace_context,1,0.9128845711738742,0.5
habit_test_03443,003513_02,S7414,early,workspace_context,0,0.37699619231159004,0.5
habit_test_03444,003513_02,S7414,ready,workspace_context,1,0.8334749422867446,0.5
habit_test_03445,003514_01,S7414,early,workspace_context,0,0.22369423621487117,0.5
habit_test_03446,003514_01,S7414,ready,workspace_context,1,0.6656227263014528,0.5
habit_test_03447,003514_02,S7414,early,workspace_context,0,0.28722617153835794,0.5
habit_test_03448,003514_02,S7414,ready,workspace_context,1,0.8323342895349977,0.5
habit_test_03449,003515_01,S7414,early,workspace_context,0,0.13160355949335276,0.5
habit_test_03450,003515_01,S7414,ready,workspace_context,1,0.8247602791707286,0.5
habit_test_03451,003515_02,S7414,early,workspace_context,0,0.2032686758244933,0.5
habit_test_03452,003515_02,S7414,ready,workspace_context,1,0.9444907479907783,0.5
habit_test_03453,003516_01,S7414,early,workspace_context,0,0.4004831089542296,0.5
habit_test_03454,003516_01,S7414,ready,workspace_context,1,0.8400883057924285,0.5
habit_test_03455,003516_02,S7414,early,workspace_context,0,0.17187805261908598,0.5
habit_test_03456,003516_02,S7414,ready,workspace_context,1,0.8517113789880748,0.5
habit_test_03457,003517_01,S7414,early,workspace_context,0,0.10094008116277967,0.5
habit_test_03458,003517_01,S7414,ready,workspace_context,1,0.9217466448824367,0.5
habit_test_03459,003517_02,S7414,early,workspace_context,0,0.14884630242043145,0.5
habit_test_03460,003517_02,S7414,ready,workspace_context,1,0.8546432623653972,0.5
habit_test_03461,003518_01,S7414,early,workspace_context,0,0.1690385505081135,0.5
habit_test_03462,003518_01,S7414,ready,workspace_context,1,0.9382152861269537,0.5
habit_test_03463,003518_02,S7414,early,workspace_context,0,0.21631795963634715,0.5
habit_test_03464,003518_02,S7414,ready,workspace_context,1,0.8570917514809674,0.5
habit_test_03465,003520_01,S7414,early,workspace_context,0,0.11393234964425092,0.5
habit_test_03466,003520_01,S7414,ready,workspace_context,1,0.7556246016606775,0.5
habit_test_03467,003520_02,S7414,early,workspace_context,0,0.25172210943563694,0.5
habit_test_03468,003520_02,S7414,ready,workspace_context,1,0.9237467769494002,0.5
habit_test_03469,003521_01,S7414,early,workspace_context,0,0.23860904299258787,0.5
habit_test_03470,003521_01,S7414,ready,workspace_context,1,0.9191916054072581,0.5
habit_test_03471,003521_02,S7414,early,workspace_context,0,0.15848564736423873,0.5
habit_test_03472,003521_02,S7414,ready,workspace_context,1,0.9010310345214435,0.5
habit_test_03473,003522_01,S7414,early,workspace_context,0,0.269188859487772,0.5
habit_test_03474,003522_01,S7414,ready,workspace_context,1,0.9419372384659844,0.5
habit_test_03475,003522_02,S7414,early,workspace_context,0,0.16011566786380407,0.5
habit_test_03476,003522_02,S7414,ready,workspace_context,1,0.902734801689958,0.5
habit_test_03477,003523_01,S7414,early,workspace_context,0,0.1991728554142445,0.5
habit_test_03478,003523_01,S7414,ready,workspace_context,1,0.9440682398440132,0.5
habit_test_03479,003523_02,S7414,early,workspace_context,0,0.26915237077830767,0.5
habit_test_03480,003523_02,S7414,ready,workspace_context,1,0.8920875382072424,0.5
habit_test_03481,003524_01,S7414,early,workspace_context,0,0.18123525640172636,0.5
habit_test_03482,003524_01,S7414,ready,workspace_context,1,0.9386461339746142,0.5
habit_test_03483,003524_02,S7414,early,workspace_context,0,0.12958346264166493,0.5
habit_test_03484,003524_02,S7414,ready,workspace_context,1,0.8983170117018102,0.5
habit_test_03485,003525_01,S7414,early,workspace_context,0,0.23227396669397307,0.5
habit_test_03486,003525_01,S7414,ready,workspace_context,1,0.9504629435524212,0.5
habit_test_03487,003525_02,S7414,early,workspace_context,0,0.20277532889712432,0.5
habit_test_03488,003525_02,S7414,ready,workspace_context,1,0.856412490132907,0.5
habit_test_03489,003527_01,S7414,early,workspace_context,0,0.16046001964279225,0.5
habit_test_03490,003527_01,S7414,ready,workspace_context,1,0.9000880794861603,0.5
habit_test_03491,003527_02,S7414,early,workspace_context,0,0.2936800427353135,0.5
habit_test_03492,003527_02,S7414,ready,workspace_context,1,0.8349579704869322,0.5
habit_test_03493,003528_01,S7414,early,workspace_context,0,0.21181317622368326,0.5
habit_test_03494,003528_01,S7414,ready,workspace_context,1,0.9477169658345297,0.5
habit_test_03495,003528_02,S7414,early,workspace_context,0,0.26501611926829377,0.5
habit_test_03496,003528_02,S7414,ready,workspace_context,1,0.8721292689908359,0.5
habit_test_03497,003529_01,S7414,early,workspace_context,0,0.1995061117282792,0.5
habit_test_03498,003529_01,S7414,ready,workspace_context,1,0.9068703315308554,0.5
habit_test_03499,003529_02,S7414,early,workspace_context,0,0.18099968893720994,0.5
habit_test_03500,003529_02,S7414,ready,workspace_context,1,0.8810754039281424,0.5
habit_test_03501,003530_01,S7414,early,workspace_context,0,0.18562502445482812,0.5
habit_test_03502,003530_01,S7414,ready,workspace_context,1,0.9728981231585095,0.5
habit_test_03503,003530_02,S7414,early,workspace_context,0,0.2433141974207542,0.5
habit_test_03504,003530_02,S7414,ready,workspace_context,1,0.9219556179896142,0.5
habit_test_03505,003531_01,S7414,early,workspace_context,0,0.199218496393264,0.5
habit_test_03506,003531_01,S7414,ready,workspace_context,1,0.9588185337160922,0.5
habit_test_03507,003531_02,S7414,early,workspace_context,0,0.14739392944138185,0.5
habit_test_03508,003531_02,S7414,ready,workspace_context,1,0.901193248600283,0.5
habit_test_03509,003532_01,S7414,early,workspace_context,0,0.13715491883679876,0.5
habit_test_03510,003532_01,S7414,ready,workspace_context,1,0.8074024948406169,0.5
habit_test_03511,003532_02,S7414,early,workspace_context,0,0.19597728617682642,0.5
habit_test_03512,003532_02,S7414,ready,workspace_context,1,0.8048105391202722,0.5
habit_test_03513,003534_01,S7414,early,workspace_context,0,0.08472968804009122,0.5
habit_test_03514,003534_01,S7414,ready,workspace_context,1,0.9438707169916777,0.5
habit_test_03515,003534_02,S7414,early,workspace_context,0,0.16617332983786323,0.5
habit_test_03516,003534_02,S7414,ready,workspace_context,1,0.7249294655991743,0.5
habit_test_03517,003535_01,S7414,early,workspace_context,0,0.10493857315257832,0.5
habit_test_03518,003535_01,S7414,ready,workspace_context,1,0.8245121418133018,0.5
habit_test_03519,003535_02,S7414,early,workspace_context,0,0.10210646480387796,0.5
habit_test_03520,003535_02,S7414,ready,workspace_context,1,0.8488004117124373,0.5
habit_test_03521,003536_01,S7414,early,workspace_context,0,0.2452764807472666,0.5
habit_test_03522,003536_01,S7414,ready,workspace_context,1,0.9035317411347243,0.5
habit_test_03523,003536_02,S7414,early,workspace_context,0,0.2124261010295714,0.5
habit_test_03524,003536_02,S7414,ready,workspace_context,1,0.7993030781407184,0.5
habit_test_03525,003537_01,S7414,early,workspace_context,0,0.15800482455694354,0.5
habit_test_03526,003537_01,S7414,ready,workspace_context,1,0.95765885836497,0.5
habit_test_03527,003537_02,S7414,early,workspace_context,0,0.30814135748699184,0.5
habit_test_03528,003537_02,S7414,ready,workspace_context,1,0.8352281336386328,0.5
habit_test_03529,003538_01,S7414,early,workspace_context,0,0.15312964566078893,0.5
habit_test_03530,003538_01,S7414,ready,workspace_context,1,0.9317522093663406,0.5
habit_test_03531,003538_02,S7414,early,workspace_context,0,0.18826219720465515,0.5
habit_test_03532,003538_02,S7414,ready,workspace_context,1,0.8164608718494796,0.5
habit_test_03533,003539_01,S7414,early,workspace_context,0,0.15907914808531207,0.5
habit_test_03534,003539_01,S7414,ready,workspace_context,1,0.937796000875038,0.5
habit_test_03535,003539_02,S7414,early,workspace_context,0,0.49168260665503294,0.5
habit_test_03536,003539_02,S7414,ready,workspace_context,1,0.8012657481979205,0.5
habit_test_03537,003540_01,S7414,early,workspace_context,0,0.14074012042514003,0.5
habit_test_03538,003540_01,S7414,ready,workspace_context,1,0.9655648981889338,0.5
habit_test_03539,003540_02,S7414,early,workspace_context,0,0.230053284232533,0.5
habit_test_03540,003540_02,S7414,ready,workspace_context,1,0.7311464488754938,0.5
habit_test_03541,003541_01,S7414,early,workspace_context,0,0.122620389983047,0.5
habit_test_03542,003541_01,S7414,ready,workspace_context,1,0.9714090960176551,0.5
habit_test_03543,003541_02,S7414,early,workspace_context,0,0.21749803593664535,0.5
habit_test_03544,003541_02,S7414,ready,workspace_context,1,0.874858881110956,0.5
habit_test_03545,003542_01,S7414,early,workspace_context,0,0.2378179354866141,0.5
habit_test_03546,003542_01,S7414,ready,workspace_context,1,0.9773145411203216,0.5
habit_test_03547,003542_02,S7414,early,workspace_context,0,0.2179320682652335,0.5
habit_test_03548,003542_02,S7414,ready,workspace_context,1,0.8960071537530939,0.5
habit_test_03549,003543_01,S7414,early,workspace_context,0,0.15210936302920644,0.5
habit_test_03550,003543_01,S7414,ready,workspace_context,1,0.954296114990722,0.5
habit_test_03551,003543_02,S7414,early,workspace_context,0,0.13322597847005732,0.5
habit_test_03552,003543_02,S7414,ready,workspace_context,1,0.9675902014898597,0.5
habit_test_03553,003544_01,S7414,early,workspace_context,0,0.1334142516894426,0.5
habit_test_03554,003544_01,S7414,ready,workspace_context,1,0.9514569050573308,0.5
habit_test_03555,003544_02,S7414,early,workspace_context,0,0.18275040760622402,0.5
habit_test_03556,003544_02,S7414,ready,workspace_context,1,0.9616367899260457,0.5
habit_test_03557,003546_01,S7414,early,workspace_context,0,0.1045970158209655,0.5
habit_test_03558,003546_01,S7414,ready,workspace_context,1,0.8567725889602514,0.5
habit_test_03559,003546_02,S7414,early,workspace_context,0,0.13147053972966263,0.5
habit_test_03560,003546_02,S7414,ready,workspace_context,1,0.9335094484114833,0.5
habit_test_03561,003547_01,S7414,early,workspace_context,0,0.25397305263208986,0.5
habit_test_03562,003547_01,S7414,ready,workspace_context,1,0.824086657864365,0.5
habit_test_03563,003547_02,S7414,early,workspace_context,0,0.2526665356355482,0.5
habit_test_03564,003547_02,S7414,ready,workspace_context,1,0.9501761409349858,0.5
habit_test_03565,003549_01,S7414,early,workspace_context,0,0.1569942322034986,0.5
habit_test_03566,003549_01,S7414,ready,workspace_context,1,0.8433110530601983,0.5
habit_test_03567,003549_02,S7414,early,workspace_context,0,0.3268879834403221,0.5
habit_test_03568,003549_02,S7414,ready,workspace_context,1,0.9556925868956239,0.5
habit_test_03569,003550_01,S7414,early,workspace_context,0,0.1723409120933703,0.5
habit_test_03570,003550_01,S7414,ready,workspace_context,1,0.7411354149619376,0.5
habit_test_03571,003550_02,S7414,early,workspace_context,0,0.35102666635053137,0.5
habit_test_03572,003550_02,S7414,ready,workspace_context,1,0.8744875499571112,0.5
habit_test_03573,003551_01,S7414,early,workspace_context,0,0.12503915962750237,0.5
habit_test_03574,003551_01,S7414,ready,workspace_context,1,0.8270781677312102,0.5
habit_test_03575,003551_02,S7414,early,workspace_context,0,0.18623843105459773,0.5
habit_test_03576,003551_02,S7414,ready,workspace_context,1,0.7668904010460121,0.5
habit_test_03577,003552_01,S7414,early,workspace_context,0,0.08128559597285086,0.5
habit_test_03578,003552_01,S7414,ready,workspace_context,1,0.5927120808808719,0.5
habit_test_03579,003552_02,S7414,early,workspace_context,0,0.2963155533097744,0.5
habit_test_03580,003552_02,S7414,ready,workspace_context,1,0.8595264850894002,0.5
habit_test_03581,003553_01,S7414,early,workspace_context,0,0.14722525501876366,0.5
habit_test_03582,003553_01,S7414,ready,workspace_context,1,0.7669447882819044,0.5
habit_test_03583,003553_02,S7414,early,workspace_context,0,0.21025616514779133,0.5
habit_test_03584,003553_02,S7414,ready,workspace_context,1,0.9031377404979276,0.5
habit_test_03585,003555_01,S7414,early,workspace_context,0,0.1479071140350893,0.5
habit_test_03586,003555_01,S7414,ready,workspace_context,1,0.6410736515285309,0.5
habit_test_03587,003555_02,S7414,early,workspace_context,0,0.15065764132249834,0.5
habit_test_03588,003555_02,S7414,ready,workspace_context,1,0.9179610477590595,0.5
habit_test_03589,003556_01,S7414,early,workspace_context,0,0.2385099049137137,0.5
habit_test_03590,003556_01,S7414,ready,workspace_context,1,0.6610899085871998,0.5
habit_test_03591,003556_02,S7414,early,workspace_context,0,0.13611135276758995,0.5
habit_test_03592,003556_02,S7414,ready,workspace_context,1,0.9571298779820661,0.5
habit_test_03593,003557_01,S7414,early,workspace_context,0,0.12776994340095835,0.5
habit_test_03594,003557_01,S7414,ready,workspace_context,1,0.7759681950849945,0.5
habit_test_03595,003557_02,S7414,early,workspace_context,0,0.20114716292406154,0.5
habit_test_03596,003557_02,S7414,ready,workspace_context,1,0.8905455692828076,0.5
habit_test_03597,003748_01,S7414,early,workspace_context,0,0.3071507868218125,0.5
habit_test_03598,003748_01,S7414,ready,workspace_context,1,0.7664220956267699,0.5
habit_test_03599,003748_02,S7414,early,workspace_context,0,0.37344398336188195,0.5
habit_test_03600,003748_02,S7414,ready,workspace_context,1,0.8179935361971121,0.5
habit_test_03601,003749_01,S7414,early,workspace_context,0,0.18434758188452802,0.5
habit_test_03602,003749_01,S7414,ready,workspace_context,1,0.8389472092005366,0.5
habit_test_03603,003749_02,S7414,early,workspace_context,0,0.18739012739365468,0.5
habit_test_03604,003749_02,S7414,ready,workspace_context,1,0.8118358546322493,0.5
habit_test_03605,003750_01,S7414,early,workspace_context,0,0.15191751158352798,0.5
habit_test_03606,003750_01,S7414,ready,workspace_context,1,0.8557004773973242,0.5
habit_test_03607,003750_02,S7414,early,workspace_context,0,0.1412485608066597,0.5
habit_test_03608,003750_02,S7414,ready,workspace_context,1,0.8092708650203585,0.5
habit_test_03609,003751_01,S7414,early,workspace_context,0,0.1769775326641273,0.5
habit_test_03610,003751_01,S7414,ready,workspace_context,1,0.8990845493457349,0.5
habit_test_03611,003751_02,S7414,early,workspace_context,0,0.168519257798784,0.5
habit_test_03612,003751_02,S7414,ready,workspace_context,1,0.811110261796398,0.5
habit_test_03613,003752_01,S7414,early,workspace_context,0,0.31766060905899945,0.5
habit_test_03614,003752_01,S7414,ready,workspace_context,1,0.8426017653333836,0.5
habit_test_03615,003752_02,S7414,early,workspace_context,0,0.14125485310527028,0.5
habit_test_03616,003752_02,S7414,ready,workspace_context,1,0.7342353229471801,0.5
habit_test_03617,003753_01,S7414,early,workspace_context,0,0.15017814502787835,0.5
habit_test_03618,003753_01,S7414,ready,workspace_context,1,0.7118761944313513,0.5
habit_test_03619,003753_02,S7414,early,workspace_context,0,0.10502435622547318,0.5
habit_test_03620,003753_02,S7414,ready,workspace_context,1,0.7976635807369497,0.5
habit_test_03621,003754_01,S7414,early,workspace_context,0,0.18631601572649864,0.5
habit_test_03622,003754_01,S7414,ready,workspace_context,1,0.7718471924885698,0.5
habit_test_03623,003754_02,S7414,early,workspace_context,0,0.19826874014300105,0.5
habit_test_03624,003754_02,S7414,ready,workspace_context,1,0.849087887896879,0.5
habit_test_03625,003755_01,S7414,early,workspace_context,0,0.07808669410858672,0.5
habit_test_03626,003755_01,S7414,ready,workspace_context,1,0.7594357554072453,0.5
habit_test_03627,003755_02,S7414,early,workspace_context,0,0.06665665022916002,0.5
habit_test_03628,003755_02,S7414,ready,workspace_context,1,0.9333871593081493,0.5
habit_test_03629,003756_01,S7414,early,workspace_context,0,0.05730407302957551,0.5
habit_test_03630,003756_01,S7414,ready,workspace_context,1,0.8534573064813173,0.5
habit_test_03631,003756_02,S7414,early,workspace_context,0,0.06105600759955191,0.5
habit_test_03632,003756_02,S7414,ready,workspace_context,1,0.8124108909592127,0.5
habit_test_03633,003757_01,S7414,early,workspace_context,0,0.17510805967095203,0.5
habit_test_03634,003757_01,S7414,ready,workspace_context,1,0.732147474323349,0.5
habit_test_03635,003757_02,S7414,early,workspace_context,0,0.09246853877284449,0.5
habit_test_03636,003757_02,S7414,ready,workspace_context,1,0.898232462387446,0.5
habit_test_03637,003758_01,S7414,early,workspace_context,0,0.07296879050418387,0.5
habit_test_03638,003758_01,S7414,ready,workspace_context,1,0.8361025567784756,0.5
habit_test_03639,003758_02,S7414,early,workspace_context,0,0.31068122035627543,0.5
habit_test_03640,003758_02,S7414,ready,workspace_context,1,0.8102443041606929,0.5
habit_test_03641,003759_01,S7414,early,workspace_context,0,0.09739853297443954,0.5
habit_test_03642,003759_01,S7414,ready,workspace_context,1,0.9615825559640817,0.5
habit_test_03643,003759_02,S7414,early,workspace_context,0,0.09335343068864255,0.5
habit_test_03644,003759_02,S7414,ready,workspace_context,1,0.747634579265257,0.5
habit_test_03645,003760_01,S7414,early,workspace_context,0,0.08782243434813271,0.5
habit_test_03646,003760_01,S7414,ready,workspace_context,1,0.9283675646768089,0.5
habit_test_03647,003760_02,S7414,early,workspace_context,0,0.18573932531821932,0.5
habit_test_03648,003760_02,S7414,ready,workspace_context,1,0.8309522427961342,0.5
habit_test_03649,003761_01,S7414,early,workspace_context,0,0.16957227404727723,0.5
habit_test_03650,003761_01,S7414,ready,workspace_context,1,0.9400929332098431,0.5
habit_test_03651,003761_02,S7414,early,workspace_context,0,0.256642524982508,0.5
habit_test_03652,003761_02,S7414,ready,workspace_context,1,0.7666316143823216,0.5
habit_test_03653,003762_01,S7414,early,workspace_context,0,0.11920399968108472,0.5
habit_test_03654,003762_01,S7414,ready,workspace_context,1,0.8245829588941943,0.5
habit_test_03655,003762_02,S7414,early,workspace_context,0,0.10234966258925432,0.5
habit_test_03656,003762_02,S7414,ready,workspace_context,1,0.7914191443150349,0.5
habit_test_03657,003763_01,S7414,early,workspace_context,0,0.10204162592715903,0.5
habit_test_03658,003763_01,S7414,ready,workspace_context,1,0.8896056100945529,0.5
habit_test_03659,003763_02,S7414,early,workspace_context,0,0.22855403313252468,0.5
habit_test_03660,003763_02,S7414,ready,workspace_context,1,0.7988405632100606,0.5
habit_test_03661,003764_01,S7414,early,workspace_context,0,0.04298769191792467,0.5
habit_test_03662,003764_01,S7414,ready,workspace_context,1,0.8070188128396979,0.5
habit_test_03663,003764_02,S7414,early,workspace_context,0,0.15680955875589175,0.5
habit_test_03664,003764_02,S7414,ready,workspace_context,1,0.8431769056093098,0.5
habit_test_03665,003766_01,S7414,early,workspace_context,0,0.06213638574987531,0.5
habit_test_03666,003766_01,S7414,ready,workspace_context,1,0.7369569422690521,0.5
habit_test_03667,003766_02,S7414,early,workspace_context,0,0.23650612255276052,0.5
habit_test_03668,003766_02,S7414,ready,workspace_context,1,0.8593915544085193,0.5
habit_test_03669,003767_01,S7414,early,workspace_context,0,0.08271702814152923,0.5
habit_test_03670,003767_01,S7414,ready,workspace_context,1,0.828057263823252,0.5
habit_test_03671,003767_02,S7414,early,workspace_context,0,0.13308794434798565,0.5
habit_test_03672,003767_02,S7414,ready,workspace_context,1,0.9595538035126759,0.5
habit_test_03673,003768_01,S7414,early,workspace_context,0,0.06131437012492765,0.5
habit_test_03674,003768_01,S7414,ready,workspace_context,1,0.93899558560334,0.5
habit_test_03675,003768_02,S7414,early,workspace_context,0,0.18174974342535696,0.5
habit_test_03676,003768_02,S7414,ready,workspace_context,1,0.9876216755740895,0.5
habit_test_03677,003769_01,S7414,early,workspace_context,0,0.098547204090502,0.5
habit_test_03678,003769_01,S7414,ready,workspace_context,1,0.91134098447337,0.5
habit_test_03679,003769_02,S7414,early,workspace_context,0,0.16824473817686467,0.5
habit_test_03680,003769_02,S7414,ready,workspace_context,1,0.906013478066825,0.5
habit_test_03681,003770_01,S7414,early,workspace_context,0,0.15798614471229003,0.5
habit_test_03682,003770_01,S7414,ready,workspace_context,1,0.7721786212756564,0.5
habit_test_03683,003770_02,S7414,early,workspace_context,0,0.08807175290308752,0.5
habit_test_03684,003770_02,S7414,ready,workspace_context,1,0.9191120131869058,0.5
habit_test_03685,003772_01,S7414,early,workspace_context,0,0.11741071187359911,0.5
habit_test_03686,003772_01,S7414,ready,workspace_context,1,0.913319544452615,0.5
habit_test_03687,003772_02,S7414,early,workspace_context,0,0.23652259531412625,0.5
habit_test_03688,003772_02,S7414,ready,workspace_context,1,0.836782478917451,0.5
habit_test_03689,003773_01,S7414,early,workspace_context,0,0.09785409159111308,0.5
habit_test_03690,003773_01,S7414,ready,workspace_context,1,0.9262097549867586,0.5
habit_test_03691,003773_02,S7414,early,workspace_context,0,0.23456028309753416,0.5
habit_test_03692,003773_02,S7414,ready,workspace_context,1,0.9200964533999137,0.5
habit_test_03693,003774_01,S7414,early,workspace_context,0,0.10345141260790686,0.5
habit_test_03694,003774_01,S7414,ready,workspace_context,1,0.9457250838848136,0.5
habit_test_03695,003774_02,S7414,early,workspace_context,0,0.27564378370844717,0.5
habit_test_03696,003774_02,S7414,ready,workspace_context,1,0.8780315604856008,0.5
habit_test_03697,003776_01,S7414,early,workspace_context,0,0.07792903939761181,0.5
habit_test_03698,003776_01,S7414,ready,workspace_context,1,0.9472117168746275,0.5
habit_test_03699,003776_02,S7414,early,workspace_context,0,0.23274824212518536,0.5
habit_test_03700,003776_02,S7414,ready,workspace_context,1,0.6099198984663909,0.5
habit_test_03701,003777_01,S7414,early,workspace_context,0,0.050825223409433636,0.5
habit_test_03702,003777_01,S7414,ready,workspace_context,1,0.9460185992846653,0.5
habit_test_03703,003777_02,S7414,early,workspace_context,0,0.1881595374333079,0.5
habit_test_03704,003777_02,S7414,ready,workspace_context,1,0.9238317057413472,0.5
habit_test_03705,003778_01,S7414,early,workspace_context,0,0.07836604154683827,0.5
habit_test_03706,003778_01,S7414,ready,workspace_context,1,0.9517276908151363,0.5
habit_test_03707,003778_02,S7414,early,workspace_context,0,0.186734272079811,0.5
habit_test_03708,003778_02,S7414,ready,workspace_context,1,0.7989898446966195,0.5
habit_test_03709,003779_01,S7414,early,workspace_context,0,0.01867191180770936,0.5
habit_test_03710,003779_01,S7414,ready,workspace_context,1,0.9590621250408388,0.5
habit_test_03711,003779_02,S7414,early,workspace_context,0,0.11737744524779536,0.5
habit_test_03712,003779_02,S7414,ready,workspace_context,1,0.9032753706398418,0.5
habit_test_03713,003780_01,S7414,early,workspace_context,0,0.10433341303244854,0.5
habit_test_03714,003780_01,S7414,ready,workspace_context,1,0.9382841841446229,0.5
habit_test_03715,003780_02,S7414,early,workspace_context,0,0.10833210612443026,0.5
habit_test_03716,003780_02,S7414,ready,workspace_context,1,0.954741236232976,0.5
habit_test_03717,003781_01,S7414,early,workspace_context,0,0.06677636696288723,0.5
habit_test_03718,003781_01,S7414,ready,workspace_context,1,0.9513880178040535,0.5
habit_test_03719,003781_02,S7414,early,workspace_context,0,0.09145148710286696,0.5
habit_test_03720,003781_02,S7414,ready,workspace_context,1,0.8270226325780865,0.5
habit_test_03721,003782_01,S7414,early,workspace_context,0,0.07787699664141459,0.5
habit_test_03722,003782_01,S7414,ready,workspace_context,1,0.9477573047710505,0.5
habit_test_03723,003782_02,S7414,early,workspace_context,0,0.08322814312192135,0.5
habit_test_03724,003782_02,S7414,ready,workspace_context,1,0.9408241781078006,0.5
habit_test_03725,003784_01,S7414,early,workspace_context,0,0.17657519662656376,0.5
habit_test_03726,003784_01,S7414,ready,workspace_context,1,0.7410895652010612,0.5
habit_test_03727,003784_02,S7414,early,workspace_context,0,0.27491396883820735,0.5
habit_test_03728,003784_02,S7414,ready,workspace_context,1,0.9026691228555279,0.5
habit_test_03729,003785_01,S7414,early,workspace_context,0,0.11562590690749049,0.5
habit_test_03730,003785_01,S7414,ready,workspace_context,1,0.5904646933468052,0.5
habit_test_03731,003785_02,S7414,early,workspace_context,0,0.16551967970267514,0.5
habit_test_03732,003785_02,S7414,ready,workspace_context,1,0.8737733383289231,0.5
habit_test_03733,003786_01,S7414,early,workspace_context,0,0.19073229745280607,0.5
habit_test_03734,003786_01,S7414,ready,workspace_context,1,0.6504805675228248,0.5
habit_test_03735,003786_02,S7414,early,workspace_context,0,0.04988507103866446,0.5
habit_test_03736,003786_02,S7414,ready,workspace_context,1,0.8944019888565375,0.5
habit_test_03737,003787_01,S7414,early,workspace_context,0,0.3808736849724395,0.5
habit_test_03738,003787_01,S7414,ready,workspace_context,1,0.6206453292989613,0.5
habit_test_03739,003787_02,S7414,early,workspace_context,0,0.28970363390854226,0.5
habit_test_03740,003787_02,S7414,ready,workspace_context,1,0.8897698171958915,0.5
habit_test_03741,003788_01,S7414,early,workspace_context,0,0.2754927388238908,0.5
habit_test_03742,003788_01,S7414,ready,workspace_context,1,0.8661880580737243,0.5
habit_test_03743,003788_02,S7414,early,workspace_context,0,0.1485194445543201,0.5
habit_test_03744,003788_02,S7414,ready,workspace_context,1,0.9586585757921863,0.5
habit_test_03745,003789_01,S7414,early,workspace_context,0,0.11790364655858389,0.5
habit_test_03746,003789_01,S7414,ready,workspace_context,1,0.8639501955938629,0.5
habit_test_03747,003789_02,S7414,early,workspace_context,0,0.06237841736110293,0.5
habit_test_03748,003789_02,S7414,ready,workspace_context,1,0.9239944725762775,0.5
habit_test_03749,003791_01,S7414,early,workspace_context,0,0.0678603636108116,0.5
habit_test_03750,003791_01,S7414,ready,workspace_context,1,0.9040513007711524,0.5
habit_test_03751,003791_02,S7414,early,workspace_context,0,0.29753934832339607,0.5
habit_test_03752,003791_02,S7414,ready,workspace_context,1,0.9271855233611406,0.5
habit_test_03753,003793_01,S7414,early,workspace_context,0,0.08645215753279376,0.5
habit_test_03754,003793_01,S7414,ready,workspace_context,1,0.7552292457824328,0.5
habit_test_03755,003793_02,S7414,early,workspace_context,0,0.14508716580512965,0.5
habit_test_03756,003793_02,S7414,ready,workspace_context,1,0.8191989774885587,0.5
habit_test_03757,003794_01,S7414,early,workspace_context,0,0.08339132757910002,0.5
habit_test_03758,003794_01,S7414,ready,workspace_context,1,0.9436602068186571,0.5
habit_test_03759,003794_02,S7414,early,workspace_context,0,0.33517340615973173,0.5
habit_test_03760,003794_02,S7414,ready,workspace_context,1,0.7213623286074509,0.5
habit_test_03761,003795_01,S7414,early,workspace_context,0,0.08044863024291277,0.5
habit_test_03762,003795_01,S7414,ready,workspace_context,1,0.9243028442477177,0.5
habit_test_03763,003795_02,S7414,early,workspace_context,0,0.1922308731784909,0.5
habit_test_03764,003795_02,S7414,ready,workspace_context,1,0.9603629561290006,0.5
habit_test_03765,003796_01,S7414,early,workspace_context,0,0.18868952594779276,0.5
habit_test_03766,003796_01,S7414,ready,workspace_context,1,0.7494077416997165,0.5
habit_test_03767,003796_02,S7414,early,workspace_context,0,0.2558554141457446,0.5
habit_test_03768,003796_02,S7414,ready,workspace_context,1,0.8529669623538448,0.5
habit_test_03769,003797_01,S7414,early,workspace_context,0,0.1732586845662626,0.5
habit_test_03770,003797_01,S7414,ready,workspace_context,1,0.9372535339383407,0.5
habit_test_03771,003797_02,S7414,early,workspace_context,0,0.23683782903367723,0.5
habit_test_03772,003797_02,S7414,ready,workspace_context,1,0.9104577285908995,0.5
habit_test_03773,003798_01,S7414,early,workspace_context,0,0.20425416323869983,0.5
habit_test_03774,003798_01,S7414,ready,workspace_context,1,0.7641164042207762,0.5
habit_test_03775,003798_02,S7414,early,workspace_context,0,0.14319036941609173,0.5
habit_test_03776,003798_02,S7414,ready,workspace_context,1,0.9264927882461179,0.5
habit_test_03777,003799_01,S7414,early,workspace_context,0,0.09681124465497623,0.5
habit_test_03778,003799_01,S7414,ready,workspace_context,1,0.8440186477782334,0.5
habit_test_03779,003799_02,S7414,early,workspace_context,0,0.069543514128437,0.5
habit_test_03780,003799_02,S7414,ready,workspace_context,1,0.8456213058124952,0.5
habit_test_03781,003800_01,S7414,early,workspace_context,0,0.09396386239113488,0.5
habit_test_03782,003800_01,S7414,ready,workspace_context,1,0.8938045028661353,0.5
habit_test_03783,003800_02,S7414,early,workspace_context,0,0.203791331318026,0.5
habit_test_03784,003800_02,S7414,ready,workspace_context,1,0.7999317143156296,0.5
habit_test_03785,004948_01,S6759,early,workspace_context,0,0.46360288029519664,0.5
habit_test_03786,004948_01,S6759,ready,workspace_context,1,0.8126359220232924,0.5
habit_test_03787,004949_01,S6759,early,workspace_context,0,0.27218505252195896,0.5
habit_test_03788,004949_01,S6759,ready,workspace_context,1,0.881496818640549,0.5
habit_test_03789,004951_01,S6759,early,workspace_context,0,0.31278046230731305,0.5
habit_test_03790,004951_01,S6759,ready,workspace_context,1,0.9048686267631312,0.5
habit_test_03791,004952_01,S6759,early,workspace_context,0,0.1782883849955845,0.5
habit_test_03792,004952_01,S6759,ready,workspace_context,1,0.888589690865217,0.5
habit_test_03793,004953_01,S6759,early,workspace_context,0,0.22609497803202191,0.5
habit_test_03794,004953_01,S6759,ready,workspace_context,1,0.9403079145135699,0.5
habit_test_03795,004954_01,S6759,early,workspace_context,0,0.23692158140540964,0.5
habit_test_03796,004954_01,S6759,ready,workspace_context,1,0.778438276918688,0.5
habit_test_03797,004956_01,S6759,early,workspace_context,0,0.13360513974757204,0.5
habit_test_03798,004956_01,S6759,ready,workspace_context,1,0.841859043921174,0.5
habit_test_03799,004957_01,S6759,early,workspace_context,0,0.18918432167920407,0.5
habit_test_03800,004957_01,S6759,ready,workspace_context,1,0.7532228530062006,0.5
habit_test_03801,004958_01,S6759,early,workspace_context,0,0.15147001615463335,0.5
habit_test_03802,004958_01,S6759,ready,workspace_context,1,0.9129398994961829,0.5
habit_test_03803,004959_01,S6759,early,workspace_context,0,0.3394712249141171,0.5
habit_test_03804,004959_01,S6759,ready,workspace_context,1,0.9324551392247121,0.5
habit_test_03805,004960_01,S6759,early,workspace_context,0,0.22692313843168185,0.5
habit_test_03806,004960_01,S6759,ready,workspace_context,1,0.9251378661656112,0.5
habit_test_03807,004962_01,S6759,early,workspace_context,0,0.3404739836413788,0.5
habit_test_03808,004962_01,S6759,ready,workspace_context,1,0.9094333438985653,0.5
habit_test_03809,004963_01,S6759,early,workspace_context,0,0.2942284342680372,0.5
habit_test_03810,004963_01,S6759,ready,workspace_context,1,0.8387571375519726,0.5
habit_test_03811,004964_01,S6759,early,workspace_context,0,0.27947255946276034,0.5
habit_test_03812,004964_01,S6759,ready,workspace_context,1,0.9040982531936074,0.5
habit_test_03813,004965_01,S6759,early,workspace_context,0,0.229155300748634,0.5
habit_test_03814,004965_01,S6759,ready,workspace_context,1,0.8839688831601534,0.5
habit_test_03815,004968_01,S6759,early,workspace_context,0,0.16574202077304726,0.5
habit_test_03816,004968_01,S6759,ready,workspace_context,1,0.891112105218121,0.5
habit_test_03817,004969_01,S6759,early,workspace_context,0,0.13837465061688517,0.5
habit_test_03818,004969_01,S6759,ready,workspace_context,1,0.9190298121234991,0.5
habit_test_03819,004970_01,S6759,early,workspace_context,0,0.2246116840879289,0.5
habit_test_03820,004970_01,S6759,ready,workspace_context,1,0.877835477124441,0.5
habit_test_03821,004971_01,S6759,early,workspace_context,0,0.2122775721614087,0.5
habit_test_03822,004971_01,S6759,ready,workspace_context,1,0.7896666188161314,0.5
habit_test_03823,004972_01,S6759,early,workspace_context,0,0.09821296479526365,0.5
habit_test_03824,004972_01,S6759,ready,workspace_context,1,0.8572855371723938,0.5
habit_test_03825,004975_01,S6759,early,workspace_context,0,0.24294896960550164,0.5
habit_test_03826,004975_01,S6759,ready,workspace_context,1,0.8220495794856322,0.5
habit_test_03827,004976_01,S6759,early,workspace_context,0,0.12371300839366635,0.5
habit_test_03828,004976_01,S6759,ready,workspace_context,1,0.8613115002281188,0.5
habit_test_03829,004977_01,S6759,early,workspace_context,0,0.18418286954690746,0.5
habit_test_03830,004977_01,S6759,ready,workspace_context,1,0.8833142471156462,0.5
habit_test_03831,004978_01,S6759,early,workspace_context,0,0.20678943696886626,0.5
habit_test_03832,004978_01,S6759,ready,workspace_context,1,0.9046103637690728,0.5
habit_test_03833,004980_01,S6759,early,workspace_context,0,0.35233709069206987,0.5
habit_test_03834,004980_01,S6759,ready,workspace_context,1,0.8447897940332045,0.5
habit_test_03835,004981_01,S6759,early,workspace_context,0,0.33240346021995354,0.5
habit_test_03836,004981_01,S6759,ready,workspace_context,1,0.8443559860697041,0.5
habit_test_03837,004982_01,S6759,early,workspace_context,0,0.20888305628347398,0.5
habit_test_03838,004982_01,S6759,ready,workspace_context,1,0.8507171390687555,0.5
habit_test_03839,004983_01,S6759,early,workspace_context,0,0.153441202679772,0.5
habit_test_03840,004983_01,S6759,ready,workspace_context,1,0.9326274498645992,0.5
habit_test_03841,004984_01,S6759,early,workspace_context,0,0.13435082815834504,0.5
habit_test_03842,004984_01,S6759,ready,workspace_context,1,0.8927892124473069,0.5
habit_test_03843,004986_01,S6759,early,workspace_context,0,0.2498874306824722,0.5
habit_test_03844,004986_01,S6759,ready,workspace_context,1,0.8846569072437729,0.5
habit_test_03845,004987_01,S6759,early,workspace_context,0,0.26933200389731243,0.5
habit_test_03846,004987_01,S6759,ready,workspace_context,1,0.806258118740491,0.5
habit_test_03847,004988_01,S6759,early,workspace_context,0,0.07846216553810093,0.5
habit_test_03848,004988_01,S6759,ready,workspace_context,1,0.9672382835594607,0.5
habit_test_03849,004989_01,S6759,early,workspace_context,0,0.28823093138005906,0.5
habit_test_03850,004989_01,S6759,ready,workspace_context,1,0.9287846836355599,0.5
habit_test_03851,004990_01,S6759,early,workspace_context,0,0.41427333799769833,0.5
habit_test_03852,004990_01,S6759,ready,workspace_context,1,0.9436815057564649,0.5
habit_test_03853,004991_01,S6759,early,workspace_context,0,0.2090757981009143,0.5
habit_test_03854,004991_01,S6759,ready,workspace_context,1,0.928723795309777,0.5
habit_test_03855,004992_01,S6759,early,workspace_context,0,0.28535536911402,0.5
habit_test_03856,004992_01,S6759,ready,workspace_context,1,0.8653041716618387,0.5
habit_test_03857,004993_01,S6759,early,workspace_context,0,0.3074577427005923,0.5
habit_test_03858,004993_01,S6759,ready,workspace_context,1,0.9150587389716819,0.5
habit_test_03859,004995_01,S6759,early,workspace_context,0,0.24245847710416982,0.5
habit_test_03860,004995_01,S6759,ready,workspace_context,1,0.8929864382597188,0.5
habit_test_03861,004996_01,S6759,early,workspace_context,0,0.34826871675338644,0.5
habit_test_03862,004996_01,S6759,ready,workspace_context,1,0.90794690252007,0.5
habit_test_03863,005410_01,S6759,early,workspace_context,0,0.4015964996732388,0.5
habit_test_03864,005410_01,S6759,ready,workspace_context,1,0.9121352702959243,0.5
habit_test_03865,005413_01,S6759,early,workspace_context,0,0.25989759244854327,0.5
habit_test_03866,005413_01,S6759,ready,workspace_context,1,0.8355352320254049,0.5
habit_test_03867,005414_01,S6759,early,workspace_context,0,0.4096343796913616,0.5
habit_test_03868,005414_01,S6759,ready,workspace_context,1,0.7653283738426017,0.5
habit_test_03869,005416_01,S6759,early,workspace_context,0,0.3100151160923038,0.5
habit_test_03870,005416_01,S6759,ready,workspace_context,1,0.9122883409379043,0.5
habit_test_03871,005417_01,S6759,early,workspace_context,0,0.18942461475693625,0.5
habit_test_03872,005417_01,S6759,ready,workspace_context,1,0.8544550919493739,0.5
habit_test_03873,005418_01,S6759,early,workspace_context,0,0.25187588370803543,0.5
habit_test_03874,005418_01,S6759,ready,workspace_context,1,0.9319202163377248,0.5
habit_test_03875,005419_01,S6759,early,workspace_context,0,0.41565268317732007,0.5
habit_test_03876,005419_01,S6759,ready,workspace_context,1,0.19122177013114608,0.5
habit_test_03877,005421_01,S6759,early,workspace_context,0,0.3817198592654063,0.5
habit_test_03878,005421_01,S6759,ready,workspace_context,1,0.8704557145134246,0.5
habit_test_03879,005422_01,S6759,early,workspace_context,0,0.15106400267177222,0.5
habit_test_03880,005422_01,S6759,ready,workspace_context,1,0.7233541681966837,0.5
habit_test_03881,005423_01,S6759,early,workspace_context,0,0.145103182418714,0.5
habit_test_03882,005423_01,S6759,ready,workspace_context,1,0.7052749651176484,0.5
habit_test_03883,005424_01,S6759,early,workspace_context,0,0.3769020733542434,0.5
habit_test_03884,005424_01,S6759,ready,workspace_context,1,0.8558061553061944,0.5
habit_test_03885,005425_01,S6759,early,workspace_context,0,0.2718524504541066,0.5
habit_test_03886,005425_01,S6759,ready,workspace_context,1,0.8785833058852629,0.5
habit_test_03887,005427_01,S6759,early,workspace_context,0,0.3727088640506719,0.5
habit_test_03888,005427_01,S6759,ready,workspace_context,1,0.9017049684608188,0.5
habit_test_03889,005428_01,S6759,early,workspace_context,0,0.23481638091484783,0.5
habit_test_03890,005428_01,S6759,ready,workspace_context,1,0.793539424647077,0.5
habit_test_03891,005429_01,S6759,early,workspace_context,0,0.16797140282356307,0.5
habit_test_03892,005429_01,S6759,ready,workspace_context,1,0.8809120832523544,0.5
habit_test_03893,005430_01,S6759,early,workspace_context,0,0.2782464377102705,0.5
habit_test_03894,005430_01,S6759,ready,workspace_context,1,0.8341083975174506,0.5
habit_test_03895,005431_01,S6759,early,workspace_context,0,0.20076041748716822,0.5
habit_test_03896,005431_01,S6759,ready,workspace_context,1,0.860796616591528,0.5
habit_test_03897,005432_01,S6759,early,workspace_context,0,0.15579033070501053,0.5
habit_test_03898,005432_01,S6759,ready,workspace_context,1,0.7316428964831518,0.5
habit_test_03899,005433_01,S6759,early,workspace_context,0,0.10857357981115309,0.5
habit_test_03900,005433_01,S6759,ready,workspace_context,1,0.7524406170335587,0.5
habit_test_03901,005434_01,S6759,early,workspace_context,0,0.30709850130478594,0.5
habit_test_03902,005434_01,S6759,ready,workspace_context,1,0.8175600933042656,0.5
habit_test_03903,005435_01,S6759,early,workspace_context,0,0.15933879146108731,0.5
habit_test_03904,005435_01,S6759,ready,workspace_context,1,0.8368805025372528,0.5
habit_test_03905,005436_01,S6759,early,workspace_context,0,0.14818498745693773,0.5
habit_test_03906,005436_01,S6759,ready,workspace_context,1,0.869033439092993,0.5
habit_test_03907,005437_01,S6759,early,workspace_context,0,0.1517399028514463,0.5
habit_test_03908,005437_01,S6759,ready,workspace_context,1,0.8419032141353305,0.5
habit_test_03909,005439_01,S6759,early,workspace_context,0,0.15996831370130016,0.5
habit_test_03910,005439_01,S6759,ready,workspace_context,1,0.8800324523663107,0.5
habit_test_03911,005440_01,S6759,early,workspace_context,0,0.1526285299667379,0.5
habit_test_03912,005440_01,S6759,ready,workspace_context,1,0.8546030518099708,0.5
habit_test_03913,005441_01,S6759,early,workspace_context,0,0.07619871022821464,0.5
habit_test_03914,005441_01,S6759,ready,workspace_context,1,0.7644666231967102,0.5
habit_test_03915,005442_01,S6759,early,workspace_context,0,0.08779088385140957,0.5
habit_test_03916,005442_01,S6759,ready,workspace_context,1,0.6958876022315715,0.5
habit_test_03917,005443_01,S6759,early,workspace_context,0,0.05256798722660676,0.5
habit_test_03918,005443_01,S6759,ready,workspace_context,1,0.8306109092656495,0.5
habit_test_03919,005444_01,S6759,early,workspace_context,0,0.38211805368214635,0.5
habit_test_03920,005444_01,S6759,ready,workspace_context,1,0.7149522247694827,0.5
habit_test_03921,005446_01,S6759,early,workspace_context,0,0.179591522024727,0.5
habit_test_03922,005446_01,S6759,ready,workspace_context,1,0.6884914512332707,0.5
habit_test_03923,005447_01,S6759,early,workspace_context,0,0.2826131320259463,0.5
habit_test_03924,005447_01,S6759,ready,workspace_context,1,0.7121038476122411,0.5
habit_test_03925,005448_01,S6759,early,workspace_context,0,0.06837084962390193,0.5
habit_test_03926,005448_01,S6759,ready,workspace_context,1,0.6361247058009424,0.5
habit_test_03927,005449_01,S6759,early,workspace_context,0,0.08142738276207981,0.5
habit_test_03928,005449_01,S6759,ready,workspace_context,1,0.6540348240197048,0.5
habit_test_03929,005450_01,S6759,early,workspace_context,0,0.10077256455887536,0.5
habit_test_03930,005450_01,S6759,ready,workspace_context,1,0.6166437656456826,0.5
habit_test_03931,005453_01,S6759,early,workspace_context,0,0.07790140517559127,0.5
habit_test_03932,005453_01,S6759,ready,workspace_context,1,0.7349655432121456,0.5
habit_test_03933,005454_01,S6759,early,workspace_context,0,0.1644212530996283,0.5
habit_test_03934,005454_01,S6759,ready,workspace_context,1,0.7219103135246812,0.5
habit_test_03935,005455_01,S6759,early,workspace_context,0,0.10089152125718182,0.5
habit_test_03936,005455_01,S6759,ready,workspace_context,1,0.8174010288088913,0.5
habit_test_03937,005456_01,S6759,early,workspace_context,0,0.34622809411079486,0.5
habit_test_03938,005456_01,S6759,ready,workspace_context,1,0.6452064049147607,0.5
habit_test_03939,005457_01,S6759,early,workspace_context,0,0.15188487745569032,0.5
habit_test_03940,005457_01,S6759,ready,workspace_context,1,0.7826757045461664,0.5
habit_test_03941,005458_01,S6759,early,workspace_context,0,0.12668573932341728,0.5
habit_test_03942,005458_01,S6759,ready,workspace_context,1,0.8667838020257291,0.5
habit_test_03943,005459_01,S6759,early,workspace_context,0,0.18697921053696456,0.5
habit_test_03944,005459_01,S6759,ready,workspace_context,1,0.7594844088017811,0.5
habit_test_03945,005460_01,S6759,early,workspace_context,0,0.15155678334059525,0.5
habit_test_03946,005460_01,S6759,ready,workspace_context,1,0.8332510711766459,0.5
habit_test_03947,005461_01,S6759,early,workspace_context,0,0.1057138676409867,0.5
habit_test_03948,005461_01,S6759,ready,workspace_context,1,0.5937676591862758,0.5
habit_test_03949,005462_01,S6759,early,workspace_context,0,0.3458597655773903,0.5
habit_test_03950,005462_01,S6759,ready,workspace_context,1,0.6953926001221007,0.5
habit_test_03951,005463_01,S6759,early,workspace_context,0,0.12621171866403078,0.5
habit_test_03952,005463_01,S6759,ready,workspace_context,1,0.6805960959152847,0.5
habit_test_03953,005465_01,S6759,early,workspace_context,0,0.14102744889050878,0.5
habit_test_03954,005465_01,S6759,ready,workspace_context,1,0.6797802645761315,0.5
habit_test_03955,005466_01,S6759,early,workspace_context,0,0.1121797947633372,0.5
habit_test_03956,005466_01,S6759,ready,workspace_context,1,0.8112786180552589,0.5
habit_test_03957,005467_01,S6759,early,workspace_context,0,0.15804139148648944,0.5
habit_test_03958,005467_01,S6759,ready,workspace_context,1,0.8358017657494601,0.5
habit_test_03959,005468_01,S6759,early,workspace_context,0,0.08293392056696541,0.5
habit_test_03960,005468_01,S6759,ready,workspace_context,1,0.744418122037783,0.5
habit_test_03961,005469_01,S6759,early,workspace_context,0,0.15931451041773873,0.5
habit_test_03962,005469_01,S6759,ready,workspace_context,1,0.6932848707549303,0.5
habit_test_03963,005470_01,S6759,early,workspace_context,0,0.1886346981508192,0.5
habit_test_03964,005470_01,S6759,ready,workspace_context,1,0.8256115487819567,0.5
habit_test_03965,005471_01,S6759,early,workspace_context,0,0.19140238859745057,0.5
habit_test_03966,005471_01,S6759,ready,workspace_context,1,0.7446425596168532,0.5
habit_test_03967,005472_01,S6759,early,workspace_context,0,0.32210770056683047,0.5
habit_test_03968,005472_01,S6759,ready,workspace_context,1,0.4532883941274252,0.5
habit_test_03969,005473_01,S6759,early,workspace_context,0,0.23045908394767042,0.5
habit_test_03970,005473_01,S6759,ready,workspace_context,1,0.9494447498231259,0.5
habit_test_03971,005687_01,S8975,early,workspace_context,0,0.07251737338564938,0.5
habit_test_03972,005687_01,S8975,ready,workspace_context,1,0.7351852879721312,0.5
habit_test_03973,005688_01,S8975,early,workspace_context,0,0.13493060401783602,0.5
habit_test_03974,005688_01,S8975,ready,workspace_context,1,0.5877497289270679,0.5
habit_test_03975,005691_01,S8975,early,workspace_context,0,0.14875982234365104,0.5
habit_test_03976,005691_01,S8975,ready,workspace_context,1,0.8520419726784157,0.5
habit_test_03977,005692_01,S8975,early,workspace_context,0,0.05313472023329974,0.5
habit_test_03978,005692_01,S8975,ready,workspace_context,1,0.8657528408307132,0.5
habit_test_03979,005693_01,S8975,early,workspace_context,0,0.11773792201150529,0.5
habit_test_03980,005693_01,S8975,ready,workspace_context,1,0.8439174510234125,0.5
habit_test_03981,005694_01,S8975,early,workspace_context,0,0.059919332810103525,0.5
habit_test_03982,005694_01,S8975,ready,workspace_context,1,0.8766115813880725,0.5
habit_test_03983,005695_01,S8975,early,workspace_context,0,0.06377835076726944,0.5
habit_test_03984,005695_01,S8975,ready,workspace_context,1,0.7725395224426107,0.5
habit_test_03985,005696_01,S8975,early,workspace_context,0,0.13250688864479004,0.5
habit_test_03986,005696_01,S8975,ready,workspace_context,1,0.7981483526432818,0.5
habit_test_03987,005697_01,S8975,early,workspace_context,0,0.091899710992262,0.5
habit_test_03988,005697_01,S8975,ready,workspace_context,1,0.7449419654200162,0.5
habit_test_03989,005698_01,S8975,early,workspace_context,0,0.13163843818566046,0.5
habit_test_03990,005698_01,S8975,ready,workspace_context,1,0.9342269013697289,0.5
habit_test_03991,005699_01,S8975,early,workspace_context,0,0.16046947531311775,0.5
habit_test_03992,005699_01,S8975,ready,workspace_context,1,0.8167247828739821,0.5
habit_test_03993,005700_01,S8975,early,workspace_context,0,0.11323666265608238,0.5
habit_test_03994,005700_01,S8975,ready,workspace_context,1,0.6331472191350023,0.5
habit_test_03995,005701_01,S8975,early,workspace_context,0,0.09526166422000207,0.5
habit_test_03996,005701_01,S8975,ready,workspace_context,1,0.7725170120466196,0.5
habit_test_03997,005702_01,S8975,early,workspace_context,0,0.24098818443311718,0.5
habit_test_03998,005702_01,S8975,ready,workspace_context,1,0.6483196865819615,0.5
habit_test_03999,005704_01,S8975,early,workspace_context,0,0.08996734582684146,0.5
habit_test_04000,005704_01,S8975,ready,workspace_context,1,0.6067471603667438,0.5
habit_test_04001,005922_01,S8975,early,workspace_context,0,0.2466341749135121,0.5
habit_test_04002,005922_01,S8975,ready,workspace_context,1,0.7890971267749344,0.5
habit_test_04003,005923_01,S8975,early,workspace_context,0,0.25859201928807557,0.5
habit_test_04004,005923_01,S8975,ready,workspace_context,1,0.9326332192379924,0.5
habit_test_04005,005924_01,S8975,early,workspace_context,0,0.1520829261776209,0.5
habit_test_04006,005924_01,S8975,ready,workspace_context,1,0.8527813044947055,0.5
habit_test_04007,005925_01,S8975,early,workspace_context,0,0.04400630331647505,0.5
habit_test_04008,005925_01,S8975,ready,workspace_context,1,0.9104844219520706,0.5
habit_test_04009,005926_01,S8975,early,workspace_context,0,0.1334696864154478,0.5
habit_test_04010,005926_01,S8975,ready,workspace_context,1,0.8471300542503128,0.5
habit_test_04011,005927_01,S8975,early,workspace_context,0,0.1506280562108226,0.5
habit_test_04012,005927_01,S8975,ready,workspace_context,1,0.8109030143391546,0.5
habit_test_04013,005929_01,S8975,early,workspace_context,0,0.19557668615308552,0.5
habit_test_04014,005929_01,S8975,ready,workspace_context,1,0.9648148205393793,0.5
habit_test_04015,005930_01,S8975,early,workspace_context,0,0.0810598777386322,0.5
habit_test_04016,005930_01,S8975,ready,workspace_context,1,0.8909344109758782,0.5
habit_test_04017,005931_01,S8975,early,workspace_context,0,0.15573394322259204,0.5
habit_test_04018,005931_01,S8975,ready,workspace_context,1,0.7631318267794371,0.5
habit_test_04019,005932_01,S8975,early,workspace_context,0,0.09604259074985913,0.5
habit_test_04020,005932_01,S8975,ready,workspace_context,1,0.7984131318167386,0.5
habit_test_04021,005933_01,S8975,early,workspace_context,0,0.20923604411492897,0.5
habit_test_04022,005933_01,S8975,ready,workspace_context,1,0.8620837449364034,0.5
habit_test_04023,005934_01,S8975,early,workspace_context,0,0.08194474191970551,0.5
habit_test_04024,005934_01,S8975,ready,workspace_context,1,0.9072633639027045,0.5
habit_test_04025,005935_01,S8975,early,workspace_context,0,0.07059100432371733,0.5
habit_test_04026,005935_01,S8975,ready,workspace_context,1,0.9351490003121505,0.5
habit_test_04027,005936_01,S8975,early,workspace_context,0,0.11485506636981427,0.5
habit_test_04028,005936_01,S8975,ready,workspace_context,1,0.9187486816279331,0.5
habit_test_04029,005937_01,S8975,early,workspace_context,0,0.13731325186127175,0.5
habit_test_04030,005937_01,S8975,ready,workspace_context,1,0.8238053361769833,0.5
habit_test_04031,005938_01,S8975,early,workspace_context,0,0.18181130589266883,0.5
habit_test_04032,005938_01,S8975,ready,workspace_context,1,0.8882586912589474,0.5
habit_test_04033,005939_01,S8975,early,workspace_context,0,0.18888185851383105,0.5
habit_test_04034,005939_01,S8975,ready,workspace_context,1,0.9615860843495878,0.5
habit_test_04035,005940_01,S8975,early,workspace_context,0,0.18145411330544928,0.5
habit_test_04036,005940_01,S8975,ready,workspace_context,1,0.8749055697831121,0.5
habit_test_04037,005941_01,S8975,early,workspace_context,0,0.14486822370886804,0.5
habit_test_04038,005941_01,S8975,ready,workspace_context,1,0.8638502309731542,0.5
habit_test_04039,005943_01,S8975,early,workspace_context,0,0.062388718309062424,0.5
habit_test_04040,005943_01,S8975,ready,workspace_context,1,0.47797047342370597,0.5
habit_test_04041,005944_01,S8975,early,workspace_context,0,0.11249195827383227,0.5
habit_test_04042,005944_01,S8975,ready,workspace_context,1,0.8160865996177059,0.5
habit_test_04043,005945_01,S8975,early,workspace_context,0,0.04218642877740224,0.5
habit_test_04044,005945_01,S8975,ready,workspace_context,1,0.7014017531719626,0.5
habit_test_04045,005946_01,S8975,early,workspace_context,0,0.08681444868252355,0.5
habit_test_04046,005946_01,S8975,ready,workspace_context,1,0.6236941590558969,0.5
habit_test_04047,005947_01,S8975,early,workspace_context,0,0.08879677811473494,0.5
habit_test_04048,005947_01,S8975,ready,workspace_context,1,0.6130109963702554,0.5
habit_test_04049,005948_01,S8975,early,workspace_context,0,0.03994498437821828,0.5
habit_test_04050,005948_01,S8975,ready,workspace_context,1,0.6378875532281875,0.5
habit_test_04051,005949_01,S8975,early,workspace_context,0,0.06102844335403528,0.5
habit_test_04052,005949_01,S8975,ready,workspace_context,1,0.798084875283484,0.5
habit_test_04053,005950_01,S8975,early,workspace_context,0,0.03641795222775461,0.5
habit_test_04054,005950_01,S8975,ready,workspace_context,1,0.661068347447047,0.5
habit_test_04055,005951_01,S8975,early,workspace_context,0,0.04047485714234592,0.5
habit_test_04056,005951_01,S8975,ready,workspace_context,1,0.8138300259629208,0.5
habit_test_04057,005952_01,S8975,early,workspace_context,0,0.03774700049033096,0.5
habit_test_04058,005952_01,S8975,ready,workspace_context,1,0.7161641267530291,0.5
habit_test_04059,005953_01,S8975,early,workspace_context,0,0.047285786829867914,0.5
habit_test_04060,005953_01,S8975,ready,workspace_context,1,0.9058869862211814,0.5
habit_test_04061,005954_01,S8975,early,workspace_context,0,0.09385570338433649,0.5
habit_test_04062,005954_01,S8975,ready,workspace_context,1,0.8290496973360675,0.5
habit_test_04063,005955_01,S8975,early,workspace_context,0,0.10254641773477698,0.5
habit_test_04064,005955_01,S8975,ready,workspace_context,1,0.6490434047071924,0.5
habit_test_04065,005956_01,S8975,early,workspace_context,0,0.0644719289213865,0.5
habit_test_04066,005956_01,S8975,ready,workspace_context,1,0.8185757567269777,0.5
habit_test_04067,005957_01,S8975,early,workspace_context,0,0.08585530803457522,0.5
habit_test_04068,005957_01,S8975,ready,workspace_context,1,0.6206700670157635,0.5
habit_test_04069,005958_01,S8975,early,workspace_context,0,0.05072124625907586,0.5
habit_test_04070,005958_01,S8975,ready,workspace_context,1,0.7411884144758366,0.5
habit_test_04071,005959_01,S8975,early,workspace_context,0,0.08101197385783984,0.5
habit_test_04072,005959_01,S8975,ready,workspace_context,1,0.5078663208316022,0.5
habit_test_04073,005960_01,S8975,early,workspace_context,0,0.060870110301018174,0.5
habit_test_04074,005960_01,S8975,ready,workspace_context,1,0.7847354741200058,0.5
habit_test_04075,005961_01,S8975,early,workspace_context,0,0.24195818352291312,0.5
habit_test_04076,005961_01,S8975,ready,workspace_context,1,0.7841662951869742,0.5
habit_test_04077,005962_01,S8975,early,workspace_context,0,0.07069428321677833,0.5
habit_test_04078,005962_01,S8975,ready,workspace_context,1,0.9241091146528198,0.5
habit_test_04079,005963_01,S8975,early,workspace_context,0,0.06700556895429646,0.5
habit_test_04080,005963_01,S8975,ready,workspace_context,1,0.7361674298544152,0.5
habit_test_04081,005964_01,S8975,early,workspace_context,0,0.07799803741319555,0.5
habit_test_04082,005964_01,S8975,ready,workspace_context,1,0.9085347562078031,0.5
habit_test_04083,005965_01,S8975,early,workspace_context,0,0.06237046469100497,0.5
habit_test_04084,005965_01,S8975,ready,workspace_context,1,0.8871242114012995,0.5
habit_test_04085,005966_01,S8975,early,workspace_context,0,0.04227326552255561,0.5
habit_test_04086,005966_01,S8975,ready,workspace_context,1,0.9417799476743256,0.5
habit_test_04087,005967_01,S8975,early,workspace_context,0,0.0457916798417843,0.5
habit_test_04088,005967_01,S8975,ready,workspace_context,1,0.8553785970390263,0.5
habit_test_04089,005968_01,S8975,early,workspace_context,0,0.02909738828038301,0.5
habit_test_04090,005968_01,S8975,ready,workspace_context,1,0.9256784297040341,0.5
habit_test_04091,005969_01,S8975,early,workspace_context,0,0.03470345937879545,0.5
habit_test_04092,005969_01,S8975,ready,workspace_context,1,0.930691225187502,0.5
habit_test_04093,005970_01,S8975,early,workspace_context,0,0.06430574686139777,0.5
habit_test_04094,005970_01,S8975,ready,workspace_context,1,0.9332724009594658,0.5
habit_test_04095,005972_01,S8975,early,workspace_context,0,0.038390236321743425,0.5
habit_test_04096,005972_01,S8975,ready,workspace_context,1,0.6924615014084172,0.5
habit_test_04097,005973_01,S8975,early,workspace_context,0,0.06454070198873503,0.5
habit_test_04098,005973_01,S8975,ready,workspace_context,1,0.8725105200662964,0.5
habit_test_04099,005974_01,S8975,early,workspace_context,0,0.039805595476440365,0.5
habit_test_04100,005974_01,S8975,ready,workspace_context,1,0.8321646754197439,0.5
habit_test_04101,005975_01,S8975,early,workspace_context,0,0.0849985725440938,0.5
habit_test_04102,005975_01,S8975,ready,workspace_context,1,0.9335918387107915,0.5
habit_test_04103,005976_01,S8975,early,workspace_context,0,0.12348408269769517,0.5
habit_test_04104,005976_01,S8975,ready,workspace_context,1,0.9430082998230777,0.5
habit_test_04105,005977_01,S8975,early,workspace_context,0,0.0665679759305701,0.5
habit_test_04106,005977_01,S8975,ready,workspace_context,1,0.808323674406075,0.5
habit_test_04107,005978_01,S8975,early,workspace_context,0,0.07161201106810938,0.5
habit_test_04108,005978_01,S8975,ready,workspace_context,1,0.9302524150668686,0.5
habit_test_04109,005979_01,S8975,early,workspace_context,0,0.04401685163536732,0.5
habit_test_04110,005979_01,S8975,ready,workspace_context,1,0.8985337425516706,0.5
habit_test_04111,005981_01,S8975,early,workspace_context,0,0.040540879624705886,0.5
habit_test_04112,005981_01,S8975,ready,workspace_context,1,0.875843235741968,0.5
habit_test_04113,005982_01,S8975,early,workspace_context,0,0.0808896703255513,0.5
habit_test_04114,005982_01,S8975,ready,workspace_context,1,0.8739536950637221,0.5
habit_test_04115,005983_01,S8975,early,workspace_context,0,0.07119558183025448,0.5
habit_test_04116,005983_01,S8975,ready,workspace_context,1,0.8267516479707164,0.5
habit_test_04117,005984_01,S8975,early,workspace_context,0,0.042072678658895475,0.5
habit_test_04118,005984_01,S8975,ready,workspace_context,1,0.9317547046464426,0.5
habit_test_04119,005985_01,S8975,early,workspace_context,0,0.04707289471251982,0.5
habit_test_04120,005985_01,S8975,ready,workspace_context,1,0.8654113051173589,0.5
habit_test_04121,005986_01,S8975,early,workspace_context,0,0.04594514682728839,0.5
habit_test_04122,005986_01,S8975,ready,workspace_context,1,0.7222293860977369,0.5
habit_test_04123,005988_01,S8975,early,workspace_context,0,0.051527160282108,0.5
habit_test_04124,005988_01,S8975,ready,workspace_context,1,0.7934648819651947,0.5
habit_test_04125,005989_01,S8975,early,workspace_context,0,0.0847595706336008,0.5
habit_test_04126,005989_01,S8975,ready,workspace_context,1,0.9298724106273724,0.5
habit_test_04127,005990_01,S8975,early,workspace_context,0,0.11341407536690754,0.5
habit_test_04128,005990_01,S8975,ready,workspace_context,1,0.8811212721102345,0.5
habit_test_04129,005991_01,S8975,early,workspace_context,0,0.15489185524897778,0.5
habit_test_04130,005991_01,S8975,ready,workspace_context,1,0.9187285689603002,0.5
habit_test_04131,005992_01,S8975,early,workspace_context,0,0.16240150033441286,0.5
habit_test_04132,005992_01,S8975,ready,workspace_context,1,0.9323300337496475,0.5
habit_test_04133,005993_01,S8975,early,workspace_context,0,0.24357777809360223,0.5
habit_test_04134,005993_01,S8975,ready,workspace_context,1,0.8915221442842487,0.5
habit_test_04135,005994_01,S8975,early,workspace_context,0,0.09613628132079644,0.5
habit_test_04136,005994_01,S8975,ready,workspace_context,1,0.953912328022299,0.5
habit_test_04137,005995_01,S8975,early,workspace_context,0,0.12462485150366091,0.5
habit_test_04138,005995_01,S8975,ready,workspace_context,1,0.864390059547187,0.5
habit_test_04139,005996_01,S8975,early,workspace_context,0,0.10376617072341951,0.5
habit_test_04140,005996_01,S8975,ready,workspace_context,1,0.9122452550447504,0.5
habit_test_04141,005997_01,S8975,early,workspace_context,0,0.19937272752244584,0.5
habit_test_04142,005997_01,S8975,ready,workspace_context,1,0.8219563752846488,0.5
habit_test_04143,005998_01,S8975,early,workspace_context,0,0.15396958105361597,0.5
habit_test_04144,005998_01,S8975,ready,workspace_context,1,0.8995947359776,0.5
habit_test_04145,005999_01,S8975,early,workspace_context,0,0.21323937573148868,0.5
habit_test_04146,005999_01,S8975,ready,workspace_context,1,0.8540851635281986,0.5
habit_test_04147,006000_01,S8975,early,workspace_context,0,0.09057560795715727,0.5
habit_test_04148,006000_01,S8975,ready,workspace_context,1,0.8574085000460485,0.5
habit_test_04149,006002_01,S8975,early,workspace_context,0,0.0883250598617416,0.5
habit_test_04150,006002_01,S8975,ready,workspace_context,1,0.8080235318265652,0.5
habit_test_04151,006003_01,S8975,early,workspace_context,0,0.10894865972924644,0.5
habit_test_04152,006003_01,S8975,ready,workspace_context,1,0.701407701044829,0.5
habit_test_04153,006004_01,S8975,early,workspace_context,0,0.17296433076034357,0.5
habit_test_04154,006004_01,S8975,ready,workspace_context,1,0.9481145602525116,0.5
habit_test_04155,006005_01,S8975,early,workspace_context,0,0.21792207973442268,0.5
habit_test_04156,006005_01,S8975,ready,workspace_context,1,0.8942452393890896,0.5
habit_test_04157,006006_01,S8975,early,workspace_context,0,0.2288698502584253,0.5
habit_test_04158,006006_01,S8975,ready,workspace_context,1,0.9357336690650654,0.5
habit_test_04159,006007_01,S8975,early,workspace_context,0,0.11559700230755057,0.5
habit_test_04160,006007_01,S8975,ready,workspace_context,1,0.8457709416335273,0.5
habit_test_04161,006008_01,S8975,early,workspace_context,0,0.2304995755137703,0.5
habit_test_04162,006008_01,S8975,ready,workspace_context,1,0.9582726139120513,0.5
habit_test_04163,006010_01,S8975,early,workspace_context,0,0.40685046997190755,0.5
habit_test_04164,006010_01,S8975,ready,workspace_context,1,0.5281713124422872,0.5
habit_test_04165,006012_01,S8975,early,workspace_context,0,0.23715488366889492,0.5
habit_test_04166,006012_01,S8975,ready,workspace_context,1,0.8750213843812124,0.5
habit_test_04167,006013_01,S8975,early,workspace_context,0,0.03290551151911171,0.5
habit_test_04168,006013_01,S8975,ready,workspace_context,1,0.8896158231762546,0.5
habit_test_04169,006014_01,S8975,early,workspace_context,0,0.0725619029374072,0.5
habit_test_04170,006014_01,S8975,ready,workspace_context,1,0.7731656552498958,0.5
habit_test_04171,006016_01,S8975,early,workspace_context,0,0.15817267668191498,0.5
habit_test_04172,006016_01,S8975,ready,workspace_context,1,0.6483969804244099,0.5
habit_test_04173,006018_01,S8975,early,workspace_context,0,0.058959443286605503,0.5
habit_test_04174,006018_01,S8975,ready,workspace_context,1,0.79241643709902,0.5
habit_test_04175,006019_01,S8975,early,workspace_context,0,0.054185306161209736,0.5
habit_test_04176,006019_01,S8975,ready,workspace_context,1,0.7818962834060724,0.5
habit_test_04177,006020_01,S8975,early,workspace_context,0,0.08658767340995063,0.5
habit_test_04178,006020_01,S8975,ready,workspace_context,1,0.8816535520080674,0.5
habit_test_04179,006022_01,S8975,early,workspace_context,0,0.06532242418807953,0.5
habit_test_04180,006022_01,S8975,ready,workspace_context,1,0.7654704797259276,0.5
habit_test_04181,006024_01,S8975,early,workspace_context,0,0.05234297848555713,0.5
habit_test_04182,006024_01,S8975,ready,workspace_context,1,0.951017036651925,0.5
habit_test_04183,006025_01,S8975,early,workspace_context,0,0.07647587245670676,0.5
habit_test_04184,006025_01,S8975,ready,workspace_context,1,0.8404495546902246,0.5
habit_test_04185,006026_01,S8975,early,workspace_context,0,0.08909102419963781,0.5
habit_test_04186,006026_01,S8975,ready,workspace_context,1,0.8276990114092014,0.5
habit_test_04187,006027_01,S8975,early,workspace_context,0,0.0633448054252032,0.5
habit_test_04188,006027_01,S8975,ready,workspace_context,1,0.7780382690832093,0.5
habit_test_04189,007309_01,S8940,early,workspace_context,0,0.2108225774102314,0.5
habit_test_04190,007309_01,S8940,ready,workspace_context,1,0.8746659955739945,0.5
habit_test_04191,007309_02,S8940,early,workspace_context,0,0.20542928523493478,0.5
habit_test_04192,007309_02,S8940,ready,workspace_context,1,0.7084298042746243,0.5
habit_test_04193,007310_01,S8940,early,workspace_context,0,0.12472520001241602,0.5
habit_test_04194,007310_01,S8940,ready,workspace_context,1,0.8473341138766437,0.5
habit_test_04195,007310_02,S8940,early,workspace_context,0,0.1256261685572112,0.5
habit_test_04196,007310_02,S8940,ready,workspace_context,1,0.8565606645931647,0.5
habit_test_04197,007312_01,S8940,early,workspace_context,0,0.13782706631306216,0.5
habit_test_04198,007312_01,S8940,ready,workspace_context,1,0.8708932381209489,0.5
habit_test_04199,007312_02,S8940,early,workspace_context,0,0.17005492999311136,0.5
habit_test_04200,007312_02,S8940,ready,workspace_context,1,0.7295643400771029,0.5
habit_test_04201,007313_01,S8940,early,workspace_context,0,0.1972993968938526,0.5
habit_test_04202,007313_01,S8940,ready,workspace_context,1,0.9457742329089404,0.5
habit_test_04203,007313_02,S8940,early,workspace_context,0,0.1518866070435392,0.5
habit_test_04204,007313_02,S8940,ready,workspace_context,1,0.7608419016844579,0.5
habit_test_04205,007314_01,S8940,early,workspace_context,0,0.1498998991593958,0.5
habit_test_04206,007314_01,S8940,ready,workspace_context,1,0.9177336560564295,0.5
habit_test_04207,007314_02,S8940,early,workspace_context,0,0.132936130280546,0.5
habit_test_04208,007314_02,S8940,ready,workspace_context,1,0.7285423657866573,0.5
habit_test_04209,007315_01,S8940,early,workspace_context,0,0.3457635609938946,0.5
habit_test_04210,007315_01,S8940,ready,workspace_context,1,0.8889308810896998,0.5
habit_test_04211,007315_02,S8940,early,workspace_context,0,0.1581851446667906,0.5
habit_test_04212,007315_02,S8940,ready,workspace_context,1,0.8657517299278825,0.5
habit_test_04213,007316_01,S8940,early,workspace_context,0,0.16576104461902497,0.5
habit_test_04214,007316_01,S8940,ready,workspace_context,1,0.9293212482805623,0.5
habit_test_04215,007316_02,S8940,early,workspace_context,0,0.1529505001942016,0.5
habit_test_04216,007316_02,S8940,ready,workspace_context,1,0.8394266171123222,0.5
habit_test_04217,007317_01,S8940,early,workspace_context,0,0.08721841894786368,0.5
habit_test_04218,007317_01,S8940,ready,workspace_context,1,0.9095221871154816,0.5
habit_test_04219,007317_02,S8940,early,workspace_context,0,0.2648195474714379,0.5
habit_test_04220,007317_02,S8940,ready,workspace_context,1,0.8150935639168678,0.5
habit_test_04221,007321_01,S8940,early,workspace_context,0,0.24513069716148134,0.5
habit_test_04222,007321_01,S8940,ready,workspace_context,1,0.954096788036616,0.5
habit_test_04223,007321_02,S8940,early,workspace_context,0,0.20857093920499603,0.5
habit_test_04224,007321_02,S8940,ready,workspace_context,1,0.8753431861067876,0.5
habit_test_04225,007322_01,S8940,early,workspace_context,0,0.15310598317250704,0.5
habit_test_04226,007322_01,S8940,ready,workspace_context,1,0.9751990745254187,0.5
habit_test_04227,007322_02,S8940,early,workspace_context,0,0.12245945412834355,0.5
habit_test_04228,007322_02,S8940,ready,workspace_context,1,0.8771543843926626,0.5
habit_test_04229,007323_01,S8940,early,workspace_context,0,0.17552106142707655,0.5
habit_test_04230,007323_01,S8940,ready,workspace_context,1,0.9594936857646903,0.5
habit_test_04231,007323_02,S8940,early,workspace_context,0,0.20838314606048716,0.5
habit_test_04232,007323_02,S8940,ready,workspace_context,1,0.6900264299172117,0.5
habit_test_04233,007325_01,S8940,early,workspace_context,0,0.09324185723988604,0.5
habit_test_04234,007325_01,S8940,ready,workspace_context,1,0.9030723869015586,0.5
habit_test_04235,007325_02,S8940,early,workspace_context,0,0.12973414823756396,0.5
habit_test_04236,007325_02,S8940,ready,workspace_context,1,0.8553432170246175,0.5
habit_test_04237,007326_01,S8940,early,workspace_context,0,0.11250567602115541,0.5
habit_test_04238,007326_01,S8940,ready,workspace_context,1,0.9398225013608681,0.5
habit_test_04239,007326_02,S8940,early,workspace_context,0,0.13674801709292086,0.5
habit_test_04240,007326_02,S8940,ready,workspace_context,1,0.9124635159467139,0.5
habit_test_04241,007327_01,S8940,early,workspace_context,0,0.15515999825180474,0.5
habit_test_04242,007327_01,S8940,ready,workspace_context,1,0.96056954821232,0.5
habit_test_04243,007327_02,S8940,early,workspace_context,0,0.11511117682365149,0.5
habit_test_04244,007327_02,S8940,ready,workspace_context,1,0.8839892687192829,0.5
habit_test_04245,007328_01,S8940,early,workspace_context,0,0.13215988503772524,0.5
habit_test_04246,007328_01,S8940,ready,workspace_context,1,0.9569758117987475,0.5
habit_test_04247,007328_02,S8940,early,workspace_context,0,0.0783502497632639,0.5
habit_test_04248,007328_02,S8940,ready,workspace_context,1,0.7135117431859529,0.5
habit_test_04249,007329_01,S8940,early,workspace_context,0,0.11459602451359603,0.5
habit_test_04250,007329_01,S8940,ready,workspace_context,1,0.9221881789340676,0.5
habit_test_04251,007329_02,S8940,early,workspace_context,0,0.08433847238010628,0.5
habit_test_04252,007329_02,S8940,ready,workspace_context,1,0.783186394820993,0.5
habit_test_04253,007331_01,S8940,early,workspace_context,0,0.13087142684119119,0.5
habit_test_04254,007331_01,S8940,ready,workspace_context,1,0.9666314747430305,0.5
habit_test_04255,007331_02,S8940,early,workspace_context,0,0.0774402277162705,0.5
habit_test_04256,007331_02,S8940,ready,workspace_context,1,0.876216621543495,0.5
habit_test_04257,007332_01,S8940,early,workspace_context,0,0.16610981335177163,0.5
habit_test_04258,007332_01,S8940,ready,workspace_context,1,0.8412738782385,0.5
habit_test_04259,007332_02,S8940,early,workspace_context,0,0.13587943782706,0.5
habit_test_04260,007332_02,S8940,ready,workspace_context,1,0.7989552022698954,0.5
habit_test_04261,007333_01,S8940,early,workspace_context,0,0.12694853725951502,0.5
habit_test_04262,007333_01,S8940,ready,workspace_context,1,0.8906072171114785,0.5
habit_test_04263,007333_02,S8940,early,workspace_context,0,0.10505425479718898,0.5
habit_test_04264,007333_02,S8940,ready,workspace_context,1,0.8791127241526909,0.5
habit_test_04265,007334_01,S8940,early,workspace_context,0,0.15633809733284187,0.5
habit_test_04266,007334_01,S8940,ready,workspace_context,1,0.9100038230349938,0.5
habit_test_04267,007334_02,S8940,early,workspace_context,0,0.13664197219662463,0.5
habit_test_04268,007334_02,S8940,ready,workspace_context,1,0.8970208957440401,0.5
habit_test_04269,008354_01,S7788,early,workspace_context,0,0.15951441852840462,0.5
habit_test_04270,008354_01,S7788,ready,workspace_context,1,0.3078837437999797,0.5
habit_test_04271,008364_01,S7788,early,workspace_context,0,0.40036602272209104,0.5
habit_test_04272,008364_01,S7788,ready,workspace_context,1,0.7525796481729117,0.5
habit_test_04273,008364_02,S7788,early,workspace_context,0,0.5097943931430261,0.5
habit_test_04274,008364_02,S7788,ready,workspace_context,1,0.6205819888168798,0.5
habit_test_04275,008372_02,S7788,early,workspace_context,0,0.6288321383730154,0.5
habit_test_04276,008372_02,S7788,ready,workspace_context,1,0.5304404526741598,0.5
habit_test_04277,008462_01,S7788,early,workspace_context,0,0.3663764735937023,0.5
habit_test_04278,008462_01,S7788,ready,workspace_context,1,0.8243956291373613,0.5
habit_test_04279,008475_01,S7788,early,workspace_context,0,0.21055448738241517,0.5
habit_test_04280,008475_01,S7788,ready,workspace_context,1,0.6523486754104202,0.5
habit_test_04281,008495_02,S7788,early,workspace_context,0,0.35933107851648394,0.5
habit_test_04282,008495_02,S7788,ready,workspace_context,1,0.7087882440975891,0.5
habit_test_04283,008524_02,S7788,early,workspace_context,0,0.23036582736166417,0.5
habit_test_04284,008524_02,S7788,ready,workspace_context,1,0.5482420662732528,0.5
habit_test_04285,009796_02,S7788,early,workspace_context,0,0.20675709427720365,0.5
habit_test_04286,009796_02,S7788,ready,workspace_context,1,0.6529925297206141,0.5
habit_test_04287,009797_02,S7788,early,workspace_context,0,0.3173929121795422,0.5
habit_test_04288,009797_02,S7788,ready,workspace_context,1,0.15988287078678962,0.5
habit_test_04289,009801_02,S7788,early,workspace_context,0,0.2749810558546201,0.5
habit_test_04290,009801_02,S7788,ready,workspace_context,1,0.10262586922003003,0.5
habit_test_04291,009808_02,S8940,early,workspace_context,0,0.09632134718013492,0.5
habit_test_04292,009808_02,S8940,ready,workspace_context,1,0.5857994724333632,0.5
habit_test_04293,009809_02,S8940,early,workspace_context,0,0.23547281096367637,0.5
habit_test_04294,009809_02,S8940,ready,workspace_context,1,0.5853391035439341,0.5
habit_test_04295,009810_02,S8940,early,workspace_context,0,0.19359148909586774,0.5
habit_test_04296,009810_02,S8940,ready,workspace_context,1,0.49750568839787923,0.5
habit_test_04297,009811_02,S8940,early,workspace_context,0,0.12733697756277537,0.5
habit_test_04298,009811_02,S8940,ready,workspace_context,1,0.4329809184526425,0.5
habit_test_04299,009812_02,S8940,early,workspace_context,0,0.16471633564641497,0.5
habit_test_04300,009812_02,S8940,ready,workspace_context,1,0.4789642064507344,0.5
habit_test_04301,009813_02,S8940,early,workspace_context,0,0.3041842852366452,0.5
habit_test_04302,009813_02,S8940,ready,workspace_context,1,0.4694354725311117,0.5
habit_test_04303,009814_02,S8940,early,workspace_context,0,0.10569091560186983,0.5
habit_test_04304,009814_02,S8940,ready,workspace_context,1,0.3983957507837579,0.5
habit_test_04305,009815_02,S8940,early,workspace_context,0,0.12156865024062599,0.5
habit_test_04306,009815_02,S8940,ready,workspace_context,1,0.46682735295743694,0.5
habit_test_04307,009816_02,S8940,early,workspace_context,0,0.06396398977116029,0.5
habit_test_04308,009816_02,S8940,ready,workspace_context,1,0.40695645167271327,0.5
habit_test_04309,009817_02,S8940,early,workspace_context,0,0.15468713238753595,0.5
habit_test_04310,009817_02,S8940,ready,workspace_context,1,0.30197898111819904,0.5
habit_test_04311,009818_02,S8940,early,workspace_context,0,0.1514458056051153,0.5
habit_test_04312,009818_02,S8940,ready,workspace_context,1,0.49666972994213165,0.5
habit_test_04313,009819_02,S8940,early,workspace_context,0,0.14780239356365174,0.5
habit_test_04314,009819_02,S8940,ready,workspace_context,1,0.30029426332281356,0.5
habit_test_04315,009820_02,S8940,early,workspace_context,0,0.1990646618268626,0.5
habit_test_04316,009820_02,S8940,ready,workspace_context,1,0.33077408519196383,0.5
habit_test_04317,009821_02,S8940,early,workspace_context,0,0.12351576642806876,0.5
habit_test_04318,009821_02,S8940,ready,workspace_context,1,0.5894284578572586,0.5
habit_test_04319,009823_02,S8940,early,workspace_context,0,0.09340872683161343,0.5
habit_test_04320,009823_02,S8940,ready,workspace_context,1,0.46200168327315017,0.5
habit_test_04321,009824_02,S8940,early,workspace_context,0,0.11939753609578382,0.5
habit_test_04322,009824_02,S8940,ready,workspace_context,1,0.46460144427397104,0.5
habit_test_04323,009825_02,S8940,early,workspace_context,0,0.10528487650529894,0.5
habit_test_04324,009825_02,S8940,ready,workspace_context,1,0.5105453175376831,0.5
habit_test_04325,009826_02,S8940,early,workspace_context,0,0.22200439582899292,0.5
habit_test_04326,009826_02,S8940,ready,workspace_context,1,0.4633738199493736,0.5
habit_test_04327,009827_02,S8940,early,workspace_context,0,0.1742590542865128,0.5
habit_test_04328,009827_02,S8940,ready,workspace_context,1,0.6440051858653782,0.5
habit_test_04329,009828_02,S8940,early,workspace_context,0,0.12908918286774376,0.5
habit_test_04330,009828_02,S8940,ready,workspace_context,1,0.7820750056892264,0.5
habit_test_04331,009829_02,S8940,early,workspace_context,0,0.18727425137118417,0.5
habit_test_04332,009829_02,S8940,ready,workspace_context,1,0.6675963281604801,0.5
habit_test_04333,009830_02,S8940,early,workspace_context,0,0.1623166572070237,0.5
habit_test_04334,009830_02,S8940,ready,workspace_context,1,0.9043594760918237,0.5
habit_test_04335,009831_02,S8940,early,workspace_context,0,0.22704882172202306,0.5
habit_test_04336,009831_02,S8940,ready,workspace_context,1,0.8991275515088414,0.5
habit_test_04337,009832_02,S8940,early,workspace_context,0,0.22408805868048554,0.5
habit_test_04338,009832_02,S8940,ready,workspace_context,1,0.8591175825090115,0.5
habit_test_04339,009833_02,S8940,early,workspace_context,0,0.10108772480400488,0.5
habit_test_04340,009833_02,S8940,ready,workspace_context,1,0.9036085182349012,0.5
habit_test_04341,009834_02,S8940,early,workspace_context,0,0.20943904934411875,0.5
habit_test_04342,009834_02,S8940,ready,workspace_context,1,0.8898289148470147,0.5
habit_test_04343,009835_02,S8940,early,workspace_context,0,0.143088506239948,0.5
habit_test_04344,009835_02,S8940,ready,workspace_context,1,0.5248774900812404,0.5
habit_test_04345,009836_02,S8940,early,workspace_context,0,0.2643122741001876,0.5
habit_test_04346,009836_02,S8940,ready,workspace_context,1,0.8650698696352495,0.5
habit_test_04347,009837_02,S8940,early,workspace_context,0,0.19815434684262415,0.5
habit_test_04348,009837_02,S8940,ready,workspace_context,1,0.8133503259686189,0.5
habit_test_04349,009838_02,S8940,early,workspace_context,0,0.11745905052630777,0.5
habit_test_04350,009838_02,S8940,ready,workspace_context,1,0.8288288799836173,0.5
habit_test_04351,009839_02,S8940,early,workspace_context,0,0.22732851137708426,0.5
habit_test_04352,009839_02,S8940,ready,workspace_context,1,0.9538445517927286,0.5
habit_test_04353,009842_02,S8940,early,workspace_context,0,0.2142005196573187,0.5
habit_test_04354,009842_02,S8940,ready,workspace_context,1,0.9354661164547566,0.5
habit_test_04355,009843_02,S8940,early,workspace_context,0,0.18604331580565772,0.5
habit_test_04356,009843_02,S8940,ready,workspace_context,1,0.8830086068426904,0.5
habit_test_04357,009844_02,S8940,early,workspace_context,0,0.1726391186344348,0.5
habit_test_04358,009844_02,S8940,ready,workspace_context,1,0.8976040133042517,0.5
habit_test_04359,009845_02,S8940,early,workspace_context,0,0.1369121973310256,0.5
habit_test_04360,009845_02,S8940,ready,workspace_context,1,0.8763638091740867,0.5
habit_test_04361,009846_02,S8940,early,workspace_context,0,0.22701311510810016,0.5
habit_test_04362,009846_02,S8940,ready,workspace_context,1,0.9256294848749241,0.5
habit_test_04363,009847_02,S8940,early,workspace_context,0,0.11926505604362647,0.5
habit_test_04364,009847_02,S8940,ready,workspace_context,1,0.6650710097702651,0.5
habit_test_04365,009848_02,S8940,early,workspace_context,0,0.2000425843277307,0.5
habit_test_04366,009848_02,S8940,ready,workspace_context,1,0.48874998800546243,0.5
habit_test_04367,009849_02,S8940,early,workspace_context,0,0.14628231294655827,0.5
habit_test_04368,009849_02,S8940,ready,workspace_context,1,0.45426449338407454,0.5
habit_test_04369,009851_02,S8940,early,workspace_context,0,0.10993073190968285,0.5
habit_test_04370,009851_02,S8940,ready,workspace_context,1,0.23324526509752408,0.5
habit_test_04371,009852_02,S8940,early,workspace_context,0,0.13696172583944552,0.5
habit_test_04372,009852_02,S8940,ready,workspace_context,1,0.5784839627144102,0.5
habit_test_04373,009853_01,S8940,early,workspace_context,0,0.1372554093900223,0.5
habit_test_04374,009853_01,S8940,ready,workspace_context,1,0.5806458311826029,0.5
habit_test_04375,009853_02,S8940,early,workspace_context,0,0.10441829471733809,0.5
habit_test_04376,009853_02,S8940,ready,workspace_context,1,0.45595257061873684,0.5
habit_test_04377,009854_02,S8940,early,workspace_context,0,0.20113038066247502,0.5
habit_test_04378,009854_02,S8940,ready,workspace_context,1,0.5008586113345993,0.5
habit_test_04379,009855_02,S8940,early,workspace_context,0,0.14057911973728068,0.5
habit_test_04380,009855_02,S8940,ready,workspace_context,1,0.5628988230482328,0.5
habit_test_04381,009856_02,S8940,early,workspace_context,0,0.19955247852376115,0.5
habit_test_04382,009856_02,S8940,ready,workspace_context,1,0.1679909243771952,0.5
habit_test_04383,009858_02,S8940,early,workspace_context,0,0.08262116828394256,0.5
habit_test_04384,009858_02,S8940,ready,workspace_context,1,0.4133441725073377,0.5
habit_test_04385,009859_02,S8940,early,workspace_context,0,0.08333596832928462,0.5
habit_test_04386,009859_02,S8940,ready,workspace_context,1,0.3644541603098108,0.5
habit_test_04387,009860_02,S8940,early,workspace_context,0,0.18850947088643347,0.5
habit_test_04388,009860_02,S8940,ready,workspace_context,1,0.4961896304548606,0.5
habit_test_04389,009861_02,S8940,early,workspace_context,0,0.1278057128556122,0.5
habit_test_04390,009861_02,S8940,ready,workspace_context,1,0.22524052254770888,0.5
habit_test_04391,009863_02,S8940,early,workspace_context,0,0.10361775600722142,0.5
habit_test_04392,009863_02,S8940,ready,workspace_context,1,0.2696910194739512,0.5
habit_test_04393,009864_02,S8940,early,workspace_context,0,0.09813162822496928,0.5
habit_test_04394,009864_02,S8940,ready,workspace_context,1,0.1809942497897252,0.5
habit_test_04395,009865_02,S8940,early,workspace_context,0,0.11718014383485789,0.5
habit_test_04396,009865_02,S8940,ready,workspace_context,1,0.18270148056282787,0.5
habit_test_04397,009866_02,S8940,early,workspace_context,0,0.0775107200478528,0.5
habit_test_04398,009866_02,S8940,ready,workspace_context,1,0.6645138447187326,0.5
habit_test_04399,009867_02,S8940,early,workspace_context,0,0.09145894335222073,0.5
habit_test_04400,009867_02,S8940,ready,workspace_context,1,0.7733593073997879,0.5
habit_test_04401,009868_01,S8940,early,workspace_context,0,0.15950162978785626,0.5
habit_test_04402,009868_01,S8940,ready,workspace_context,1,0.3479850712806847,0.5
habit_test_04403,009868_02,S8940,early,workspace_context,0,0.10180423196480656,0.5
habit_test_04404,009868_02,S8940,ready,workspace_context,1,0.648308715238606,0.5
habit_test_04405,009869_01,S8940,early,workspace_context,0,0.1799198469433677,0.5
habit_test_04406,009869_01,S8940,ready,workspace_context,1,0.7438191392591342,0.5
habit_test_04407,009869_02,S8940,early,workspace_context,0,0.1268393062999281,0.5
habit_test_04408,009869_02,S8940,ready,workspace_context,1,0.577413157771562,0.5
habit_test_04409,009870_01,S8940,early,workspace_context,0,0.4785377751674327,0.5
habit_test_04410,009870_01,S8940,ready,workspace_context,1,0.9031077195052484,0.5
habit_test_04411,009870_02,S8940,early,workspace_context,0,0.2420720551107732,0.5
habit_test_04412,009870_02,S8940,ready,workspace_context,1,0.9004213237614612,0.5
habit_test_04413,009871_01,S8940,early,workspace_context,0,0.5575693285767317,0.5
habit_test_04414,009871_01,S8940,ready,workspace_context,1,0.9612709075346918,0.5
habit_test_04415,009871_02,S8940,early,workspace_context,0,0.42836220092010324,0.5
habit_test_04416,009871_02,S8940,ready,workspace_context,1,0.9587183003243928,0.5
habit_test_04417,009872_01,S8940,early,workspace_context,0,0.37588287051612174,0.5
habit_test_04418,009872_01,S8940,ready,workspace_context,1,0.9574117992022493,0.5
habit_test_04419,009872_02,S8940,early,workspace_context,0,0.5677812245747229,0.5
habit_test_04420,009872_02,S8940,ready,workspace_context,1,0.9413281412521443,0.5
habit_test_04421,009873_01,S8940,early,workspace_context,0,0.5049371465526525,0.5
habit_test_04422,009873_01,S8940,ready,workspace_context,1,0.9822555711795588,0.5
habit_test_04423,009873_02,S8940,early,workspace_context,0,0.7622951244181113,0.5
habit_test_04424,009873_02,S8940,ready,workspace_context,1,0.976496388400643,0.5
habit_test_04425,009874_01,S8940,early,workspace_context,0,0.13698924231270015,0.5
habit_test_04426,009874_01,S8940,ready,workspace_context,1,0.9434538508845055,0.5
habit_test_04427,009874_02,S8940,early,workspace_context,0,0.17425991398354188,0.5
habit_test_04428,009874_02,S8940,ready,workspace_context,1,0.9575528976868003,0.5
habit_test_04429,009875_01,S8940,early,workspace_context,0,0.6954852043008957,0.5
habit_test_04430,009875_01,S8940,ready,workspace_context,1,0.9729436514043897,0.5
habit_test_04431,009875_02,S8940,early,workspace_context,0,0.2323978195697649,0.5
habit_test_04432,009875_02,S8940,ready,workspace_context,1,0.9625853956840614,0.5
habit_test_04433,009876_01,S8940,early,workspace_context,0,0.33160463099644855,0.5
habit_test_04434,009876_01,S8940,ready,workspace_context,1,0.9584748008076921,0.5
habit_test_04435,009876_02,S8940,early,workspace_context,0,0.2805787259358153,0.5
habit_test_04436,009876_02,S8940,ready,workspace_context,1,0.949324081938493,0.5
habit_test_04437,009879_01,S8940,early,workspace_context,0,0.7907877631603711,0.5
habit_test_04438,009879_01,S8940,ready,workspace_context,1,0.9851586018483496,0.5
habit_test_04439,009879_02,S8940,early,workspace_context,0,0.6483572030594137,0.5
habit_test_04440,009879_02,S8940,ready,workspace_context,1,0.9829162331638136,0.5
habit_test_04441,009880_01,S8940,early,workspace_context,0,0.4757784836739615,0.5
habit_test_04442,009880_01,S8940,ready,workspace_context,1,0.9806110705046908,0.5
habit_test_04443,009880_02,S8940,early,workspace_context,0,0.5627951349731657,0.5
habit_test_04444,009880_02,S8940,ready,workspace_context,1,0.9845701970707862,0.5
habit_test_04445,009881_01,S8940,early,workspace_context,0,0.7434963102494277,0.5
habit_test_04446,009881_01,S8940,ready,workspace_context,1,0.9781270867387105,0.5
habit_test_04447,009881_02,S8940,early,workspace_context,0,0.9043738871429517,0.5
habit_test_04448,009881_02,S8940,ready,workspace_context,1,0.9672523018688459,0.5
habit_test_04449,009882_01,S8940,early,workspace_context,0,0.83119289757282,0.5
habit_test_04450,009882_01,S8940,ready,workspace_context,1,0.9819722656918419,0.5
habit_test_04451,009882_02,S8940,early,workspace_context,0,0.9439512286226487,0.5
habit_test_04452,009882_02,S8940,ready,workspace_context,1,0.9752264158137536,0.5
habit_test_04453,009883_01,S8940,early,workspace_context,0,0.6019150840888527,0.5
habit_test_04454,009883_01,S8940,ready,workspace_context,1,0.9811726291938321,0.5
habit_test_04455,009883_02,S8940,early,workspace_context,0,0.7837944498171396,0.5
habit_test_04456,009883_02,S8940,ready,workspace_context,1,0.9891152106155584,0.5
habit_test_04457,009885_01,S8940,early,workspace_context,0,0.66586409046463,0.5
habit_test_04458,009885_01,S8940,ready,workspace_context,1,0.9618706733485337,0.5
habit_test_04459,009885_02,S8940,early,workspace_context,0,0.7425481374135839,0.5
habit_test_04460,009885_02,S8940,ready,workspace_context,1,0.9724807570742022,0.5
habit_test_04461,009886_01,S8940,early,workspace_context,0,0.7839077071339157,0.5
habit_test_04462,009886_01,S8940,ready,workspace_context,1,0.9652436138830789,0.5
habit_test_04463,009886_02,S8940,early,workspace_context,0,0.8693988286666045,0.5
habit_test_04464,009886_02,S8940,ready,workspace_context,1,0.9802306896076488,0.5
habit_test_04465,009887_01,S8940,early,workspace_context,0,0.7696094628851657,0.5
habit_test_04466,009887_01,S8940,ready,workspace_context,1,0.9664256451448221,0.5
habit_test_04467,009887_02,S8940,early,workspace_context,0,0.9224767932308098,0.5
habit_test_04468,009887_02,S8940,ready,workspace_context,1,0.9848077082649309,0.5
habit_test_04469,009889_01,S8940,early,workspace_context,0,0.4871904475909861,0.5
habit_test_04470,009889_01,S8940,ready,workspace_context,1,0.8248580317055194,0.5
habit_test_04471,009889_02,S8940,early,workspace_context,0,0.5138146310312052,0.5
habit_test_04472,009889_02,S8940,ready,workspace_context,1,0.9102786572725555,0.5
habit_test_04473,009892_01,S8940,early,workspace_context,0,0.8088351234139767,0.5
habit_test_04474,009892_01,S8940,ready,workspace_context,1,0.7788843794479162,0.5
habit_test_04475,009892_02,S8940,early,workspace_context,0,0.5830764332808689,0.5
habit_test_04476,009892_02,S8940,ready,workspace_context,1,0.9293808960850319,0.5
habit_test_04477,009893_01,S8940,early,workspace_context,0,0.5105919449217662,0.5
habit_test_04478,009893_01,S8940,ready,workspace_context,1,0.9375830169553163,0.5
habit_test_04479,009893_02,S8940,early,workspace_context,0,0.7965577689362237,0.5
habit_test_04480,009893_02,S8940,ready,workspace_context,1,0.9637031460355322,0.5
habit_test_04481,009894_01,S8940,early,workspace_context,0,0.6390886344515107,0.5
habit_test_04482,009894_01,S8940,ready,workspace_context,1,0.8988123172467622,0.5
habit_test_04483,009894_02,S8940,early,workspace_context,0,0.7353360522127008,0.5
habit_test_04484,009894_02,S8940,ready,workspace_context,1,0.9491035466446377,0.5
habit_test_04485,009895_01,S8940,early,workspace_context,0,0.6214084094527992,0.5
habit_test_04486,009895_01,S8940,ready,workspace_context,1,0.9242708412935114,0.5
habit_test_04487,009895_02,S8940,early,workspace_context,0,0.725783343003584,0.5
habit_test_04488,009895_02,S8940,ready,workspace_context,1,0.940746582220835,0.5
habit_test_04489,009896_01,S8940,early,workspace_context,0,0.8793642978107675,0.5
habit_test_04490,009896_01,S8940,ready,workspace_context,1,0.9515339295019105,0.5
habit_test_04491,009896_02,S8940,early,workspace_context,0,0.8442994593338367,0.5
habit_test_04492,009896_02,S8940,ready,workspace_context,1,0.9545250019007395,0.5
habit_test_04493,009897_01,S8940,early,workspace_context,0,0.6172932007125934,0.5
habit_test_04494,009897_01,S8940,ready,workspace_context,1,0.90662191192334,0.5
habit_test_04495,009897_02,S8940,early,workspace_context,0,0.708900261603157,0.5
habit_test_04496,009897_02,S8940,ready,workspace_context,1,0.9504897272559646,0.5
habit_test_04497,009898_01,S8940,early,workspace_context,0,0.7171638821949559,0.5
habit_test_04498,009898_01,S8940,ready,workspace_context,1,0.9641230230484412,0.5
habit_test_04499,009898_02,S8940,early,workspace_context,0,0.8476206014230037,0.5
habit_test_04500,009898_02,S8940,ready,workspace_context,1,0.9501314694601533,0.5
habit_test_04501,009899_01,S8940,early,workspace_context,0,0.7283690846621725,0.5
habit_test_04502,009899_01,S8940,ready,workspace_context,1,0.9487050733098373,0.5
habit_test_04503,009899_02,S8940,early,workspace_context,0,0.8665163184010822,0.5
habit_test_04504,009899_02,S8940,ready,workspace_context,1,0.9568960336685328,0.5
habit_test_04505,009900_01,S8940,early,workspace_context,0,0.6851407450071575,0.5
habit_test_04506,009900_01,S8940,ready,workspace_context,1,0.9380896046334943,0.5
habit_test_04507,009900_02,S8940,early,workspace_context,0,0.7990806682670378,0.5
habit_test_04508,009900_02,S8940,ready,workspace_context,1,0.9584942805251055,0.5
habit_test_04509,009901_01,S8940,early,workspace_context,0,0.7158739418953867,0.5
habit_test_04510,009901_01,S8940,ready,workspace_context,1,0.9461318812979997,0.5
habit_test_04511,009901_02,S8940,early,workspace_context,0,0.7800548726351103,0.5
habit_test_04512,009901_02,S8940,ready,workspace_context,1,0.9502275118584598,0.5
habit_test_04513,000124_01,S7025,early,robot_local,0,0.10041579920310365,0.5
habit_test_04514,000124_01,S7025,ready,robot_local,1,0.8870953488718212,0.5
habit_test_04515,000124_02,S7025,early,robot_local,0,0.06054258385244155,0.5
habit_test_04516,000124_02,S7025,ready,robot_local,1,0.7054113764181555,0.5
habit_test_04517,000126_01,S7025,early,robot_local,0,0.06224668999093962,0.5
habit_test_04518,000126_01,S7025,ready,robot_local,1,0.8618480099196987,0.5
habit_test_04519,000126_02,S7025,early,robot_local,0,0.21087022431228003,0.5
habit_test_04520,000126_02,S7025,ready,robot_local,1,0.9583738566197721,0.5
habit_test_04521,000128_01,S7025,early,robot_local,0,0.1974970015072025,0.5
habit_test_04522,000128_01,S7025,ready,robot_local,1,0.8359146177982246,0.5
habit_test_04523,000128_02,S7025,early,robot_local,0,0.09123336820974193,0.5
habit_test_04524,000128_02,S7025,ready,robot_local,1,0.9764664059123445,0.5
habit_test_04525,000129_01,S7025,early,robot_local,0,0.021954806207085897,0.5
habit_test_04526,000129_01,S7025,ready,robot_local,1,0.867539214119644,0.5
habit_test_04527,000129_02,S7025,early,robot_local,0,0.16197230404717364,0.5
habit_test_04528,000129_02,S7025,ready,robot_local,1,0.9673896565305018,0.5
habit_test_04529,000130_01,S7025,early,robot_local,0,0.08532318991005294,0.5
habit_test_04530,000130_01,S7025,ready,robot_local,1,0.953514687278027,0.5
habit_test_04531,000130_02,S7025,early,robot_local,0,0.12099891586846358,0.5
habit_test_04532,000130_02,S7025,ready,robot_local,1,0.915438179456364,0.5
habit_test_04533,000131_01,S7025,early,robot_local,0,0.19654151644903206,0.5
habit_test_04534,000131_01,S7025,ready,robot_local,1,0.9629221960164136,0.5
habit_test_04535,000131_02,S7025,early,robot_local,0,0.06788320238050105,0.5
habit_test_04536,000131_02,S7025,ready,robot_local,1,0.9534486506510077,0.5
habit_test_04537,000132_01,S7025,early,robot_local,0,0.14554426517106828,0.5
habit_test_04538,000132_01,S7025,ready,robot_local,1,0.9519426909101086,0.5
habit_test_04539,000132_02,S7025,early,robot_local,0,0.37303563911781945,0.5
habit_test_04540,000132_02,S7025,ready,robot_local,1,0.9750678624046514,0.5
habit_test_04541,000133_01,S7025,early,robot_local,0,0.03186885873865892,0.5
habit_test_04542,000133_01,S7025,ready,robot_local,1,0.790476613208474,0.5
habit_test_04543,000133_02,S7025,early,robot_local,0,0.0917542362336906,0.5
habit_test_04544,000133_02,S7025,ready,robot_local,1,0.8697794712258161,0.5
habit_test_04545,000135_01,S7025,early,robot_local,0,0.11887073034063306,0.5
habit_test_04546,000135_01,S7025,ready,robot_local,1,0.8520987050513535,0.5
habit_test_04547,000135_02,S7025,early,robot_local,0,0.061542889114520244,0.5
habit_test_04548,000135_02,S7025,ready,robot_local,1,0.9287743713926487,0.5
habit_test_04549,000137_01,S7025,early,robot_local,0,0.12185604349433048,0.5
habit_test_04550,000137_01,S7025,ready,robot_local,1,0.7408355741320687,0.5
habit_test_04551,000137_02,S7025,early,robot_local,0,0.049035685959827,0.5
habit_test_04552,000137_02,S7025,ready,robot_local,1,0.9301200987575439,0.5
habit_test_04553,000138_01,S7025,early,robot_local,0,0.08138658730363887,0.5
habit_test_04554,000138_01,S7025,ready,robot_local,1,0.8858503743627058,0.5
habit_test_04555,000138_02,S7025,early,robot_local,0,0.08639028960741041,0.5
habit_test_04556,000138_02,S7025,ready,robot_local,1,0.9536974086059564,0.5
habit_test_04557,000141_01,S7025,early,robot_local,0,0.20262379335153857,0.5
habit_test_04558,000141_01,S7025,ready,robot_local,1,0.8408334851730355,0.5
habit_test_04559,000141_02,S7025,early,robot_local,0,0.06164134600758261,0.5
habit_test_04560,000141_02,S7025,ready,robot_local,1,0.9083163686773548,0.5
habit_test_04561,000142_01,S7025,early,robot_local,0,0.10222435424939387,0.5
habit_test_04562,000142_01,S7025,ready,robot_local,1,0.9718310265456171,0.5
habit_test_04563,000142_02,S7025,early,robot_local,0,0.0774162728060441,0.5
habit_test_04564,000142_02,S7025,ready,robot_local,1,0.8377129108652379,0.5
habit_test_04565,000143_01,S7025,early,robot_local,0,0.05527600062373682,0.5
habit_test_04566,000143_01,S7025,ready,robot_local,1,0.9597894015224858,0.5
habit_test_04567,000143_02,S7025,early,robot_local,0,0.04299877160526178,0.5
habit_test_04568,000143_02,S7025,ready,robot_local,1,0.9285667370539407,0.5
habit_test_04569,000144_01,S7025,early,robot_local,0,0.14969897096154763,0.5
habit_test_04570,000144_01,S7025,ready,robot_local,1,0.806591515205854,0.5
habit_test_04571,000144_02,S7025,early,robot_local,0,0.09012786675479952,0.5
habit_test_04572,000144_02,S7025,ready,robot_local,1,0.9464177423513459,0.5
habit_test_04573,000146_01,S7025,early,robot_local,0,0.04124815242395774,0.5
habit_test_04574,000146_01,S7025,ready,robot_local,1,0.9251524856163013,0.5
habit_test_04575,000146_02,S7025,early,robot_local,0,0.16223068845281505,0.5
habit_test_04576,000146_02,S7025,ready,robot_local,1,0.9587296624822281,0.5
habit_test_04577,000147_01,S7025,early,robot_local,0,0.16713060091608906,0.5
habit_test_04578,000147_01,S7025,ready,robot_local,1,0.8952879509853534,0.5
habit_test_04579,000147_02,S7025,early,robot_local,0,0.15305509315960605,0.5
habit_test_04580,000147_02,S7025,ready,robot_local,1,0.967596266439032,0.5
habit_test_04581,000149_01,S7025,early,robot_local,0,0.08110410226498455,0.5
habit_test_04582,000149_01,S7025,ready,robot_local,1,0.9485155218273691,0.5
habit_test_04583,000149_02,S7025,early,robot_local,0,0.10459609265976447,0.5
habit_test_04584,000149_02,S7025,ready,robot_local,1,0.9592569286499694,0.5
habit_test_04585,000150_01,S7025,early,robot_local,0,0.1546332180982675,0.5
habit_test_04586,000150_01,S7025,ready,robot_local,1,0.8554391468787949,0.5
habit_test_04587,000150_02,S7025,early,robot_local,0,0.2577760939577409,0.5
habit_test_04588,000150_02,S7025,ready,robot_local,1,0.9410874814789865,0.5
habit_test_04589,000151_01,S7025,early,robot_local,0,0.15419469991868812,0.5
habit_test_04590,000151_01,S7025,ready,robot_local,1,0.6588248855099483,0.5
habit_test_04591,000151_02,S7025,early,robot_local,0,0.13754382794104864,0.5
habit_test_04592,000151_02,S7025,ready,robot_local,1,0.8960477414214075,0.5
habit_test_04593,000152_01,S7025,early,robot_local,0,0.15976837196089644,0.5
habit_test_04594,000152_01,S7025,ready,robot_local,1,0.901143258748395,0.5
habit_test_04595,000152_02,S7025,early,robot_local,0,0.11644329460220604,0.5
habit_test_04596,000152_02,S7025,ready,robot_local,1,0.972488990343709,0.5
habit_test_04597,000154_01,S7025,early,robot_local,0,0.0851364998163048,0.5
habit_test_04598,000154_01,S7025,ready,robot_local,1,0.8768184173449387,0.5
habit_test_04599,000154_02,S7025,early,robot_local,0,0.08513891638884881,0.5
habit_test_04600,000154_02,S7025,ready,robot_local,1,0.9639517797196878,0.5
habit_test_04601,000155_01,S7025,early,robot_local,0,0.19137045567686653,0.5
habit_test_04602,000155_01,S7025,ready,robot_local,1,0.9331711382634136,0.5
habit_test_04603,000155_02,S7025,early,robot_local,0,0.060320465174110056,0.5
habit_test_04604,000155_02,S7025,ready,robot_local,1,0.9574150096277135,0.5
habit_test_04605,000156_01,S7025,early,robot_local,0,0.105862942057227,0.5
habit_test_04606,000156_01,S7025,ready,robot_local,1,0.9390746295962314,0.5
habit_test_04607,000156_02,S7025,early,robot_local,0,0.043808453843021414,0.5
habit_test_04608,000156_02,S7025,ready,robot_local,1,0.8714181025759324,0.5
habit_test_04609,000157_01,S7025,early,robot_local,0,0.1728595941857445,0.5
habit_test_04610,000157_01,S7025,ready,robot_local,1,0.9143456800599794,0.5
habit_test_04611,000157_02,S7025,early,robot_local,0,0.27155818339312576,0.5
habit_test_04612,000157_02,S7025,ready,robot_local,1,0.9119199234762829,0.5
habit_test_04613,000158_01,S7025,early,robot_local,0,0.05611122711472329,0.5
habit_test_04614,000158_01,S7025,ready,robot_local,1,0.954118735634955,0.5
habit_test_04615,000158_02,S7025,early,robot_local,0,0.040988843089604765,0.5
habit_test_04616,000158_02,S7025,ready,robot_local,1,0.8539523971158525,0.5
habit_test_04617,000159_01,S7025,early,robot_local,0,0.05356994269843603,0.5
habit_test_04618,000159_01,S7025,ready,robot_local,1,0.9303307642141683,0.5
habit_test_04619,000159_02,S7025,early,robot_local,0,0.12022884945652487,0.5
habit_test_04620,000159_02,S7025,ready,robot_local,1,0.9513114830796906,0.5
habit_test_04621,000160_01,S7025,early,robot_local,0,0.12457705999577036,0.5
habit_test_04622,000160_01,S7025,ready,robot_local,1,0.9092455163043264,0.5
habit_test_04623,000160_02,S7025,early,robot_local,0,0.10541533375605792,0.5
habit_test_04624,000160_02,S7025,ready,robot_local,1,0.9261220269948375,0.5
habit_test_04625,000161_01,S7025,early,robot_local,0,0.09317392737056465,0.5
habit_test_04626,000161_01,S7025,ready,robot_local,1,0.9043942840866702,0.5
habit_test_04627,000161_02,S7025,early,robot_local,0,0.07003285983261268,0.5
habit_test_04628,000161_02,S7025,ready,robot_local,1,0.7460122866505922,0.5
habit_test_04629,000163_01,S7025,early,robot_local,0,0.06966384071132618,0.5
habit_test_04630,000163_01,S7025,ready,robot_local,1,0.8971570218656321,0.5
habit_test_04631,000163_02,S7025,early,robot_local,0,0.09875621400480668,0.5
habit_test_04632,000163_02,S7025,ready,robot_local,1,0.9724503898882532,0.5
habit_test_04633,000165_01,S7025,early,robot_local,0,0.1667564471677873,0.5
habit_test_04634,000165_01,S7025,ready,robot_local,1,0.7964334242657937,0.5
habit_test_04635,000165_02,S7025,early,robot_local,0,0.2620322339367026,0.5
habit_test_04636,000165_02,S7025,ready,robot_local,1,0.694159505922778,0.5
habit_test_04637,000166_01,S7025,early,robot_local,0,0.04252990143445102,0.5
habit_test_04638,000166_01,S7025,ready,robot_local,1,0.9209039607757499,0.5
habit_test_04639,000166_02,S7025,early,robot_local,0,0.09765807400668503,0.5
habit_test_04640,000166_02,S7025,ready,robot_local,1,0.7452955002767234,0.5
habit_test_04641,000167_01,S7025,early,robot_local,0,0.0973671032993544,0.5
habit_test_04642,000167_01,S7025,ready,robot_local,1,0.9348634835074503,0.5
habit_test_04643,000167_02,S7025,early,robot_local,0,0.08349079805736483,0.5
habit_test_04644,000167_02,S7025,ready,robot_local,1,0.925272553742919,0.5
habit_test_04645,000168_01,S7025,early,robot_local,0,0.08430126744316044,0.5
habit_test_04646,000168_01,S7025,ready,robot_local,1,0.6476300789027074,0.5
habit_test_04647,000168_02,S7025,early,robot_local,0,0.11190739671145217,0.5
habit_test_04648,000168_02,S7025,ready,robot_local,1,0.9451997312222663,0.5
habit_test_04649,000169_01,S7025,early,robot_local,0,0.06791263589556454,0.5
habit_test_04650,000169_01,S7025,ready,robot_local,1,0.8284312847915304,0.5
habit_test_04651,000169_02,S7025,early,robot_local,0,0.0814327275588697,0.5
habit_test_04652,000169_02,S7025,ready,robot_local,1,0.9295402753528181,0.5
habit_test_04653,000170_01,S7025,early,robot_local,0,0.03290558197257421,0.5
habit_test_04654,000170_01,S7025,ready,robot_local,1,0.7609772460238481,0.5
habit_test_04655,000170_02,S7025,early,robot_local,0,0.198620899806759,0.5
habit_test_04656,000170_02,S7025,ready,robot_local,1,0.9793908937291202,0.5
habit_test_04657,000171_01,S7025,early,robot_local,0,0.09131784747292579,0.5
habit_test_04658,000171_01,S7025,ready,robot_local,1,0.7406419865750441,0.5
habit_test_04659,000171_02,S7025,early,robot_local,0,0.1224637621559618,0.5
habit_test_04660,000171_02,S7025,ready,robot_local,1,0.9196880507647488,0.5
habit_test_04661,000172_01,S7025,early,robot_local,0,0.15693550219456753,0.5
habit_test_04662,000172_01,S7025,ready,robot_local,1,0.8817392308785125,0.5
habit_test_04663,000172_02,S7025,early,robot_local,0,0.09674061817491549,0.5
habit_test_04664,000172_02,S7025,ready,robot_local,1,0.806963180750947,0.5
habit_test_04665,000173_01,S7025,early,robot_local,0,0.03461240792432533,0.5
habit_test_04666,000173_01,S7025,ready,robot_local,1,0.8794804638805819,0.5
habit_test_04667,000173_02,S7025,early,robot_local,0,0.062098623770677104,0.5
habit_test_04668,000173_02,S7025,ready,robot_local,1,0.9638458065185992,0.5
habit_test_04669,000174_01,S7025,early,robot_local,0,0.0961569419966109,0.5
habit_test_04670,000174_01,S7025,ready,robot_local,1,0.9509339118723373,0.5
habit_test_04671,000174_02,S7025,early,robot_local,0,0.1280237694722356,0.5
habit_test_04672,000174_02,S7025,ready,robot_local,1,0.8815336447725822,0.5
habit_test_04673,000175_01,S7025,early,robot_local,0,0.061461573907295126,0.5
habit_test_04674,000175_01,S7025,ready,robot_local,1,0.904999701863335,0.5
habit_test_04675,000175_02,S7025,early,robot_local,0,0.07721773688471072,0.5
habit_test_04676,000175_02,S7025,ready,robot_local,1,0.9067823778290082,0.5
habit_test_04677,000176_01,S7025,early,robot_local,0,0.1876846206180363,0.5
habit_test_04678,000176_01,S7025,ready,robot_local,1,0.9327895345836106,0.5
habit_test_04679,000176_02,S7025,early,robot_local,0,0.03730384323356207,0.5
habit_test_04680,000176_02,S7025,ready,robot_local,1,0.8722701326580308,0.5
habit_test_04681,000178_01,S7025,early,robot_local,0,0.04913136012857155,0.5
habit_test_04682,000178_01,S7025,ready,robot_local,1,0.908981231930531,0.5
habit_test_04683,000178_02,S7025,early,robot_local,0,0.18631054153434531,0.5
habit_test_04684,000178_02,S7025,ready,robot_local,1,0.9734155316333264,0.5
habit_test_04685,000179_01,S7025,early,robot_local,0,0.08971129965176751,0.5
habit_test_04686,000179_01,S7025,ready,robot_local,1,0.8860556788021124,0.5
habit_test_04687,000179_02,S7025,early,robot_local,0,0.19187367617541445,0.5
habit_test_04688,000179_02,S7025,ready,robot_local,1,0.9465335805298749,0.5
habit_test_04689,000180_01,S7025,early,robot_local,0,0.2642629506563935,0.5
habit_test_04690,000180_01,S7025,ready,robot_local,1,0.8597018080341958,0.5
habit_test_04691,000180_02,S7025,early,robot_local,0,0.13681364962200768,0.5
habit_test_04692,000180_02,S7025,ready,robot_local,1,0.9509651275143738,0.5
habit_test_04693,000181_01,S7025,early,robot_local,0,0.05244563786010886,0.5
habit_test_04694,000181_01,S7025,ready,robot_local,1,0.9424837412273751,0.5
habit_test_04695,000181_02,S7025,early,robot_local,0,0.16133079714746648,0.5
habit_test_04696,000181_02,S7025,ready,robot_local,1,0.9520084654899231,0.5
habit_test_04697,000182_01,S7025,early,robot_local,0,0.04082165573197409,0.5
habit_test_04698,000182_01,S7025,ready,robot_local,1,0.8824245520470636,0.5
habit_test_04699,000182_02,S7025,early,robot_local,0,0.07999784743487807,0.5
habit_test_04700,000182_02,S7025,ready,robot_local,1,0.9790089966203511,0.5
habit_test_04701,000183_01,S7025,early,robot_local,0,0.2691147781977757,0.5
habit_test_04702,000183_01,S7025,ready,robot_local,1,0.9439195922483753,0.5
habit_test_04703,000183_02,S7025,early,robot_local,0,0.043192493834568225,0.5
habit_test_04704,000183_02,S7025,ready,robot_local,1,0.9435917834379998,0.5
habit_test_04705,000185_01,S7025,early,robot_local,0,0.13240940253404385,0.5
habit_test_04706,000185_01,S7025,ready,robot_local,1,0.9317925065076428,0.5
habit_test_04707,000185_02,S7025,early,robot_local,0,0.06968800570057031,0.5
habit_test_04708,000185_02,S7025,ready,robot_local,1,0.978825989691401,0.5
habit_test_04709,000186_01,S7025,early,robot_local,0,0.047268801241160056,0.5
habit_test_04710,000186_01,S7025,ready,robot_local,1,0.6878337728054424,0.5
habit_test_04711,000186_02,S7025,early,robot_local,0,0.09484469221005111,0.5
habit_test_04712,000186_02,S7025,ready,robot_local,1,0.9719384640036569,0.5
habit_test_04713,000187_01,S7025,early,robot_local,0,0.1359870806309401,0.5
habit_test_04714,000187_01,S7025,ready,robot_local,1,0.8651633697640837,0.5
habit_test_04715,000187_02,S7025,early,robot_local,0,0.06714934031780619,0.5
habit_test_04716,000187_02,S7025,ready,robot_local,1,0.9312074443575019,0.5
habit_test_04717,000188_01,S7025,early,robot_local,0,0.20793081221296214,0.5
habit_test_04718,000188_01,S7025,ready,robot_local,1,0.9119165756410921,0.5
habit_test_04719,000188_02,S7025,early,robot_local,0,0.30272802258240794,0.5
habit_test_04720,000188_02,S7025,ready,robot_local,1,0.9334999019531316,0.5
habit_test_04721,000189_01,S7025,early,robot_local,0,0.16337958372020867,0.5
habit_test_04722,000189_01,S7025,ready,robot_local,1,0.6584417556419052,0.5
habit_test_04723,000189_02,S7025,early,robot_local,0,0.07899439417601585,0.5
habit_test_04724,000189_02,S7025,ready,robot_local,1,0.9363545947930937,0.5
habit_test_04725,000190_01,S7025,early,robot_local,0,0.07370829590707695,0.5
habit_test_04726,000190_01,S7025,ready,robot_local,1,0.5418872536365212,0.5
habit_test_04727,000190_02,S7025,early,robot_local,0,0.16893356540267745,0.5
habit_test_04728,000190_02,S7025,ready,robot_local,1,0.9512170646879964,0.5
habit_test_04729,000191_01,S7025,early,robot_local,0,0.037420575268918406,0.5
habit_test_04730,000191_01,S7025,ready,robot_local,1,0.8005537773681559,0.5
habit_test_04731,000191_02,S7025,early,robot_local,0,0.03712701573782462,0.5
habit_test_04732,000191_02,S7025,ready,robot_local,1,0.9465415050143844,0.5
habit_test_04733,000193_01,S7025,early,robot_local,0,0.13069620366217113,0.5
habit_test_04734,000193_01,S7025,ready,robot_local,1,0.9746791473794736,0.5
habit_test_04735,000193_02,S7025,early,robot_local,0,0.1517403542799515,0.5
habit_test_04736,000193_02,S7025,ready,robot_local,1,0.9649531359456913,0.5
habit_test_04737,000194_01,S7025,early,robot_local,0,0.11509054836233094,0.5
habit_test_04738,000194_01,S7025,ready,robot_local,1,0.8808995928919348,0.5
habit_test_04739,000194_02,S7025,early,robot_local,0,0.11860590039319995,0.5
habit_test_04740,000194_02,S7025,ready,robot_local,1,0.9494015269060392,0.5
habit_test_04741,000195_01,S7025,early,robot_local,0,0.1362100703001873,0.5
habit_test_04742,000195_01,S7025,ready,robot_local,1,0.7436494335136721,0.5
habit_test_04743,000195_02,S7025,early,robot_local,0,0.16112083379393433,0.5
habit_test_04744,000195_02,S7025,ready,robot_local,1,0.965180056858949,0.5
habit_test_04745,000196_01,S7025,early,robot_local,0,0.09635907036986124,0.5
habit_test_04746,000196_01,S7025,ready,robot_local,1,0.9569764275933668,0.5
habit_test_04747,000196_02,S7025,early,robot_local,0,0.07085224772183202,0.5
habit_test_04748,000196_02,S7025,ready,robot_local,1,0.9545552378361202,0.5
habit_test_04749,000197_01,S7025,early,robot_local,0,0.11279045322857749,0.5
habit_test_04750,000197_01,S7025,ready,robot_local,1,0.9244502177955951,0.5
habit_test_04751,000197_02,S7025,early,robot_local,0,0.0901786895603292,0.5
habit_test_04752,000197_02,S7025,ready,robot_local,1,0.959197312430731,0.5
habit_test_04753,000198_01,S7025,early,robot_local,0,0.17225473865281915,0.5
habit_test_04754,000198_01,S7025,ready,robot_local,1,0.9561205009433652,0.5
habit_test_04755,000198_02,S7025,early,robot_local,0,0.1441031846084624,0.5
habit_test_04756,000198_02,S7025,ready,robot_local,1,0.9511499143890584,0.5
habit_test_04757,000199_01,S7025,early,robot_local,0,0.23515317837105315,0.5
habit_test_04758,000199_01,S7025,ready,robot_local,1,0.9892203769794129,0.5
habit_test_04759,000199_02,S7025,early,robot_local,0,0.1525722622169811,0.5
habit_test_04760,000199_02,S7025,ready,robot_local,1,0.9773915059036954,0.5
habit_test_04761,000200_01,S7025,early,robot_local,0,0.03906721661049142,0.5
habit_test_04762,000200_01,S7025,ready,robot_local,1,0.9471509810099227,0.5
habit_test_04763,000200_02,S7025,early,robot_local,0,0.14979133171563805,0.5
habit_test_04764,000200_02,S7025,ready,robot_local,1,0.9626915390433171,0.5
habit_test_04765,000201_01,S7025,early,robot_local,0,0.0639744828487766,0.5
habit_test_04766,000201_01,S7025,ready,robot_local,1,0.9724035996383865,0.5
habit_test_04767,000201_02,S7025,early,robot_local,0,0.11998345958922443,0.5
habit_test_04768,000201_02,S7025,ready,robot_local,1,0.9589356846568359,0.5
habit_test_04769,000202_01,S7025,early,robot_local,0,0.05168885273791015,0.5
habit_test_04770,000202_01,S7025,ready,robot_local,1,0.9633406327936993,0.5
habit_test_04771,000202_02,S7025,early,robot_local,0,0.20088562283935965,0.5
habit_test_04772,000202_02,S7025,ready,robot_local,1,0.9836232989258253,0.5
habit_test_04773,000203_01,S7025,early,robot_local,0,0.08047038700085007,0.5
habit_test_04774,000203_01,S7025,ready,robot_local,1,0.928434186027719,0.5
habit_test_04775,000203_02,S7025,early,robot_local,0,0.46536905792776767,0.5
habit_test_04776,000203_02,S7025,ready,robot_local,1,0.9791321786818415,0.5
habit_test_04777,000205_01,S7025,early,robot_local,0,0.08617801362960673,0.5
habit_test_04778,000205_01,S7025,ready,robot_local,1,0.962115547726395,0.5
habit_test_04779,000205_02,S7025,early,robot_local,0,0.07639575187730796,0.5
habit_test_04780,000205_02,S7025,ready,robot_local,1,0.9834938711714261,0.5
habit_test_04781,000206_01,S7025,early,robot_local,0,0.11302119382340547,0.5
habit_test_04782,000206_01,S7025,ready,robot_local,1,0.9247132585760368,0.5
habit_test_04783,000206_02,S7025,early,robot_local,0,0.3106070749141573,0.5
habit_test_04784,000206_02,S7025,ready,robot_local,1,0.6982678849024438,0.5
habit_test_04785,000207_01,S7025,early,robot_local,0,0.11701058798638254,0.5
habit_test_04786,000207_01,S7025,ready,robot_local,1,0.9614401259807323,0.5
habit_test_04787,000207_02,S7025,early,robot_local,0,0.10852310217736756,0.5
habit_test_04788,000207_02,S7025,ready,robot_local,1,0.900060742811477,0.5
habit_test_04789,000208_01,S7025,early,robot_local,0,0.25303663173521374,0.5
habit_test_04790,000208_01,S7025,ready,robot_local,1,0.9633528970277013,0.5
habit_test_04791,000208_02,S7025,early,robot_local,0,0.10059478092938887,0.5
habit_test_04792,000208_02,S7025,ready,robot_local,1,0.9727049592021539,0.5
habit_test_04793,000209_01,S7025,early,robot_local,0,0.1031664447925454,0.5
habit_test_04794,000209_01,S7025,ready,robot_local,1,0.9516459187688302,0.5
habit_test_04795,000209_02,S7025,early,robot_local,0,0.18418125299600974,0.5
habit_test_04796,000209_02,S7025,ready,robot_local,1,0.9660156193258531,0.5
habit_test_04797,000210_01,S7025,early,robot_local,0,0.02346519562342672,0.5
habit_test_04798,000210_01,S7025,ready,robot_local,1,0.941082851926819,0.5
habit_test_04799,000210_02,S7025,early,robot_local,0,0.12891196284885617,0.5
habit_test_04800,000210_02,S7025,ready,robot_local,1,0.7311234927885052,0.5
habit_test_04801,000213_01,S7025,early,robot_local,0,0.2164474337285134,0.5
habit_test_04802,000213_01,S7025,ready,robot_local,1,0.9388421505031794,0.5
habit_test_04803,000213_02,S7025,early,robot_local,0,0.04822962116880531,0.5
habit_test_04804,000213_02,S7025,ready,robot_local,1,0.8884138241182332,0.5
habit_test_04805,000214_01,S7025,early,robot_local,0,0.07797973541480935,0.5
habit_test_04806,000214_01,S7025,ready,robot_local,1,0.8518913695867301,0.5
habit_test_04807,000214_02,S7025,early,robot_local,0,0.1572569455704132,0.5
habit_test_04808,000214_02,S7025,ready,robot_local,1,0.9189254482406894,0.5
habit_test_04809,000215_01,S7025,early,robot_local,0,0.4368864729613644,0.5
habit_test_04810,000215_01,S7025,ready,robot_local,1,0.9680286865803415,0.5
habit_test_04811,000215_02,S7025,early,robot_local,0,0.11808470645043297,0.5
habit_test_04812,000215_02,S7025,ready,robot_local,1,0.589878781334636,0.5
habit_test_04813,000216_01,S7025,early,robot_local,0,0.06900182169896352,0.5
habit_test_04814,000216_01,S7025,ready,robot_local,1,0.902112109700635,0.5
habit_test_04815,000216_02,S7025,early,robot_local,0,0.3243765983221989,0.5
habit_test_04816,000216_02,S7025,ready,robot_local,1,0.8265233855115489,0.5
habit_test_04817,000217_01,S7025,early,robot_local,0,0.07350574825879891,0.5
habit_test_04818,000217_01,S7025,ready,robot_local,1,0.9835589402281554,0.5
habit_test_04819,000217_02,S7025,early,robot_local,0,0.11415624837468344,0.5
habit_test_04820,000217_02,S7025,ready,robot_local,1,0.968027058458382,0.5
habit_test_04821,000220_01,S7025,early,robot_local,0,0.09555363029923812,0.5
habit_test_04822,000220_01,S7025,ready,robot_local,1,0.9073561430265104,0.5
habit_test_04823,000220_02,S7025,early,robot_local,0,0.2668681207105719,0.5
habit_test_04824,000220_02,S7025,ready,robot_local,1,0.9630880246307124,0.5
habit_test_04825,000221_01,S7025,early,robot_local,0,0.19284736401996797,0.5
habit_test_04826,000221_01,S7025,ready,robot_local,1,0.9191832809883345,0.5
habit_test_04827,000221_02,S7025,early,robot_local,0,0.1856127389071576,0.5
habit_test_04828,000221_02,S7025,ready,robot_local,1,0.9750451662704639,0.5
habit_test_04829,000222_01,S7025,early,robot_local,0,0.12209197829932183,0.5
habit_test_04830,000222_01,S7025,ready,robot_local,1,0.8685249544391912,0.5
habit_test_04831,000222_02,S7025,early,robot_local,0,0.13727441091752446,0.5
habit_test_04832,000222_02,S7025,ready,robot_local,1,0.7710861252567675,0.5
habit_test_04833,000223_01,S7025,early,robot_local,0,0.10129934881620566,0.5
habit_test_04834,000223_01,S7025,ready,robot_local,1,0.9250752817791232,0.5
habit_test_04835,000223_02,S7025,early,robot_local,0,0.1910768814887306,0.5
habit_test_04836,000223_02,S7025,ready,robot_local,1,0.8290552329019625,0.5
habit_test_04837,000224_01,S7025,early,robot_local,0,0.07645835449638617,0.5
habit_test_04838,000224_01,S7025,ready,robot_local,1,0.9092172959883811,0.5
habit_test_04839,000224_02,S7025,early,robot_local,0,0.08807559391783802,0.5
habit_test_04840,000224_02,S7025,ready,robot_local,1,0.8586436527483412,0.5
habit_test_04841,000226_01,S7025,early,robot_local,0,0.1396558507335455,0.5
habit_test_04842,000226_01,S7025,ready,robot_local,1,0.9205412669084186,0.5
habit_test_04843,000226_02,S7025,early,robot_local,0,0.05541319112148561,0.5
habit_test_04844,000226_02,S7025,ready,robot_local,1,0.7589242170170255,0.5
habit_test_04845,000229_01,S7025,early,robot_local,0,0.10077747513835911,0.5
habit_test_04846,000229_01,S7025,ready,robot_local,1,0.9654681991257901,0.5
habit_test_04847,000229_02,S7025,early,robot_local,0,0.06826786918777583,0.5
habit_test_04848,000229_02,S7025,ready,robot_local,1,0.944910046330629,0.5
habit_test_04849,000230_01,S7025,early,robot_local,0,0.21913227145544084,0.5
habit_test_04850,000230_01,S7025,ready,robot_local,1,0.9626773962595693,0.5
habit_test_04851,000230_02,S7025,early,robot_local,0,0.1707289552856857,0.5
habit_test_04852,000230_02,S7025,ready,robot_local,1,0.7704114288862378,0.5
habit_test_04853,000231_01,S7025,early,robot_local,0,0.11567360507227577,0.5
habit_test_04854,000231_01,S7025,ready,robot_local,1,0.8902480084193412,0.5
habit_test_04855,000231_02,S7025,early,robot_local,0,0.20609884136523293,0.5
habit_test_04856,000231_02,S7025,ready,robot_local,1,0.8142289717854672,0.5
habit_test_04857,000232_01,S7025,early,robot_local,0,0.13201306893071624,0.5
habit_test_04858,000232_01,S7025,ready,robot_local,1,0.9423338691734182,0.5
habit_test_04859,000232_02,S7025,early,robot_local,0,0.08811421349974251,0.5
habit_test_04860,000232_02,S7025,ready,robot_local,1,0.8165253683650788,0.5
habit_test_04861,000233_01,S7025,early,robot_local,0,0.09999580954312122,0.5
habit_test_04862,000233_01,S7025,ready,robot_local,1,0.7696997590583537,0.5
habit_test_04863,000233_02,S7025,early,robot_local,0,0.3261141687408707,0.5
habit_test_04864,000233_02,S7025,ready,robot_local,1,0.8071332057491493,0.5
habit_test_04865,000234_01,S7025,early,robot_local,0,0.05638758451623998,0.5
habit_test_04866,000234_01,S7025,ready,robot_local,1,0.8309543361661313,0.5
habit_test_04867,000234_02,S7025,early,robot_local,0,0.19632954386725662,0.5
habit_test_04868,000234_02,S7025,ready,robot_local,1,0.975694841735915,0.5
habit_test_04869,000235_01,S7025,early,robot_local,0,0.07016898556962156,0.5
habit_test_04870,000235_01,S7025,ready,robot_local,1,0.857058218503253,0.5
habit_test_04871,000235_02,S7025,early,robot_local,0,0.10811222253659979,0.5
habit_test_04872,000235_02,S7025,ready,robot_local,1,0.9547337931316873,0.5
habit_test_04873,000236_01,S7025,early,robot_local,0,0.12308177207746117,0.5
habit_test_04874,000236_01,S7025,ready,robot_local,1,0.9704823424781179,0.5
habit_test_04875,000236_02,S7025,early,robot_local,0,0.12314415031702551,0.5
habit_test_04876,000236_02,S7025,ready,robot_local,1,0.8993941309724598,0.5
habit_test_04877,000237_01,S7025,early,robot_local,0,0.049808835415954995,0.5
habit_test_04878,000237_01,S7025,ready,robot_local,1,0.8794247133673954,0.5
habit_test_04879,000237_02,S7025,early,robot_local,0,0.06321008821878649,0.5
habit_test_04880,000237_02,S7025,ready,robot_local,1,0.9613685770727222,0.5
habit_test_04881,000238_01,S7025,early,robot_local,0,0.11664173877711552,0.5
habit_test_04882,000238_01,S7025,ready,robot_local,1,0.9636552348767736,0.5
habit_test_04883,000238_02,S7025,early,robot_local,0,0.21055446454056798,0.5
habit_test_04884,000238_02,S7025,ready,robot_local,1,0.9311386980955061,0.5
habit_test_04885,000239_01,S7025,early,robot_local,0,0.22601398918815588,0.5
habit_test_04886,000239_01,S7025,ready,robot_local,1,0.9064198732212895,0.5
habit_test_04887,000239_02,S7025,early,robot_local,0,0.059924165757118106,0.5
habit_test_04888,000239_02,S7025,ready,robot_local,1,0.8099109975825047,0.5
habit_test_04889,000240_01,S7025,early,robot_local,0,0.08333113461522768,0.5
habit_test_04890,000240_01,S7025,ready,robot_local,1,0.9114409393345266,0.5
habit_test_04891,000240_02,S7025,early,robot_local,0,0.041794644205127345,0.5
habit_test_04892,000240_02,S7025,ready,robot_local,1,0.9300883834491034,0.5
habit_test_04893,000241_01,S7025,early,robot_local,0,0.171126056087614,0.5
habit_test_04894,000241_01,S7025,ready,robot_local,1,0.8985851866989445,0.5
habit_test_04895,000241_02,S7025,early,robot_local,0,0.14313129843346442,0.5
habit_test_04896,000241_02,S7025,ready,robot_local,1,0.9550827245324429,0.5
habit_test_04897,000242_01,S7025,early,robot_local,0,0.106131615382485,0.5
habit_test_04898,000242_01,S7025,ready,robot_local,1,0.8075295218456365,0.5
habit_test_04899,000242_02,S7025,early,robot_local,0,0.03745325431583783,0.5
habit_test_04900,000242_02,S7025,ready,robot_local,1,0.8899329572368063,0.5
habit_test_04901,000243_01,S7025,early,robot_local,0,0.042339062841039464,0.5
habit_test_04902,000243_01,S7025,ready,robot_local,1,0.8894836689235314,0.5
habit_test_04903,000243_02,S7025,early,robot_local,0,0.13199991168637812,0.5
habit_test_04904,000243_02,S7025,ready,robot_local,1,0.9325164013207343,0.5
habit_test_04905,000244_01,S7025,early,robot_local,0,0.16529115953680132,0.5
habit_test_04906,000244_01,S7025,ready,robot_local,1,0.8829456862562215,0.5
habit_test_04907,000244_02,S7025,early,robot_local,0,0.1343329989062998,0.5
habit_test_04908,000244_02,S7025,ready,robot_local,1,0.6458577187833755,0.5
habit_test_04909,000245_01,S7025,early,robot_local,0,0.14312165306610897,0.5
habit_test_04910,000245_01,S7025,ready,robot_local,1,0.8624476909861969,0.5
habit_test_04911,000245_02,S7025,early,robot_local,0,0.08159768114283489,0.5
habit_test_04912,000245_02,S7025,ready,robot_local,1,0.6049155145020098,0.5
habit_test_04913,000247_01,S7025,early,robot_local,0,0.21919162878325824,0.5
habit_test_04914,000247_01,S7025,ready,robot_local,1,0.8120058834926298,0.5
habit_test_04915,000247_02,S7025,early,robot_local,0,0.15909289866134735,0.5
habit_test_04916,000247_02,S7025,ready,robot_local,1,0.9735110084271617,0.5
habit_test_04917,000248_01,S7025,early,robot_local,0,0.07598560155302071,0.5
habit_test_04918,000248_01,S7025,ready,robot_local,1,0.9422486079171319,0.5
habit_test_04919,000248_02,S7025,early,robot_local,0,0.16077660820984566,0.5
habit_test_04920,000248_02,S7025,ready,robot_local,1,0.9698528799437307,0.5
habit_test_04921,000249_01,S7025,early,robot_local,0,0.0608731540553132,0.5
habit_test_04922,000249_01,S7025,ready,robot_local,1,0.6283264233891122,0.5
habit_test_04923,000249_02,S7025,early,robot_local,0,0.32463868920650696,0.5
habit_test_04924,000249_02,S7025,ready,robot_local,1,0.9119676963049993,0.5
habit_test_04925,000250_01,S7025,early,robot_local,0,0.12145137628049762,0.5
habit_test_04926,000250_01,S7025,ready,robot_local,1,0.8930787421696968,0.5
habit_test_04927,000250_02,S7025,early,robot_local,0,0.17530044326365718,0.5
habit_test_04928,000250_02,S7025,ready,robot_local,1,0.6270711729198565,0.5
habit_test_04929,000251_01,S7025,early,robot_local,0,0.3450077856811198,0.5
habit_test_04930,000251_01,S7025,ready,robot_local,1,0.8607792321204834,0.5
habit_test_04931,000251_02,S7025,early,robot_local,0,0.18824885556487433,0.5
habit_test_04932,000251_02,S7025,ready,robot_local,1,0.7605630016017991,0.5
habit_test_04933,000252_01,S7025,early,robot_local,0,0.08467649765763337,0.5
habit_test_04934,000252_01,S7025,ready,robot_local,1,0.5995594239747659,0.5
habit_test_04935,000252_02,S7025,early,robot_local,0,0.14470265374834798,0.5
habit_test_04936,000252_02,S7025,ready,robot_local,1,0.6374104700227657,0.5
habit_test_04937,000253_01,S7025,early,robot_local,0,0.12859860066516537,0.5
habit_test_04938,000253_01,S7025,ready,robot_local,1,0.8081017433536368,0.5
habit_test_04939,000253_02,S7025,early,robot_local,0,0.11888621740381271,0.5
habit_test_04940,000253_02,S7025,ready,robot_local,1,0.9461142180063415,0.5
habit_test_04941,000254_01,S7025,early,robot_local,0,0.19204410207674188,0.5
habit_test_04942,000254_01,S7025,ready,robot_local,1,0.9530586862300826,0.5
habit_test_04943,000254_02,S7025,early,robot_local,0,0.061560658150875594,0.5
habit_test_04944,000254_02,S7025,ready,robot_local,1,0.8337337901284034,0.5
habit_test_04945,000255_01,S7025,early,robot_local,0,0.2122548709705397,0.5
habit_test_04946,000255_01,S7025,ready,robot_local,1,0.9505921593810315,0.5
habit_test_04947,000255_02,S7025,early,robot_local,0,0.14599835380551116,0.5
habit_test_04948,000255_02,S7025,ready,robot_local,1,0.9343388404102373,0.5
habit_test_04949,000256_01,S7025,early,robot_local,0,0.039281812709957224,0.5
habit_test_04950,000256_01,S7025,ready,robot_local,1,0.8925073803769017,0.5
habit_test_04951,000256_02,S7025,early,robot_local,0,0.1085334672049245,0.5
habit_test_04952,000256_02,S7025,ready,robot_local,1,0.8447398057088851,0.5
habit_test_04953,000257_01,S7025,early,robot_local,0,0.06890504782394719,0.5
habit_test_04954,000257_01,S7025,ready,robot_local,1,0.7247946868553089,0.5
habit_test_04955,000257_02,S7025,early,robot_local,0,0.3156800786287684,0.5
habit_test_04956,000257_02,S7025,ready,robot_local,1,0.8111542340529426,0.5
habit_test_04957,000259_01,S7025,early,robot_local,0,0.11147865761020452,0.5
habit_test_04958,000259_01,S7025,ready,robot_local,1,0.8058283469854468,0.5
habit_test_04959,000259_02,S7025,early,robot_local,0,0.1397707881878282,0.5
habit_test_04960,000259_02,S7025,ready,robot_local,1,0.861761407902177,0.5
habit_test_04961,000260_01,S7025,early,robot_local,0,0.2542906043570874,0.5
habit_test_04962,000260_01,S7025,ready,robot_local,1,0.9259734876870845,0.5
habit_test_04963,000260_02,S7025,early,robot_local,0,0.3047153597643763,0.5
habit_test_04964,000260_02,S7025,ready,robot_local,1,0.9661570393493023,0.5
habit_test_04965,000261_01,S7025,early,robot_local,0,0.18037212383079576,0.5
habit_test_04966,000261_01,S7025,ready,robot_local,1,0.8851059160292027,0.5
habit_test_04967,000261_02,S7025,early,robot_local,0,0.2531209630758475,0.5
habit_test_04968,000261_02,S7025,ready,robot_local,1,0.9625146380227886,0.5
habit_test_04969,000263_01,S7025,early,robot_local,0,0.18906805322838222,0.5
habit_test_04970,000263_01,S7025,ready,robot_local,1,0.8826337859503277,0.5
habit_test_04971,000263_02,S7025,early,robot_local,0,0.3832536098368515,0.5
habit_test_04972,000263_02,S7025,ready,robot_local,1,0.8362784362971127,0.5
habit_test_04973,000264_01,S7025,early,robot_local,0,0.0986175652673507,0.5
habit_test_04974,000264_01,S7025,ready,robot_local,1,0.9147451122473151,0.5
habit_test_04975,000264_02,S7025,early,robot_local,0,0.39343670600676495,0.5
habit_test_04976,000264_02,S7025,ready,robot_local,1,0.9332381258098196,0.5
habit_test_04977,000265_01,S7025,early,robot_local,0,0.06874456370737168,0.5
habit_test_04978,000265_01,S7025,ready,robot_local,1,0.8417793237461181,0.5
habit_test_04979,000265_02,S7025,early,robot_local,0,0.12741109791816835,0.5
habit_test_04980,000265_02,S7025,ready,robot_local,1,0.8741320037417293,0.5
habit_test_04981,002888_01,S7414,early,robot_local,0,0.09538953670613541,0.5
habit_test_04982,002888_01,S7414,ready,robot_local,1,0.8618952292761822,0.5
habit_test_04983,002888_02,S7414,early,robot_local,0,0.08214950538842847,0.5
habit_test_04984,002888_02,S7414,ready,robot_local,1,0.9000135491797906,0.5
habit_test_04985,002889_01,S7414,early,robot_local,0,0.14575304730985378,0.5
habit_test_04986,002889_01,S7414,ready,robot_local,1,0.8753409842572,0.5
habit_test_04987,002889_02,S7414,early,robot_local,0,0.08553963451070286,0.5
habit_test_04988,002889_02,S7414,ready,robot_local,1,0.9243413372465071,0.5
habit_test_04989,002890_01,S7414,early,robot_local,0,0.11669944154963588,0.5
habit_test_04990,002890_01,S7414,ready,robot_local,1,0.9271625875004704,0.5
habit_test_04991,002890_02,S7414,early,robot_local,0,0.07330924780835321,0.5
habit_test_04992,002890_02,S7414,ready,robot_local,1,0.832500320081103,0.5
habit_test_04993,002891_01,S7414,early,robot_local,0,0.09361698139580649,0.5
habit_test_04994,002891_01,S7414,ready,robot_local,1,0.9235568817702198,0.5
habit_test_04995,002891_02,S7414,early,robot_local,0,0.01949151384315132,0.5
habit_test_04996,002891_02,S7414,ready,robot_local,1,0.8874556006034356,0.5
habit_test_04997,002892_01,S7414,early,robot_local,0,0.1631234709755144,0.5
habit_test_04998,002892_01,S7414,ready,robot_local,1,0.9639272934924299,0.5
habit_test_04999,002892_02,S7414,early,robot_local,0,0.09623806211623377,0.5
habit_test_05000,002892_02,S7414,ready,robot_local,1,0.8285283129376699,0.5
habit_test_05001,002894_01,S7414,early,robot_local,0,0.2557832947728267,0.5
habit_test_05002,002894_01,S7414,ready,robot_local,1,0.9904555046015041,0.5
habit_test_05003,002894_02,S7414,early,robot_local,0,0.10744318756586065,0.5
habit_test_05004,002894_02,S7414,ready,robot_local,1,0.9687603459004208,0.5
habit_test_05005,002895_01,S7414,early,robot_local,0,0.140683403723455,0.5
habit_test_05006,002895_01,S7414,ready,robot_local,1,0.8954483231918234,0.5
habit_test_05007,002895_02,S7414,early,robot_local,0,0.2769294241536711,0.5
habit_test_05008,002895_02,S7414,ready,robot_local,1,0.8471672940750473,0.5
habit_test_05009,002896_01,S7414,early,robot_local,0,0.23011090699604045,0.5
habit_test_05010,002896_01,S7414,ready,robot_local,1,0.9332692807347492,0.5
habit_test_05011,002896_02,S7414,early,robot_local,0,0.13548390357220932,0.5
habit_test_05012,002896_02,S7414,ready,robot_local,1,0.9659403660928493,0.5
habit_test_05013,002898_01,S7414,early,robot_local,0,0.07440550193596747,0.5
habit_test_05014,002898_01,S7414,ready,robot_local,1,0.931823678648331,0.5
habit_test_05015,002898_02,S7414,early,robot_local,0,0.06111865210406634,0.5
habit_test_05016,002898_02,S7414,ready,robot_local,1,0.813941222481165,0.5
habit_test_05017,002899_01,S7414,early,robot_local,0,0.14414132561342224,0.5
habit_test_05018,002899_01,S7414,ready,robot_local,1,0.965679153954974,0.5
habit_test_05019,002899_02,S7414,early,robot_local,0,0.08418090778833472,0.5
habit_test_05020,002899_02,S7414,ready,robot_local,1,0.8725264135609001,0.5
habit_test_05021,002900_01,S7414,early,robot_local,0,0.2214336487878174,0.5
habit_test_05022,002900_01,S7414,ready,robot_local,1,0.9554399567873554,0.5
habit_test_05023,002900_02,S7414,early,robot_local,0,0.24731894270679033,0.5
habit_test_05024,002900_02,S7414,ready,robot_local,1,0.9461645469591076,0.5
habit_test_05025,002901_01,S7414,early,robot_local,0,0.26374237646089116,0.5
habit_test_05026,002901_01,S7414,ready,robot_local,1,0.984106377717987,0.5
habit_test_05027,002901_02,S7414,early,robot_local,0,0.12795747674090288,0.5
habit_test_05028,002901_02,S7414,ready,robot_local,1,0.9111452109245691,0.5
habit_test_05029,002902_01,S7414,early,robot_local,0,0.11122994318409042,0.5
habit_test_05030,002902_01,S7414,ready,robot_local,1,0.9649698967287779,0.5
habit_test_05031,002902_02,S7414,early,robot_local,0,0.07920133653193598,0.5
habit_test_05032,002902_02,S7414,ready,robot_local,1,0.9446468812950495,0.5
habit_test_05033,002903_01,S7414,early,robot_local,0,0.19166030861348476,0.5
habit_test_05034,002903_01,S7414,ready,robot_local,1,0.948694635768018,0.5
habit_test_05035,002903_02,S7414,early,robot_local,0,0.07733681406025544,0.5
habit_test_05036,002903_02,S7414,ready,robot_local,1,0.8958318637478576,0.5
habit_test_05037,002904_01,S7414,early,robot_local,0,0.08132299222508345,0.5
habit_test_05038,002904_01,S7414,ready,robot_local,1,0.9068499664251883,0.5
habit_test_05039,002904_02,S7414,early,robot_local,0,0.07818039488380488,0.5
habit_test_05040,002904_02,S7414,ready,robot_local,1,0.9064693765872481,0.5
habit_test_05041,002905_01,S7414,early,robot_local,0,0.17918952849810732,0.5
habit_test_05042,002905_01,S7414,ready,robot_local,1,0.9728740726857186,0.5
habit_test_05043,002905_02,S7414,early,robot_local,0,0.05759478598953049,0.5
habit_test_05044,002905_02,S7414,ready,robot_local,1,0.968152866598244,0.5
habit_test_05045,002906_01,S7414,early,robot_local,0,0.10209237173375448,0.5
habit_test_05046,002906_01,S7414,ready,robot_local,1,0.9539980607081834,0.5
habit_test_05047,002906_02,S7414,early,robot_local,0,0.14839074121461396,0.5
habit_test_05048,002906_02,S7414,ready,robot_local,1,0.9468733508689042,0.5
habit_test_05049,002907_01,S7414,early,robot_local,0,0.16659780518619663,0.5
habit_test_05050,002907_01,S7414,ready,robot_local,1,0.8913122302333303,0.5
habit_test_05051,002907_02,S7414,early,robot_local,0,0.0796549890600051,0.5
habit_test_05052,002907_02,S7414,ready,robot_local,1,0.9063396662278344,0.5
habit_test_05053,002908_01,S7414,early,robot_local,0,0.17675252408085243,0.5
habit_test_05054,002908_01,S7414,ready,robot_local,1,0.9431769564114051,0.5
habit_test_05055,002908_02,S7414,early,robot_local,0,0.04900199241439704,0.5
habit_test_05056,002908_02,S7414,ready,robot_local,1,0.9580850426787033,0.5
habit_test_05057,002910_01,S7414,early,robot_local,0,0.06460959919970241,0.5
habit_test_05058,002910_01,S7414,ready,robot_local,1,0.9411087469247243,0.5
habit_test_05059,002910_02,S7414,early,robot_local,0,0.11200670923645127,0.5
habit_test_05060,002910_02,S7414,ready,robot_local,1,0.9173450642058943,0.5
habit_test_05061,002911_01,S7414,early,robot_local,0,0.14262689906035175,0.5
habit_test_05062,002911_01,S7414,ready,robot_local,1,0.9725827222186704,0.5
habit_test_05063,002911_02,S7414,early,robot_local,0,0.11322962450087422,0.5
habit_test_05064,002911_02,S7414,ready,robot_local,1,0.9464901224454854,0.5
habit_test_05065,002912_01,S7414,early,robot_local,0,0.12193559966140884,0.5
habit_test_05066,002912_01,S7414,ready,robot_local,1,0.9602626621136694,0.5
habit_test_05067,002912_02,S7414,early,robot_local,0,0.18880783277196694,0.5
habit_test_05068,002912_02,S7414,ready,robot_local,1,0.9587580910443425,0.5
habit_test_05069,002913_01,S7414,early,robot_local,0,0.08563652664333735,0.5
habit_test_05070,002913_01,S7414,ready,robot_local,1,0.9049356435316469,0.5
habit_test_05071,002913_02,S7414,early,robot_local,0,0.05587988435489467,0.5
habit_test_05072,002913_02,S7414,ready,robot_local,1,0.9596940257992979,0.5
habit_test_05073,002914_01,S7414,early,robot_local,0,0.1468675068053413,0.5
habit_test_05074,002914_01,S7414,ready,robot_local,1,0.9198896884351139,0.5
habit_test_05075,002914_02,S7414,early,robot_local,0,0.08530929455075789,0.5
habit_test_05076,002914_02,S7414,ready,robot_local,1,0.9308414567522314,0.5
habit_test_05077,002915_01,S7414,early,robot_local,0,0.1254319204830224,0.5
habit_test_05078,002915_01,S7414,ready,robot_local,1,0.9089628886407757,0.5
habit_test_05079,002915_02,S7414,early,robot_local,0,0.034291295285751186,0.5
habit_test_05080,002915_02,S7414,ready,robot_local,1,0.7058945117403297,0.5
habit_test_05081,002916_01,S7414,early,robot_local,0,0.10612353638511715,0.5
habit_test_05082,002916_01,S7414,ready,robot_local,1,0.9312793791230891,0.5
habit_test_05083,002916_02,S7414,early,robot_local,0,0.09424466782409979,0.5
habit_test_05084,002916_02,S7414,ready,robot_local,1,0.937449486500347,0.5
habit_test_05085,002917_01,S7414,early,robot_local,0,0.15017674796115785,0.5
habit_test_05086,002917_01,S7414,ready,robot_local,1,0.9735085800865553,0.5
habit_test_05087,002917_02,S7414,early,robot_local,0,0.14578367006583756,0.5
habit_test_05088,002917_02,S7414,ready,robot_local,1,0.9509519523901474,0.5
habit_test_05089,002918_01,S7414,early,robot_local,0,0.05317037406021693,0.5
habit_test_05090,002918_01,S7414,ready,robot_local,1,0.9034876386313798,0.5
habit_test_05091,002918_02,S7414,early,robot_local,0,0.0811882476300537,0.5
habit_test_05092,002918_02,S7414,ready,robot_local,1,0.8607297906986048,0.5
habit_test_05093,002920_01,S7414,early,robot_local,0,0.10482161562200593,0.5
habit_test_05094,002920_01,S7414,ready,robot_local,1,0.9629006415737559,0.5
habit_test_05095,002920_02,S7414,early,robot_local,0,0.19836028436871744,0.5
habit_test_05096,002920_02,S7414,ready,robot_local,1,0.9575927358019274,0.5
habit_test_05097,002921_01,S7414,early,robot_local,0,0.06515077786410652,0.5
habit_test_05098,002921_01,S7414,ready,robot_local,1,0.9384001785470811,0.5
habit_test_05099,002921_02,S7414,early,robot_local,0,0.12950006848043893,0.5
habit_test_05100,002921_02,S7414,ready,robot_local,1,0.9479403159703752,0.5
habit_test_05101,002922_01,S7414,early,robot_local,0,0.11180789200673705,0.5
habit_test_05102,002922_01,S7414,ready,robot_local,1,0.9045313913066237,0.5
habit_test_05103,002922_02,S7414,early,robot_local,0,0.07313179851488266,0.5
habit_test_05104,002922_02,S7414,ready,robot_local,1,0.945024121746319,0.5
habit_test_05105,002923_01,S7414,early,robot_local,0,0.1142082817912755,0.5
habit_test_05106,002923_01,S7414,ready,robot_local,1,0.9454311190674077,0.5
habit_test_05107,002923_02,S7414,early,robot_local,0,0.04219928779668993,0.5
habit_test_05108,002923_02,S7414,ready,robot_local,1,0.9198653901511569,0.5
habit_test_05109,002924_01,S7414,early,robot_local,0,0.21687296146989618,0.5
habit_test_05110,002924_01,S7414,ready,robot_local,1,0.9525030103557532,0.5
habit_test_05111,002924_02,S7414,early,robot_local,0,0.04861113656539431,0.5
habit_test_05112,002924_02,S7414,ready,robot_local,1,0.8049509670469652,0.5
habit_test_05113,002925_01,S7414,early,robot_local,0,0.13004273513531972,0.5
habit_test_05114,002925_01,S7414,ready,robot_local,1,0.9309807739407759,0.5
habit_test_05115,002925_02,S7414,early,robot_local,0,0.166679379259002,0.5
habit_test_05116,002925_02,S7414,ready,robot_local,1,0.9690687656993988,0.5
habit_test_05117,002926_01,S7414,early,robot_local,0,0.1551239859191496,0.5
habit_test_05118,002926_01,S7414,ready,robot_local,1,0.9726946687351903,0.5
habit_test_05119,002926_02,S7414,early,robot_local,0,0.05945056363360092,0.5
habit_test_05120,002926_02,S7414,ready,robot_local,1,0.9668942612918606,0.5
habit_test_05121,002927_01,S7414,early,robot_local,0,0.13722001648158313,0.5
habit_test_05122,002927_01,S7414,ready,robot_local,1,0.8541359480162241,0.5
habit_test_05123,002927_02,S7414,early,robot_local,0,0.11820397630496433,0.5
habit_test_05124,002927_02,S7414,ready,robot_local,1,0.7848164399061625,0.5
habit_test_05125,002929_01,S7414,early,robot_local,0,0.12330881304153739,0.5
habit_test_05126,002929_01,S7414,ready,robot_local,1,0.9161331252023585,0.5
habit_test_05127,002929_02,S7414,early,robot_local,0,0.06558117166168756,0.5
habit_test_05128,002929_02,S7414,ready,robot_local,1,0.972918410797205,0.5
habit_test_05129,002930_01,S7414,early,robot_local,0,0.1495276029839366,0.5
habit_test_05130,002930_01,S7414,ready,robot_local,1,0.8932825181259214,0.5
habit_test_05131,002930_02,S7414,early,robot_local,0,0.18946774168882766,0.5
habit_test_05132,002930_02,S7414,ready,robot_local,1,0.9741641674553068,0.5
habit_test_05133,002931_01,S7414,early,robot_local,0,0.07178874920729912,0.5
habit_test_05134,002931_01,S7414,ready,robot_local,1,0.9500276270367879,0.5
habit_test_05135,002931_02,S7414,early,robot_local,0,0.13285796476922515,0.5
habit_test_05136,002931_02,S7414,ready,robot_local,1,0.9258594143365301,0.5
habit_test_05137,002932_01,S7414,early,robot_local,0,0.061111561243775474,0.5
habit_test_05138,002932_01,S7414,ready,robot_local,1,0.9208834961873658,0.5
habit_test_05139,002932_02,S7414,early,robot_local,0,0.13681170055511666,0.5
habit_test_05140,002932_02,S7414,ready,robot_local,1,0.9601666719626091,0.5
habit_test_05141,002934_01,S7414,early,robot_local,0,0.12420751361265442,0.5
habit_test_05142,002934_01,S7414,ready,robot_local,1,0.9654751937610015,0.5
habit_test_05143,002934_02,S7414,early,robot_local,0,0.07601619185927017,0.5
habit_test_05144,002934_02,S7414,ready,robot_local,1,0.9142394327550395,0.5
habit_test_05145,002935_01,S7414,early,robot_local,0,0.08453256624851962,0.5
habit_test_05146,002935_01,S7414,ready,robot_local,1,0.9292394431866333,0.5
habit_test_05147,002935_02,S7414,early,robot_local,0,0.08644939305071617,0.5
habit_test_05148,002935_02,S7414,ready,robot_local,1,0.9230349042202333,0.5
habit_test_05149,002936_01,S7414,early,robot_local,0,0.1272085320769407,0.5
habit_test_05150,002936_01,S7414,ready,robot_local,1,0.9530548251451549,0.5
habit_test_05151,002936_02,S7414,early,robot_local,0,0.09009366784817963,0.5
habit_test_05152,002936_02,S7414,ready,robot_local,1,0.9000017789201291,0.5
habit_test_05153,002938_01,S7414,early,robot_local,0,0.041385001241010744,0.5
habit_test_05154,002938_01,S7414,ready,robot_local,1,0.920496893710596,0.5
habit_test_05155,002938_02,S7414,early,robot_local,0,0.19200887269880934,0.5
habit_test_05156,002938_02,S7414,ready,robot_local,1,0.9430572746702015,0.5
habit_test_05157,002939_01,S7414,early,robot_local,0,0.1408611963516397,0.5
habit_test_05158,002939_01,S7414,ready,robot_local,1,0.9749482698502726,0.5
habit_test_05159,002939_02,S7414,early,robot_local,0,0.12257528720434539,0.5
habit_test_05160,002939_02,S7414,ready,robot_local,1,0.9743252202856698,0.5
habit_test_05161,002940_01,S7414,early,robot_local,0,0.07072167569355231,0.5
habit_test_05162,002940_01,S7414,ready,robot_local,1,0.9067328784007264,0.5
habit_test_05163,002940_02,S7414,early,robot_local,0,0.06559004403631961,0.5
habit_test_05164,002940_02,S7414,ready,robot_local,1,0.7678305105231671,0.5
habit_test_05165,002941_01,S7414,early,robot_local,0,0.042807950894631505,0.5
habit_test_05166,002941_01,S7414,ready,robot_local,1,0.8736559204482828,0.5
habit_test_05167,002941_02,S7414,early,robot_local,0,0.15565878824284787,0.5
habit_test_05168,002941_02,S7414,ready,robot_local,1,0.8895663727970946,0.5
habit_test_05169,002942_01,S7414,early,robot_local,0,0.09812132309737244,0.5
habit_test_05170,002942_01,S7414,ready,robot_local,1,0.9796653791465236,0.5
habit_test_05171,002942_02,S7414,early,robot_local,0,0.12455079761566495,0.5
habit_test_05172,002942_02,S7414,ready,robot_local,1,0.9284907017957507,0.5
habit_test_05173,002943_01,S7414,early,robot_local,0,0.1350155133225733,0.5
habit_test_05174,002943_01,S7414,ready,robot_local,1,0.9568089784362847,0.5
habit_test_05175,002943_02,S7414,early,robot_local,0,0.08431152689527223,0.5
habit_test_05176,002943_02,S7414,ready,robot_local,1,0.900961239304291,0.5
habit_test_05177,002944_01,S7414,early,robot_local,0,0.0893242670134029,0.5
habit_test_05178,002944_01,S7414,ready,robot_local,1,0.9069503993160358,0.5
habit_test_05179,002944_02,S7414,early,robot_local,0,0.07012985331270384,0.5
habit_test_05180,002944_02,S7414,ready,robot_local,1,0.917375390222108,0.5
habit_test_05181,002945_01,S7414,early,robot_local,0,0.07716544143019317,0.5
habit_test_05182,002945_01,S7414,ready,robot_local,1,0.9137577012387537,0.5
habit_test_05183,002945_02,S7414,early,robot_local,0,0.10003263342904002,0.5
habit_test_05184,002945_02,S7414,ready,robot_local,1,0.8474100347509248,0.5
habit_test_05185,002946_01,S7414,early,robot_local,0,0.17971036976100724,0.5
habit_test_05186,002946_01,S7414,ready,robot_local,1,0.8791428021363876,0.5
habit_test_05187,002946_02,S7414,early,robot_local,0,0.06857195237043846,0.5
habit_test_05188,002946_02,S7414,ready,robot_local,1,0.9091729071980857,0.5
habit_test_05189,002947_01,S7414,early,robot_local,0,0.12805281716011757,0.5
habit_test_05190,002947_01,S7414,ready,robot_local,1,0.917774431865164,0.5
habit_test_05191,002947_02,S7414,early,robot_local,0,0.19626932004752964,0.5
habit_test_05192,002947_02,S7414,ready,robot_local,1,0.9415899529805494,0.5
habit_test_05193,002948_01,S7414,early,robot_local,0,0.10937897313066902,0.5
habit_test_05194,002948_01,S7414,ready,robot_local,1,0.9538690414875826,0.5
habit_test_05195,002948_02,S7414,early,robot_local,0,0.07849341927416216,0.5
habit_test_05196,002948_02,S7414,ready,robot_local,1,0.9454126399269288,0.5
habit_test_05197,002949_01,S7414,early,robot_local,0,0.14610115844025096,0.5
habit_test_05198,002949_01,S7414,ready,robot_local,1,0.9454953441201126,0.5
habit_test_05199,002949_02,S7414,early,robot_local,0,0.11062462552867629,0.5
habit_test_05200,002949_02,S7414,ready,robot_local,1,0.9502614675693262,0.5
habit_test_05201,002950_01,S7414,early,robot_local,0,0.08525318930754407,0.5
habit_test_05202,002950_01,S7414,ready,robot_local,1,0.9495581619192156,0.5
habit_test_05203,002950_02,S7414,early,robot_local,0,0.08812196415295404,0.5
habit_test_05204,002950_02,S7414,ready,robot_local,1,0.9174297230755709,0.5
habit_test_05205,002952_01,S7414,early,robot_local,0,0.2636546136848812,0.5
habit_test_05206,002952_01,S7414,ready,robot_local,1,0.9517891212878611,0.5
habit_test_05207,002952_02,S7414,early,robot_local,0,0.16471944467551375,0.5
habit_test_05208,002952_02,S7414,ready,robot_local,1,0.9438984163005493,0.5
habit_test_05209,002953_01,S7414,early,robot_local,0,0.09066310952289797,0.5
habit_test_05210,002953_01,S7414,ready,robot_local,1,0.9463219729039051,0.5
habit_test_05211,002953_02,S7414,early,robot_local,0,0.07315655874140731,0.5
habit_test_05212,002953_02,S7414,ready,robot_local,1,0.940017289602806,0.5
habit_test_05213,002954_01,S7414,early,robot_local,0,0.07347293551188494,0.5
habit_test_05214,002954_01,S7414,ready,robot_local,1,0.9470755887870003,0.5
habit_test_05215,002954_02,S7414,early,robot_local,0,0.029769156055604016,0.5
habit_test_05216,002954_02,S7414,ready,robot_local,1,0.8904291981652466,0.5
habit_test_05217,002955_01,S7414,early,robot_local,0,0.10471283010634906,0.5
habit_test_05218,002955_01,S7414,ready,robot_local,1,0.9258913545248516,0.5
habit_test_05219,002955_02,S7414,early,robot_local,0,0.20010671632183985,0.5
habit_test_05220,002955_02,S7414,ready,robot_local,1,0.9544589374495638,0.5
habit_test_05221,002956_01,S7414,early,robot_local,0,0.17416001743607581,0.5
habit_test_05222,002956_01,S7414,ready,robot_local,1,0.9370429095087124,0.5
habit_test_05223,002956_02,S7414,early,robot_local,0,0.23208837035774854,0.5
habit_test_05224,002956_02,S7414,ready,robot_local,1,0.795642046497662,0.5
habit_test_05225,002957_01,S7414,early,robot_local,0,0.1455728271668783,0.5
habit_test_05226,002957_01,S7414,ready,robot_local,1,0.9571458772826278,0.5
habit_test_05227,002957_02,S7414,early,robot_local,0,0.0923013269579643,0.5
habit_test_05228,002957_02,S7414,ready,robot_local,1,0.961491527516738,0.5
habit_test_05229,002958_01,S7414,early,robot_local,0,0.05872432026916645,0.5
habit_test_05230,002958_01,S7414,ready,robot_local,1,0.940916648076374,0.5
habit_test_05231,002958_02,S7414,early,robot_local,0,0.08678165444508254,0.5
habit_test_05232,002958_02,S7414,ready,robot_local,1,0.8801303862683196,0.5
habit_test_05233,002959_01,S7414,early,robot_local,0,0.10892715303961799,0.5
habit_test_05234,002959_01,S7414,ready,robot_local,1,0.9515822516992928,0.5
habit_test_05235,002959_02,S7414,early,robot_local,0,0.1586285544883273,0.5
habit_test_05236,002959_02,S7414,ready,robot_local,1,0.9534037715206615,0.5
habit_test_05237,002960_01,S7414,early,robot_local,0,0.09581712276157711,0.5
habit_test_05238,002960_01,S7414,ready,robot_local,1,0.9392378743740902,0.5
habit_test_05239,002960_02,S7414,early,robot_local,0,0.060087406708735885,0.5
habit_test_05240,002960_02,S7414,ready,robot_local,1,0.8552719325986728,0.5
habit_test_05241,002961_01,S7414,early,robot_local,0,0.13181359672731724,0.5
habit_test_05242,002961_01,S7414,ready,robot_local,1,0.9126493254328941,0.5
habit_test_05243,002961_02,S7414,early,robot_local,0,0.07567549586533628,0.5
habit_test_05244,002961_02,S7414,ready,robot_local,1,0.9175432589681576,0.5
habit_test_05245,002962_01,S7414,early,robot_local,0,0.10176300197914372,0.5
habit_test_05246,002962_01,S7414,ready,robot_local,1,0.9756174757454233,0.5
habit_test_05247,002962_02,S7414,early,robot_local,0,0.11515405173060621,0.5
habit_test_05248,002962_02,S7414,ready,robot_local,1,0.9354671317469149,0.5
habit_test_05249,002963_01,S7414,early,robot_local,0,0.12473230183734599,0.5
habit_test_05250,002963_01,S7414,ready,robot_local,1,0.9531782994399175,0.5
habit_test_05251,002963_02,S7414,early,robot_local,0,0.17472141250728102,0.5
habit_test_05252,002963_02,S7414,ready,robot_local,1,0.9229957921523624,0.5
habit_test_05253,002964_01,S7414,early,robot_local,0,0.04126150118929972,0.5
habit_test_05254,002964_01,S7414,ready,robot_local,1,0.8908695601965831,0.5
habit_test_05255,002964_02,S7414,early,robot_local,0,0.2246657427591505,0.5
habit_test_05256,002964_02,S7414,ready,robot_local,1,0.9352303170365902,0.5
habit_test_05257,002965_01,S7414,early,robot_local,0,0.059907040339922495,0.5
habit_test_05258,002965_01,S7414,ready,robot_local,1,0.9690188797928874,0.5
habit_test_05259,002965_02,S7414,early,robot_local,0,0.07510437275391087,0.5
habit_test_05260,002965_02,S7414,ready,robot_local,1,0.9503264085702591,0.5
habit_test_05261,002966_01,S7414,early,robot_local,0,0.10575506140089934,0.5
habit_test_05262,002966_01,S7414,ready,robot_local,1,0.881916971993481,0.5
habit_test_05263,002966_02,S7414,early,robot_local,0,0.04670188042144913,0.5
habit_test_05264,002966_02,S7414,ready,robot_local,1,0.9767360222048243,0.5
habit_test_05265,002967_01,S7414,early,robot_local,0,0.11451290142286998,0.5
habit_test_05266,002967_01,S7414,ready,robot_local,1,0.9153351835751034,0.5
habit_test_05267,002967_02,S7414,early,robot_local,0,0.05643741469566452,0.5
habit_test_05268,002967_02,S7414,ready,robot_local,1,0.8697905570645306,0.5
habit_test_05269,002968_01,S7414,early,robot_local,0,0.06612002102114295,0.5
habit_test_05270,002968_01,S7414,ready,robot_local,1,0.8822840727374934,0.5
habit_test_05271,002968_02,S7414,early,robot_local,0,0.015133746169918506,0.5
habit_test_05272,002968_02,S7414,ready,robot_local,1,0.8818172526908363,0.5
habit_test_05273,002969_01,S7414,early,robot_local,0,0.05244152874268199,0.5
habit_test_05274,002969_01,S7414,ready,robot_local,1,0.9108209890896417,0.5
habit_test_05275,002969_02,S7414,early,robot_local,0,0.06049457006507143,0.5
habit_test_05276,002969_02,S7414,ready,robot_local,1,0.9119778120186469,0.5
habit_test_05277,002970_01,S7414,early,robot_local,0,0.21141077985276757,0.5
habit_test_05278,002970_01,S7414,ready,robot_local,1,0.9296136269855118,0.5
habit_test_05279,002970_02,S7414,early,robot_local,0,0.06651403276913545,0.5
habit_test_05280,002970_02,S7414,ready,robot_local,1,0.9289456954190841,0.5
habit_test_05281,002971_01,S7414,early,robot_local,0,0.1096223819601724,0.5
habit_test_05282,002971_01,S7414,ready,robot_local,1,0.9447628286986074,0.5
habit_test_05283,002971_02,S7414,early,robot_local,0,0.14763165928024746,0.5
habit_test_05284,002971_02,S7414,ready,robot_local,1,0.9807148159674379,0.5
habit_test_05285,002972_01,S7414,early,robot_local,0,0.17144914159566124,0.5
habit_test_05286,002972_01,S7414,ready,robot_local,1,0.8977523642249876,0.5
habit_test_05287,002972_02,S7414,early,robot_local,0,0.21474330200855737,0.5
habit_test_05288,002972_02,S7414,ready,robot_local,1,0.9647331174970228,0.5
habit_test_05289,002973_01,S7414,early,robot_local,0,0.09961516199692498,0.5
habit_test_05290,002973_01,S7414,ready,robot_local,1,0.915036398659679,0.5
habit_test_05291,002973_02,S7414,early,robot_local,0,0.06155382596895427,0.5
habit_test_05292,002973_02,S7414,ready,robot_local,1,0.9489377667031559,0.5
habit_test_05293,002974_01,S7414,early,robot_local,0,0.10510471006515351,0.5
habit_test_05294,002974_01,S7414,ready,robot_local,1,0.919075374814137,0.5
habit_test_05295,002974_02,S7414,early,robot_local,0,0.09569346454325427,0.5
habit_test_05296,002974_02,S7414,ready,robot_local,1,0.8910429261796177,0.5
habit_test_05297,002975_01,S7414,early,robot_local,0,0.12452061356398682,0.5
habit_test_05298,002975_01,S7414,ready,robot_local,1,0.977473614752687,0.5
habit_test_05299,002975_02,S7414,early,robot_local,0,0.08169801598402558,0.5
habit_test_05300,002975_02,S7414,ready,robot_local,1,0.8665402648890764,0.5
habit_test_05301,002976_01,S7414,early,robot_local,0,0.06296121199164254,0.5
habit_test_05302,002976_01,S7414,ready,robot_local,1,0.984693778516114,0.5
habit_test_05303,002976_02,S7414,early,robot_local,0,0.10642434518613363,0.5
habit_test_05304,002976_02,S7414,ready,robot_local,1,0.9382445439610976,0.5
habit_test_05305,003395_01,S7414,early,robot_local,0,0.0919834982435693,0.5
habit_test_05306,003395_01,S7414,ready,robot_local,1,0.9481343371970696,0.5
habit_test_05307,003395_02,S7414,early,robot_local,0,0.11190685446441259,0.5
habit_test_05308,003395_02,S7414,ready,robot_local,1,0.7865832526146893,0.5
habit_test_05309,003396_01,S7414,early,robot_local,0,0.03650593922974039,0.5
habit_test_05310,003396_01,S7414,ready,robot_local,1,0.8880504965529873,0.5
habit_test_05311,003396_02,S7414,early,robot_local,0,0.06285120585111571,0.5
habit_test_05312,003396_02,S7414,ready,robot_local,1,0.8708552642486974,0.5
habit_test_05313,003397_01,S7414,early,robot_local,0,0.0989051874029816,0.5
habit_test_05314,003397_01,S7414,ready,robot_local,1,0.9274968204560156,0.5
habit_test_05315,003397_02,S7414,early,robot_local,0,0.061352113072171525,0.5
habit_test_05316,003397_02,S7414,ready,robot_local,1,0.8777102918344754,0.5
habit_test_05317,003398_01,S7414,early,robot_local,0,0.10265854995152386,0.5
habit_test_05318,003398_01,S7414,ready,robot_local,1,0.9877602768917971,0.5
habit_test_05319,003398_02,S7414,early,robot_local,0,0.08930862927916738,0.5
habit_test_05320,003398_02,S7414,ready,robot_local,1,0.9627666619897091,0.5
habit_test_05321,003399_01,S7414,early,robot_local,0,0.1527218161500354,0.5
habit_test_05322,003399_01,S7414,ready,robot_local,1,0.9716927587694527,0.5
habit_test_05323,003399_02,S7414,early,robot_local,0,0.11528477885511919,0.5
habit_test_05324,003399_02,S7414,ready,robot_local,1,0.8186924475766683,0.5
habit_test_05325,003400_01,S7414,early,robot_local,0,0.032031937268977614,0.5
habit_test_05326,003400_01,S7414,ready,robot_local,1,0.9627874626118519,0.5
habit_test_05327,003400_02,S7414,early,robot_local,0,0.06915660336002254,0.5
habit_test_05328,003400_02,S7414,ready,robot_local,1,0.9620725620476492,0.5
habit_test_05329,003401_01,S7414,early,robot_local,0,0.030445552328530995,0.5
habit_test_05330,003401_01,S7414,ready,robot_local,1,0.8921372983870847,0.5
habit_test_05331,003401_02,S7414,early,robot_local,0,0.1069191825847422,0.5
habit_test_05332,003401_02,S7414,ready,robot_local,1,0.736150095239167,0.5
habit_test_05333,003402_01,S7414,early,robot_local,0,0.08924204959963383,0.5
habit_test_05334,003402_01,S7414,ready,robot_local,1,0.9092309855834547,0.5
habit_test_05335,003402_02,S7414,early,robot_local,0,0.0622208106325064,0.5
habit_test_05336,003402_02,S7414,ready,robot_local,1,0.7046015813229983,0.5
habit_test_05337,003403_01,S7414,early,robot_local,0,0.07647976597507336,0.5
habit_test_05338,003403_01,S7414,ready,robot_local,1,0.9678350559119836,0.5
habit_test_05339,003403_02,S7414,early,robot_local,0,0.0670216887226826,0.5
habit_test_05340,003403_02,S7414,ready,robot_local,1,0.7626783919726401,0.5
habit_test_05341,003405_01,S7414,early,robot_local,0,0.09079469234419853,0.5
habit_test_05342,003405_01,S7414,ready,robot_local,1,0.8745851971647365,0.5
habit_test_05343,003405_02,S7414,early,robot_local,0,0.02810609016930574,0.5
habit_test_05344,003405_02,S7414,ready,robot_local,1,0.794179488476344,0.5
habit_test_05345,003406_01,S7414,early,robot_local,0,0.024111054778158232,0.5
habit_test_05346,003406_01,S7414,ready,robot_local,1,0.6393787373209493,0.5
habit_test_05347,003406_02,S7414,early,robot_local,0,0.00872695700108268,0.5
habit_test_05348,003406_02,S7414,ready,robot_local,1,0.9413517873921076,0.5
habit_test_05349,003407_01,S7414,early,robot_local,0,0.077856149785078,0.5
habit_test_05350,003407_01,S7414,ready,robot_local,1,0.9550798584597511,0.5
habit_test_05351,003407_02,S7414,early,robot_local,0,0.07228866722853895,0.5
habit_test_05352,003407_02,S7414,ready,robot_local,1,0.9015143281757935,0.5
habit_test_05353,003408_01,S7414,early,robot_local,0,0.023931774693897616,0.5
habit_test_05354,003408_01,S7414,ready,robot_local,1,0.9215792937186835,0.5
habit_test_05355,003408_02,S7414,early,robot_local,0,0.16799895911190696,0.5
habit_test_05356,003408_02,S7414,ready,robot_local,1,0.9737298926041505,0.5
habit_test_05357,003409_01,S7414,early,robot_local,0,0.16571894712952975,0.5
habit_test_05358,003409_01,S7414,ready,robot_local,1,0.9788123976578536,0.5
habit_test_05359,003409_02,S7414,early,robot_local,0,0.11988291650275136,0.5
habit_test_05360,003409_02,S7414,ready,robot_local,1,0.9839289149678706,0.5
habit_test_05361,003410_01,S7414,early,robot_local,0,0.14157964999080763,0.5
habit_test_05362,003410_01,S7414,ready,robot_local,1,0.982804183262294,0.5
habit_test_05363,003410_02,S7414,early,robot_local,0,0.07675284837915074,0.5
habit_test_05364,003410_02,S7414,ready,robot_local,1,0.9686442587260887,0.5
habit_test_05365,003411_01,S7414,early,robot_local,0,0.06476480540509362,0.5
habit_test_05366,003411_01,S7414,ready,robot_local,1,0.9767973762002238,0.5
habit_test_05367,003411_02,S7414,early,robot_local,0,0.15865120085416806,0.5
habit_test_05368,003411_02,S7414,ready,robot_local,1,0.9492316961271375,0.5
habit_test_05369,003412_01,S7414,early,robot_local,0,0.025066289252509047,0.5
habit_test_05370,003412_01,S7414,ready,robot_local,1,0.9526614066452044,0.5
habit_test_05371,003412_02,S7414,early,robot_local,0,0.0217069767877036,0.5
habit_test_05372,003412_02,S7414,ready,robot_local,1,0.9539868240064957,0.5
habit_test_05373,003413_01,S7414,early,robot_local,0,0.017130218990123913,0.5
habit_test_05374,003413_01,S7414,ready,robot_local,1,0.8147863856012193,0.5
habit_test_05375,003413_02,S7414,early,robot_local,0,0.03202367873841497,0.5
habit_test_05376,003413_02,S7414,ready,robot_local,1,0.9547841546368451,0.5
habit_test_05377,003415_01,S7414,early,robot_local,0,0.0762973729742869,0.5
habit_test_05378,003415_01,S7414,ready,robot_local,1,0.9549827653930911,0.5
habit_test_05379,003415_02,S7414,early,robot_local,0,0.15028091322600548,0.5
habit_test_05380,003415_02,S7414,ready,robot_local,1,0.8934619642389217,0.5
habit_test_05381,003416_01,S7414,early,robot_local,0,0.1907694471919356,0.5
habit_test_05382,003416_01,S7414,ready,robot_local,1,0.9745229296216654,0.5
habit_test_05383,003416_02,S7414,early,robot_local,0,0.12345640295089054,0.5
habit_test_05384,003416_02,S7414,ready,robot_local,1,0.9375661001872043,0.5
habit_test_05385,003417_01,S7414,early,robot_local,0,0.02678820295080657,0.5
habit_test_05386,003417_01,S7414,ready,robot_local,1,0.9273078688152964,0.5
habit_test_05387,003417_02,S7414,early,robot_local,0,0.03126172015253503,0.5
habit_test_05388,003417_02,S7414,ready,robot_local,1,0.8758946853622629,0.5
habit_test_05389,003418_01,S7414,early,robot_local,0,0.07103234565731041,0.5
habit_test_05390,003418_01,S7414,ready,robot_local,1,0.936741100705857,0.5
habit_test_05391,003418_02,S7414,early,robot_local,0,0.08431714628172324,0.5
habit_test_05392,003418_02,S7414,ready,robot_local,1,0.9423687146414136,0.5
habit_test_05393,003419_01,S7414,early,robot_local,0,0.027649524723267756,0.5
habit_test_05394,003419_01,S7414,ready,robot_local,1,0.7909836991745697,0.5
habit_test_05395,003419_02,S7414,early,robot_local,0,0.010333729149671128,0.5
habit_test_05396,003419_02,S7414,ready,robot_local,1,0.8520698174323268,0.5
habit_test_05397,003420_01,S7414,early,robot_local,0,0.023794409040378425,0.5
habit_test_05398,003420_01,S7414,ready,robot_local,1,0.8743637721685897,0.5
habit_test_05399,003420_02,S7414,early,robot_local,0,0.025981263887720735,0.5
habit_test_05400,003420_02,S7414,ready,robot_local,1,0.9361728776346769,0.5
habit_test_05401,003421_01,S7414,early,robot_local,0,0.01580826453100243,0.5
habit_test_05402,003421_01,S7414,ready,robot_local,1,0.9249183460353781,0.5
habit_test_05403,003421_02,S7414,early,robot_local,0,0.018539980317063165,0.5
habit_test_05404,003421_02,S7414,ready,robot_local,1,0.9414850276905692,0.5
habit_test_05405,003422_01,S7414,early,robot_local,0,0.04883245956155672,0.5
habit_test_05406,003422_01,S7414,ready,robot_local,1,0.8719631672288368,0.5
habit_test_05407,003422_02,S7414,early,robot_local,0,0.054308109628905546,0.5
habit_test_05408,003422_02,S7414,ready,robot_local,1,0.986262841905152,0.5
habit_test_05409,003423_01,S7414,early,robot_local,0,0.09613848825646323,0.5
habit_test_05410,003423_01,S7414,ready,robot_local,1,0.8640770025274854,0.5
habit_test_05411,003423_02,S7414,early,robot_local,0,0.0798486304650497,0.5
habit_test_05412,003423_02,S7414,ready,robot_local,1,0.9444358180477607,0.5
habit_test_05413,003424_01,S7414,early,robot_local,0,0.026695002167356,0.5
habit_test_05414,003424_01,S7414,ready,robot_local,1,0.861241393530733,0.5
habit_test_05415,003424_02,S7414,early,robot_local,0,0.0786705673883841,0.5
habit_test_05416,003424_02,S7414,ready,robot_local,1,0.9488841903199924,0.5
habit_test_05417,003425_01,S7414,early,robot_local,0,0.11362353893706517,0.5
habit_test_05418,003425_01,S7414,ready,robot_local,1,0.9835011327394558,0.5
habit_test_05419,003425_02,S7414,early,robot_local,0,0.6072493964315652,0.5
habit_test_05420,003425_02,S7414,ready,robot_local,1,0.8892753545316125,0.5
habit_test_05421,003428_01,S7414,early,robot_local,0,0.033221928203947086,0.5
habit_test_05422,003428_01,S7414,ready,robot_local,1,0.7748291993198954,0.5
habit_test_05423,003428_02,S7414,early,robot_local,0,0.03811236895943738,0.5
habit_test_05424,003428_02,S7414,ready,robot_local,1,0.8830110501150277,0.5
habit_test_05425,003429_01,S7414,early,robot_local,0,0.04191596964415837,0.5
habit_test_05426,003429_01,S7414,ready,robot_local,1,0.8563945267255668,0.5
habit_test_05427,003429_02,S7414,early,robot_local,0,0.03779849256833424,0.5
habit_test_05428,003429_02,S7414,ready,robot_local,1,0.9414921510103483,0.5
habit_test_05429,003430_01,S7414,early,robot_local,0,0.07685884021661062,0.5
habit_test_05430,003430_01,S7414,ready,robot_local,1,0.9728132332994762,0.5
habit_test_05431,003430_02,S7414,early,robot_local,0,0.049734283498748505,0.5
habit_test_05432,003430_02,S7414,ready,robot_local,1,0.8745080419197925,0.5
habit_test_05433,003432_01,S7414,early,robot_local,0,0.025043447948501572,0.5
habit_test_05434,003432_01,S7414,ready,robot_local,1,0.8558545734719395,0.5
habit_test_05435,003432_02,S7414,early,robot_local,0,0.02559203673419002,0.5
habit_test_05436,003432_02,S7414,ready,robot_local,1,0.9169290771834447,0.5
habit_test_05437,003433_01,S7414,early,robot_local,0,0.07935133008984355,0.5
habit_test_05438,003433_01,S7414,ready,robot_local,1,0.6629197629358599,0.5
habit_test_05439,003433_02,S7414,early,robot_local,0,0.027764805454246116,0.5
habit_test_05440,003433_02,S7414,ready,robot_local,1,0.910569104428049,0.5
habit_test_05441,003434_01,S7414,early,robot_local,0,0.039109809786276255,0.5
habit_test_05442,003434_01,S7414,ready,robot_local,1,0.8766226820045274,0.5
habit_test_05443,003434_02,S7414,early,robot_local,0,0.024651715916453962,0.5
habit_test_05444,003434_02,S7414,ready,robot_local,1,0.9480818331862952,0.5
habit_test_05445,003435_01,S7414,early,robot_local,0,0.04785415647906462,0.5
habit_test_05446,003435_01,S7414,ready,robot_local,1,0.9199354444727125,0.5
habit_test_05447,003435_02,S7414,early,robot_local,0,0.02258249667495397,0.5
habit_test_05448,003435_02,S7414,ready,robot_local,1,0.9628605532642439,0.5
habit_test_05449,003436_01,S7414,early,robot_local,0,0.1165520563052743,0.5
habit_test_05450,003436_01,S7414,ready,robot_local,1,0.9676144631641207,0.5
habit_test_05451,003436_02,S7414,early,robot_local,0,0.015793105413510623,0.5
habit_test_05452,003436_02,S7414,ready,robot_local,1,0.9507702768252806,0.5
habit_test_05453,003437_01,S7414,early,robot_local,0,0.07430206068905312,0.5
habit_test_05454,003437_01,S7414,ready,robot_local,1,0.9661756435265215,0.5
habit_test_05455,003437_02,S7414,early,robot_local,0,0.12530495672896497,0.5
habit_test_05456,003437_02,S7414,ready,robot_local,1,0.8444051268626691,0.5
habit_test_05457,003438_01,S7414,early,robot_local,0,0.06961670999226839,0.5
habit_test_05458,003438_01,S7414,ready,robot_local,1,0.947175107506496,0.5
habit_test_05459,003438_02,S7414,early,robot_local,0,0.07385001899791299,0.5
habit_test_05460,003438_02,S7414,ready,robot_local,1,0.9598319734331804,0.5
habit_test_05461,003440_01,S7414,early,robot_local,0,0.21928576992719676,0.5
habit_test_05462,003440_01,S7414,ready,robot_local,1,0.9609907748901376,0.5
habit_test_05463,003440_02,S7414,early,robot_local,0,0.1247485690496558,0.5
habit_test_05464,003440_02,S7414,ready,robot_local,1,0.793213929009607,0.5
habit_test_05465,003441_01,S7414,early,robot_local,0,0.024362863651769373,0.5
habit_test_05466,003441_01,S7414,ready,robot_local,1,0.8778680016427836,0.5
habit_test_05467,003441_02,S7414,early,robot_local,0,0.23785468035804477,0.5
habit_test_05468,003441_02,S7414,ready,robot_local,1,0.9499649931597538,0.5
habit_test_05469,003442_01,S7414,early,robot_local,0,0.01583899078668416,0.5
habit_test_05470,003442_01,S7414,ready,robot_local,1,0.8902077256624861,0.5
habit_test_05471,003442_02,S7414,early,robot_local,0,0.07206790622104071,0.5
habit_test_05472,003442_02,S7414,ready,robot_local,1,0.9048390088937306,0.5
habit_test_05473,003444_01,S7414,early,robot_local,0,0.015290413930882598,0.5
habit_test_05474,003444_01,S7414,ready,robot_local,1,0.9110200858362371,0.5
habit_test_05475,003444_02,S7414,early,robot_local,0,0.025334523537941925,0.5
habit_test_05476,003444_02,S7414,ready,robot_local,1,0.9512204914904178,0.5
habit_test_05477,003445_01,S7414,early,robot_local,0,0.023564531225341315,0.5
habit_test_05478,003445_01,S7414,ready,robot_local,1,0.9441778186167177,0.5
habit_test_05479,003445_02,S7414,early,robot_local,0,0.09296735333159885,0.5
habit_test_05480,003445_02,S7414,ready,robot_local,1,0.9035816245545846,0.5
habit_test_05481,003449_01,S7414,early,robot_local,0,0.01791559847867034,0.5
habit_test_05482,003449_01,S7414,ready,robot_local,1,0.9446320801934693,0.5
habit_test_05483,003449_02,S7414,early,robot_local,0,0.05223722263130281,0.5
habit_test_05484,003449_02,S7414,ready,robot_local,1,0.8342236892676579,0.5
habit_test_05485,003450_01,S7414,early,robot_local,0,0.03241702283533883,0.5
habit_test_05486,003450_01,S7414,ready,robot_local,1,0.9885017967389076,0.5
habit_test_05487,003450_02,S7414,early,robot_local,0,0.15397106513386608,0.5
habit_test_05488,003450_02,S7414,ready,robot_local,1,0.9242454509729171,0.5
habit_test_05489,003451_01,S7414,early,robot_local,0,0.02392977287772174,0.5
habit_test_05490,003451_01,S7414,ready,robot_local,1,0.9863232857948512,0.5
habit_test_05491,003451_02,S7414,early,robot_local,0,0.05062666348809091,0.5
habit_test_05492,003451_02,S7414,ready,robot_local,1,0.8910285586395528,0.5
habit_test_05493,003452_01,S7414,early,robot_local,0,0.18562226447517538,0.5
habit_test_05494,003452_01,S7414,ready,robot_local,1,0.9926374013287602,0.5
habit_test_05495,003452_02,S7414,early,robot_local,0,0.08865316337946974,0.5
habit_test_05496,003452_02,S7414,ready,robot_local,1,0.9598051353156541,0.5
habit_test_05497,003453_01,S7414,early,robot_local,0,0.3231739436865685,0.5
habit_test_05498,003453_01,S7414,ready,robot_local,1,0.9507070627066574,0.5
habit_test_05499,003453_02,S7414,early,robot_local,0,0.03993396248138444,0.5
habit_test_05500,003453_02,S7414,ready,robot_local,1,0.8670708581501939,0.5
habit_test_05501,003454_01,S7414,early,robot_local,0,0.13023058414509497,0.5
habit_test_05502,003454_01,S7414,ready,robot_local,1,0.990478433842505,0.5
habit_test_05503,003454_02,S7414,early,robot_local,0,0.17004164483400044,0.5
habit_test_05504,003454_02,S7414,ready,robot_local,1,0.8860703395468511,0.5
habit_test_05505,003455_01,S7414,early,robot_local,0,0.026384662335174145,0.5
habit_test_05506,003455_01,S7414,ready,robot_local,1,0.9202863028308975,0.5
habit_test_05507,003455_02,S7414,early,robot_local,0,0.03262696624380837,0.5
habit_test_05508,003455_02,S7414,ready,robot_local,1,0.906113793620789,0.5
habit_test_05509,003456_01,S7414,early,robot_local,0,0.04364276735743385,0.5
habit_test_05510,003456_01,S7414,ready,robot_local,1,0.9640828579584155,0.5
habit_test_05511,003456_02,S7414,early,robot_local,0,0.10022344785808696,0.5
habit_test_05512,003456_02,S7414,ready,robot_local,1,0.652355593686893,0.5
habit_test_05513,003457_01,S7414,early,robot_local,0,0.030158596495390485,0.5
habit_test_05514,003457_01,S7414,ready,robot_local,1,0.9703556354151981,0.5
habit_test_05515,003457_02,S7414,early,robot_local,0,0.03464326792806263,0.5
habit_test_05516,003457_02,S7414,ready,robot_local,1,0.7882873915646486,0.5
habit_test_05517,003458_01,S7414,early,robot_local,0,0.05166985563636487,0.5
habit_test_05518,003458_01,S7414,ready,robot_local,1,0.957691744887892,0.5
habit_test_05519,003458_02,S7414,early,robot_local,0,0.1432382852925593,0.5
habit_test_05520,003458_02,S7414,ready,robot_local,1,0.6453276354541195,0.5
habit_test_05521,003459_01,S7414,early,robot_local,0,0.03782188066311487,0.5
habit_test_05522,003459_01,S7414,ready,robot_local,1,0.9827625246030419,0.5
habit_test_05523,003459_02,S7414,early,robot_local,0,0.03979492376099021,0.5
habit_test_05524,003459_02,S7414,ready,robot_local,1,0.6721710831978337,0.5
habit_test_05525,003460_01,S7414,early,robot_local,0,0.08006182197496375,0.5
habit_test_05526,003460_01,S7414,ready,robot_local,1,0.9765383284297949,0.5
habit_test_05527,003460_02,S7414,early,robot_local,0,0.027906668281101495,0.5
habit_test_05528,003460_02,S7414,ready,robot_local,1,0.6635569247338671,0.5
habit_test_05529,003461_01,S7414,early,robot_local,0,0.0944403566209757,0.5
habit_test_05530,003461_01,S7414,ready,robot_local,1,0.9808361413813882,0.5
habit_test_05531,003461_02,S7414,early,robot_local,0,0.040158386580250977,0.5
habit_test_05532,003461_02,S7414,ready,robot_local,1,0.9658262964136014,0.5
habit_test_05533,003462_01,S7414,early,robot_local,0,0.2056955278885525,0.5
habit_test_05534,003462_01,S7414,ready,robot_local,1,0.988968485640795,0.5
habit_test_05535,003462_02,S7414,early,robot_local,0,0.17943658313360503,0.5
habit_test_05536,003462_02,S7414,ready,robot_local,1,0.9852078583357651,0.5
habit_test_05537,003463_01,S7414,early,robot_local,0,0.019268357744909204,0.5
habit_test_05538,003463_01,S7414,ready,robot_local,1,0.9635147694283577,0.5
habit_test_05539,003463_02,S7414,early,robot_local,0,0.02704438804680687,0.5
habit_test_05540,003463_02,S7414,ready,robot_local,1,0.9556691701942909,0.5
habit_test_05541,003464_01,S7414,early,robot_local,0,0.09199935416696868,0.5
habit_test_05542,003464_01,S7414,ready,robot_local,1,0.9203334220009668,0.5
habit_test_05543,003464_02,S7414,early,robot_local,0,0.05916749347722284,0.5
habit_test_05544,003464_02,S7414,ready,robot_local,1,0.9667600430463825,0.5
habit_test_05545,003465_01,S7414,early,robot_local,0,0.012982815868572393,0.5
habit_test_05546,003465_01,S7414,ready,robot_local,1,0.866431700673374,0.5
habit_test_05547,003465_02,S7414,early,robot_local,0,0.048047469534452006,0.5
habit_test_05548,003465_02,S7414,ready,robot_local,1,0.9042465927453446,0.5
habit_test_05549,003466_01,S7414,early,robot_local,0,0.017861271396819728,0.5
habit_test_05550,003466_01,S7414,ready,robot_local,1,0.8605956932709456,0.5
habit_test_05551,003466_02,S7414,early,robot_local,0,0.007973173426676373,0.5
habit_test_05552,003466_02,S7414,ready,robot_local,1,0.8758173417259478,0.5
habit_test_05553,003467_01,S7414,early,robot_local,0,0.046456370139388234,0.5
habit_test_05554,003467_01,S7414,ready,robot_local,1,0.8970512383676417,0.5
habit_test_05555,003467_02,S7414,early,robot_local,0,0.07392350918831847,0.5
habit_test_05556,003467_02,S7414,ready,robot_local,1,0.936251714548266,0.5
habit_test_05557,003468_01,S7414,early,robot_local,0,0.0879023710465736,0.5
habit_test_05558,003468_01,S7414,ready,robot_local,1,0.9669785603128824,0.5
habit_test_05559,003468_02,S7414,early,robot_local,0,0.13215407572572302,0.5
habit_test_05560,003468_02,S7414,ready,robot_local,1,0.9191736288738345,0.5
habit_test_05561,003469_01,S7414,early,robot_local,0,0.5399919103185711,0.5
habit_test_05562,003469_01,S7414,ready,robot_local,1,0.9731156613502582,0.5
habit_test_05563,003469_02,S7414,early,robot_local,0,0.033699420552558854,0.5
habit_test_05564,003469_02,S7414,ready,robot_local,1,0.9483203495835743,0.5
habit_test_05565,003470_01,S7414,early,robot_local,0,0.04579040795216915,0.5
habit_test_05566,003470_01,S7414,ready,robot_local,1,0.8039753105209851,0.5
habit_test_05567,003470_02,S7414,early,robot_local,0,0.03647858629059055,0.5
habit_test_05568,003470_02,S7414,ready,robot_local,1,0.8893991970702798,0.5
habit_test_05569,003472_01,S7414,early,robot_local,0,0.09083337928964288,0.5
habit_test_05570,003472_01,S7414,ready,robot_local,1,0.9596171894384635,0.5
habit_test_05571,003472_02,S7414,early,robot_local,0,0.0282588733687067,0.5
habit_test_05572,003472_02,S7414,ready,robot_local,1,0.8316127706801038,0.5
habit_test_05573,003473_01,S7414,early,robot_local,0,0.06761052761369184,0.5
habit_test_05574,003473_01,S7414,ready,robot_local,1,0.9026511480583185,0.5
habit_test_05575,003473_02,S7414,early,robot_local,0,0.19725309318191048,0.5
habit_test_05576,003473_02,S7414,ready,robot_local,1,0.970634262292216,0.5
habit_test_05577,003474_01,S7414,early,robot_local,0,0.09466576489625132,0.5
habit_test_05578,003474_01,S7414,ready,robot_local,1,0.9321804561834898,0.5
habit_test_05579,003474_02,S7414,early,robot_local,0,0.1168504361762875,0.5
habit_test_05580,003474_02,S7414,ready,robot_local,1,0.9622365915909575,0.5
habit_test_05581,003475_01,S7414,early,robot_local,0,0.07135920180220316,0.5
habit_test_05582,003475_01,S7414,ready,robot_local,1,0.9717508722903867,0.5
habit_test_05583,003475_02,S7414,early,robot_local,0,0.07128693530264607,0.5
habit_test_05584,003475_02,S7414,ready,robot_local,1,0.9140938982281395,0.5
habit_test_05585,003476_01,S7414,early,robot_local,0,0.057531197942209816,0.5
habit_test_05586,003476_01,S7414,ready,robot_local,1,0.9442723434437763,0.5
habit_test_05587,003476_02,S7414,early,robot_local,0,0.08084262680047187,0.5
habit_test_05588,003476_02,S7414,ready,robot_local,1,0.8770091277832633,0.5
habit_test_05589,003477_01,S7414,early,robot_local,0,0.01369711901074368,0.5
habit_test_05590,003477_01,S7414,ready,robot_local,1,0.9340277982395383,0.5
habit_test_05591,003477_02,S7414,early,robot_local,0,0.10161351041432314,0.5
habit_test_05592,003477_02,S7414,ready,robot_local,1,0.8434608029292651,0.5
habit_test_05593,003478_01,S7414,early,robot_local,0,0.03630668991369825,0.5
habit_test_05594,003478_01,S7414,ready,robot_local,1,0.9381315687839946,0.5
habit_test_05595,003478_02,S7414,early,robot_local,0,0.1344980276594272,0.5
habit_test_05596,003478_02,S7414,ready,robot_local,1,0.9406127379233642,0.5
habit_test_05597,003479_01,S7414,early,robot_local,0,0.07682054292747363,0.5
habit_test_05598,003479_01,S7414,ready,robot_local,1,0.8934558750217958,0.5
habit_test_05599,003479_02,S7414,early,robot_local,0,0.019255834048121073,0.5
habit_test_05600,003479_02,S7414,ready,robot_local,1,0.8812156990121823,0.5
habit_test_05601,003480_01,S7414,early,robot_local,0,0.04995658587540353,0.5
habit_test_05602,003480_01,S7414,ready,robot_local,1,0.8671917339601813,0.5
habit_test_05603,003480_02,S7414,early,robot_local,0,0.02399322473630561,0.5
habit_test_05604,003480_02,S7414,ready,robot_local,1,0.8560748831352231,0.5
habit_test_05605,003482_01,S7414,early,robot_local,0,0.09772915731708298,0.5
habit_test_05606,003482_01,S7414,ready,robot_local,1,0.9698346002273102,0.5
habit_test_05607,003482_02,S7414,early,robot_local,0,0.048114550705926865,0.5
habit_test_05608,003482_02,S7414,ready,robot_local,1,0.9482016577929527,0.5
habit_test_05609,003483_01,S7414,early,robot_local,0,0.06968977922574761,0.5
habit_test_05610,003483_01,S7414,ready,robot_local,1,0.9415690845201874,0.5
habit_test_05611,003483_02,S7414,early,robot_local,0,0.09065254842939201,0.5
habit_test_05612,003483_02,S7414,ready,robot_local,1,0.9515123473474794,0.5
habit_test_05613,003485_01,S7414,early,robot_local,0,0.025318443015156587,0.5
habit_test_05614,003485_01,S7414,ready,robot_local,1,0.8112024484758756,0.5
habit_test_05615,003485_02,S7414,early,robot_local,0,0.11693777256077506,0.5
habit_test_05616,003485_02,S7414,ready,robot_local,1,0.9474427539484218,0.5
habit_test_05617,003486_01,S7414,early,robot_local,0,0.03233784468620037,0.5
habit_test_05618,003486_01,S7414,ready,robot_local,1,0.9550934327340127,0.5
habit_test_05619,003486_02,S7414,early,robot_local,0,0.0381237310802951,0.5
habit_test_05620,003486_02,S7414,ready,robot_local,1,0.9568677058555062,0.5
habit_test_05621,003487_01,S7414,early,robot_local,0,0.014766825997257767,0.5
habit_test_05622,003487_01,S7414,ready,robot_local,1,0.9440494587177053,0.5
habit_test_05623,003487_02,S7414,early,robot_local,0,0.06795097533555851,0.5
habit_test_05624,003487_02,S7414,ready,robot_local,1,0.9479668711530989,0.5
habit_test_05625,003489_01,S7414,early,robot_local,0,0.0434609593780818,0.5
habit_test_05626,003489_01,S7414,ready,robot_local,1,0.8961152179853873,0.5
habit_test_05627,003489_02,S7414,early,robot_local,0,0.1447247367219062,0.5
habit_test_05628,003489_02,S7414,ready,robot_local,1,0.7842366900170071,0.5
habit_test_05629,003490_01,S7414,early,robot_local,0,0.017657711801730376,0.5
habit_test_05630,003490_01,S7414,ready,robot_local,1,0.8913713663173285,0.5
habit_test_05631,003490_02,S7414,early,robot_local,0,0.07042135738167175,0.5
habit_test_05632,003490_02,S7414,ready,robot_local,1,0.9667678585704499,0.5
habit_test_05633,003491_01,S7414,early,robot_local,0,0.03642358815357251,0.5
habit_test_05634,003491_01,S7414,ready,robot_local,1,0.9043803311351069,0.5
habit_test_05635,003491_02,S7414,early,robot_local,0,0.034240935111644624,0.5
habit_test_05636,003491_02,S7414,ready,robot_local,1,0.8770952983429406,0.5
habit_test_05637,003493_01,S7414,early,robot_local,0,0.04611849421863067,0.5
habit_test_05638,003493_01,S7414,ready,robot_local,1,0.9821214878566803,0.5
habit_test_05639,003493_02,S7414,early,robot_local,0,0.04176494408944833,0.5
habit_test_05640,003493_02,S7414,ready,robot_local,1,0.896956184896672,0.5
habit_test_05641,003494_01,S7414,early,robot_local,0,0.04268435682612642,0.5
habit_test_05642,003494_01,S7414,ready,robot_local,1,0.831397402344665,0.5
habit_test_05643,003494_02,S7414,early,robot_local,0,0.020117962694868798,0.5
habit_test_05644,003494_02,S7414,ready,robot_local,1,0.8914351267994122,0.5
habit_test_05645,003495_01,S7414,early,robot_local,0,0.053496936176611304,0.5
habit_test_05646,003495_01,S7414,ready,robot_local,1,0.9376030804344279,0.5
habit_test_05647,003495_02,S7414,early,robot_local,0,0.021403813150958875,0.5
habit_test_05648,003495_02,S7414,ready,robot_local,1,0.6518033031891336,0.5
habit_test_05649,003496_01,S7414,early,robot_local,0,0.041110916258213163,0.5
habit_test_05650,003496_01,S7414,ready,robot_local,1,0.9489116704457026,0.5
habit_test_05651,003496_02,S7414,early,robot_local,0,0.015464792056921462,0.5
habit_test_05652,003496_02,S7414,ready,robot_local,1,0.941382079284946,0.5
habit_test_05653,003497_01,S7414,early,robot_local,0,0.1656705734259049,0.5
habit_test_05654,003497_01,S7414,ready,robot_local,1,0.9820752707793842,0.5
habit_test_05655,003497_02,S7414,early,robot_local,0,0.051188179214247786,0.5
habit_test_05656,003497_02,S7414,ready,robot_local,1,0.9514452233815811,0.5
habit_test_05657,003499_01,S7414,early,robot_local,0,0.03771471688579435,0.5
habit_test_05658,003499_01,S7414,ready,robot_local,1,0.9802510746317649,0.5
habit_test_05659,003499_02,S7414,early,robot_local,0,0.05719651964352848,0.5
habit_test_05660,003499_02,S7414,ready,robot_local,1,0.6128678605253051,0.5
habit_test_05661,003500_01,S7414,early,robot_local,0,0.06978009091756675,0.5
habit_test_05662,003500_01,S7414,ready,robot_local,1,0.8838760964132809,0.5
habit_test_05663,003500_02,S7414,early,robot_local,0,0.046538960324877705,0.5
habit_test_05664,003500_02,S7414,ready,robot_local,1,0.9079684723167943,0.5
habit_test_05665,003503_01,S7414,early,robot_local,0,0.010977885560191653,0.5
habit_test_05666,003503_01,S7414,ready,robot_local,1,0.7881322011774902,0.5
habit_test_05667,003503_02,S7414,early,robot_local,0,0.012347283517776624,0.5
habit_test_05668,003503_02,S7414,ready,robot_local,1,0.527019531584281,0.5
habit_test_05669,003504_01,S7414,early,robot_local,0,0.022756829049307488,0.5
habit_test_05670,003504_01,S7414,ready,robot_local,1,0.9401718496276846,0.5
habit_test_05671,003504_02,S7414,early,robot_local,0,0.01440951075512541,0.5
habit_test_05672,003504_02,S7414,ready,robot_local,1,0.9060033443272383,0.5
habit_test_05673,003505_01,S7414,early,robot_local,0,0.028217217191016677,0.5
habit_test_05674,003505_01,S7414,ready,robot_local,1,0.8941461631890906,0.5
habit_test_05675,003505_02,S7414,early,robot_local,0,0.006439156387757181,0.5
habit_test_05676,003505_02,S7414,ready,robot_local,1,0.9092716103066426,0.5
habit_test_05677,003506_01,S7414,early,robot_local,0,0.13028002210593104,0.5
habit_test_05678,003506_01,S7414,ready,robot_local,1,0.9667661608756648,0.5
habit_test_05679,003506_02,S7414,early,robot_local,0,0.08063689939613551,0.5
habit_test_05680,003506_02,S7414,ready,robot_local,1,0.9477251217421945,0.5
habit_test_05681,003507_01,S7414,early,robot_local,0,0.019722298212014103,0.5
habit_test_05682,003507_01,S7414,ready,robot_local,1,0.9289722610899503,0.5
habit_test_05683,003507_02,S7414,early,robot_local,0,0.010120130887998367,0.5
habit_test_05684,003507_02,S7414,ready,robot_local,1,0.9296626379087337,0.5
habit_test_05685,003508_01,S7414,early,robot_local,0,0.04007957328389452,0.5
habit_test_05686,003508_01,S7414,ready,robot_local,1,0.9678464433661806,0.5
habit_test_05687,003508_02,S7414,early,robot_local,0,0.1270100195792417,0.5
habit_test_05688,003508_02,S7414,ready,robot_local,1,0.9804070758321589,0.5
habit_test_05689,003510_01,S7414,early,robot_local,0,0.03064948784299193,0.5
habit_test_05690,003510_01,S7414,ready,robot_local,1,0.9761600738216417,0.5
habit_test_05691,003510_02,S7414,early,robot_local,0,0.054982851938115314,0.5
habit_test_05692,003510_02,S7414,ready,robot_local,1,0.9173543700454064,0.5
habit_test_05693,003511_01,S7414,early,robot_local,0,0.015823447951510448,0.5
habit_test_05694,003511_01,S7414,ready,robot_local,1,0.8673321493561541,0.5
habit_test_05695,003511_02,S7414,early,robot_local,0,0.19211419571475516,0.5
habit_test_05696,003511_02,S7414,ready,robot_local,1,0.8394894936654169,0.5
habit_test_05697,003513_01,S7414,early,robot_local,0,0.026321113015233523,0.5
habit_test_05698,003513_01,S7414,ready,robot_local,1,0.9140583531036068,0.5
habit_test_05699,003513_02,S7414,early,robot_local,0,0.03635323310207573,0.5
habit_test_05700,003513_02,S7414,ready,robot_local,1,0.9323623869109839,0.5
habit_test_05701,003514_01,S7414,early,robot_local,0,0.01595414036060347,0.5
habit_test_05702,003514_01,S7414,ready,robot_local,1,0.764542207529825,0.5
habit_test_05703,003514_02,S7414,early,robot_local,0,0.06811266581694145,0.5
habit_test_05704,003514_02,S7414,ready,robot_local,1,0.948516614824132,0.5
habit_test_05705,003515_01,S7414,early,robot_local,0,0.025424754776369456,0.5
habit_test_05706,003515_01,S7414,ready,robot_local,1,0.8746015678377552,0.5
habit_test_05707,003515_02,S7414,early,robot_local,0,0.07264402981907597,0.5
habit_test_05708,003515_02,S7414,ready,robot_local,1,0.9445411044611816,0.5
habit_test_05709,003516_01,S7414,early,robot_local,0,0.04066730795070758,0.5
habit_test_05710,003516_01,S7414,ready,robot_local,1,0.9015475870242563,0.5
habit_test_05711,003516_02,S7414,early,robot_local,0,0.030910958997799564,0.5
habit_test_05712,003516_02,S7414,ready,robot_local,1,0.9106493245902704,0.5
habit_test_05713,003517_01,S7414,early,robot_local,0,0.016477702016382413,0.5
habit_test_05714,003517_01,S7414,ready,robot_local,1,0.8946002404979717,0.5
habit_test_05715,003517_02,S7414,early,robot_local,0,0.02754053061886178,0.5
habit_test_05716,003517_02,S7414,ready,robot_local,1,0.7515498095042624,0.5
habit_test_05717,003518_01,S7414,early,robot_local,0,0.027919376003457806,0.5
habit_test_05718,003518_01,S7414,ready,robot_local,1,0.9005001879015723,0.5
habit_test_05719,003518_02,S7414,early,robot_local,0,0.015219462278076681,0.5
habit_test_05720,003518_02,S7414,ready,robot_local,1,0.9726456051639948,0.5
habit_test_05721,003520_01,S7414,early,robot_local,0,0.04176903930101471,0.5
habit_test_05722,003520_01,S7414,ready,robot_local,1,0.8298974763220028,0.5
habit_test_05723,003520_02,S7414,early,robot_local,0,0.019102535044305823,0.5
habit_test_05724,003520_02,S7414,ready,robot_local,1,0.9091597666425244,0.5
habit_test_05725,003521_01,S7414,early,robot_local,0,0.07092377351397752,0.5
habit_test_05726,003521_01,S7414,ready,robot_local,1,0.8145234149462494,0.5
habit_test_05727,003521_02,S7414,early,robot_local,0,0.0179093188479576,0.5
habit_test_05728,003521_02,S7414,ready,robot_local,1,0.9707069456854621,0.5
habit_test_05729,003522_01,S7414,early,robot_local,0,0.035935108800468504,0.5
habit_test_05730,003522_01,S7414,ready,robot_local,1,0.9387522655008086,0.5
habit_test_05731,003522_02,S7414,early,robot_local,0,0.03823955274666154,0.5
habit_test_05732,003522_02,S7414,ready,robot_local,1,0.9174268052296289,0.5
habit_test_05733,003523_01,S7414,early,robot_local,0,0.03477889009697039,0.5
habit_test_05734,003523_01,S7414,ready,robot_local,1,0.7263033562822545,0.5
habit_test_05735,003523_02,S7414,early,robot_local,0,0.01587810134148178,0.5
habit_test_05736,003523_02,S7414,ready,robot_local,1,0.9277116917422311,0.5
habit_test_05737,003524_01,S7414,early,robot_local,0,0.12636261666536483,0.5
habit_test_05738,003524_01,S7414,ready,robot_local,1,0.8213319977025704,0.5
habit_test_05739,003524_02,S7414,early,robot_local,0,0.02827603507851096,0.5
habit_test_05740,003524_02,S7414,ready,robot_local,1,0.8981317640720773,0.5
habit_test_05741,003525_01,S7414,early,robot_local,0,0.11393198495336447,0.5
habit_test_05742,003525_01,S7414,ready,robot_local,1,0.868673821270657,0.5
habit_test_05743,003525_02,S7414,early,robot_local,0,0.12366519120611338,0.5
habit_test_05744,003525_02,S7414,ready,robot_local,1,0.8526105358070546,0.5
habit_test_05745,003527_01,S7414,early,robot_local,0,0.02024740820110784,0.5
habit_test_05746,003527_01,S7414,ready,robot_local,1,0.8357255153750756,0.5
habit_test_05747,003527_02,S7414,early,robot_local,0,0.14256821016692373,0.5
habit_test_05748,003527_02,S7414,ready,robot_local,1,0.855634880283339,0.5
habit_test_05749,003528_01,S7414,early,robot_local,0,0.02012926039973582,0.5
habit_test_05750,003528_01,S7414,ready,robot_local,1,0.9120413388972465,0.5
habit_test_05751,003528_02,S7414,early,robot_local,0,0.0742823750801034,0.5
habit_test_05752,003528_02,S7414,ready,robot_local,1,0.9273276268592486,0.5
habit_test_05753,003529_01,S7414,early,robot_local,0,0.025332270939036734,0.5
habit_test_05754,003529_01,S7414,ready,robot_local,1,0.8449350795476495,0.5
habit_test_05755,003529_02,S7414,early,robot_local,0,0.024156537793473373,0.5
habit_test_05756,003529_02,S7414,ready,robot_local,1,0.8252042224603485,0.5
habit_test_05757,003530_01,S7414,early,robot_local,0,0.02859490817455427,0.5
habit_test_05758,003530_01,S7414,ready,robot_local,1,0.8453790793755457,0.5
habit_test_05759,003530_02,S7414,early,robot_local,0,0.0882257958795749,0.5
habit_test_05760,003530_02,S7414,ready,robot_local,1,0.9243114563635006,0.5
habit_test_05761,003531_01,S7414,early,robot_local,0,0.023316987143402083,0.5
habit_test_05762,003531_01,S7414,ready,robot_local,1,0.9037838190654514,0.5
habit_test_05763,003531_02,S7414,early,robot_local,0,0.03578176593401199,0.5
habit_test_05764,003531_02,S7414,ready,robot_local,1,0.860119264144169,0.5
habit_test_05765,003532_01,S7414,early,robot_local,0,0.023897659181157115,0.5
habit_test_05766,003532_01,S7414,ready,robot_local,1,0.6509733346126223,0.5
habit_test_05767,003532_02,S7414,early,robot_local,0,0.02642704962218696,0.5
habit_test_05768,003532_02,S7414,ready,robot_local,1,0.6291376302379849,0.5
habit_test_05769,003534_01,S7414,early,robot_local,0,0.05235983637731239,0.5
habit_test_05770,003534_01,S7414,ready,robot_local,1,0.8014892727047551,0.5
habit_test_05771,003534_02,S7414,early,robot_local,0,0.01652911739908282,0.5
habit_test_05772,003534_02,S7414,ready,robot_local,1,0.9139307674245646,0.5
habit_test_05773,003535_01,S7414,early,robot_local,0,0.018992016460435916,0.5
habit_test_05774,003535_01,S7414,ready,robot_local,1,0.9327406585964046,0.5
habit_test_05775,003535_02,S7414,early,robot_local,0,0.02299983509607362,0.5
habit_test_05776,003535_02,S7414,ready,robot_local,1,0.7757806836823992,0.5
habit_test_05777,003536_01,S7414,early,robot_local,0,0.027843139858331766,0.5
habit_test_05778,003536_01,S7414,ready,robot_local,1,0.9177797813223152,0.5
habit_test_05779,003536_02,S7414,early,robot_local,0,0.03260669546995679,0.5
habit_test_05780,003536_02,S7414,ready,robot_local,1,0.8696283658822568,0.5
habit_test_05781,003537_01,S7414,early,robot_local,0,0.011125442586604235,0.5
habit_test_05782,003537_01,S7414,ready,robot_local,1,0.7647577511224005,0.5
habit_test_05783,003537_02,S7414,early,robot_local,0,0.04934992436350314,0.5
habit_test_05784,003537_02,S7414,ready,robot_local,1,0.9115594946924912,0.5
habit_test_05785,003538_01,S7414,early,robot_local,0,0.08673613369059388,0.5
habit_test_05786,003538_01,S7414,ready,robot_local,1,0.9897696413755792,0.5
habit_test_05787,003538_02,S7414,early,robot_local,0,0.24894730436850931,0.5
habit_test_05788,003538_02,S7414,ready,robot_local,1,0.8736419558407656,0.5
habit_test_05789,003539_01,S7414,early,robot_local,0,0.21519165972103904,0.5
habit_test_05790,003539_01,S7414,ready,robot_local,1,0.8999671414645299,0.5
habit_test_05791,003539_02,S7414,early,robot_local,0,0.5956416041225144,0.5
habit_test_05792,003539_02,S7414,ready,robot_local,1,0.8887774063787613,0.5
habit_test_05793,003540_01,S7414,early,robot_local,0,0.04043750842399431,0.5
habit_test_05794,003540_01,S7414,ready,robot_local,1,0.9608990941253565,0.5
habit_test_05795,003540_02,S7414,early,robot_local,0,0.10756180087630555,0.5
habit_test_05796,003540_02,S7414,ready,robot_local,1,0.8917909037210184,0.5
habit_test_05797,003541_01,S7414,early,robot_local,0,0.037844280353346894,0.5
habit_test_05798,003541_01,S7414,ready,robot_local,1,0.9782599749415782,0.5
habit_test_05799,003541_02,S7414,early,robot_local,0,0.07527765053646528,0.5
habit_test_05800,003541_02,S7414,ready,robot_local,1,0.9073630923211086,0.5
habit_test_05801,003542_01,S7414,early,robot_local,0,0.07410313178270735,0.5
habit_test_05802,003542_01,S7414,ready,robot_local,1,0.7956335441466573,0.5
habit_test_05803,003542_02,S7414,early,robot_local,0,0.021725817063613352,0.5
habit_test_05804,003542_02,S7414,ready,robot_local,1,0.86621943242627,0.5
habit_test_05805,003543_01,S7414,early,robot_local,0,0.007249403558517127,0.5
habit_test_05806,003543_01,S7414,ready,robot_local,1,0.8952595739264794,0.5
habit_test_05807,003543_02,S7414,early,robot_local,0,0.030436747498304627,0.5
habit_test_05808,003543_02,S7414,ready,robot_local,1,0.9305678811573016,0.5
habit_test_05809,003544_01,S7414,early,robot_local,0,0.02349698165824953,0.5
habit_test_05810,003544_01,S7414,ready,robot_local,1,0.7876418195800459,0.5
habit_test_05811,003544_02,S7414,early,robot_local,0,0.06731351825326731,0.5
habit_test_05812,003544_02,S7414,ready,robot_local,1,0.9138208012069137,0.5
habit_test_05813,003546_01,S7414,early,robot_local,0,0.12011549115826108,0.5
habit_test_05814,003546_01,S7414,ready,robot_local,1,0.9794656202328621,0.5
habit_test_05815,003546_02,S7414,early,robot_local,0,0.032764165177360145,0.5
habit_test_05816,003546_02,S7414,ready,robot_local,1,0.9557347605789249,0.5
habit_test_05817,003547_01,S7414,early,robot_local,0,0.11910155324214096,0.5
habit_test_05818,003547_01,S7414,ready,robot_local,1,0.8727318103772965,0.5
habit_test_05819,003547_02,S7414,early,robot_local,0,0.061533686576232496,0.5
habit_test_05820,003547_02,S7414,ready,robot_local,1,0.8568510623051019,0.5
habit_test_05821,003549_01,S7414,early,robot_local,0,0.03141836316165735,0.5
habit_test_05822,003549_01,S7414,ready,robot_local,1,0.9551228818737326,0.5
habit_test_05823,003549_02,S7414,early,robot_local,0,0.08937270121066154,0.5
habit_test_05824,003549_02,S7414,ready,robot_local,1,0.8724365764605017,0.5
habit_test_05825,003550_01,S7414,early,robot_local,0,0.01770062751638556,0.5
habit_test_05826,003550_01,S7414,ready,robot_local,1,0.8726620328249366,0.5
habit_test_05827,003550_02,S7414,early,robot_local,0,0.03438764356993003,0.5
habit_test_05828,003550_02,S7414,ready,robot_local,1,0.8874067195905199,0.5
habit_test_05829,003551_01,S7414,early,robot_local,0,0.0462059217881722,0.5
habit_test_05830,003551_01,S7414,ready,robot_local,1,0.8934180094835977,0.5
habit_test_05831,003551_02,S7414,early,robot_local,0,0.07591713622427079,0.5
habit_test_05832,003551_02,S7414,ready,robot_local,1,0.938150125593869,0.5
habit_test_05833,003552_01,S7414,early,robot_local,0,0.0673234657900955,0.5
habit_test_05834,003552_01,S7414,ready,robot_local,1,0.9843975874872191,0.5
habit_test_05835,003552_02,S7414,early,robot_local,0,0.09478204122618962,0.5
habit_test_05836,003552_02,S7414,ready,robot_local,1,0.9303258028298671,0.5
habit_test_05837,003553_01,S7414,early,robot_local,0,0.09166949723688483,0.5
habit_test_05838,003553_01,S7414,ready,robot_local,1,0.9742765840973501,0.5
habit_test_05839,003553_02,S7414,early,robot_local,0,0.10931798956783668,0.5
habit_test_05840,003553_02,S7414,ready,robot_local,1,0.8867855195443158,0.5
habit_test_05841,003555_01,S7414,early,robot_local,0,0.050848529278304036,0.5
habit_test_05842,003555_01,S7414,ready,robot_local,1,0.961164988642572,0.5
habit_test_05843,003555_02,S7414,early,robot_local,0,0.024161377088259075,0.5
habit_test_05844,003555_02,S7414,ready,robot_local,1,0.9643897667873588,0.5
habit_test_05845,003556_01,S7414,early,robot_local,0,0.11925963750795823,0.5
habit_test_05846,003556_01,S7414,ready,robot_local,1,0.9844097937177421,0.5
habit_test_05847,003556_02,S7414,early,robot_local,0,0.09932703307818402,0.5
habit_test_05848,003556_02,S7414,ready,robot_local,1,0.932921558775612,0.5
habit_test_05849,003557_01,S7414,early,robot_local,0,0.02920583402162014,0.5
habit_test_05850,003557_01,S7414,ready,robot_local,1,0.9314925588439164,0.5
habit_test_05851,003557_02,S7414,early,robot_local,0,0.08652610276087297,0.5
habit_test_05852,003557_02,S7414,ready,robot_local,1,0.9524651146274998,0.5
habit_test_05853,003748_01,S7414,early,robot_local,0,0.009345427683845432,0.5
habit_test_05854,003748_01,S7414,ready,robot_local,1,0.795669522501047,0.5
habit_test_05855,003748_02,S7414,early,robot_local,0,0.024288408634658275,0.5
habit_test_05856,003748_02,S7414,ready,robot_local,1,0.7275975293203132,0.5
habit_test_05857,003749_01,S7414,early,robot_local,0,0.03424777316118566,0.5
habit_test_05858,003749_01,S7414,ready,robot_local,1,0.7549301555893524,0.5
habit_test_05859,003749_02,S7414,early,robot_local,0,0.045989286322422086,0.5
habit_test_05860,003749_02,S7414,ready,robot_local,1,0.9221349052086337,0.5
habit_test_05861,003750_01,S7414,early,robot_local,0,0.11542344037469351,0.5
habit_test_05862,003750_01,S7414,ready,robot_local,1,0.9454707171988332,0.5
habit_test_05863,003750_02,S7414,early,robot_local,0,0.5417672193442159,0.5
habit_test_05864,003750_02,S7414,ready,robot_local,1,0.936927212746683,0.5
habit_test_05865,003751_01,S7414,early,robot_local,0,0.08619827706000134,0.5
habit_test_05866,003751_01,S7414,ready,robot_local,1,0.9691285702915192,0.5
habit_test_05867,003751_02,S7414,early,robot_local,0,0.06438127717844119,0.5
habit_test_05868,003751_02,S7414,ready,robot_local,1,0.9866149214951574,0.5
habit_test_05869,003752_01,S7414,early,robot_local,0,0.03827595196695555,0.5
habit_test_05870,003752_01,S7414,ready,robot_local,1,0.9487624627414097,0.5
habit_test_05871,003752_02,S7414,early,robot_local,0,0.06101202097691399,0.5
habit_test_05872,003752_02,S7414,ready,robot_local,1,0.7345871762210033,0.5
habit_test_05873,003753_01,S7414,early,robot_local,0,0.08312295503371374,0.5
habit_test_05874,003753_01,S7414,ready,robot_local,1,0.9662220048195403,0.5
habit_test_05875,003753_02,S7414,early,robot_local,0,0.04279884347873581,0.5
habit_test_05876,003753_02,S7414,ready,robot_local,1,0.9609753420948591,0.5
habit_test_05877,003754_01,S7414,early,robot_local,0,0.07718423786964639,0.5
habit_test_05878,003754_01,S7414,ready,robot_local,1,0.98081246297307,0.5
habit_test_05879,003754_02,S7414,early,robot_local,0,0.1547752167210452,0.5
habit_test_05880,003754_02,S7414,ready,robot_local,1,0.8898504587827042,0.5
habit_test_05881,003755_01,S7414,early,robot_local,0,0.1843371825854279,0.5
habit_test_05882,003755_01,S7414,ready,robot_local,1,0.9513122314985545,0.5
habit_test_05883,003755_02,S7414,early,robot_local,0,0.05970623673323615,0.5
habit_test_05884,003755_02,S7414,ready,robot_local,1,0.9377323583623582,0.5
habit_test_05885,003756_01,S7414,early,robot_local,0,0.109972649570222,0.5
habit_test_05886,003756_01,S7414,ready,robot_local,1,0.9319824153251164,0.5
habit_test_05887,003756_02,S7414,early,robot_local,0,0.1074384355181561,0.5
habit_test_05888,003756_02,S7414,ready,robot_local,1,0.9126138995802471,0.5
habit_test_05889,003757_01,S7414,early,robot_local,0,0.08519906001878097,0.5
habit_test_05890,003757_01,S7414,ready,robot_local,1,0.975780612476834,0.5
habit_test_05891,003757_02,S7414,early,robot_local,0,0.04618431584856505,0.5
habit_test_05892,003757_02,S7414,ready,robot_local,1,0.6797638240765045,0.5
habit_test_05893,003758_01,S7414,early,robot_local,0,0.053861011362760114,0.5
habit_test_05894,003758_01,S7414,ready,robot_local,1,0.9421642859446147,0.5
habit_test_05895,003758_02,S7414,early,robot_local,0,0.4192906159298677,0.5
habit_test_05896,003758_02,S7414,ready,robot_local,1,0.9796077134701711,0.5
habit_test_05897,003759_01,S7414,early,robot_local,0,0.08088846495222758,0.5
habit_test_05898,003759_01,S7414,ready,robot_local,1,0.9265412003525065,0.5
habit_test_05899,003759_02,S7414,early,robot_local,0,0.03918058050601304,0.5
habit_test_05900,003759_02,S7414,ready,robot_local,1,0.911923921279752,0.5
habit_test_05901,003760_01,S7414,early,robot_local,0,0.1996588915115225,0.5
habit_test_05902,003760_01,S7414,ready,robot_local,1,0.8591338621744888,0.5
habit_test_05903,003760_02,S7414,early,robot_local,0,0.18167636417981087,0.5
habit_test_05904,003760_02,S7414,ready,robot_local,1,0.9654805901761658,0.5
habit_test_05905,003761_01,S7414,early,robot_local,0,0.08343399605703351,0.5
habit_test_05906,003761_01,S7414,ready,robot_local,1,0.7516863489796893,0.5
habit_test_05907,003761_02,S7414,early,robot_local,0,0.31528694660620765,0.5
habit_test_05908,003761_02,S7414,ready,robot_local,1,0.9603171494618628,0.5
habit_test_05909,003762_01,S7414,early,robot_local,0,0.1538468839233587,0.5
habit_test_05910,003762_01,S7414,ready,robot_local,1,0.8558635079586262,0.5
habit_test_05911,003762_02,S7414,early,robot_local,0,0.08797768075495131,0.5
habit_test_05912,003762_02,S7414,ready,robot_local,1,0.9485959453252382,0.5
habit_test_05913,003763_01,S7414,early,robot_local,0,0.0342432388920555,0.5
habit_test_05914,003763_01,S7414,ready,robot_local,1,0.9043417853666544,0.5
habit_test_05915,003763_02,S7414,early,robot_local,0,0.10280300135894112,0.5
habit_test_05916,003763_02,S7414,ready,robot_local,1,0.8267211893386274,0.5
habit_test_05917,003764_01,S7414,early,robot_local,0,0.03971201112576431,0.5
habit_test_05918,003764_01,S7414,ready,robot_local,1,0.6874093442476997,0.5
habit_test_05919,003764_02,S7414,early,robot_local,0,0.09779123153694563,0.5
habit_test_05920,003764_02,S7414,ready,robot_local,1,0.9479884002660899,0.5
habit_test_05921,003766_01,S7414,early,robot_local,0,0.13676337233217295,0.5
habit_test_05922,003766_01,S7414,ready,robot_local,1,0.9335255795421511,0.5
habit_test_05923,003766_02,S7414,early,robot_local,0,0.03896174392769368,0.5
habit_test_05924,003766_02,S7414,ready,robot_local,1,0.945025833985324,0.5
habit_test_05925,003767_01,S7414,early,robot_local,0,0.03621764645186246,0.5
habit_test_05926,003767_01,S7414,ready,robot_local,1,0.9543527154809797,0.5
habit_test_05927,003767_02,S7414,early,robot_local,0,0.013593860324856986,0.5
habit_test_05928,003767_02,S7414,ready,robot_local,1,0.898050373581087,0.5
habit_test_05929,003768_01,S7414,early,robot_local,0,0.021999417884855866,0.5
habit_test_05930,003768_01,S7414,ready,robot_local,1,0.9597049243642525,0.5
habit_test_05931,003768_02,S7414,early,robot_local,0,0.013783986262661278,0.5
habit_test_05932,003768_02,S7414,ready,robot_local,1,0.8304831024105,0.5
habit_test_05933,003769_01,S7414,early,robot_local,0,0.029747260241483556,0.5
habit_test_05934,003769_01,S7414,ready,robot_local,1,0.8855175553156029,0.5
habit_test_05935,003769_02,S7414,early,robot_local,0,0.07071132257603713,0.5
habit_test_05936,003769_02,S7414,ready,robot_local,1,0.9361351431843926,0.5
habit_test_05937,003770_01,S7414,early,robot_local,0,0.07760413127279683,0.5
habit_test_05938,003770_01,S7414,ready,robot_local,1,0.9619542802127297,0.5
habit_test_05939,003770_02,S7414,early,robot_local,0,0.15385720642468423,0.5
habit_test_05940,003770_02,S7414,ready,robot_local,1,0.7652885363699877,0.5
habit_test_05941,003772_01,S7414,early,robot_local,0,0.01801413647686724,0.5
habit_test_05942,003772_01,S7414,ready,robot_local,1,0.8887173960157949,0.5
habit_test_05943,003772_02,S7414,early,robot_local,0,0.14782727584187083,0.5
habit_test_05944,003772_02,S7414,ready,robot_local,1,0.9782979802926531,0.5
habit_test_05945,003773_01,S7414,early,robot_local,0,0.0186941489390125,0.5
habit_test_05946,003773_01,S7414,ready,robot_local,1,0.9382809265821124,0.5
habit_test_05947,003773_02,S7414,early,robot_local,0,0.036104205939713474,0.5
habit_test_05948,003773_02,S7414,ready,robot_local,1,0.981009059607331,0.5
habit_test_05949,003774_01,S7414,early,robot_local,0,0.01554988307372203,0.5
habit_test_05950,003774_01,S7414,ready,robot_local,1,0.6154978011011347,0.5
habit_test_05951,003774_02,S7414,early,robot_local,0,0.018104364683423687,0.5
habit_test_05952,003774_02,S7414,ready,robot_local,1,0.9680420409002599,0.5
habit_test_05953,003776_01,S7414,early,robot_local,0,0.017190450243459263,0.5
habit_test_05954,003776_01,S7414,ready,robot_local,1,0.7961935730264158,0.5
habit_test_05955,003776_02,S7414,early,robot_local,0,0.14963177513506046,0.5
habit_test_05956,003776_02,S7414,ready,robot_local,1,0.9231704451347084,0.5
habit_test_05957,003777_01,S7414,early,robot_local,0,0.012142275528341129,0.5
habit_test_05958,003777_01,S7414,ready,robot_local,1,0.956440114083153,0.5
habit_test_05959,003777_02,S7414,early,robot_local,0,0.05736970996264225,0.5
habit_test_05960,003777_02,S7414,ready,robot_local,1,0.9394730253402162,0.5
habit_test_05961,003778_01,S7414,early,robot_local,0,0.011870704644788945,0.5
habit_test_05962,003778_01,S7414,ready,robot_local,1,0.8026235038521811,0.5
habit_test_05963,003778_02,S7414,early,robot_local,0,0.19905794657332357,0.5
habit_test_05964,003778_02,S7414,ready,robot_local,1,0.7577721762558755,0.5
habit_test_05965,003779_01,S7414,early,robot_local,0,0.019176827323264183,0.5
habit_test_05966,003779_01,S7414,ready,robot_local,1,0.8704946667928913,0.5
habit_test_05967,003779_02,S7414,early,robot_local,0,0.054595949718923564,0.5
habit_test_05968,003779_02,S7414,ready,robot_local,1,0.8950734638385737,0.5
habit_test_05969,003780_01,S7414,early,robot_local,0,0.017986914381439668,0.5
habit_test_05970,003780_01,S7414,ready,robot_local,1,0.9737266408919536,0.5
habit_test_05971,003780_02,S7414,early,robot_local,0,0.0590245747584815,0.5
habit_test_05972,003780_02,S7414,ready,robot_local,1,0.8650319953877906,0.5
habit_test_05973,003781_01,S7414,early,robot_local,0,0.09513693611960777,0.5
habit_test_05974,003781_01,S7414,ready,robot_local,1,0.9774228134837162,0.5
habit_test_05975,003781_02,S7414,early,robot_local,0,0.030254800116772996,0.5
habit_test_05976,003781_02,S7414,ready,robot_local,1,0.9775796573479576,0.5
habit_test_05977,003782_01,S7414,early,robot_local,0,0.01703259762450393,0.5
habit_test_05978,003782_01,S7414,ready,robot_local,1,0.6458740426091777,0.5
habit_test_05979,003782_02,S7414,early,robot_local,0,0.04107024455725838,0.5
habit_test_05980,003782_02,S7414,ready,robot_local,1,0.8351955676227597,0.5
habit_test_05981,003784_01,S7414,early,robot_local,0,0.017432175137655014,0.5
habit_test_05982,003784_01,S7414,ready,robot_local,1,0.9360196927919479,0.5
habit_test_05983,003784_02,S7414,early,robot_local,0,0.029520380480840994,0.5
habit_test_05984,003784_02,S7414,ready,robot_local,1,0.7573286133654021,0.5
habit_test_05985,003785_01,S7414,early,robot_local,0,0.01606164428748245,0.5
habit_test_05986,003785_01,S7414,ready,robot_local,1,0.8937224456844687,0.5
habit_test_05987,003785_02,S7414,early,robot_local,0,0.014276527395219557,0.5
habit_test_05988,003785_02,S7414,ready,robot_local,1,0.8066166563753177,0.5
habit_test_05989,003786_01,S7414,early,robot_local,0,0.052940739124956046,0.5
habit_test_05990,003786_01,S7414,ready,robot_local,1,0.9679215401668327,0.5
habit_test_05991,003786_02,S7414,early,robot_local,0,0.0271250405298489,0.5
habit_test_05992,003786_02,S7414,ready,robot_local,1,0.9630362641313714,0.5
habit_test_05993,003787_01,S7414,early,robot_local,0,0.022414089647313593,0.5
habit_test_05994,003787_01,S7414,ready,robot_local,1,0.8592464459935015,0.5
habit_test_05995,003787_02,S7414,early,robot_local,0,0.021597284888527395,0.5
habit_test_05996,003787_02,S7414,ready,robot_local,1,0.9309900367760426,0.5
habit_test_05997,003788_01,S7414,early,robot_local,0,0.03972288402088148,0.5
habit_test_05998,003788_01,S7414,ready,robot_local,1,0.9191011284481712,0.5
habit_test_05999,003788_02,S7414,early,robot_local,0,0.03693178938935689,0.5
habit_test_06000,003788_02,S7414,ready,robot_local,1,0.9595931688826617,0.5
habit_test_06001,003789_01,S7414,early,robot_local,0,0.037054764767118664,0.5
habit_test_06002,003789_01,S7414,ready,robot_local,1,0.8124443529349165,0.5
habit_test_06003,003789_02,S7414,early,robot_local,0,0.0536878312676364,0.5
habit_test_06004,003789_02,S7414,ready,robot_local,1,0.9121676693510883,0.5
habit_test_06005,003791_01,S7414,early,robot_local,0,0.02064501704902117,0.5
habit_test_06006,003791_01,S7414,ready,robot_local,1,0.864021924782565,0.5
habit_test_06007,003791_02,S7414,early,robot_local,0,0.183795613937566,0.5
habit_test_06008,003791_02,S7414,ready,robot_local,1,0.9759801301222244,0.5
habit_test_06009,003793_01,S7414,early,robot_local,0,0.020079421839403172,0.5
habit_test_06010,003793_01,S7414,ready,robot_local,1,0.8919606074363342,0.5
habit_test_06011,003793_02,S7414,early,robot_local,0,0.03482639354237938,0.5
habit_test_06012,003793_02,S7414,ready,robot_local,1,0.9032935145721617,0.5
habit_test_06013,003794_01,S7414,early,robot_local,0,0.02389151493763698,0.5
habit_test_06014,003794_01,S7414,ready,robot_local,1,0.8859587137186269,0.5
habit_test_06015,003794_02,S7414,early,robot_local,0,0.024592597493844136,0.5
habit_test_06016,003794_02,S7414,ready,robot_local,1,0.7655555344468642,0.5
habit_test_06017,003795_01,S7414,early,robot_local,0,0.04508655343457304,0.5
habit_test_06018,003795_01,S7414,ready,robot_local,1,0.9327626361329615,0.5
habit_test_06019,003795_02,S7414,early,robot_local,0,0.017218818142810195,0.5
habit_test_06020,003795_02,S7414,ready,robot_local,1,0.7699555106655852,0.5
habit_test_06021,003796_01,S7414,early,robot_local,0,0.02121367606210396,0.5
habit_test_06022,003796_01,S7414,ready,robot_local,1,0.9634864785423197,0.5
habit_test_06023,003796_02,S7414,early,robot_local,0,0.05354646467060334,0.5
habit_test_06024,003796_02,S7414,ready,robot_local,1,0.8402182889421784,0.5
habit_test_06025,003797_01,S7414,early,robot_local,0,0.02702487224657138,0.5
habit_test_06026,003797_01,S7414,ready,robot_local,1,0.9153622010589615,0.5
habit_test_06027,003797_02,S7414,early,robot_local,0,0.03275765576603443,0.5
habit_test_06028,003797_02,S7414,ready,robot_local,1,0.8346433711168033,0.5
habit_test_06029,003798_01,S7414,early,robot_local,0,0.04073080761688978,0.5
habit_test_06030,003798_01,S7414,ready,robot_local,1,0.9577335459890483,0.5
habit_test_06031,003798_02,S7414,early,robot_local,0,0.049215461607615266,0.5
habit_test_06032,003798_02,S7414,ready,robot_local,1,0.8642004461611245,0.5
habit_test_06033,003799_01,S7414,early,robot_local,0,0.02618420365719286,0.5
habit_test_06034,003799_01,S7414,ready,robot_local,1,0.9582755905562451,0.5
habit_test_06035,003799_02,S7414,early,robot_local,0,0.08944785665162894,0.5
habit_test_06036,003799_02,S7414,ready,robot_local,1,0.8653121503603091,0.5
habit_test_06037,003800_01,S7414,early,robot_local,0,0.020160667756958878,0.5
habit_test_06038,003800_01,S7414,ready,robot_local,1,0.9319348033286611,0.5
habit_test_06039,003800_02,S7414,early,robot_local,0,0.06795220442002893,0.5
habit_test_06040,003800_02,S7414,ready,robot_local,1,0.9032346704932992,0.5
habit_test_06041,004948_01,S6759,early,robot_local,0,0.0303134252436024,0.5
habit_test_06042,004948_01,S6759,ready,robot_local,1,0.8275773660793172,0.5
habit_test_06043,004949_01,S6759,early,robot_local,0,0.09844976496105003,0.5
habit_test_06044,004949_01,S6759,ready,robot_local,1,0.8728549803581802,0.5
habit_test_06045,004951_01,S6759,early,robot_local,0,0.07182846505526755,0.5
habit_test_06046,004951_01,S6759,ready,robot_local,1,0.9449969072191722,0.5
habit_test_06047,004952_01,S6759,early,robot_local,0,0.020869777331776914,0.5
habit_test_06048,004952_01,S6759,ready,robot_local,1,0.7222200107475785,0.5
habit_test_06049,004953_01,S6759,early,robot_local,0,0.060747604868324714,0.5
habit_test_06050,004953_01,S6759,ready,robot_local,1,0.8325452566913423,0.5
habit_test_06051,004954_01,S6759,early,robot_local,0,0.029287214510136904,0.5
habit_test_06052,004954_01,S6759,ready,robot_local,1,0.9268666079778957,0.5
habit_test_06053,004956_01,S6759,early,robot_local,0,0.029492869435272587,0.5
habit_test_06054,004956_01,S6759,ready,robot_local,1,0.7822571038252613,0.5
habit_test_06055,004957_01,S6759,early,robot_local,0,0.05114277950476956,0.5
habit_test_06056,004957_01,S6759,ready,robot_local,1,0.4141546108808014,0.5
habit_test_06057,004958_01,S6759,early,robot_local,0,0.24281258816675766,0.5
habit_test_06058,004958_01,S6759,ready,robot_local,1,0.9262143250970113,0.5
habit_test_06059,004959_01,S6759,early,robot_local,0,0.07292071581931056,0.5
habit_test_06060,004959_01,S6759,ready,robot_local,1,0.9177009746982839,0.5
habit_test_06061,004960_01,S6759,early,robot_local,0,0.05666295551624938,0.5
habit_test_06062,004960_01,S6759,ready,robot_local,1,0.8709072507228449,0.5
habit_test_06063,004962_01,S6759,early,robot_local,0,0.10554162987507457,0.5
habit_test_06064,004962_01,S6759,ready,robot_local,1,0.8735425170105787,0.5
habit_test_06065,004963_01,S6759,early,robot_local,0,0.0611924740774206,0.5
habit_test_06066,004963_01,S6759,ready,robot_local,1,0.9463781122043241,0.5
habit_test_06067,004964_01,S6759,early,robot_local,0,0.04845188500996711,0.5
habit_test_06068,004964_01,S6759,ready,robot_local,1,0.8738701385973062,0.5
habit_test_06069,004965_01,S6759,early,robot_local,0,0.038562346525091495,0.5
habit_test_06070,004965_01,S6759,ready,robot_local,1,0.7372092092544867,0.5
habit_test_06071,004968_01,S6759,early,robot_local,0,0.06469538069473453,0.5
habit_test_06072,004968_01,S6759,ready,robot_local,1,0.7294057905636215,0.5
habit_test_06073,004969_01,S6759,early,robot_local,0,0.040432442844497846,0.5
habit_test_06074,004969_01,S6759,ready,robot_local,1,0.8308817491555452,0.5
habit_test_06075,004970_01,S6759,early,robot_local,0,0.058145271770026305,0.5
habit_test_06076,004970_01,S6759,ready,robot_local,1,0.9092618986465071,0.5
habit_test_06077,004971_01,S6759,early,robot_local,0,0.11663544836270409,0.5
habit_test_06078,004971_01,S6759,ready,robot_local,1,0.9485219326406189,0.5
habit_test_06079,004972_01,S6759,early,robot_local,0,0.03685874778564858,0.5
habit_test_06080,004972_01,S6759,ready,robot_local,1,0.8851158918560554,0.5
habit_test_06081,004975_01,S6759,early,robot_local,0,0.0938074255337636,0.5
habit_test_06082,004975_01,S6759,ready,robot_local,1,0.904884252636704,0.5
habit_test_06083,004976_01,S6759,early,robot_local,0,0.05750824743245389,0.5
habit_test_06084,004976_01,S6759,ready,robot_local,1,0.8203779601506848,0.5
habit_test_06085,004977_01,S6759,early,robot_local,0,0.050997894944176905,0.5
habit_test_06086,004977_01,S6759,ready,robot_local,1,0.8556452399052275,0.5
habit_test_06087,004978_01,S6759,early,robot_local,0,0.05271001055619516,0.5
habit_test_06088,004978_01,S6759,ready,robot_local,1,0.9175781494620306,0.5
habit_test_06089,004980_01,S6759,early,robot_local,0,0.042935184870203744,0.5
habit_test_06090,004980_01,S6759,ready,robot_local,1,0.9392608156961639,0.5
habit_test_06091,004981_01,S6759,early,robot_local,0,0.10507826018995403,0.5
habit_test_06092,004981_01,S6759,ready,robot_local,1,0.9483153682275777,0.5
habit_test_06093,004982_01,S6759,early,robot_local,0,0.08466041822661516,0.5
habit_test_06094,004982_01,S6759,ready,robot_local,1,0.9741689579471169,0.5
habit_test_06095,004983_01,S6759,early,robot_local,0,0.02481516530920728,0.5
habit_test_06096,004983_01,S6759,ready,robot_local,1,0.9095364795980436,0.5
habit_test_06097,004984_01,S6759,early,robot_local,0,0.04545706061953082,0.5
habit_test_06098,004984_01,S6759,ready,robot_local,1,0.8770004717414964,0.5
habit_test_06099,004986_01,S6759,early,robot_local,0,0.06602344414847132,0.5
habit_test_06100,004986_01,S6759,ready,robot_local,1,0.947704994967748,0.5
habit_test_06101,004987_01,S6759,early,robot_local,0,0.09520056626752317,0.5
habit_test_06102,004987_01,S6759,ready,robot_local,1,0.9358339551097301,0.5
habit_test_06103,004988_01,S6759,early,robot_local,0,0.05101482388624545,0.5
habit_test_06104,004988_01,S6759,ready,robot_local,1,0.9766165049833619,0.5
habit_test_06105,004989_01,S6759,early,robot_local,0,0.060335062143087315,0.5
habit_test_06106,004989_01,S6759,ready,robot_local,1,0.9566031698007449,0.5
habit_test_06107,004990_01,S6759,early,robot_local,0,0.059180972766800656,0.5
habit_test_06108,004990_01,S6759,ready,robot_local,1,0.9519017199415591,0.5
habit_test_06109,004991_01,S6759,early,robot_local,0,0.06415706363849438,0.5
habit_test_06110,004991_01,S6759,ready,robot_local,1,0.965225036644857,0.5
habit_test_06111,004992_01,S6759,early,robot_local,0,0.055241753154866256,0.5
habit_test_06112,004992_01,S6759,ready,robot_local,1,0.8724691374573302,0.5
habit_test_06113,004993_01,S6759,early,robot_local,0,0.05905547921465525,0.5
habit_test_06114,004993_01,S6759,ready,robot_local,1,0.9306372944960511,0.5
habit_test_06115,004995_01,S6759,early,robot_local,0,0.044364956059879265,0.5
habit_test_06116,004995_01,S6759,ready,robot_local,1,0.8416153629984129,0.5
habit_test_06117,004996_01,S6759,early,robot_local,0,0.04841588311907574,0.5
habit_test_06118,004996_01,S6759,ready,robot_local,1,0.9650635012462617,0.5
habit_test_06119,005410_01,S6759,early,robot_local,0,0.05225871820050117,0.5
habit_test_06120,005410_01,S6759,ready,robot_local,1,0.9334960586702464,0.5
habit_test_06121,005413_01,S6759,early,robot_local,0,0.03591377952877075,0.5
habit_test_06122,005413_01,S6759,ready,robot_local,1,0.9360163481580117,0.5
habit_test_06123,005414_01,S6759,early,robot_local,0,0.026859868511077068,0.5
habit_test_06124,005414_01,S6759,ready,robot_local,1,0.7356752365357782,0.5
habit_test_06125,005416_01,S6759,early,robot_local,0,0.028831482913865124,0.5
habit_test_06126,005416_01,S6759,ready,robot_local,1,0.9314582656703317,0.5
habit_test_06127,005417_01,S6759,early,robot_local,0,0.018968094362311425,0.5
habit_test_06128,005417_01,S6759,ready,robot_local,1,0.8912489090838406,0.5
habit_test_06129,005418_01,S6759,early,robot_local,0,0.0693287575693594,0.5
habit_test_06130,005418_01,S6759,ready,robot_local,1,0.9358567256760928,0.5
habit_test_06131,005419_01,S6759,early,robot_local,0,0.07758567879448718,0.5
habit_test_06132,005419_01,S6759,ready,robot_local,1,0.9158511335959858,0.5
habit_test_06133,005421_01,S6759,early,robot_local,0,0.08639113610310929,0.5
habit_test_06134,005421_01,S6759,ready,robot_local,1,0.9285408953530803,0.5
habit_test_06135,005422_01,S6759,early,robot_local,0,0.04585524640602222,0.5
habit_test_06136,005422_01,S6759,ready,robot_local,1,0.8412398261455417,0.5
habit_test_06137,005423_01,S6759,early,robot_local,0,0.046781590957714794,0.5
habit_test_06138,005423_01,S6759,ready,robot_local,1,0.8960929510623614,0.5
habit_test_06139,005424_01,S6759,early,robot_local,0,0.05650544905724563,0.5
habit_test_06140,005424_01,S6759,ready,robot_local,1,0.9307010102402644,0.5
habit_test_06141,005425_01,S6759,early,robot_local,0,0.06221981095670193,0.5
habit_test_06142,005425_01,S6759,ready,robot_local,1,0.9053574342743963,0.5
habit_test_06143,005427_01,S6759,early,robot_local,0,0.03235640598567929,0.5
habit_test_06144,005427_01,S6759,ready,robot_local,1,0.9182618197082265,0.5
habit_test_06145,005428_01,S6759,early,robot_local,0,0.15515938688590752,0.5
habit_test_06146,005428_01,S6759,ready,robot_local,1,0.980751451812391,0.5
habit_test_06147,005429_01,S6759,early,robot_local,0,0.041560224714877955,0.5
habit_test_06148,005429_01,S6759,ready,robot_local,1,0.9119682219642811,0.5
habit_test_06149,005430_01,S6759,early,robot_local,0,0.05026501616365033,0.5
habit_test_06150,005430_01,S6759,ready,robot_local,1,0.954723992644026,0.5
habit_test_06151,005431_01,S6759,early,robot_local,0,0.04286371766996446,0.5
habit_test_06152,005431_01,S6759,ready,robot_local,1,0.8797772577540002,0.5
habit_test_06153,005432_01,S6759,early,robot_local,0,0.04187158396773107,0.5
habit_test_06154,005432_01,S6759,ready,robot_local,1,0.8528475599957105,0.5
habit_test_06155,005433_01,S6759,early,robot_local,0,0.0792368887154741,0.5
habit_test_06156,005433_01,S6759,ready,robot_local,1,0.9345558856781878,0.5
habit_test_06157,005434_01,S6759,early,robot_local,0,0.04038597035140216,0.5
habit_test_06158,005434_01,S6759,ready,robot_local,1,0.9758512649869885,0.5
habit_test_06159,005435_01,S6759,early,robot_local,0,0.04903896763177246,0.5
habit_test_06160,005435_01,S6759,ready,robot_local,1,0.9141247201349713,0.5
habit_test_06161,005436_01,S6759,early,robot_local,0,0.13469027565082867,0.5
habit_test_06162,005436_01,S6759,ready,robot_local,1,0.9700877551499979,0.5
habit_test_06163,005437_01,S6759,early,robot_local,0,0.06110108930861384,0.5
habit_test_06164,005437_01,S6759,ready,robot_local,1,0.8784032738652201,0.5
habit_test_06165,005439_01,S6759,early,robot_local,0,0.0329851829199547,0.5
habit_test_06166,005439_01,S6759,ready,robot_local,1,0.9371799033451524,0.5
habit_test_06167,005440_01,S6759,early,robot_local,0,0.07726981418773554,0.5
habit_test_06168,005440_01,S6759,ready,robot_local,1,0.9154404483760927,0.5
habit_test_06169,005441_01,S6759,early,robot_local,0,0.06964142582985756,0.5
habit_test_06170,005441_01,S6759,ready,robot_local,1,0.96122514621353,0.5
habit_test_06171,005442_01,S6759,early,robot_local,0,0.027953317859551654,0.5
habit_test_06172,005442_01,S6759,ready,robot_local,1,0.902675547488406,0.5
habit_test_06173,005443_01,S6759,early,robot_local,0,0.03866956966707458,0.5
habit_test_06174,005443_01,S6759,ready,robot_local,1,0.9521852996420155,0.5
habit_test_06175,005444_01,S6759,early,robot_local,0,0.0632975987239816,0.5
habit_test_06176,005444_01,S6759,ready,robot_local,1,0.9082639449958383,0.5
habit_test_06177,005446_01,S6759,early,robot_local,0,0.056847788023879436,0.5
habit_test_06178,005446_01,S6759,ready,robot_local,1,0.8789701338569555,0.5
habit_test_06179,005447_01,S6759,early,robot_local,0,0.06816449214659252,0.5
habit_test_06180,005447_01,S6759,ready,robot_local,1,0.9335610928684799,0.5
habit_test_06181,005448_01,S6759,early,robot_local,0,0.06676512024818472,0.5
habit_test_06182,005448_01,S6759,ready,robot_local,1,0.9640821910282571,0.5
habit_test_06183,005449_01,S6759,early,robot_local,0,0.08406013131194046,0.5
habit_test_06184,005449_01,S6759,ready,robot_local,1,0.9593845350469797,0.5
habit_test_06185,005450_01,S6759,early,robot_local,0,0.048689297022357574,0.5
habit_test_06186,005450_01,S6759,ready,robot_local,1,0.8366461128888389,0.5
habit_test_06187,005453_01,S6759,early,robot_local,0,0.04467491960938548,0.5
habit_test_06188,005453_01,S6759,ready,robot_local,1,0.9167453913318332,0.5
habit_test_06189,005454_01,S6759,early,robot_local,0,0.04474903618555719,0.5
habit_test_06190,005454_01,S6759,ready,robot_local,1,0.8879833738595388,0.5
habit_test_06191,005455_01,S6759,early,robot_local,0,0.10418597262445485,0.5
habit_test_06192,005455_01,S6759,ready,robot_local,1,0.9483676595606979,0.5
habit_test_06193,005456_01,S6759,early,robot_local,0,0.05220010786577752,0.5
habit_test_06194,005456_01,S6759,ready,robot_local,1,0.9120312543422414,0.5
habit_test_06195,005457_01,S6759,early,robot_local,0,0.06990459942460867,0.5
habit_test_06196,005457_01,S6759,ready,robot_local,1,0.8700025763212764,0.5
habit_test_06197,005458_01,S6759,early,robot_local,0,0.10250909176698918,0.5
habit_test_06198,005458_01,S6759,ready,robot_local,1,0.8418263060260123,0.5
habit_test_06199,005459_01,S6759,early,robot_local,0,0.05265785246891233,0.5
habit_test_06200,005459_01,S6759,ready,robot_local,1,0.9526814580699595,0.5
habit_test_06201,005460_01,S6759,early,robot_local,0,0.05356578226634982,0.5
habit_test_06202,005460_01,S6759,ready,robot_local,1,0.8067674513005463,0.5
habit_test_06203,005461_01,S6759,early,robot_local,0,0.02932859606859266,0.5
habit_test_06204,005461_01,S6759,ready,robot_local,1,0.874942269712141,0.5
habit_test_06205,005462_01,S6759,early,robot_local,0,0.18379736801707425,0.5
habit_test_06206,005462_01,S6759,ready,robot_local,1,0.9759809335449972,0.5
habit_test_06207,005463_01,S6759,early,robot_local,0,0.046655759597206165,0.5
habit_test_06208,005463_01,S6759,ready,robot_local,1,0.9142480267422833,0.5
habit_test_06209,005465_01,S6759,early,robot_local,0,0.07895054345077886,0.5
habit_test_06210,005465_01,S6759,ready,robot_local,1,0.5033059344582541,0.5
habit_test_06211,005466_01,S6759,early,robot_local,0,0.05499912221366203,0.5
habit_test_06212,005466_01,S6759,ready,robot_local,1,0.9372673243668445,0.5
habit_test_06213,005467_01,S6759,early,robot_local,0,0.054258472786318165,0.5
habit_test_06214,005467_01,S6759,ready,robot_local,1,0.7322497506627008,0.5
habit_test_06215,005468_01,S6759,early,robot_local,0,0.1650014675713051,0.5
habit_test_06216,005468_01,S6759,ready,robot_local,1,0.9291861004306432,0.5
habit_test_06217,005469_01,S6759,early,robot_local,0,0.0987761146455027,0.5
habit_test_06218,005469_01,S6759,ready,robot_local,1,0.8709007198292876,0.5
habit_test_06219,005470_01,S6759,early,robot_local,0,0.20625084852213513,0.5
habit_test_06220,005470_01,S6759,ready,robot_local,1,0.9237161396830851,0.5
habit_test_06221,005471_01,S6759,early,robot_local,0,0.12346529615789054,0.5
habit_test_06222,005471_01,S6759,ready,robot_local,1,0.8662264035853217,0.5
habit_test_06223,005472_01,S6759,early,robot_local,0,0.08666119976395492,0.5
habit_test_06224,005472_01,S6759,ready,robot_local,1,0.9002108035446883,0.5
habit_test_06225,005473_01,S6759,early,robot_local,0,0.06692287192681699,0.5
habit_test_06226,005473_01,S6759,ready,robot_local,1,0.945106508506141,0.5
habit_test_06227,005687_01,S8975,early,robot_local,0,0.17242786184178835,0.5
habit_test_06228,005687_01,S8975,ready,robot_local,1,0.8824914136004779,0.5
habit_test_06229,005688_01,S8975,early,robot_local,0,0.178107397363756,0.5
habit_test_06230,005688_01,S8975,ready,robot_local,1,0.8311824227726237,0.5
habit_test_06231,005691_01,S8975,early,robot_local,0,0.21443135104685107,0.5
habit_test_06232,005691_01,S8975,ready,robot_local,1,0.9562688927954764,0.5
habit_test_06233,005692_01,S8975,early,robot_local,0,0.077728073343469,0.5
habit_test_06234,005692_01,S8975,ready,robot_local,1,0.9573097733537091,0.5
habit_test_06235,005693_01,S8975,early,robot_local,0,0.21150003275380083,0.5
habit_test_06236,005693_01,S8975,ready,robot_local,1,0.8958812108152043,0.5
habit_test_06237,005694_01,S8975,early,robot_local,0,0.20880004753354806,0.5
habit_test_06238,005694_01,S8975,ready,robot_local,1,0.9359393466442112,0.5
habit_test_06239,005695_01,S8975,early,robot_local,0,0.06347651054797586,0.5
habit_test_06240,005695_01,S8975,ready,robot_local,1,0.9371538166914555,0.5
habit_test_06241,005696_01,S8975,early,robot_local,0,0.14068640037830477,0.5
habit_test_06242,005696_01,S8975,ready,robot_local,1,0.9048376028429417,0.5
habit_test_06243,005697_01,S8975,early,robot_local,0,0.03412011024949787,0.5
habit_test_06244,005697_01,S8975,ready,robot_local,1,0.9355517484750461,0.5
habit_test_06245,005698_01,S8975,early,robot_local,0,0.03714635813774706,0.5
habit_test_06246,005698_01,S8975,ready,robot_local,1,0.9615329786143424,0.5
habit_test_06247,005699_01,S8975,early,robot_local,0,0.052973550594303816,0.5
habit_test_06248,005699_01,S8975,ready,robot_local,1,0.9253208237356875,0.5
habit_test_06249,005700_01,S8975,early,robot_local,0,0.1576166726812783,0.5
habit_test_06250,005700_01,S8975,ready,robot_local,1,0.9339465112677614,0.5
habit_test_06251,005701_01,S8975,early,robot_local,0,0.052396559574898686,0.5
habit_test_06252,005701_01,S8975,ready,robot_local,1,0.9070269464295875,0.5
habit_test_06253,005702_01,S8975,early,robot_local,0,0.17980056539268105,0.5
habit_test_06254,005702_01,S8975,ready,robot_local,1,0.9618056939495293,0.5
habit_test_06255,005704_01,S8975,early,robot_local,0,0.08356075588904482,0.5
habit_test_06256,005704_01,S8975,ready,robot_local,1,0.9715277714565765,0.5
habit_test_06257,005922_01,S8975,early,robot_local,0,0.1022360806322836,0.5
habit_test_06258,005922_01,S8975,ready,robot_local,1,0.9214290532223693,0.5
habit_test_06259,005923_01,S8975,early,robot_local,0,0.09101591432769048,0.5
habit_test_06260,005923_01,S8975,ready,robot_local,1,0.9354750909705846,0.5
habit_test_06261,005924_01,S8975,early,robot_local,0,0.10909160946710807,0.5
habit_test_06262,005924_01,S8975,ready,robot_local,1,0.955078016933116,0.5
habit_test_06263,005925_01,S8975,early,robot_local,0,0.11990530669043659,0.5
habit_test_06264,005925_01,S8975,ready,robot_local,1,0.9359008986694966,0.5
habit_test_06265,005926_01,S8975,early,robot_local,0,0.26453408672350776,0.5
habit_test_06266,005926_01,S8975,ready,robot_local,1,0.9523977647080855,0.5
habit_test_06267,005927_01,S8975,early,robot_local,0,0.20585504055674683,0.5
habit_test_06268,005927_01,S8975,ready,robot_local,1,0.9527627482907187,0.5
habit_test_06269,005929_01,S8975,early,robot_local,0,0.21063884697986968,0.5
habit_test_06270,005929_01,S8975,ready,robot_local,1,0.930130223911051,0.5
habit_test_06271,005930_01,S8975,early,robot_local,0,0.29007737828831703,0.5
habit_test_06272,005930_01,S8975,ready,robot_local,1,0.9661834093435578,0.5
habit_test_06273,005931_01,S8975,early,robot_local,0,0.13237377565679487,0.5
habit_test_06274,005931_01,S8975,ready,robot_local,1,0.9375208539292104,0.5
habit_test_06275,005932_01,S8975,early,robot_local,0,0.0862204194735941,0.5
habit_test_06276,005932_01,S8975,ready,robot_local,1,0.9531540286164073,0.5
habit_test_06277,005933_01,S8975,early,robot_local,0,0.07738363719698182,0.5
habit_test_06278,005933_01,S8975,ready,robot_local,1,0.9021806563675339,0.5
habit_test_06279,005934_01,S8975,early,robot_local,0,0.09288023142211514,0.5
habit_test_06280,005934_01,S8975,ready,robot_local,1,0.8899082116190331,0.5
habit_test_06281,005935_01,S8975,early,robot_local,0,0.11823995121020874,0.5
habit_test_06282,005935_01,S8975,ready,robot_local,1,0.9394555586629477,0.5
habit_test_06283,005936_01,S8975,early,robot_local,0,0.07264448506354726,0.5
habit_test_06284,005936_01,S8975,ready,robot_local,1,0.9660471057460831,0.5
habit_test_06285,005937_01,S8975,early,robot_local,0,0.14739816438019523,0.5
habit_test_06286,005937_01,S8975,ready,robot_local,1,0.9547559472317321,0.5
habit_test_06287,005938_01,S8975,early,robot_local,0,0.2743985570475103,0.5
habit_test_06288,005938_01,S8975,ready,robot_local,1,0.9564022300569341,0.5
habit_test_06289,005939_01,S8975,early,robot_local,0,0.28115643681356256,0.5
habit_test_06290,005939_01,S8975,ready,robot_local,1,0.9578617411199655,0.5
habit_test_06291,005940_01,S8975,early,robot_local,0,0.13572094092955006,0.5
habit_test_06292,005940_01,S8975,ready,robot_local,1,0.8904922807606988,0.5
habit_test_06293,005941_01,S8975,early,robot_local,0,0.1833214380322156,0.5
habit_test_06294,005941_01,S8975,ready,robot_local,1,0.9179945188941366,0.5
habit_test_06295,005943_01,S8975,early,robot_local,0,0.06829726111877599,0.5
habit_test_06296,005943_01,S8975,ready,robot_local,1,0.9513578461380615,0.5
habit_test_06297,005944_01,S8975,early,robot_local,0,0.11029734145194223,0.5
habit_test_06298,005944_01,S8975,ready,robot_local,1,0.8775091862569977,0.5
habit_test_06299,005945_01,S8975,early,robot_local,0,0.07718153418390299,0.5
habit_test_06300,005945_01,S8975,ready,robot_local,1,0.8751641227993722,0.5
habit_test_06301,005946_01,S8975,early,robot_local,0,0.047247104471902134,0.5
habit_test_06302,005946_01,S8975,ready,robot_local,1,0.9385054494807132,0.5
habit_test_06303,005947_01,S8975,early,robot_local,0,0.09575270467051121,0.5
habit_test_06304,005947_01,S8975,ready,robot_local,1,0.9395086714122024,0.5
habit_test_06305,005948_01,S8975,early,robot_local,0,0.0451798171313123,0.5
habit_test_06306,005948_01,S8975,ready,robot_local,1,0.9637104920831414,0.5
habit_test_06307,005949_01,S8975,early,robot_local,0,0.16082814268408968,0.5
habit_test_06308,005949_01,S8975,ready,robot_local,1,0.9224028391045968,0.5
habit_test_06309,005950_01,S8975,early,robot_local,0,0.3692376271227327,0.5
habit_test_06310,005950_01,S8975,ready,robot_local,1,0.9273986482028016,0.5
habit_test_06311,005951_01,S8975,early,robot_local,0,0.09090033873233265,0.5
habit_test_06312,005951_01,S8975,ready,robot_local,1,0.9446006461364032,0.5
habit_test_06313,005952_01,S8975,early,robot_local,0,0.1279205499760593,0.5
habit_test_06314,005952_01,S8975,ready,robot_local,1,0.8936728202691523,0.5
habit_test_06315,005953_01,S8975,early,robot_local,0,0.20109471841547066,0.5
habit_test_06316,005953_01,S8975,ready,robot_local,1,0.9498789627747958,0.5
habit_test_06317,005954_01,S8975,early,robot_local,0,0.07162777747454652,0.5
habit_test_06318,005954_01,S8975,ready,robot_local,1,0.941080282090158,0.5
habit_test_06319,005955_01,S8975,early,robot_local,0,0.08530201003383252,0.5
habit_test_06320,005955_01,S8975,ready,robot_local,1,0.9618314999538494,0.5
habit_test_06321,005956_01,S8975,early,robot_local,0,0.08675301075650717,0.5
habit_test_06322,005956_01,S8975,ready,robot_local,1,0.954473705991653,0.5
habit_test_06323,005957_01,S8975,early,robot_local,0,0.18090502669001488,0.5
habit_test_06324,005957_01,S8975,ready,robot_local,1,0.8825383624618666,0.5
habit_test_06325,005958_01,S8975,early,robot_local,0,0.2483454842306415,0.5
habit_test_06326,005958_01,S8975,ready,robot_local,1,0.9526929547307902,0.5
habit_test_06327,005959_01,S8975,early,robot_local,0,0.039869076866570284,0.5
habit_test_06328,005959_01,S8975,ready,robot_local,1,0.9177320773404293,0.5
habit_test_06329,005960_01,S8975,early,robot_local,0,0.1234025518918937,0.5
habit_test_06330,005960_01,S8975,ready,robot_local,1,0.9247727459391928,0.5
habit_test_06331,005961_01,S8975,early,robot_local,0,0.41814106233229204,0.5
habit_test_06332,005961_01,S8975,ready,robot_local,1,0.859404279325245,0.5
habit_test_06333,005962_01,S8975,early,robot_local,0,0.03787262505441516,0.5
habit_test_06334,005962_01,S8975,ready,robot_local,1,0.909214261399168,0.5
habit_test_06335,005963_01,S8975,early,robot_local,0,0.0733616392153011,0.5
habit_test_06336,005963_01,S8975,ready,robot_local,1,0.9293019219893455,0.5
habit_test_06337,005964_01,S8975,early,robot_local,0,0.12920171012470177,0.5
habit_test_06338,005964_01,S8975,ready,robot_local,1,0.9076721373530637,0.5
habit_test_06339,005965_01,S8975,early,robot_local,0,0.16322711039584545,0.5
habit_test_06340,005965_01,S8975,ready,robot_local,1,0.9459004393186934,0.5
habit_test_06341,005966_01,S8975,early,robot_local,0,0.029950795904242104,0.5
habit_test_06342,005966_01,S8975,ready,robot_local,1,0.9182100378294454,0.5
habit_test_06343,005967_01,S8975,early,robot_local,0,0.20684896000545686,0.5
habit_test_06344,005967_01,S8975,ready,robot_local,1,0.921029693992178,0.5
habit_test_06345,005968_01,S8975,early,robot_local,0,0.14486123896558414,0.5
habit_test_06346,005968_01,S8975,ready,robot_local,1,0.9365334005712164,0.5
habit_test_06347,005969_01,S8975,early,robot_local,0,0.27260934995738123,0.5
habit_test_06348,005969_01,S8975,ready,robot_local,1,0.9138400884959379,0.5
habit_test_06349,005970_01,S8975,early,robot_local,0,0.23221135651180083,0.5
habit_test_06350,005970_01,S8975,ready,robot_local,1,0.946031393109402,0.5
habit_test_06351,005972_01,S8975,early,robot_local,0,0.09956809011156453,0.5
habit_test_06352,005972_01,S8975,ready,robot_local,1,0.9563546300359701,0.5
habit_test_06353,005973_01,S8975,early,robot_local,0,0.027178623453969018,0.5
habit_test_06354,005973_01,S8975,ready,robot_local,1,0.9359050051874283,0.5
habit_test_06355,005974_01,S8975,early,robot_local,0,0.11136213096391191,0.5
habit_test_06356,005974_01,S8975,ready,robot_local,1,0.9500280239239749,0.5
habit_test_06357,005975_01,S8975,early,robot_local,0,0.09713624433888651,0.5
habit_test_06358,005975_01,S8975,ready,robot_local,1,0.5895590083966744,0.5
habit_test_06359,005976_01,S8975,early,robot_local,0,0.10245114296854343,0.5
habit_test_06360,005976_01,S8975,ready,robot_local,1,0.9310275260413695,0.5
habit_test_06361,005977_01,S8975,early,robot_local,0,0.08527423064870317,0.5
habit_test_06362,005977_01,S8975,ready,robot_local,1,0.8555044296795036,0.5
habit_test_06363,005978_01,S8975,early,robot_local,0,0.1898815404126254,0.5
habit_test_06364,005978_01,S8975,ready,robot_local,1,0.9478494531979974,0.5
habit_test_06365,005979_01,S8975,early,robot_local,0,0.21376518423279303,0.5
habit_test_06366,005979_01,S8975,ready,robot_local,1,0.9300903791829728,0.5
habit_test_06367,005981_01,S8975,early,robot_local,0,0.11118094620137403,0.5
habit_test_06368,005981_01,S8975,ready,robot_local,1,0.9446817568526616,0.5
habit_test_06369,005982_01,S8975,early,robot_local,0,0.08106356380536454,0.5
habit_test_06370,005982_01,S8975,ready,robot_local,1,0.9143291332185676,0.5
habit_test_06371,005983_01,S8975,early,robot_local,0,0.0882800004274175,0.5
habit_test_06372,005983_01,S8975,ready,robot_local,1,0.9483180015413578,0.5
habit_test_06373,005984_01,S8975,early,robot_local,0,0.14855992032915985,0.5
habit_test_06374,005984_01,S8975,ready,robot_local,1,0.9298807169727805,0.5
habit_test_06375,005985_01,S8975,early,robot_local,0,0.23943406880998763,0.5
habit_test_06376,005985_01,S8975,ready,robot_local,1,0.9434532226706601,0.5
habit_test_06377,005986_01,S8975,early,robot_local,0,0.16568473060763628,0.5
habit_test_06378,005986_01,S8975,ready,robot_local,1,0.8728619392281726,0.5
habit_test_06379,005988_01,S8975,early,robot_local,0,0.12854676454156155,0.5
habit_test_06380,005988_01,S8975,ready,robot_local,1,0.8550765094686635,0.5
habit_test_06381,005989_01,S8975,early,robot_local,0,0.12785238603255036,0.5
habit_test_06382,005989_01,S8975,ready,robot_local,1,0.8552551564948061,0.5
habit_test_06383,005990_01,S8975,early,robot_local,0,0.1986953774849186,0.5
habit_test_06384,005990_01,S8975,ready,robot_local,1,0.9463461238169322,0.5
habit_test_06385,005991_01,S8975,early,robot_local,0,0.10333220959206516,0.5
habit_test_06386,005991_01,S8975,ready,robot_local,1,0.9442665263635911,0.5
habit_test_06387,005992_01,S8975,early,robot_local,0,0.1826446878886862,0.5
habit_test_06388,005992_01,S8975,ready,robot_local,1,0.9573802603639879,0.5
habit_test_06389,005993_01,S8975,early,robot_local,0,0.11225844686165858,0.5
habit_test_06390,005993_01,S8975,ready,robot_local,1,0.7627056971778113,0.5
habit_test_06391,005994_01,S8975,early,robot_local,0,0.06470918618684511,0.5
habit_test_06392,005994_01,S8975,ready,robot_local,1,0.8109992595525981,0.5
habit_test_06393,005995_01,S8975,early,robot_local,0,0.08537462844389743,0.5
habit_test_06394,005995_01,S8975,ready,robot_local,1,0.8575850309867927,0.5
habit_test_06395,005996_01,S8975,early,robot_local,0,0.07013867242543048,0.5
habit_test_06396,005996_01,S8975,ready,robot_local,1,0.9365569212464611,0.5
habit_test_06397,005997_01,S8975,early,robot_local,0,0.06468063445217574,0.5
habit_test_06398,005997_01,S8975,ready,robot_local,1,0.9496898434391141,0.5
habit_test_06399,005998_01,S8975,early,robot_local,0,0.09928533045821931,0.5
habit_test_06400,005998_01,S8975,ready,robot_local,1,0.9428454809227252,0.5
habit_test_06401,005999_01,S8975,early,robot_local,0,0.08985140072860352,0.5
habit_test_06402,005999_01,S8975,ready,robot_local,1,0.9319424683523888,0.5
habit_test_06403,006000_01,S8975,early,robot_local,0,0.13730918900053227,0.5
habit_test_06404,006000_01,S8975,ready,robot_local,1,0.9562983055623251,0.5
habit_test_06405,006002_01,S8975,early,robot_local,0,0.06012366781374067,0.5
habit_test_06406,006002_01,S8975,ready,robot_local,1,0.9696908761986349,0.5
habit_test_06407,006003_01,S8975,early,robot_local,0,0.24402890552324344,0.5
habit_test_06408,006003_01,S8975,ready,robot_local,1,0.9115401318426157,0.5
habit_test_06409,006004_01,S8975,early,robot_local,0,0.14020773427528274,0.5
habit_test_06410,006004_01,S8975,ready,robot_local,1,0.9622480034354264,0.5
habit_test_06411,006005_01,S8975,early,robot_local,0,0.06306020122156893,0.5
habit_test_06412,006005_01,S8975,ready,robot_local,1,0.9717061562969498,0.5
habit_test_06413,006006_01,S8975,early,robot_local,0,0.1584418542281249,0.5
habit_test_06414,006006_01,S8975,ready,robot_local,1,0.9563512529488143,0.5
habit_test_06415,006007_01,S8975,early,robot_local,0,0.07349677525702063,0.5
habit_test_06416,006007_01,S8975,ready,robot_local,1,0.9252257057706996,0.5
habit_test_06417,006008_01,S8975,early,robot_local,0,0.05885064315874644,0.5
habit_test_06418,006008_01,S8975,ready,robot_local,1,0.9291260084366334,0.5
habit_test_06419,006010_01,S8975,early,robot_local,0,0.06299382881889362,0.5
habit_test_06420,006010_01,S8975,ready,robot_local,1,0.9750336135027473,0.5
habit_test_06421,006012_01,S8975,early,robot_local,0,0.07762006166468982,0.5
habit_test_06422,006012_01,S8975,ready,robot_local,1,0.9526727252184644,0.5
habit_test_06423,006013_01,S8975,early,robot_local,0,0.05152691935049309,0.5
habit_test_06424,006013_01,S8975,ready,robot_local,1,0.9210821777933987,0.5
habit_test_06425,006014_01,S8975,early,robot_local,0,0.11905418475561536,0.5
habit_test_06426,006014_01,S8975,ready,robot_local,1,0.8257848290193482,0.5
habit_test_06427,006016_01,S8975,early,robot_local,0,0.0652912328946212,0.5
habit_test_06428,006016_01,S8975,ready,robot_local,1,0.9055836801815077,0.5
habit_test_06429,006018_01,S8975,early,robot_local,0,0.08356424076461606,0.5
habit_test_06430,006018_01,S8975,ready,robot_local,1,0.9099352554012661,0.5
habit_test_06431,006019_01,S8975,early,robot_local,0,0.09737874263473525,0.5
habit_test_06432,006019_01,S8975,ready,robot_local,1,0.8903002515608225,0.5
habit_test_06433,006020_01,S8975,early,robot_local,0,0.07873543427293153,0.5
habit_test_06434,006020_01,S8975,ready,robot_local,1,0.8432496296001508,0.5
habit_test_06435,006022_01,S8975,early,robot_local,0,0.011057648254393851,0.5
habit_test_06436,006022_01,S8975,ready,robot_local,1,0.8442388686473677,0.5
habit_test_06437,006024_01,S8975,early,robot_local,0,0.059670106519216955,0.5
habit_test_06438,006024_01,S8975,ready,robot_local,1,0.9014839949540752,0.5
habit_test_06439,006025_01,S8975,early,robot_local,0,0.07846506352805159,0.5
habit_test_06440,006025_01,S8975,ready,robot_local,1,0.8436208796065932,0.5
habit_test_06441,006026_01,S8975,early,robot_local,0,0.0947486565493563,0.5
habit_test_06442,006026_01,S8975,ready,robot_local,1,0.8274374651949852,0.5
habit_test_06443,006027_01,S8975,early,robot_local,0,0.2025174559359735,0.5
habit_test_06444,006027_01,S8975,ready,robot_local,1,0.8249770980193326,0.5
habit_test_06445,007309_01,S8940,early,robot_local,0,0.14679660950855133,0.5
habit_test_06446,007309_01,S8940,ready,robot_local,1,0.8024506916078045,0.5
habit_test_06447,007309_02,S8940,early,robot_local,0,0.14121217372763278,0.5
habit_test_06448,007309_02,S8940,ready,robot_local,1,0.7789197417186939,0.5
habit_test_06449,007310_01,S8940,early,robot_local,0,0.08428768788206767,0.5
habit_test_06450,007310_01,S8940,ready,robot_local,1,0.7341236420935313,0.5
habit_test_06451,007310_02,S8940,early,robot_local,0,0.325474126552791,0.5
habit_test_06452,007310_02,S8940,ready,robot_local,1,0.7652185212332093,0.5
habit_test_06453,007312_01,S8940,early,robot_local,0,0.08592130502168223,0.5
habit_test_06454,007312_01,S8940,ready,robot_local,1,0.8338448925375612,0.5
habit_test_06455,007312_02,S8940,early,robot_local,0,0.26734591969242,0.5
habit_test_06456,007312_02,S8940,ready,robot_local,1,0.840360140923017,0.5
habit_test_06457,007313_01,S8940,early,robot_local,0,0.05730256784256684,0.5
habit_test_06458,007313_01,S8940,ready,robot_local,1,0.6980959294606672,0.5
habit_test_06459,007313_02,S8940,early,robot_local,0,0.1376026370368728,0.5
habit_test_06460,007313_02,S8940,ready,robot_local,1,0.6000042512927504,0.5
habit_test_06461,007314_01,S8940,early,robot_local,0,0.06683522927818973,0.5
habit_test_06462,007314_01,S8940,ready,robot_local,1,0.7649825378224036,0.5
habit_test_06463,007314_02,S8940,early,robot_local,0,0.18804002240704884,0.5
habit_test_06464,007314_02,S8940,ready,robot_local,1,0.5131387074541809,0.5
habit_test_06465,007315_01,S8940,early,robot_local,0,0.036867610448207765,0.5
habit_test_06466,007315_01,S8940,ready,robot_local,1,0.5952314072756963,0.5
habit_test_06467,007315_02,S8940,early,robot_local,0,0.04362298156046926,0.5
habit_test_06468,007315_02,S8940,ready,robot_local,1,0.8446668043404778,0.5
habit_test_06469,007316_01,S8940,early,robot_local,0,0.04121340147829331,0.5
habit_test_06470,007316_01,S8940,ready,robot_local,1,0.9059503792031782,0.5
habit_test_06471,007316_02,S8940,early,robot_local,0,0.10544041376961258,0.5
habit_test_06472,007316_02,S8940,ready,robot_local,1,0.7057241431272822,0.5
habit_test_06473,007317_01,S8940,early,robot_local,0,0.021698832152623315,0.5
habit_test_06474,007317_01,S8940,ready,robot_local,1,0.8021151627016699,0.5
habit_test_06475,007317_02,S8940,early,robot_local,0,0.3357440968190262,0.5
habit_test_06476,007317_02,S8940,ready,robot_local,1,0.8267530595313922,0.5
habit_test_06477,007321_01,S8940,early,robot_local,0,0.025347596378435578,0.5
habit_test_06478,007321_01,S8940,ready,robot_local,1,0.9465812737921121,0.5
habit_test_06479,007321_02,S8940,early,robot_local,0,0.1769416299565102,0.5
habit_test_06480,007321_02,S8940,ready,robot_local,1,0.9086502136300815,0.5
habit_test_06481,007322_01,S8940,early,robot_local,0,0.050513074772491603,0.5
habit_test_06482,007322_01,S8940,ready,robot_local,1,0.724906429051374,0.5
habit_test_06483,007322_02,S8940,early,robot_local,0,0.1575252540144646,0.5
habit_test_06484,007322_02,S8940,ready,robot_local,1,0.8218025423096041,0.5
habit_test_06485,007323_01,S8940,early,robot_local,0,0.018217459824659235,0.5
habit_test_06486,007323_01,S8940,ready,robot_local,1,0.976252343992247,0.5
habit_test_06487,007323_02,S8940,early,robot_local,0,0.18560727904353036,0.5
habit_test_06488,007323_02,S8940,ready,robot_local,1,0.982015086360698,0.5
habit_test_06489,007325_01,S8940,early,robot_local,0,0.19914579442837319,0.5
habit_test_06490,007325_01,S8940,ready,robot_local,1,0.9585783907250106,0.5
habit_test_06491,007325_02,S8940,early,robot_local,0,0.21794320649305188,0.5
habit_test_06492,007325_02,S8940,ready,robot_local,1,0.9426018312582792,0.5
habit_test_06493,007326_01,S8940,early,robot_local,0,0.08541394558360077,0.5
habit_test_06494,007326_01,S8940,ready,robot_local,1,0.840906555231869,0.5
habit_test_06495,007326_02,S8940,early,robot_local,0,0.26415549707525915,0.5
habit_test_06496,007326_02,S8940,ready,robot_local,1,0.6061372241796168,0.5
habit_test_06497,007327_01,S8940,early,robot_local,0,0.05200928706550117,0.5
habit_test_06498,007327_01,S8940,ready,robot_local,1,0.8980861047543645,0.5
habit_test_06499,007327_02,S8940,early,robot_local,0,0.24702952054730806,0.5
habit_test_06500,007327_02,S8940,ready,robot_local,1,0.8318469042123967,0.5
habit_test_06501,007328_01,S8940,early,robot_local,0,0.03957127530012627,0.5
habit_test_06502,007328_01,S8940,ready,robot_local,1,0.8436491198696655,0.5
habit_test_06503,007328_02,S8940,early,robot_local,0,0.19451558445465553,0.5
habit_test_06504,007328_02,S8940,ready,robot_local,1,0.8387531128715544,0.5
habit_test_06505,007329_01,S8940,early,robot_local,0,0.02393703537350146,0.5
habit_test_06506,007329_01,S8940,ready,robot_local,1,0.8605213648061453,0.5
habit_test_06507,007329_02,S8940,early,robot_local,0,0.1887439806761743,0.5
habit_test_06508,007329_02,S8940,ready,robot_local,1,0.8847953149274383,0.5
habit_test_06509,007331_01,S8940,early,robot_local,0,0.0511678250491464,0.5
habit_test_06510,007331_01,S8940,ready,robot_local,1,0.8630956279371801,0.5
habit_test_06511,007331_02,S8940,early,robot_local,0,0.3220757993372373,0.5
habit_test_06512,007331_02,S8940,ready,robot_local,1,0.6620961502107757,0.5
habit_test_06513,007332_01,S8940,early,robot_local,0,0.04295061843415078,0.5
habit_test_06514,007332_01,S8940,ready,robot_local,1,0.8682701105756765,0.5
habit_test_06515,007332_02,S8940,early,robot_local,0,0.08082461947548507,0.5
habit_test_06516,007332_02,S8940,ready,robot_local,1,0.85279446515886,0.5
habit_test_06517,007333_01,S8940,early,robot_local,0,0.1833092140896031,0.5
habit_test_06518,007333_01,S8940,ready,robot_local,1,0.7621845699945485,0.5
habit_test_06519,007333_02,S8940,early,robot_local,0,0.23812290615389714,0.5
habit_test_06520,007333_02,S8940,ready,robot_local,1,0.7835636623714477,0.5
habit_test_06521,007334_01,S8940,early,robot_local,0,0.03134069237398109,0.5
habit_test_06522,007334_01,S8940,ready,robot_local,1,0.7752600350128267,0.5
habit_test_06523,007334_02,S8940,early,robot_local,0,0.05282548570011456,0.5
habit_test_06524,007334_02,S8940,ready,robot_local,1,0.8342284977945269,0.5
habit_test_06525,008354_01,S7788,early,robot_local,0,0.44173128422463837,0.5
habit_test_06526,008354_01,S7788,ready,robot_local,1,0.9441915842033952,0.5
habit_test_06527,008364_01,S7788,early,robot_local,0,0.4582018285560748,0.5
habit_test_06528,008364_01,S7788,ready,robot_local,1,0.9695362051686865,0.5
habit_test_06529,008364_02,S7788,early,robot_local,0,0.21983899575734686,0.5
habit_test_06530,008364_02,S7788,ready,robot_local,1,0.5444279740132225,0.5
habit_test_06531,008372_02,S7788,early,robot_local,0,0.40984093549297257,0.5
habit_test_06532,008372_02,S7788,ready,robot_local,1,0.951703931270526,0.5
habit_test_06533,008462_01,S7788,early,robot_local,0,0.27764130951766014,0.5
habit_test_06534,008462_01,S7788,ready,robot_local,1,0.8406775461567821,0.5
habit_test_06535,008475_01,S7788,early,robot_local,0,0.4025160877854021,0.5
habit_test_06536,008475_01,S7788,ready,robot_local,1,0.8525678988630289,0.5
habit_test_06537,008495_02,S7788,early,robot_local,0,0.538365358801251,0.5
habit_test_06538,008495_02,S7788,ready,robot_local,1,0.4201130495369964,0.5
habit_test_06539,008524_02,S7788,early,robot_local,0,0.36325060501390893,0.5
habit_test_06540,008524_02,S7788,ready,robot_local,1,0.3783604389157466,0.5
habit_test_06541,009796_02,S7788,early,robot_local,0,0.06599012856971279,0.5
habit_test_06542,009796_02,S7788,ready,robot_local,1,0.09336116641250643,0.5
habit_test_06543,009797_02,S7788,early,robot_local,0,0.022574218675970186,0.5
habit_test_06544,009797_02,S7788,ready,robot_local,1,0.1998455029440393,0.5
habit_test_06545,009801_02,S7788,early,robot_local,0,0.033529779103056975,0.5
habit_test_06546,009801_02,S7788,ready,robot_local,1,0.09006143614140748,0.5
habit_test_06547,009808_02,S8940,early,robot_local,0,0.5876178615679966,0.5
habit_test_06548,009808_02,S8940,ready,robot_local,1,0.8635018452988629,0.5
habit_test_06549,009809_02,S8940,early,robot_local,0,0.6205531068359083,0.5
habit_test_06550,009809_02,S8940,ready,robot_local,1,0.894376589327667,0.5
habit_test_06551,009810_02,S8940,early,robot_local,0,0.6299228921659431,0.5
habit_test_06552,009810_02,S8940,ready,robot_local,1,0.9137912745280371,0.5
habit_test_06553,009811_02,S8940,early,robot_local,0,0.4340163729583624,0.5
habit_test_06554,009811_02,S8940,ready,robot_local,1,0.7981563712828649,0.5
habit_test_06555,009812_02,S8940,early,robot_local,0,0.5973025468001302,0.5
habit_test_06556,009812_02,S8940,ready,robot_local,1,0.9204877439261921,0.5
habit_test_06557,009813_02,S8940,early,robot_local,0,0.18536945462596788,0.5
habit_test_06558,009813_02,S8940,ready,robot_local,1,0.6769807093196828,0.5
habit_test_06559,009814_02,S8940,early,robot_local,0,0.3014564928281177,0.5
habit_test_06560,009814_02,S8940,ready,robot_local,1,0.6713416383514207,0.5
habit_test_06561,009815_02,S8940,early,robot_local,0,0.44977830398995394,0.5
habit_test_06562,009815_02,S8940,ready,robot_local,1,0.8978401682690886,0.5
habit_test_06563,009816_02,S8940,early,robot_local,0,0.2690339437790503,0.5
habit_test_06564,009816_02,S8940,ready,robot_local,1,0.9176384044784921,0.5
habit_test_06565,009817_02,S8940,early,robot_local,0,0.26953940985430697,0.5
habit_test_06566,009817_02,S8940,ready,robot_local,1,0.6709241094029481,0.5
habit_test_06567,009818_02,S8940,early,robot_local,0,0.31500031961566477,0.5
habit_test_06568,009818_02,S8940,ready,robot_local,1,0.8046430574170604,0.5
habit_test_06569,009819_02,S8940,early,robot_local,0,0.25143529099608775,0.5
habit_test_06570,009819_02,S8940,ready,robot_local,1,0.7121809456144771,0.5
habit_test_06571,009820_02,S8940,early,robot_local,0,0.42429690429636624,0.5
habit_test_06572,009820_02,S8940,ready,robot_local,1,0.9060824000057179,0.5
habit_test_06573,009821_02,S8940,early,robot_local,0,0.43664908008348097,0.5
habit_test_06574,009821_02,S8940,ready,robot_local,1,0.7857052352959744,0.5
habit_test_06575,009823_02,S8940,early,robot_local,0,0.4804175429366312,0.5
habit_test_06576,009823_02,S8940,ready,robot_local,1,0.7134746807260216,0.5
habit_test_06577,009824_02,S8940,early,robot_local,0,0.40100159401194535,0.5
habit_test_06578,009824_02,S8940,ready,robot_local,1,0.6532531584387585,0.5
habit_test_06579,009825_02,S8940,early,robot_local,0,0.35806797350665964,0.5
habit_test_06580,009825_02,S8940,ready,robot_local,1,0.6488232684902473,0.5
habit_test_06581,009826_02,S8940,early,robot_local,0,0.18065562607107571,0.5
habit_test_06582,009826_02,S8940,ready,robot_local,1,0.4816004722552991,0.5
habit_test_06583,009827_02,S8940,early,robot_local,0,0.18691299102972977,0.5
habit_test_06584,009827_02,S8940,ready,robot_local,1,0.6917042524008264,0.5
habit_test_06585,009828_02,S8940,early,robot_local,0,0.27309663288836844,0.5
habit_test_06586,009828_02,S8940,ready,robot_local,1,0.8604827154861822,0.5
habit_test_06587,009829_02,S8940,early,robot_local,0,0.3173424154602242,0.5
habit_test_06588,009829_02,S8940,ready,robot_local,1,0.8564910997716918,0.5
habit_test_06589,009830_02,S8940,early,robot_local,0,0.2458862755220646,0.5
habit_test_06590,009830_02,S8940,ready,robot_local,1,0.8828550379566696,0.5
habit_test_06591,009831_02,S8940,early,robot_local,0,0.5002083578247419,0.5
habit_test_06592,009831_02,S8940,ready,robot_local,1,0.8885384715015224,0.5
habit_test_06593,009832_02,S8940,early,robot_local,0,0.13983866782608212,0.5
habit_test_06594,009832_02,S8940,ready,robot_local,1,0.7633896455065635,0.5
habit_test_06595,009833_02,S8940,early,robot_local,0,0.2424736063084717,0.5
habit_test_06596,009833_02,S8940,ready,robot_local,1,0.8592164569415423,0.5
habit_test_06597,009834_02,S8940,early,robot_local,0,0.31032393040085965,0.5
habit_test_06598,009834_02,S8940,ready,robot_local,1,0.9260472138484066,0.5
habit_test_06599,009835_02,S8940,early,robot_local,0,0.3923104228354051,0.5
habit_test_06600,009835_02,S8940,ready,robot_local,1,0.752578345381986,0.5
habit_test_06601,009836_02,S8940,early,robot_local,0,0.36112525745389984,0.5
habit_test_06602,009836_02,S8940,ready,robot_local,1,0.7988764618710021,0.5
habit_test_06603,009837_02,S8940,early,robot_local,0,0.20803728920939982,0.5
habit_test_06604,009837_02,S8940,ready,robot_local,1,0.5706590332472917,0.5
habit_test_06605,009838_02,S8940,early,robot_local,0,0.2312699661505659,0.5
habit_test_06606,009838_02,S8940,ready,robot_local,1,0.5791719591145795,0.5
habit_test_06607,009839_02,S8940,early,robot_local,0,0.3617453180973635,0.5
habit_test_06608,009839_02,S8940,ready,robot_local,1,0.7081716232523035,0.5
habit_test_06609,009842_02,S8940,early,robot_local,0,0.3466123952954277,0.5
habit_test_06610,009842_02,S8940,ready,robot_local,1,0.9443870288419568,0.5
habit_test_06611,009843_02,S8940,early,robot_local,0,0.2624657245831886,0.5
habit_test_06612,009843_02,S8940,ready,robot_local,1,0.7808848560625586,0.5
habit_test_06613,009844_02,S8940,early,robot_local,0,0.3068819033582681,0.5
habit_test_06614,009844_02,S8940,ready,robot_local,1,0.9165024912461821,0.5
habit_test_06615,009845_02,S8940,early,robot_local,0,0.2707245148340462,0.5
habit_test_06616,009845_02,S8940,ready,robot_local,1,0.8169249131043711,0.5
habit_test_06617,009846_02,S8940,early,robot_local,0,0.39151163101859726,0.5
habit_test_06618,009846_02,S8940,ready,robot_local,1,0.9016534644286675,0.5
habit_test_06619,009847_02,S8940,early,robot_local,0,0.2715519150979004,0.5
habit_test_06620,009847_02,S8940,ready,robot_local,1,0.7485718239902784,0.5
habit_test_06621,009848_02,S8940,early,robot_local,0,0.270770227764292,0.5
habit_test_06622,009848_02,S8940,ready,robot_local,1,0.805852505296319,0.5
habit_test_06623,009849_02,S8940,early,robot_local,0,0.228215873962952,0.5
habit_test_06624,009849_02,S8940,ready,robot_local,1,0.717148700321897,0.5
habit_test_06625,009851_02,S8940,early,robot_local,0,0.40860803192403544,0.5
habit_test_06626,009851_02,S8940,ready,robot_local,1,0.8914651605249264,0.5
habit_test_06627,009852_02,S8940,early,robot_local,0,0.5667256662419763,0.5
habit_test_06628,009852_02,S8940,ready,robot_local,1,0.9009545400268554,0.5
habit_test_06629,009853_01,S8940,early,robot_local,0,0.2327611586163344,0.5
habit_test_06630,009853_01,S8940,ready,robot_local,1,0.72690329982701,0.5
habit_test_06631,009853_02,S8940,early,robot_local,0,0.30741073029199634,0.5
habit_test_06632,009853_02,S8940,ready,robot_local,1,0.6026474863859739,0.5
habit_test_06633,009854_02,S8940,early,robot_local,0,0.4063152655438536,0.5
habit_test_06634,009854_02,S8940,ready,robot_local,1,0.6311490842947753,0.5
habit_test_06635,009855_02,S8940,early,robot_local,0,0.22367760544068338,0.5
habit_test_06636,009855_02,S8940,ready,robot_local,1,0.34228637632216635,0.5
habit_test_06637,009856_02,S8940,early,robot_local,0,0.3459866319322633,0.5
habit_test_06638,009856_02,S8940,ready,robot_local,1,0.6603413968937861,0.5
habit_test_06639,009858_02,S8940,early,robot_local,0,0.30583100429638715,0.5
habit_test_06640,009858_02,S8940,ready,robot_local,1,0.7225003952159377,0.5
habit_test_06641,009859_02,S8940,early,robot_local,0,0.32414610876022787,0.5
habit_test_06642,009859_02,S8940,ready,robot_local,1,0.6136698656434817,0.5
habit_test_06643,009860_02,S8940,early,robot_local,0,0.09140826485791001,0.5
habit_test_06644,009860_02,S8940,ready,robot_local,1,0.5436568325792844,0.5
habit_test_06645,009861_02,S8940,early,robot_local,0,0.33047462964486496,0.5
habit_test_06646,009861_02,S8940,ready,robot_local,1,0.5454564063618471,0.5
habit_test_06647,009863_02,S8940,early,robot_local,0,0.18737152618139385,0.5
habit_test_06648,009863_02,S8940,ready,robot_local,1,0.6068360474468173,0.5
habit_test_06649,009864_02,S8940,early,robot_local,0,0.5717363656166815,0.5
habit_test_06650,009864_02,S8940,ready,robot_local,1,0.7687482601150668,0.5
habit_test_06651,009865_02,S8940,early,robot_local,0,0.3524176855049903,0.5
habit_test_06652,009865_02,S8940,ready,robot_local,1,0.7361684870214139,0.5
habit_test_06653,009866_02,S8940,early,robot_local,0,0.3293882811020344,0.5
habit_test_06654,009866_02,S8940,ready,robot_local,1,0.5094667456389114,0.5
habit_test_06655,009867_02,S8940,early,robot_local,0,0.22154727009290634,0.5
habit_test_06656,009867_02,S8940,ready,robot_local,1,0.7671473844375063,0.5
habit_test_06657,009868_01,S8940,early,robot_local,0,0.2448707171111416,0.5
habit_test_06658,009868_01,S8940,ready,robot_local,1,0.5709004245707356,0.5
habit_test_06659,009868_02,S8940,early,robot_local,0,0.22390999675939688,0.5
habit_test_06660,009868_02,S8940,ready,robot_local,1,0.774220327200758,0.5
habit_test_06661,009869_01,S8940,early,robot_local,0,0.17879162378266697,0.5
habit_test_06662,009869_01,S8940,ready,robot_local,1,0.9377296980917612,0.5
habit_test_06663,009869_02,S8940,early,robot_local,0,0.5306028192243774,0.5
habit_test_06664,009869_02,S8940,ready,robot_local,1,0.774844754971574,0.5
habit_test_06665,009870_01,S8940,early,robot_local,0,0.2907548256563946,0.5
habit_test_06666,009870_01,S8940,ready,robot_local,1,0.949794005612613,0.5
habit_test_06667,009870_02,S8940,early,robot_local,0,0.6871421945889902,0.5
habit_test_06668,009870_02,S8940,ready,robot_local,1,0.9189303431032854,0.5
habit_test_06669,009871_01,S8940,early,robot_local,0,0.3506962738863984,0.5
habit_test_06670,009871_01,S8940,ready,robot_local,1,0.8744070508789483,0.5
habit_test_06671,009871_02,S8940,early,robot_local,0,0.27325046055734625,0.5
habit_test_06672,009871_02,S8940,ready,robot_local,1,0.9718556659045077,0.5
habit_test_06673,009872_01,S8940,early,robot_local,0,0.3075780780659964,0.5
habit_test_06674,009872_01,S8940,ready,robot_local,1,0.9397884202631727,0.5
habit_test_06675,009872_02,S8940,early,robot_local,0,0.44408271761328494,0.5
habit_test_06676,009872_02,S8940,ready,robot_local,1,0.9743023684961194,0.5
habit_test_06677,009873_01,S8940,early,robot_local,0,0.22690084077440414,0.5
habit_test_06678,009873_01,S8940,ready,robot_local,1,0.9213655171464075,0.5
habit_test_06679,009873_02,S8940,early,robot_local,0,0.44418883747561616,0.5
habit_test_06680,009873_02,S8940,ready,robot_local,1,0.858739745083272,0.5
habit_test_06681,009874_01,S8940,early,robot_local,0,0.5141327651002536,0.5
habit_test_06682,009874_01,S8940,ready,robot_local,1,0.9537881796827193,0.5
habit_test_06683,009874_02,S8940,early,robot_local,0,0.29980998408302584,0.5
habit_test_06684,009874_02,S8940,ready,robot_local,1,0.9581054725776748,0.5
habit_test_06685,009875_01,S8940,early,robot_local,0,0.27977720718852866,0.5
habit_test_06686,009875_01,S8940,ready,robot_local,1,0.7210846511002666,0.5
habit_test_06687,009875_02,S8940,early,robot_local,0,0.2638453425387653,0.5
habit_test_06688,009875_02,S8940,ready,robot_local,1,0.8775995060818895,0.5
habit_test_06689,009876_01,S8940,early,robot_local,0,0.2392507772330795,0.5
habit_test_06690,009876_01,S8940,ready,robot_local,1,0.6566702234993016,0.5
habit_test_06691,009876_02,S8940,early,robot_local,0,0.3451742063787979,0.5
habit_test_06692,009876_02,S8940,ready,robot_local,1,0.7960629951314727,0.5
habit_test_06693,009879_01,S8940,early,robot_local,0,0.3086263787922721,0.5
habit_test_06694,009879_01,S8940,ready,robot_local,1,0.8752914453024452,0.5
habit_test_06695,009879_02,S8940,early,robot_local,0,0.2084977191091016,0.5
habit_test_06696,009879_02,S8940,ready,robot_local,1,0.8627321191736508,0.5
habit_test_06697,009880_01,S8940,early,robot_local,0,0.2976908400030834,0.5
habit_test_06698,009880_01,S8940,ready,robot_local,1,0.6288478011731226,0.5
habit_test_06699,009880_02,S8940,early,robot_local,0,0.13734434562138637,0.5
habit_test_06700,009880_02,S8940,ready,robot_local,1,0.7313381419860024,0.5
habit_test_06701,009881_01,S8940,early,robot_local,0,0.2983973637490377,0.5
habit_test_06702,009881_01,S8940,ready,robot_local,1,0.40696392873146475,0.5
habit_test_06703,009881_02,S8940,early,robot_local,0,0.04263839346281762,0.5
habit_test_06704,009881_02,S8940,ready,robot_local,1,0.6725327528580496,0.5
habit_test_06705,009882_01,S8940,early,robot_local,0,0.2548413982071397,0.5
habit_test_06706,009882_01,S8940,ready,robot_local,1,0.7768602293021742,0.5
habit_test_06707,009882_02,S8940,early,robot_local,0,0.23802868935605953,0.5
habit_test_06708,009882_02,S8940,ready,robot_local,1,0.8624762748983958,0.5
habit_test_06709,009883_01,S8940,early,robot_local,0,0.0826103820827011,0.5
habit_test_06710,009883_01,S8940,ready,robot_local,1,0.720857681718532,0.5
habit_test_06711,009883_02,S8940,early,robot_local,0,0.1960871348662702,0.5
habit_test_06712,009883_02,S8940,ready,robot_local,1,0.8778503235285818,0.5
habit_test_06713,009885_01,S8940,early,robot_local,0,0.39326013272754373,0.5
habit_test_06714,009885_01,S8940,ready,robot_local,1,0.7082520745736673,0.5
habit_test_06715,009885_02,S8940,early,robot_local,0,0.09286911772525594,0.5
habit_test_06716,009885_02,S8940,ready,robot_local,1,0.8147624543843862,0.5
habit_test_06717,009886_01,S8940,early,robot_local,0,0.14937053622422614,0.5
habit_test_06718,009886_01,S8940,ready,robot_local,1,0.7063607908044834,0.5
habit_test_06719,009886_02,S8940,early,robot_local,0,0.18814927031612272,0.5
habit_test_06720,009886_02,S8940,ready,robot_local,1,0.8298615119825564,0.5
habit_test_06721,009887_01,S8940,early,robot_local,0,0.23429398442692842,0.5
habit_test_06722,009887_01,S8940,ready,robot_local,1,0.7329448030171136,0.5
habit_test_06723,009887_02,S8940,early,robot_local,0,0.13008497789850365,0.5
habit_test_06724,009887_02,S8940,ready,robot_local,1,0.7325649914728926,0.5
habit_test_06725,009889_01,S8940,early,robot_local,0,0.23432802262007063,0.5
habit_test_06726,009889_01,S8940,ready,robot_local,1,0.6221552672493784,0.5
habit_test_06727,009889_02,S8940,early,robot_local,0,0.11917841760381907,0.5
habit_test_06728,009889_02,S8940,ready,robot_local,1,0.8572298666794066,0.5
habit_test_06729,009892_01,S8940,early,robot_local,0,0.2994826135185078,0.5
habit_test_06730,009892_01,S8940,ready,robot_local,1,0.8489770002232122,0.5
habit_test_06731,009892_02,S8940,early,robot_local,0,0.296519405173385,0.5
habit_test_06732,009892_02,S8940,ready,robot_local,1,0.8782299926641164,0.5
habit_test_06733,009893_01,S8940,early,robot_local,0,0.1666531615709963,0.5
habit_test_06734,009893_01,S8940,ready,robot_local,1,0.8571775949736163,0.5
habit_test_06735,009893_02,S8940,early,robot_local,0,0.3115418715778226,0.5
habit_test_06736,009893_02,S8940,ready,robot_local,1,0.9465547101249131,0.5
habit_test_06737,009894_01,S8940,early,robot_local,0,0.21165914137055805,0.5
habit_test_06738,009894_01,S8940,ready,robot_local,1,0.8684524596461987,0.5
habit_test_06739,009894_02,S8940,early,robot_local,0,0.12033398635545585,0.5
habit_test_06740,009894_02,S8940,ready,robot_local,1,0.8903272502576141,0.5
habit_test_06741,009895_01,S8940,early,robot_local,0,0.21038060091552213,0.5
habit_test_06742,009895_01,S8940,ready,robot_local,1,0.8900816424107201,0.5
habit_test_06743,009895_02,S8940,early,robot_local,0,0.12768884151480292,0.5
habit_test_06744,009895_02,S8940,ready,robot_local,1,0.9425892045601365,0.5
habit_test_06745,009896_01,S8940,early,robot_local,0,0.16252955839994804,0.5
habit_test_06746,009896_01,S8940,ready,robot_local,1,0.8711654537772917,0.5
habit_test_06747,009896_02,S8940,early,robot_local,0,0.2024701924878084,0.5
habit_test_06748,009896_02,S8940,ready,robot_local,1,0.897089304847979,0.5
habit_test_06749,009897_01,S8940,early,robot_local,0,0.09179016556533195,0.5
habit_test_06750,009897_01,S8940,ready,robot_local,1,0.8716662790374075,0.5
habit_test_06751,009897_02,S8940,early,robot_local,0,0.2232595763197637,0.5
habit_test_06752,009897_02,S8940,ready,robot_local,1,0.8129184463945801,0.5
habit_test_06753,009898_01,S8940,early,robot_local,0,0.13727426333788403,0.5
habit_test_06754,009898_01,S8940,ready,robot_local,1,0.8475435455124021,0.5
habit_test_06755,009898_02,S8940,early,robot_local,0,0.07733322549351618,0.5
habit_test_06756,009898_02,S8940,ready,robot_local,1,0.8723110537653217,0.5
habit_test_06757,009899_01,S8940,early,robot_local,0,0.14233913337682483,0.5
habit_test_06758,009899_01,S8940,ready,robot_local,1,0.9508414675579162,0.5
habit_test_06759,009899_02,S8940,early,robot_local,0,0.13761875405807525,0.5
habit_test_06760,009899_02,S8940,ready,robot_local,1,0.9262665508280606,0.5
habit_test_06761,009900_01,S8940,early,robot_local,0,0.24045049426495194,0.5
habit_test_06762,009900_01,S8940,ready,robot_local,1,0.9698828517816023,0.5
habit_test_06763,009900_02,S8940,early,robot_local,0,0.25040617163517104,0.5
habit_test_06764,009900_02,S8940,ready,robot_local,1,0.9737836074463707,0.5
habit_test_06765,009901_01,S8940,early,robot_local,0,0.12633183553060845,0.5
habit_test_06766,009901_01,S8940,ready,robot_local,1,0.9308763567882286,0.5
habit_test_06767,009901_02,S8940,early,robot_local,0,0.15491570719213307,0.5
habit_test_06768,009901_02,S8940,ready,robot_local,1,0.9641306448548169,0.5
