model,id,source_id,event_id,episode_id,sid,window,condition,target_sid,target_object,expected_target_match,image,target_match,target_match_score,release_readiness,readiness_score
qwen3vl_8b,habit_cf_0001,habit_test_01529,004948_01,004948,S6759,early,factual,S6759,Power Cable,matched,images/test_image_01529.jpg,mismatched,0.025000000000000022,not_ready,0.025000000000000022
qwen3vl_8b,habit_cf_0002,habit_test_01529,004948_01,004948,S6759,early,counterfactual,S7414,Paper to-go box,mismatched,images/test_image_01529.jpg,mismatched,0.025000000000000022,not_ready,0.025000000000000022
qwen3vl_8b,habit_cf_0003,habit_test_01530,004948_01,004948,S6759,ready,factual,S6759,Power Cable,matched,images/test_image_01530.jpg,matched,0.975,not_ready,0.04999999999999999
qwen3vl_8b,habit_cf_0004,habit_test_01530,004948_01,004948,S6759,ready,counterfactual,S7414,Paper to-go box,mismatched,images/test_image_01530.jpg,matched,0.975,ready,0.95
qwen3vl_8b,habit_cf_0005,habit_test_01531,004949_01,004949,S6759,early,factual,S6759,Power Cable,matched,images/test_image_01531.jpg,matched,0.975,ready,0.95
qwen3vl_8b,habit_cf_0006,habit_test_01531,004949_01,004949,S6759,early,counterfactual,S7414,Paper to-go box,mismatched,images/test_image_01531.jpg,mismatched,0.025000000000000022,not_ready,0.025000000000000022
qwen3vl_8b,habit_cf_0007,habit_test_01532,004949_01,004949,S6759,ready,factual,S6759,Power Cable,matched,images/test_image_01532.jpg,matched,0.975,ready,0.975
qwen3vl_8b,habit_cf_0008,habit_test_01532,004949_01,004949,S6759,ready,counterfactual,S7414,Paper to-go box,mismatched,images/test_image_01532.jpg,matched,0.975,ready,0.975
qwen3vl_8b,habit_cf_0009,habit_test_01533,004951_01,004951,S6759,early,factual,S6759,Power Cable,matched,images/test_image_01533.jpg,mismatched,0.025000000000000022,not_ready,0.025000000000000022
qwen3vl_8b,habit_cf_0010,habit_test_01533,004951_01,004951,S6759,early,counterfactual,S7414,Paper to-go box,mismatched,images/test_image_01533.jpg,mismatched,0.025000000000000022,not_ready,0.025000000000000022
qwen3vl_8b,habit_cf_0011,habit_test_01534,004951_01,004951,S6759,ready,factual,S6759,Power Cable,matched,images/test_image_01534.jpg,matched,0.975,ready,0.95
qwen3vl_8b,habit_cf_0012,habit_test_01534,004951_01,004951,S6759,ready,counterfactual,S7414,Paper to-go box,mismatched,images/test_image_01534.jpg,matched,0.975,ready,0.95
qwen3vl_8b,habit_cf_0013,habit_test_01535,004952_01,004952,S6759,early,factual,S6759,Power Cable,matched,images/test_image_01535.jpg,matched,0.975,not_ready,0.04999999999999999
qwen3vl_8b,habit_cf_0014,habit_test_01535,004952_01,004952,S6759,early,counterfactual,S7414,Paper to-go box,mismatched,images/test_image_01535.jpg,mismatched,0.025000000000000022,not_ready,0.025000000000000022
qwen3vl_8b,habit_cf_0015,habit_test_01536,004952_01,004952,S6759,ready,factual,S6759,Power Cable,matched,images/test_image_01536.jpg,matched,0.975,not_ready,0.04999999999999999
qwen3vl_8b,habit_cf_0016,habit_test_01536,004952_01,004952,S6759,ready,counterfactual,S7414,Paper to-go box,mismatched,images/test_image_01536.jpg,matched,0.975,ready,0.95
qwen3vl_8b,habit_cf_0017,habit_test_01537,004953_01,004953,S6759,early,factual,S6759,Power Cable,matched,images/test_image_01537.jpg,mismatched,0.025000000000000022,not_ready,0.025000000000000022
qwen3vl_8b,habit_cf_0018,habit_test_01537,004953_01,004953,S6759,early,counterfactual,S7414,Paper to-go box,mismatched,images/test_image_01537.jpg,mismatched,0.025000000000000022,not_ready,0.025000000000000022
qwen3vl_8b,habit_cf_0019,habit_test_01538,004953_01,004953,S6759,ready,factual,S6759,Power Cable,matched,images/test_image_01538.jpg,matched,0.975,not_ready,0.04999999999999999
qwen3vl_8b,habit_cf_0020,habit_test_01538,004953_01,004953,S6759,ready,counterfactual,S7414,Paper to-go box,mismatched,images/test_image_01538.jpg,matched,0.975,not_ready,0.04999999999999999
qwen3vl_8b,habit_cf_0021,habit_test_01539,004954_01,004954,S6759,early,factual,S6759,Power Cable,matched,images/test_image_01539.jpg,mismatched,0.025000000000000022,not_ready,0.025000000000000022
qwen3vl_8b,habit_cf_0022,habit_test_01539,004954_01,004954,S6759,early,counterfactual,S7414,Paper to-go box,mismatched,images/test_image_01539.jpg,mismatched,0.025000000000000022,not_ready,0.025000000000000022
qwen3vl_8b,habit_cf_0023,habit_test_01540,004954_01,004954,S6759,ready,factual,S6759,Power Cable,matched,images/test_image_01540.jpg,mismatched,0.025000000000000022,not_ready,0.025000000000000022
qwen3vl_8b,habit_cf_0024,habit_test_01540,004954_01,004954,S6759,ready,counterfactual,S7414,Paper to-go box,mismatched,images/test_image_01540.jpg,mismatched,0.025000000000000022,not_ready,0.025000000000000022
qwen3vl_8b,habit_cf_0025,habit_test_01541,004956_01,004956,S6759,early,factual,S6759,Power Cable,matched,images/test_image_01541.jpg,mismatched,0.025000000000000022,not_ready,0.025000000000000022
qwen3vl_8b,habit_cf_0026,habit_test_01541,004956_01,004956,S6759,early,counterfactual,S7414,Paper to-go box,mismatched,images/test_image_01541.jpg,mismatched,0.025000000000000022,not_ready,0.025000000000000022
qwen3vl_8b,habit_cf_0027,habit_test_01542,004956_01,004956,S6759,ready,factual,S6759,Power Cable,matched,images/test_image_01542.jpg,mismatched,0.025000000000000022,not_ready,0.025000000000000022
qwen3vl_8b,habit_cf_0028,habit_test_01542,004956_01,004956,S6759,ready,counterfactual,S7414,Paper to-go box,mismatched,images/test_image_01542.jpg,matched,0.975,ready,0.95
qwen3vl_8b,habit_cf_0029,habit_test_01543,004957_01,004957,S6759,early,factual,S6759,Power Cable,matched,images/test_image_01543.jpg,mismatched,0.025000000000000022,not_ready,0.025000000000000022
qwen3vl_8b,habit_cf_0030,habit_test_01543,004957_01,004957,S6759,early,counterfactual,S7414,Paper to-go box,mismatched,images/test_image_01543.jpg,mismatched,0.025000000000000022,not_ready,0.025000000000000022
qwen3vl_8b,habit_cf_0031,habit_test_01544,004957_01,004957,S6759,ready,factual,S6759,Power Cable,matched,images/test_image_01544.jpg,matched,0.975,ready,0.95
qwen3vl_8b,habit_cf_0032,habit_test_01544,004957_01,004957,S6759,ready,counterfactual,S7414,Paper to-go box,mismatched,images/test_image_01544.jpg,matched,0.975,ready,0.95
qwen3vl_8b,habit_cf_0033,habit_test_01545,004958_01,004958,S6759,early,factual,S6759,Power Cable,matched,images/test_image_01545.jpg,mismatched,0.025000000000000022,not_ready,0.025000000000000022
qwen3vl_8b,habit_cf_0034,habit_test_01545,004958_01,004958,S6759,early,counterfactual,S7414,Paper to-go box,mismatched,images/test_image_01545.jpg,mismatched,0.025000000000000022,not_ready,0.025000000000000022
qwen3vl_8b,habit_cf_0035,habit_test_01546,004958_01,004958,S6759,ready,factual,S6759,Power Cable,matched,images/test_image_01546.jpg,matched,0.975,ready,0.95
qwen3vl_8b,habit_cf_0036,habit_test_01546,004958_01,004958,S6759,ready,counterfactual,S7414,Paper to-go box,mismatched,images/test_image_01546.jpg,matched,0.975,ready,0.95
qwen3vl_8b,habit_cf_0037,habit_test_01547,004959_01,004959,S6759,early,factual,S6759,Power Cable,matched,images/test_image_01547.jpg,matched,0.975,ready,0.95
qwen3vl_8b,habit_cf_0038,habit_test_01547,004959_01,004959,S6759,early,counterfactual,S7414,Paper to-go box,mismatched,images/test_image_01547.jpg,mismatched,0.025000000000000022,not_ready,0.025000000000000022
qwen3vl_8b,habit_cf_0039,habit_test_01548,004959_01,004959,S6759,ready,factual,S6759,Power Cable,matched,images/test_image_01548.jpg,matched,0.975,ready,0.95
qwen3vl_8b,habit_cf_0040,habit_test_01548,004959_01,004959,S6759,ready,counterfactual,S7414,Paper to-go box,mismatched,images/test_image_01548.jpg,matched,0.975,ready,0.95
qwen3vl_8b,habit_cf_0041,habit_test_00001,000124_01,000124,S7025,early,factual,S7025,Organizing box,matched,images/test_image_00001.jpg,matched,0.975,ready,0.95
qwen3vl_8b,habit_cf_0042,habit_test_00001,000124_01,000124,S7025,early,counterfactual,S6759,Power Cable,mismatched,images/test_image_00001.jpg,mismatched,0.025000000000000022,not_ready,0.025000000000000022
qwen3vl_8b,habit_cf_0043,habit_test_00002,000124_01,000124,S7025,ready,factual,S7025,Organizing box,matched,images/test_image_00002.jpg,matched,0.975,ready,0.95
qwen3vl_8b,habit_cf_0044,habit_test_00002,000124_01,000124,S7025,ready,counterfactual,S6759,Power Cable,mismatched,images/test_image_00002.jpg,mismatched,0.025000000000000022,not_ready,0.025000000000000022
qwen3vl_8b,habit_cf_0045,habit_test_00005,000126_01,000126,S7025,early,factual,S7025,Organizing box,matched,images/test_image_00005.jpg,matched,0.975,ready,0.95
qwen3vl_8b,habit_cf_0046,habit_test_00005,000126_01,000126,S7025,early,counterfactual,S6759,Power Cable,mismatched,images/test_image_00005.jpg,mismatched,0.025000000000000022,not_ready,0.025000000000000022
qwen3vl_8b,habit_cf_0047,habit_test_00006,000126_01,000126,S7025,ready,factual,S7025,Organizing box,matched,images/test_image_00006.jpg,matched,0.975,ready,0.975
qwen3vl_8b,habit_cf_0048,habit_test_00006,000126_01,000126,S7025,ready,counterfactual,S6759,Power Cable,mismatched,images/test_image_00006.jpg,mismatched,0.025000000000000022,not_ready,0.025000000000000022
qwen3vl_8b,habit_cf_0049,habit_test_00009,000128_01,000128,S7025,early,factual,S7025,Organizing box,matched,images/test_image_00009.jpg,matched,0.975,ready,0.95
qwen3vl_8b,habit_cf_0050,habit_test_00009,000128_01,000128,S7025,early,counterfactual,S6759,Power Cable,mismatched,images/test_image_00009.jpg,mismatched,0.025000000000000022,not_ready,0.025000000000000022
qwen3vl_8b,habit_cf_0051,habit_test_00010,000128_01,000128,S7025,ready,factual,S7025,Organizing box,matched,images/test_image_00010.jpg,matched,0.975,ready,0.95
qwen3vl_8b,habit_cf_0052,habit_test_00010,000128_01,000128,S7025,ready,counterfactual,S6759,Power Cable,mismatched,images/test_image_00010.jpg,mismatched,0.025000000000000022,not_ready,0.025000000000000022
qwen3vl_8b,habit_cf_0053,habit_test_00013,000129_01,000129,S7025,early,factual,S7025,Organizing box,matched,images/test_image_00013.jpg,matched,0.975,not_ready,0.04999999999999999
qwen3vl_8b,habit_cf_0054,habit_test_00013,000129_01,000129,S7025,early,counterfactual,S6759,Power Cable,mismatched,images/test_image_00013.jpg,mismatched,0.025000000000000022,not_ready,0.025000000000000022
qwen3vl_8b,habit_cf_0055,habit_test_00014,000129_01,000129,S7025,ready,factual,S7025,Organizing box,matched,images/test_image_00014.jpg,matched,0.975,ready,0.975
qwen3vl_8b,habit_cf_0056,habit_test_00014,000129_01,000129,S7025,ready,counterfactual,S6759,Power Cable,mismatched,images/test_image_00014.jpg,mismatched,0.025000000000000022,not_ready,0.025000000000000022
qwen3vl_8b,habit_cf_0057,habit_test_00017,000130_01,000130,S7025,early,factual,S7025,Organizing box,matched,images/test_image_00017.jpg,matched,0.975,ready,0.95
qwen3vl_8b,habit_cf_0058,habit_test_00017,000130_01,000130,S7025,early,counterfactual,S6759,Power Cable,mismatched,images/test_image_00017.jpg,mismatched,0.025000000000000022,not_ready,0.025000000000000022
qwen3vl_8b,habit_cf_0059,habit_test_00018,000130_01,000130,S7025,ready,factual,S7025,Organizing box,matched,images/test_image_00018.jpg,matched,0.975,ready,0.95
qwen3vl_8b,habit_cf_0060,habit_test_00018,000130_01,000130,S7025,ready,counterfactual,S6759,Power Cable,mismatched,images/test_image_00018.jpg,mismatched,0.010000000000000009,not_ready,0.025000000000000022
qwen3vl_8b,habit_cf_0061,habit_test_00021,000131_01,000131,S7025,early,factual,S7025,Organizing box,matched,images/test_image_00021.jpg,mismatched,0.025000000000000022,not_ready,0.025000000000000022
qwen3vl_8b,habit_cf_0062,habit_test_00021,000131_01,000131,S7025,early,counterfactual,S6759,Power Cable,mismatched,images/test_image_00021.jpg,mismatched,0.025000000000000022,not_ready,0.025000000000000022
qwen3vl_8b,habit_cf_0063,habit_test_00022,000131_01,000131,S7025,ready,factual,S7025,Organizing box,matched,images/test_image_00022.jpg,matched,0.975,ready,0.95
qwen3vl_8b,habit_cf_0064,habit_test_00022,000131_01,000131,S7025,ready,counterfactual,S6759,Power Cable,mismatched,images/test_image_00022.jpg,mismatched,0.025000000000000022,not_ready,0.025000000000000022
qwen3vl_8b,habit_cf_0065,habit_test_00025,000132_01,000132,S7025,early,factual,S7025,Organizing box,matched,images/test_image_00025.jpg,matched,0.975,ready,0.95
qwen3vl_8b,habit_cf_0066,habit_test_00025,000132_01,000132,S7025,early,counterfactual,S6759,Power Cable,mismatched,images/test_image_00025.jpg,mismatched,0.025000000000000022,not_ready,0.025000000000000022
qwen3vl_8b,habit_cf_0067,habit_test_00026,000132_01,000132,S7025,ready,factual,S7025,Organizing box,matched,images/test_image_00026.jpg,matched,0.975,ready,0.95
qwen3vl_8b,habit_cf_0068,habit_test_00026,000132_01,000132,S7025,ready,counterfactual,S6759,Power Cable,mismatched,images/test_image_00026.jpg,mismatched,0.025000000000000022,not_ready,0.025000000000000022
qwen3vl_8b,habit_cf_0069,habit_test_00029,000133_01,000133,S7025,early,factual,S7025,Organizing box,matched,images/test_image_00029.jpg,matched,0.975,not_ready,0.04999999999999999
qwen3vl_8b,habit_cf_0070,habit_test_00029,000133_01,000133,S7025,early,counterfactual,S6759,Power Cable,mismatched,images/test_image_00029.jpg,mismatched,0.025000000000000022,not_ready,0.025000000000000022
qwen3vl_8b,habit_cf_0071,habit_test_00030,000133_01,000133,S7025,ready,factual,S7025,Organizing box,matched,images/test_image_00030.jpg,matched,0.975,ready,0.95
qwen3vl_8b,habit_cf_0072,habit_test_00030,000133_01,000133,S7025,ready,counterfactual,S6759,Power Cable,mismatched,images/test_image_00030.jpg,mismatched,0.010000000000000009,not_ready,0.025000000000000022
qwen3vl_8b,habit_cf_0073,habit_test_00033,000135_01,000135,S7025,early,factual,S7025,Organizing box,matched,images/test_image_00033.jpg,matched,0.975,ready,0.95
qwen3vl_8b,habit_cf_0074,habit_test_00033,000135_01,000135,S7025,early,counterfactual,S6759,Power Cable,mismatched,images/test_image_00033.jpg,mismatched,0.025000000000000022,not_ready,0.025000000000000022
qwen3vl_8b,habit_cf_0075,habit_test_00034,000135_01,000135,S7025,ready,factual,S7025,Organizing box,matched,images/test_image_00034.jpg,matched,0.975,ready,0.975
qwen3vl_8b,habit_cf_0076,habit_test_00034,000135_01,000135,S7025,ready,counterfactual,S6759,Power Cable,mismatched,images/test_image_00034.jpg,mismatched,0.025000000000000022,not_ready,0.025000000000000022
qwen3vl_8b,habit_cf_0077,habit_test_00037,000137_01,000137,S7025,early,factual,S7025,Organizing box,matched,images/test_image_00037.jpg,mismatched,0.025000000000000022,not_ready,0.025000000000000022
qwen3vl_8b,habit_cf_0078,habit_test_00037,000137_01,000137,S7025,early,counterfactual,S6759,Power Cable,mismatched,images/test_image_00037.jpg,mismatched,0.025000000000000022,not_ready,0.025000000000000022
qwen3vl_8b,habit_cf_0079,habit_test_00038,000137_01,000137,S7025,ready,factual,S7025,Organizing box,matched,images/test_image_00038.jpg,matched,0.975,ready,0.95
qwen3vl_8b,habit_cf_0080,habit_test_00038,000137_01,000137,S7025,ready,counterfactual,S6759,Power Cable,mismatched,images/test_image_00038.jpg,mismatched,0.025000000000000022,not_ready,0.025000000000000022
qwen3vl_8b,habit_cf_0081,habit_test_00469,002888_01,002888,S7414,early,factual,S7414,Paper to-go box,matched,images/test_image_00469.jpg,mismatched,0.025000000000000022,not_ready,0.025000000000000022
qwen3vl_8b,habit_cf_0082,habit_test_00469,002888_01,002888,S7414,early,counterfactual,S8975,100 cm Hotel Towel,mismatched,images/test_image_00469.jpg,mismatched,0.010000000000000009,not_ready,0.010000000000000009
qwen3vl_8b,habit_cf_0083,habit_test_00470,002888_01,002888,S7414,ready,factual,S7414,Paper to-go box,matched,images/test_image_00470.jpg,matched,0.975,ready,0.95
qwen3vl_8b,habit_cf_0084,habit_test_00470,002888_01,002888,S7414,ready,counterfactual,S8975,100 cm Hotel Towel,mismatched,images/test_image_00470.jpg,mismatched,0.010000000000000009,not_ready,0.010000000000000009
qwen3vl_8b,habit_cf_0085,habit_test_00473,002889_01,002889,S7414,early,factual,S7414,Paper to-go box,matched,images/test_image_00473.jpg,mismatched,0.025000000000000022,not_ready,0.025000000000000022
qwen3vl_8b,habit_cf_0086,habit_test_00473,002889_01,002889,S7414,early,counterfactual,S8975,100 cm Hotel Towel,mismatched,images/test_image_00473.jpg,mismatched,0.010000000000000009,not_ready,0.010000000000000009
qwen3vl_8b,habit_cf_0087,habit_test_00474,002889_01,002889,S7414,ready,factual,S7414,Paper to-go box,matched,images/test_image_00474.jpg,matched,0.975,ready,0.975
qwen3vl_8b,habit_cf_0088,habit_test_00474,002889_01,002889,S7414,ready,counterfactual,S8975,100 cm Hotel Towel,mismatched,images/test_image_00474.jpg,mismatched,0.010000000000000009,not_ready,0.010000000000000009
qwen3vl_8b,habit_cf_0089,habit_test_00477,002890_01,002890,S7414,early,factual,S7414,Paper to-go box,matched,images/test_image_00477.jpg,mismatched,0.025000000000000022,not_ready,0.025000000000000022
qwen3vl_8b,habit_cf_0090,habit_test_00477,002890_01,002890,S7414,early,counterfactual,S8975,100 cm Hotel Towel,mismatched,images/test_image_00477.jpg,mismatched,0.010000000000000009,not_ready,0.025000000000000022
qwen3vl_8b,habit_cf_0091,habit_test_00478,002890_01,002890,S7414,ready,factual,S7414,Paper to-go box,matched,images/test_image_00478.jpg,matched,0.975,ready,0.975
qwen3vl_8b,habit_cf_0092,habit_test_00478,002890_01,002890,S7414,ready,counterfactual,S8975,100 cm Hotel Towel,mismatched,images/test_image_00478.jpg,mismatched,0.010000000000000009,not_ready,0.010000000000000009
qwen3vl_8b,habit_cf_0093,habit_test_00481,002891_01,002891,S7414,early,factual,S7414,Paper to-go box,matched,images/test_image_00481.jpg,mismatched,0.025000000000000022,not_ready,0.025000000000000022
qwen3vl_8b,habit_cf_0094,habit_test_00481,002891_01,002891,S7414,early,counterfactual,S8975,100 cm Hotel Towel,mismatched,images/test_image_00481.jpg,mismatched,0.010000000000000009,not_ready,0.010000000000000009
qwen3vl_8b,habit_cf_0095,habit_test_00482,002891_01,002891,S7414,ready,factual,S7414,Paper to-go box,matched,images/test_image_00482.jpg,matched,0.975,ready,0.975
qwen3vl_8b,habit_cf_0096,habit_test_00482,002891_01,002891,S7414,ready,counterfactual,S8975,100 cm Hotel Towel,mismatched,images/test_image_00482.jpg,mismatched,0.010000000000000009,not_ready,0.010000000000000009
qwen3vl_8b,habit_cf_0097,habit_test_00485,002892_01,002892,S7414,early,factual,S7414,Paper to-go box,matched,images/test_image_00485.jpg,mismatched,0.025000000000000022,not_ready,0.025000000000000022
qwen3vl_8b,habit_cf_0098,habit_test_00485,002892_01,002892,S7414,early,counterfactual,S8975,100 cm Hotel Towel,mismatched,images/test_image_00485.jpg,mismatched,0.010000000000000009,not_ready,0.025000000000000022
qwen3vl_8b,habit_cf_0099,habit_test_00486,002892_01,002892,S7414,ready,factual,S7414,Paper to-go box,matched,images/test_image_00486.jpg,matched,0.975,ready,0.975
qwen3vl_8b,habit_cf_0100,habit_test_00486,002892_01,002892,S7414,ready,counterfactual,S8975,100 cm Hotel Towel,mismatched,images/test_image_00486.jpg,mismatched,0.010000000000000009,not_ready,0.010000000000000009
qwen3vl_8b,habit_cf_0101,habit_test_00489,002894_01,002894,S7414,early,factual,S7414,Paper to-go box,matched,images/test_image_00489.jpg,mismatched,0.025000000000000022,not_ready,0.025000000000000022
qwen3vl_8b,habit_cf_0102,habit_test_00489,002894_01,002894,S7414,early,counterfactual,S8975,100 cm Hotel Towel,mismatched,images/test_image_00489.jpg,mismatched,0.010000000000000009,not_ready,0.010000000000000009
qwen3vl_8b,habit_cf_0103,habit_test_00490,002894_01,002894,S7414,ready,factual,S7414,Paper to-go box,matched,images/test_image_00490.jpg,matched,0.975,ready,0.975
qwen3vl_8b,habit_cf_0104,habit_test_00490,002894_01,002894,S7414,ready,counterfactual,S8975,100 cm Hotel Towel,mismatched,images/test_image_00490.jpg,mismatched,0.010000000000000009,not_ready,0.010000000000000009
qwen3vl_8b,habit_cf_0105,habit_test_00493,002895_01,002895,S7414,early,factual,S7414,Paper to-go box,matched,images/test_image_00493.jpg,mismatched,0.025000000000000022,not_ready,0.025000000000000022
qwen3vl_8b,habit_cf_0106,habit_test_00493,002895_01,002895,S7414,early,counterfactual,S8975,100 cm Hotel Towel,mismatched,images/test_image_00493.jpg,mismatched,0.010000000000000009,not_ready,0.010000000000000009
qwen3vl_8b,habit_cf_0107,habit_test_00494,002895_01,002895,S7414,ready,factual,S7414,Paper to-go box,matched,images/test_image_00494.jpg,matched,0.975,ready,0.975
qwen3vl_8b,habit_cf_0108,habit_test_00494,002895_01,002895,S7414,ready,counterfactual,S8975,100 cm Hotel Towel,mismatched,images/test_image_00494.jpg,mismatched,0.010000000000000009,not_ready,0.010000000000000009
qwen3vl_8b,habit_cf_0109,habit_test_00497,002896_01,002896,S7414,early,factual,S7414,Paper to-go box,matched,images/test_image_00497.jpg,matched,0.975,ready,0.975
qwen3vl_8b,habit_cf_0110,habit_test_00497,002896_01,002896,S7414,early,counterfactual,S8975,100 cm Hotel Towel,mismatched,images/test_image_00497.jpg,mismatched,0.010000000000000009,not_ready,0.010000000000000009
qwen3vl_8b,habit_cf_0111,habit_test_00498,002896_01,002896,S7414,ready,factual,S7414,Paper to-go box,matched,images/test_image_00498.jpg,matched,0.975,ready,0.975
qwen3vl_8b,habit_cf_0112,habit_test_00498,002896_01,002896,S7414,ready,counterfactual,S8975,100 cm Hotel Towel,mismatched,images/test_image_00498.jpg,mismatched,0.010000000000000009,not_ready,0.010000000000000009
qwen3vl_8b,habit_cf_0113,habit_test_00501,002898_01,002898,S7414,early,factual,S7414,Paper to-go box,matched,images/test_image_00501.jpg,matched,0.975,ready,0.975
qwen3vl_8b,habit_cf_0114,habit_test_00501,002898_01,002898,S7414,early,counterfactual,S8975,100 cm Hotel Towel,mismatched,images/test_image_00501.jpg,mismatched,0.010000000000000009,not_ready,0.010000000000000009
qwen3vl_8b,habit_cf_0115,habit_test_00502,002898_01,002898,S7414,ready,factual,S7414,Paper to-go box,matched,images/test_image_00502.jpg,matched,0.975,ready,0.975
qwen3vl_8b,habit_cf_0116,habit_test_00502,002898_01,002898,S7414,ready,counterfactual,S8975,100 cm Hotel Towel,mismatched,images/test_image_00502.jpg,mismatched,0.010000000000000009,not_ready,0.010000000000000009
qwen3vl_8b,habit_cf_0117,habit_test_00505,002899_01,002899,S7414,early,factual,S7414,Paper to-go box,matched,images/test_image_00505.jpg,mismatched,0.025000000000000022,not_ready,0.025000000000000022
qwen3vl_8b,habit_cf_0118,habit_test_00505,002899_01,002899,S7414,early,counterfactual,S8975,100 cm Hotel Towel,mismatched,images/test_image_00505.jpg,mismatched,0.010000000000000009,not_ready,0.010000000000000009
qwen3vl_8b,habit_cf_0119,habit_test_00506,002899_01,002899,S7414,ready,factual,S7414,Paper to-go box,matched,images/test_image_00506.jpg,matched,0.975,ready,0.975
qwen3vl_8b,habit_cf_0120,habit_test_00506,002899_01,002899,S7414,ready,counterfactual,S8975,100 cm Hotel Towel,mismatched,images/test_image_00506.jpg,mismatched,0.010000000000000009,not_ready,0.010000000000000009
qwen3vl_8b,habit_cf_0121,habit_test_02013,008354_01,008354,S7788,early,factual,S7788,iced cup,matched,images/test_image_02013.jpg,matched,0.975,ready,0.975
qwen3vl_8b,habit_cf_0122,habit_test_02013,008354_01,008354,S7788,early,counterfactual,S8940,Airtight Container lid,mismatched,images/test_image_02013.jpg,mismatched,0.025000000000000022,not_ready,0.025000000000000022
qwen3vl_8b,habit_cf_0123,habit_test_02014,008354_01,008354,S7788,ready,factual,S7788,iced cup,matched,images/test_image_02014.jpg,matched,0.975,ready,0.95
qwen3vl_8b,habit_cf_0124,habit_test_02014,008354_01,008354,S7788,ready,counterfactual,S8940,Airtight Container lid,mismatched,images/test_image_02014.jpg,mismatched,0.025000000000000022,not_ready,0.025000000000000022
qwen3vl_8b,habit_cf_0125,habit_test_02015,008364_01,008364,S7788,early,factual,S7788,iced cup,matched,images/test_image_02015.jpg,matched,0.975,ready,0.95
qwen3vl_8b,habit_cf_0126,habit_test_02015,008364_01,008364,S7788,early,counterfactual,S8940,Airtight Container lid,mismatched,images/test_image_02015.jpg,mismatched,0.025000000000000022,not_ready,0.025000000000000022
qwen3vl_8b,habit_cf_0127,habit_test_02016,008364_01,008364,S7788,ready,factual,S7788,iced cup,matched,images/test_image_02016.jpg,matched,0.975,ready,0.95
qwen3vl_8b,habit_cf_0128,habit_test_02016,008364_01,008364,S7788,ready,counterfactual,S8940,Airtight Container lid,mismatched,images/test_image_02016.jpg,mismatched,0.025000000000000022,not_ready,0.025000000000000022
qwen3vl_8b,habit_cf_0129,habit_test_02019,008372_02,008372,S7788,early,factual,S7788,iced cup,matched,images/test_image_02019.jpg,matched,0.975,ready,0.95
qwen3vl_8b,habit_cf_0130,habit_test_02019,008372_02,008372,S7788,early,counterfactual,S8940,Airtight Container lid,mismatched,images/test_image_02019.jpg,mismatched,0.025000000000000022,not_ready,0.025000000000000022
qwen3vl_8b,habit_cf_0131,habit_test_02020,008372_02,008372,S7788,ready,factual,S7788,iced cup,matched,images/test_image_02020.jpg,matched,0.99,ready,0.975
qwen3vl_8b,habit_cf_0132,habit_test_02020,008372_02,008372,S7788,ready,counterfactual,S8940,Airtight Container lid,mismatched,images/test_image_02020.jpg,matched,0.975,ready,0.95
qwen3vl_8b,habit_cf_0133,habit_test_02021,008462_01,008462,S7788,early,factual,S7788,iced cup,matched,images/test_image_02021.jpg,matched,0.975,ready,0.975
qwen3vl_8b,habit_cf_0134,habit_test_02021,008462_01,008462,S7788,early,counterfactual,S8940,Airtight Container lid,mismatched,images/test_image_02021.jpg,mismatched,0.025000000000000022,not_ready,0.025000000000000022
qwen3vl_8b,habit_cf_0135,habit_test_02022,008462_01,008462,S7788,ready,factual,S7788,iced cup,matched,images/test_image_02022.jpg,matched,0.975,ready,0.975
qwen3vl_8b,habit_cf_0136,habit_test_02022,008462_01,008462,S7788,ready,counterfactual,S8940,Airtight Container lid,mismatched,images/test_image_02022.jpg,mismatched,0.025000000000000022,not_ready,0.025000000000000022
qwen3vl_8b,habit_cf_0137,habit_test_02023,008475_01,008475,S7788,early,factual,S7788,iced cup,matched,images/test_image_02023.jpg,matched,0.975,ready,0.975
qwen3vl_8b,habit_cf_0138,habit_test_02023,008475_01,008475,S7788,early,counterfactual,S8940,Airtight Container lid,mismatched,images/test_image_02023.jpg,mismatched,0.025000000000000022,not_ready,0.025000000000000022
qwen3vl_8b,habit_cf_0139,habit_test_02024,008475_01,008475,S7788,ready,factual,S7788,iced cup,matched,images/test_image_02024.jpg,matched,0.975,ready,0.95
qwen3vl_8b,habit_cf_0140,habit_test_02024,008475_01,008475,S7788,ready,counterfactual,S8940,Airtight Container lid,mismatched,images/test_image_02024.jpg,mismatched,0.025000000000000022,not_ready,0.025000000000000022
qwen3vl_8b,habit_cf_0141,habit_test_02025,008495_02,008495,S7788,early,factual,S7788,iced cup,matched,images/test_image_02025.jpg,matched,0.975,ready,0.975
qwen3vl_8b,habit_cf_0142,habit_test_02025,008495_02,008495,S7788,early,counterfactual,S8940,Airtight Container lid,mismatched,images/test_image_02025.jpg,mismatched,0.025000000000000022,not_ready,0.025000000000000022
qwen3vl_8b,habit_cf_0143,habit_test_02026,008495_02,008495,S7788,ready,factual,S7788,iced cup,matched,images/test_image_02026.jpg,matched,0.99,ready,0.975
qwen3vl_8b,habit_cf_0144,habit_test_02026,008495_02,008495,S7788,ready,counterfactual,S8940,Airtight Container lid,mismatched,images/test_image_02026.jpg,mismatched,0.025000000000000022,not_ready,0.025000000000000022
qwen3vl_8b,habit_cf_0145,habit_test_02027,008524_02,008524,S7788,early,factual,S7788,iced cup,matched,images/test_image_02027.jpg,matched,0.975,ready,0.975
qwen3vl_8b,habit_cf_0146,habit_test_02027,008524_02,008524,S7788,early,counterfactual,S8940,Airtight Container lid,mismatched,images/test_image_02027.jpg,mismatched,0.025000000000000022,not_ready,0.025000000000000022
qwen3vl_8b,habit_cf_0147,habit_test_02028,008524_02,008524,S7788,ready,factual,S7788,iced cup,matched,images/test_image_02028.jpg,matched,0.99,ready,0.975
qwen3vl_8b,habit_cf_0148,habit_test_02028,008524_02,008524,S7788,ready,counterfactual,S8940,Airtight Container lid,mismatched,images/test_image_02028.jpg,mismatched,0.025000000000000022,not_ready,0.025000000000000022
qwen3vl_8b,habit_cf_0149,habit_test_02029,009796_02,009796,S7788,early,factual,S7788,iced cup,matched,images/test_image_02029.jpg,matched,0.975,ready,0.975
qwen3vl_8b,habit_cf_0150,habit_test_02029,009796_02,009796,S7788,early,counterfactual,S8940,Airtight Container lid,mismatched,images/test_image_02029.jpg,mismatched,0.025000000000000022,not_ready,0.025000000000000022
qwen3vl_8b,habit_cf_0151,habit_test_02030,009796_02,009796,S7788,ready,factual,S7788,iced cup,matched,images/test_image_02030.jpg,matched,0.975,ready,0.975
qwen3vl_8b,habit_cf_0152,habit_test_02030,009796_02,009796,S7788,ready,counterfactual,S8940,Airtight Container lid,mismatched,images/test_image_02030.jpg,mismatched,0.025000000000000022,not_ready,0.025000000000000022
qwen3vl_8b,habit_cf_0153,habit_test_02031,009797_02,009797,S7788,early,factual,S7788,iced cup,matched,images/test_image_02031.jpg,matched,0.975,ready,0.975
qwen3vl_8b,habit_cf_0154,habit_test_02031,009797_02,009797,S7788,early,counterfactual,S8940,Airtight Container lid,mismatched,images/test_image_02031.jpg,mismatched,0.025000000000000022,not_ready,0.025000000000000022
qwen3vl_8b,habit_cf_0155,habit_test_02032,009797_02,009797,S7788,ready,factual,S7788,iced cup,matched,images/test_image_02032.jpg,matched,0.975,ready,0.95
qwen3vl_8b,habit_cf_0156,habit_test_02032,009797_02,009797,S7788,ready,counterfactual,S8940,Airtight Container lid,mismatched,images/test_image_02032.jpg,mismatched,0.025000000000000022,not_ready,0.025000000000000022
qwen3vl_8b,habit_cf_0157,habit_test_02033,009801_02,009801,S7788,early,factual,S7788,iced cup,matched,images/test_image_02033.jpg,matched,0.975,ready,0.975
qwen3vl_8b,habit_cf_0158,habit_test_02033,009801_02,009801,S7788,early,counterfactual,S8940,Airtight Container lid,mismatched,images/test_image_02033.jpg,mismatched,0.025000000000000022,not_ready,0.025000000000000022
qwen3vl_8b,habit_cf_0159,habit_test_02034,009801_02,009801,S7788,ready,factual,S7788,iced cup,matched,images/test_image_02034.jpg,matched,0.975,not_ready,0.04999999999999999
qwen3vl_8b,habit_cf_0160,habit_test_02034,009801_02,009801,S7788,ready,counterfactual,S8940,Airtight Container lid,mismatched,images/test_image_02034.jpg,mismatched,0.025000000000000022,not_ready,0.025000000000000022
qwen3vl_8b,habit_cf_0161,habit_test_01933,007309_01,007309,S8940,early,factual,S8940,Airtight Container lid,matched,images/test_image_01933.jpg,mismatched,0.010000000000000009,not_ready,0.010000000000000009
qwen3vl_8b,habit_cf_0162,habit_test_01933,007309_01,007309,S8940,early,counterfactual,S7025,Organizing box,mismatched,images/test_image_01933.jpg,mismatched,0.025000000000000022,not_ready,0.025000000000000022
qwen3vl_8b,habit_cf_0163,habit_test_01934,007309_01,007309,S8940,ready,factual,S8940,Airtight Container lid,matched,images/test_image_01934.jpg,matched,0.975,ready,0.95
qwen3vl_8b,habit_cf_0164,habit_test_01934,007309_01,007309,S8940,ready,counterfactual,S7025,Organizing box,mismatched,images/test_image_01934.jpg,matched,0.975,ready,0.95
qwen3vl_8b,habit_cf_0165,habit_test_01937,007310_01,007310,S8940,early,factual,S8940,Airtight Container lid,matched,images/test_image_01937.jpg,mismatched,0.025000000000000022,not_ready,0.025000000000000022
qwen3vl_8b,habit_cf_0166,habit_test_01937,007310_01,007310,S8940,early,counterfactual,S7025,Organizing box,mismatched,images/test_image_01937.jpg,mismatched,0.025000000000000022,not_ready,0.025000000000000022
qwen3vl_8b,habit_cf_0167,habit_test_01938,007310_01,007310,S8940,ready,factual,S8940,Airtight Container lid,matched,images/test_image_01938.jpg,matched,0.975,ready,0.95
qwen3vl_8b,habit_cf_0168,habit_test_01938,007310_01,007310,S8940,ready,counterfactual,S7025,Organizing box,mismatched,images/test_image_01938.jpg,matched,0.975,ready,0.95
qwen3vl_8b,habit_cf_0169,habit_test_01941,007312_01,007312,S8940,early,factual,S8940,Airtight Container lid,matched,images/test_image_01941.jpg,mismatched,0.025000000000000022,not_ready,0.025000000000000022
qwen3vl_8b,habit_cf_0170,habit_test_01941,007312_01,007312,S8940,early,counterfactual,S7025,Organizing box,mismatched,images/test_image_01941.jpg,mismatched,0.025000000000000022,not_ready,0.025000000000000022
qwen3vl_8b,habit_cf_0171,habit_test_01942,007312_01,007312,S8940,ready,factual,S8940,Airtight Container lid,matched,images/test_image_01942.jpg,matched,0.975,ready,0.95
qwen3vl_8b,habit_cf_0172,habit_test_01942,007312_01,007312,S8940,ready,counterfactual,S7025,Organizing box,mismatched,images/test_image_01942.jpg,matched,0.975,ready,0.95
qwen3vl_8b,habit_cf_0173,habit_test_01945,007313_01,007313,S8940,early,factual,S8940,Airtight Container lid,matched,images/test_image_01945.jpg,mismatched,0.025000000000000022,not_ready,0.025000000000000022
qwen3vl_8b,habit_cf_0174,habit_test_01945,007313_01,007313,S8940,early,counterfactual,S7025,Organizing box,mismatched,images/test_image_01945.jpg,mismatched,0.025000000000000022,not_ready,0.025000000000000022
qwen3vl_8b,habit_cf_0175,habit_test_01946,007313_01,007313,S8940,ready,factual,S8940,Airtight Container lid,matched,images/test_image_01946.jpg,matched,0.975,ready,0.95
qwen3vl_8b,habit_cf_0176,habit_test_01946,007313_01,007313,S8940,ready,counterfactual,S7025,Organizing box,mismatched,images/test_image_01946.jpg,matched,0.975,ready,0.95
qwen3vl_8b,habit_cf_0177,habit_test_01949,007314_01,007314,S8940,early,factual,S8940,Airtight Container lid,matched,images/test_image_01949.jpg,mismatched,0.025000000000000022,not_ready,0.025000000000000022
qwen3vl_8b,habit_cf_0178,habit_test_01949,007314_01,007314,S8940,early,counterfactual,S7025,Organizing box,mismatched,images/test_image_01949.jpg,mismatched,0.025000000000000022,not_ready,0.025000000000000022
qwen3vl_8b,habit_cf_0179,habit_test_01950,007314_01,007314,S8940,ready,factual,S8940,Airtight Container lid,matched,images/test_image_01950.jpg,matched,0.975,ready,0.95
qwen3vl_8b,habit_cf_0180,habit_test_01950,007314_01,007314,S8940,ready,counterfactual,S7025,Organizing box,mismatched,images/test_image_01950.jpg,matched,0.975,ready,0.95
qwen3vl_8b,habit_cf_0181,habit_test_01953,007315_01,007315,S8940,early,factual,S8940,Airtight Container lid,matched,images/test_image_01953.jpg,mismatched,0.025000000000000022,not_ready,0.025000000000000022
qwen3vl_8b,habit_cf_0182,habit_test_01953,007315_01,007315,S8940,early,counterfactual,S7025,Organizing box,mismatched,images/test_image_01953.jpg,mismatched,0.025000000000000022,not_ready,0.025000000000000022
qwen3vl_8b,habit_cf_0183,habit_test_01954,007315_01,007315,S8940,ready,factual,S8940,Airtight Container lid,matched,images/test_image_01954.jpg,matched,0.975,ready,0.95
qwen3vl_8b,habit_cf_0184,habit_test_01954,007315_01,007315,S8940,ready,counterfactual,S7025,Organizing box,mismatched,images/test_image_01954.jpg,matched,0.975,ready,0.95
qwen3vl_8b,habit_cf_0185,habit_test_01957,007316_01,007316,S8940,early,factual,S8940,Airtight Container lid,matched,images/test_image_01957.jpg,mismatched,0.025000000000000022,not_ready,0.025000000000000022
qwen3vl_8b,habit_cf_0186,habit_test_01957,007316_01,007316,S8940,early,counterfactual,S7025,Organizing box,mismatched,images/test_image_01957.jpg,mismatched,0.025000000000000022,not_ready,0.025000000000000022
qwen3vl_8b,habit_cf_0187,habit_test_01958,007316_01,007316,S8940,ready,factual,S8940,Airtight Container lid,matched,images/test_image_01958.jpg,matched,0.975,ready,0.95
qwen3vl_8b,habit_cf_0188,habit_test_01958,007316_01,007316,S8940,ready,counterfactual,S7025,Organizing box,mismatched,images/test_image_01958.jpg,matched,0.975,ready,0.95
qwen3vl_8b,habit_cf_0189,habit_test_01961,007317_01,007317,S8940,early,factual,S8940,Airtight Container lid,matched,images/test_image_01961.jpg,mismatched,0.025000000000000022,not_ready,0.025000000000000022
qwen3vl_8b,habit_cf_0190,habit_test_01961,007317_01,007317,S8940,early,counterfactual,S7025,Organizing box,mismatched,images/test_image_01961.jpg,mismatched,0.025000000000000022,not_ready,0.025000000000000022
qwen3vl_8b,habit_cf_0191,habit_test_01962,007317_01,007317,S8940,ready,factual,S8940,Airtight Container lid,matched,images/test_image_01962.jpg,matched,0.975,ready,0.95
qwen3vl_8b,habit_cf_0192,habit_test_01962,007317_01,007317,S8940,ready,counterfactual,S7025,Organizing box,mismatched,images/test_image_01962.jpg,matched,0.975,ready,0.95
qwen3vl_8b,habit_cf_0193,habit_test_01965,007321_01,007321,S8940,early,factual,S8940,Airtight Container lid,matched,images/test_image_01965.jpg,mismatched,0.025000000000000022,not_ready,0.025000000000000022
qwen3vl_8b,habit_cf_0194,habit_test_01965,007321_01,007321,S8940,early,counterfactual,S7025,Organizing box,mismatched,images/test_image_01965.jpg,mismatched,0.025000000000000022,not_ready,0.025000000000000022
qwen3vl_8b,habit_cf_0195,habit_test_01966,007321_01,007321,S8940,ready,factual,S8940,Airtight Container lid,matched,images/test_image_01966.jpg,matched,0.975,ready,0.95
qwen3vl_8b,habit_cf_0196,habit_test_01966,007321_01,007321,S8940,ready,counterfactual,S7025,Organizing box,mismatched,images/test_image_01966.jpg,matched,0.975,ready,0.95
qwen3vl_8b,habit_cf_0197,habit_test_01969,007322_01,007322,S8940,early,factual,S8940,Airtight Container lid,matched,images/test_image_01969.jpg,mismatched,0.025000000000000022,not_ready,0.025000000000000022
qwen3vl_8b,habit_cf_0198,habit_test_01969,007322_01,007322,S8940,early,counterfactual,S7025,Organizing box,mismatched,images/test_image_01969.jpg,mismatched,0.025000000000000022,not_ready,0.025000000000000022
qwen3vl_8b,habit_cf_0199,habit_test_01970,007322_01,007322,S8940,ready,factual,S8940,Airtight Container lid,matched,images/test_image_01970.jpg,matched,0.975,ready,0.95
qwen3vl_8b,habit_cf_0200,habit_test_01970,007322_01,007322,S8940,ready,counterfactual,S7025,Organizing box,mismatched,images/test_image_01970.jpg,matched,0.975,ready,0.95
qwen3vl_8b,habit_cf_0201,habit_test_01715,005687_01,005687,S8975,early,factual,S8975,100 cm Hotel Towel,matched,images/test_image_01715.jpg,matched,0.99,ready,0.975
qwen3vl_8b,habit_cf_0202,habit_test_01715,005687_01,005687,S8975,early,counterfactual,S7788,iced cup,mismatched,images/test_image_01715.jpg,mismatched,0.025000000000000022,not_ready,0.025000000000000022
qwen3vl_8b,habit_cf_0203,habit_test_01716,005687_01,005687,S8975,ready,factual,S8975,100 cm Hotel Towel,matched,images/test_image_01716.jpg,matched,1.0,ready,1.0
qwen3vl_8b,habit_cf_0204,habit_test_01716,005687_01,005687,S8975,ready,counterfactual,S7788,iced cup,mismatched,images/test_image_01716.jpg,mismatched,0.025000000000000022,not_ready,0.025000000000000022
qwen3vl_8b,habit_cf_0205,habit_test_01717,005688_01,005688,S8975,early,factual,S8975,100 cm Hotel Towel,matched,images/test_image_01717.jpg,matched,1.0,not_ready,0.025000000000000022
qwen3vl_8b,habit_cf_0206,habit_test_01717,005688_01,005688,S8975,early,counterfactual,S7788,iced cup,mismatched,images/test_image_01717.jpg,mismatched,0.010000000000000009,not_ready,0.010000000000000009
qwen3vl_8b,habit_cf_0207,habit_test_01718,005688_01,005688,S8975,ready,factual,S8975,100 cm Hotel Towel,matched,images/test_image_01718.jpg,matched,1.0,not_ready,0.025000000000000022
qwen3vl_8b,habit_cf_0208,habit_test_01718,005688_01,005688,S8975,ready,counterfactual,S7788,iced cup,mismatched,images/test_image_01718.jpg,mismatched,0.010000000000000009,not_ready,0.010000000000000009
qwen3vl_8b,habit_cf_0209,habit_test_01719,005691_01,005691,S8975,early,factual,S8975,100 cm Hotel Towel,matched,images/test_image_01719.jpg,matched,1.0,not_ready,0.025000000000000022
qwen3vl_8b,habit_cf_0210,habit_test_01719,005691_01,005691,S8975,early,counterfactual,S7788,iced cup,mismatched,images/test_image_01719.jpg,mismatched,0.010000000000000009,not_ready,0.010000000000000009
qwen3vl_8b,habit_cf_0211,habit_test_01720,005691_01,005691,S8975,ready,factual,S8975,100 cm Hotel Towel,matched,images/test_image_01720.jpg,matched,1.0,ready,1.0
qwen3vl_8b,habit_cf_0212,habit_test_01720,005691_01,005691,S8975,ready,counterfactual,S7788,iced cup,mismatched,images/test_image_01720.jpg,mismatched,0.025000000000000022,not_ready,0.025000000000000022
qwen3vl_8b,habit_cf_0213,habit_test_01721,005692_01,005692,S8975,early,factual,S8975,100 cm Hotel Towel,matched,images/test_image_01721.jpg,matched,0.99,ready,0.975
qwen3vl_8b,habit_cf_0214,habit_test_01721,005692_01,005692,S8975,early,counterfactual,S7788,iced cup,mismatched,images/test_image_01721.jpg,mismatched,0.010000000000000009,not_ready,0.010000000000000009
qwen3vl_8b,habit_cf_0215,habit_test_01722,005692_01,005692,S8975,ready,factual,S8975,100 cm Hotel Towel,matched,images/test_image_01722.jpg,matched,0.99,ready,0.975
qwen3vl_8b,habit_cf_0216,habit_test_01722,005692_01,005692,S8975,ready,counterfactual,S7788,iced cup,mismatched,images/test_image_01722.jpg,mismatched,0.010000000000000009,not_ready,0.010000000000000009
qwen3vl_8b,habit_cf_0217,habit_test_01723,005693_01,005693,S8975,early,factual,S8975,100 cm Hotel Towel,matched,images/test_image_01723.jpg,matched,1.0,not_ready,0.025000000000000022
qwen3vl_8b,habit_cf_0218,habit_test_01723,005693_01,005693,S8975,early,counterfactual,S7788,iced cup,mismatched,images/test_image_01723.jpg,mismatched,0.025000000000000022,not_ready,0.025000000000000022
qwen3vl_8b,habit_cf_0219,habit_test_01724,005693_01,005693,S8975,ready,factual,S8975,100 cm Hotel Towel,matched,images/test_image_01724.jpg,matched,0.99,ready,0.975
qwen3vl_8b,habit_cf_0220,habit_test_01724,005693_01,005693,S8975,ready,counterfactual,S7788,iced cup,mismatched,images/test_image_01724.jpg,mismatched,0.025000000000000022,not_ready,0.025000000000000022
qwen3vl_8b,habit_cf_0221,habit_test_01725,005694_01,005694,S8975,early,factual,S8975,100 cm Hotel Towel,matched,images/test_image_01725.jpg,matched,0.99,ready,0.975
qwen3vl_8b,habit_cf_0222,habit_test_01725,005694_01,005694,S8975,early,counterfactual,S7788,iced cup,mismatched,images/test_image_01725.jpg,mismatched,0.010000000000000009,not_ready,0.010000000000000009
qwen3vl_8b,habit_cf_0223,habit_test_01726,005694_01,005694,S8975,ready,factual,S8975,100 cm Hotel Towel,matched,images/test_image_01726.jpg,matched,1.0,ready,1.0
qwen3vl_8b,habit_cf_0224,habit_test_01726,005694_01,005694,S8975,ready,counterfactual,S7788,iced cup,mismatched,images/test_image_01726.jpg,mismatched,0.025000000000000022,not_ready,0.025000000000000022
qwen3vl_8b,habit_cf_0225,habit_test_01727,005695_01,005695,S8975,early,factual,S8975,100 cm Hotel Towel,matched,images/test_image_01727.jpg,matched,0.975,ready,0.95
qwen3vl_8b,habit_cf_0226,habit_test_01727,005695_01,005695,S8975,early,counterfactual,S7788,iced cup,mismatched,images/test_image_01727.jpg,mismatched,0.010000000000000009,not_ready,0.010000000000000009
qwen3vl_8b,habit_cf_0227,habit_test_01728,005695_01,005695,S8975,ready,factual,S8975,100 cm Hotel Towel,matched,images/test_image_01728.jpg,matched,1.0,ready,1.0
qwen3vl_8b,habit_cf_0228,habit_test_01728,005695_01,005695,S8975,ready,counterfactual,S7788,iced cup,mismatched,images/test_image_01728.jpg,mismatched,0.025000000000000022,not_ready,0.025000000000000022
qwen3vl_8b,habit_cf_0229,habit_test_01729,005696_01,005696,S8975,early,factual,S8975,100 cm Hotel Towel,matched,images/test_image_01729.jpg,matched,0.99,ready,0.975
qwen3vl_8b,habit_cf_0230,habit_test_01729,005696_01,005696,S8975,early,counterfactual,S7788,iced cup,mismatched,images/test_image_01729.jpg,mismatched,0.010000000000000009,not_ready,0.010000000000000009
qwen3vl_8b,habit_cf_0231,habit_test_01730,005696_01,005696,S8975,ready,factual,S8975,100 cm Hotel Towel,matched,images/test_image_01730.jpg,matched,0.99,ready,0.975
qwen3vl_8b,habit_cf_0232,habit_test_01730,005696_01,005696,S8975,ready,counterfactual,S7788,iced cup,mismatched,images/test_image_01730.jpg,mismatched,0.025000000000000022,not_ready,0.025000000000000022
qwen3vl_8b,habit_cf_0233,habit_test_01731,005697_01,005697,S8975,early,factual,S8975,100 cm Hotel Towel,matched,images/test_image_01731.jpg,matched,1.0,not_ready,0.025000000000000022
qwen3vl_8b,habit_cf_0234,habit_test_01731,005697_01,005697,S8975,early,counterfactual,S7788,iced cup,mismatched,images/test_image_01731.jpg,mismatched,0.010000000000000009,not_ready,0.010000000000000009
qwen3vl_8b,habit_cf_0235,habit_test_01732,005697_01,005697,S8975,ready,factual,S8975,100 cm Hotel Towel,matched,images/test_image_01732.jpg,matched,1.0,ready,1.0
qwen3vl_8b,habit_cf_0236,habit_test_01732,005697_01,005697,S8975,ready,counterfactual,S7788,iced cup,mismatched,images/test_image_01732.jpg,mismatched,0.010000000000000009,not_ready,0.010000000000000009
qwen3vl_8b,habit_cf_0237,habit_test_01733,005698_01,005698,S8975,early,factual,S8975,100 cm Hotel Towel,matched,images/test_image_01733.jpg,matched,1.0,not_ready,0.025000000000000022
qwen3vl_8b,habit_cf_0238,habit_test_01733,005698_01,005698,S8975,early,counterfactual,S7788,iced cup,mismatched,images/test_image_01733.jpg,mismatched,0.010000000000000009,not_ready,0.010000000000000009
qwen3vl_8b,habit_cf_0239,habit_test_01734,005698_01,005698,S8975,ready,factual,S8975,100 cm Hotel Towel,matched,images/test_image_01734.jpg,matched,0.99,ready,0.975
qwen3vl_8b,habit_cf_0240,habit_test_01734,005698_01,005698,S8975,ready,counterfactual,S7788,iced cup,mismatched,images/test_image_01734.jpg,mismatched,0.010000000000000009,not_ready,0.010000000000000009
qwen3vl_8b,habit_cfx_0001,habit_test_01529,004948_01,004948,S6759,early,counterfactual,S7025,Organizing box,mismatched,images/test_image_01529.jpg,mismatched,0.025000000000000022,not_ready,0.025000000000000022
qwen3vl_8b,habit_cfx_0002,habit_test_01529,004948_01,004948,S6759,early,counterfactual,S7788,iced cup,mismatched,images/test_image_01529.jpg,mismatched,0.025000000000000022,not_ready,0.025000000000000022
qwen3vl_8b,habit_cfx_0003,habit_test_01529,004948_01,004948,S6759,early,counterfactual,S8940,Airtight Container lid,mismatched,images/test_image_01529.jpg,mismatched,0.025000000000000022,not_ready,0.025000000000000022
qwen3vl_8b,habit_cfx_0004,habit_test_01529,004948_01,004948,S6759,early,counterfactual,S8975,100 cm Hotel Towel,mismatched,images/test_image_01529.jpg,mismatched,0.025000000000000022,not_ready,0.025000000000000022
qwen3vl_8b,habit_cfx_0005,habit_test_01530,004948_01,004948,S6759,ready,counterfactual,S7025,Organizing box,mismatched,images/test_image_01530.jpg,matched,0.975,ready,0.95
qwen3vl_8b,habit_cfx_0006,habit_test_01530,004948_01,004948,S6759,ready,counterfactual,S7788,iced cup,mismatched,images/test_image_01530.jpg,mismatched,0.025000000000000022,not_ready,0.025000000000000022
qwen3vl_8b,habit_cfx_0007,habit_test_01530,004948_01,004948,S6759,ready,counterfactual,S8940,Airtight Container lid,mismatched,images/test_image_01530.jpg,mismatched,0.025000000000000022,not_ready,0.025000000000000022
qwen3vl_8b,habit_cfx_0008,habit_test_01530,004948_01,004948,S6759,ready,counterfactual,S8975,100 cm Hotel Towel,mismatched,images/test_image_01530.jpg,mismatched,0.025000000000000022,not_ready,0.025000000000000022
qwen3vl_8b,habit_cfx_0009,habit_test_01531,004949_01,004949,S6759,early,counterfactual,S7025,Organizing box,mismatched,images/test_image_01531.jpg,mismatched,0.025000000000000022,not_ready,0.025000000000000022
qwen3vl_8b,habit_cfx_0010,habit_test_01531,004949_01,004949,S6759,early,counterfactual,S7788,iced cup,mismatched,images/test_image_01531.jpg,mismatched,0.025000000000000022,not_ready,0.025000000000000022
qwen3vl_8b,habit_cfx_0011,habit_test_01531,004949_01,004949,S6759,early,counterfactual,S8940,Airtight Container lid,mismatched,images/test_image_01531.jpg,mismatched,0.025000000000000022,not_ready,0.025000000000000022
qwen3vl_8b,habit_cfx_0012,habit_test_01531,004949_01,004949,S6759,early,counterfactual,S8975,100 cm Hotel Towel,mismatched,images/test_image_01531.jpg,mismatched,0.025000000000000022,not_ready,0.025000000000000022
qwen3vl_8b,habit_cfx_0013,habit_test_01532,004949_01,004949,S6759,ready,counterfactual,S7025,Organizing box,mismatched,images/test_image_01532.jpg,matched,0.975,ready,0.95
qwen3vl_8b,habit_cfx_0014,habit_test_01532,004949_01,004949,S6759,ready,counterfactual,S7788,iced cup,mismatched,images/test_image_01532.jpg,mismatched,0.025000000000000022,not_ready,0.025000000000000022
qwen3vl_8b,habit_cfx_0015,habit_test_01532,004949_01,004949,S6759,ready,counterfactual,S8940,Airtight Container lid,mismatched,images/test_image_01532.jpg,mismatched,0.025000000000000022,not_ready,0.025000000000000022
qwen3vl_8b,habit_cfx_0016,habit_test_01532,004949_01,004949,S6759,ready,counterfactual,S8975,100 cm Hotel Towel,mismatched,images/test_image_01532.jpg,mismatched,0.025000000000000022,not_ready,0.025000000000000022
qwen3vl_8b,habit_cfx_0017,habit_test_01533,004951_01,004951,S6759,early,counterfactual,S7025,Organizing box,mismatched,images/test_image_01533.jpg,mismatched,0.025000000000000022,not_ready,0.025000000000000022
qwen3vl_8b,habit_cfx_0018,habit_test_01533,004951_01,004951,S6759,early,counterfactual,S7788,iced cup,mismatched,images/test_image_01533.jpg,mismatched,0.025000000000000022,not_ready,0.025000000000000022
qwen3vl_8b,habit_cfx_0019,habit_test_01533,004951_01,004951,S6759,early,counterfactual,S8940,Airtight Container lid,mismatched,images/test_image_01533.jpg,mismatched,0.025000000000000022,not_ready,0.025000000000000022
qwen3vl_8b,habit_cfx_0020,habit_test_01533,004951_01,004951,S6759,early,counterfactual,S8975,100 cm Hotel Towel,mismatched,images/test_image_01533.jpg,mismatched,0.025000000000000022,not_ready,0.025000000000000022
qwen3vl_8b,habit_cfx_0021,habit_test_01534,004951_01,004951,S6759,ready,counterfactual,S7025,Organizing box,mismatched,images/test_image_01534.jpg,matched,0.975,ready,0.95
qwen3vl_8b,habit_cfx_0022,habit_test_01534,004951_01,004951,S6759,ready,counterfactual,S7788,iced cup,mismatched,images/test_image_01534.jpg,mismatched,0.025000000000000022,not_ready,0.025000000000000022
qwen3vl_8b,habit_cfx_0023,habit_test_01534,004951_01,004951,S6759,ready,counterfactual,S8940,Airtight Container lid,mismatched,images/test_image_01534.jpg,mismatched,0.025000000000000022,not_ready,0.025000000000000022
qwen3vl_8b,habit_cfx_0024,habit_test_01534,004951_01,004951,S6759,ready,counterfactual,S8975,100 cm Hotel Towel,mismatched,images/test_image_01534.jpg,mismatched,0.025000000000000022,not_ready,0.025000000000000022
qwen3vl_8b,habit_cfx_0025,habit_test_01535,004952_01,004952,S6759,early,counterfactual,S7025,Organizing box,mismatched,images/test_image_01535.jpg,mismatched,0.025000000000000022,not_ready,0.025000000000000022
qwen3vl_8b,habit_cfx_0026,habit_test_01535,004952_01,004952,S6759,early,counterfactual,S7788,iced cup,mismatched,images/test_image_01535.jpg,mismatched,0.025000000000000022,not_ready,0.025000000000000022
qwen3vl_8b,habit_cfx_0027,habit_test_01535,004952_01,004952,S6759,early,counterfactual,S8940,Airtight Container lid,mismatched,images/test_image_01535.jpg,mismatched,0.025000000000000022,not_ready,0.025000000000000022
qwen3vl_8b,habit_cfx_0028,habit_test_01535,004952_01,004952,S6759,early,counterfactual,S8975,100 cm Hotel Towel,mismatched,images/test_image_01535.jpg,mismatched,0.025000000000000022,not_ready,0.025000000000000022
qwen3vl_8b,habit_cfx_0029,habit_test_01536,004952_01,004952,S6759,ready,counterfactual,S7025,Organizing box,mismatched,images/test_image_01536.jpg,matched,0.975,ready,0.95
qwen3vl_8b,habit_cfx_0030,habit_test_01536,004952_01,004952,S6759,ready,counterfactual,S7788,iced cup,mismatched,images/test_image_01536.jpg,mismatched,0.025000000000000022,not_ready,0.025000000000000022
qwen3vl_8b,habit_cfx_0031,habit_test_01536,004952_01,004952,S6759,ready,counterfactual,S8940,Airtight Container lid,mismatched,images/test_image_01536.jpg,mismatched,0.025000000000000022,not_ready,0.025000000000000022
qwen3vl_8b,habit_cfx_0032,habit_test_01536,004952_01,004952,S6759,ready,counterfactual,S8975,100 cm Hotel Towel,mismatched,images/test_image_01536.jpg,mismatched,0.025000000000000022,not_ready,0.025000000000000022
qwen3vl_8b,habit_cfx_0033,habit_test_01537,004953_01,004953,S6759,early,counterfactual,S7025,Organizing box,mismatched,images/test_image_01537.jpg,mismatched,0.025000000000000022,not_ready,0.025000000000000022
qwen3vl_8b,habit_cfx_0034,habit_test_01537,004953_01,004953,S6759,early,counterfactual,S7788,iced cup,mismatched,images/test_image_01537.jpg,mismatched,0.025000000000000022,not_ready,0.025000000000000022
qwen3vl_8b,habit_cfx_0035,habit_test_01537,004953_01,004953,S6759,early,counterfactual,S8940,Airtight Container lid,mismatched,images/test_image_01537.jpg,mismatched,0.025000000000000022,not_ready,0.025000000000000022
qwen3vl_8b,habit_cfx_0036,habit_test_01537,004953_01,004953,S6759,early,counterfactual,S8975,100 cm Hotel Towel,mismatched,images/test_image_01537.jpg,mismatched,0.025000000000000022,not_ready,0.025000000000000022
qwen3vl_8b,habit_cfx_0037,habit_test_01538,004953_01,004953,S6759,ready,counterfactual,S7025,Organizing box,mismatched,images/test_image_01538.jpg,matched,0.975,ready,0.95
qwen3vl_8b,habit_cfx_0038,habit_test_01538,004953_01,004953,S6759,ready,counterfactual,S7788,iced cup,mismatched,images/test_image_01538.jpg,mismatched,0.025000000000000022,not_ready,0.025000000000000022
qwen3vl_8b,habit_cfx_0039,habit_test_01538,004953_01,004953,S6759,ready,counterfactual,S8940,Airtight Container lid,mismatched,images/test_image_01538.jpg,matched,0.975,ready,0.95
qwen3vl_8b,habit_cfx_0040,habit_test_01538,004953_01,004953,S6759,ready,counterfactual,S8975,100 cm Hotel Towel,mismatched,images/test_image_01538.jpg,mismatched,0.025000000000000022,not_ready,0.025000000000000022
qwen3vl_8b,habit_cfx_0041,habit_test_01539,004954_01,004954,S6759,early,counterfactual,S7025,Organizing box,mismatched,images/test_image_01539.jpg,mismatched,0.025000000000000022,not_ready,0.025000000000000022
qwen3vl_8b,habit_cfx_0042,habit_test_01539,004954_01,004954,S6759,early,counterfactual,S7788,iced cup,mismatched,images/test_image_01539.jpg,mismatched,0.025000000000000022,not_ready,0.025000000000000022
qwen3vl_8b,habit_cfx_0043,habit_test_01539,004954_01,004954,S6759,early,counterfactual,S8940,Airtight Container lid,mismatched,images/test_image_01539.jpg,mismatched,0.025000000000000022,not_ready,0.025000000000000022
qwen3vl_8b,habit_cfx_0044,habit_test_01539,004954_01,004954,S6759,early,counterfactual,S8975,100 cm Hotel Towel,mismatched,images/test_image_01539.jpg,mismatched,0.025000000000000022,not_ready,0.025000000000000022
qwen3vl_8b,habit_cfx_0045,habit_test_01540,004954_01,004954,S6759,ready,counterfactual,S7025,Organizing box,mismatched,images/test_image_01540.jpg,matched,0.975,ready,0.95
qwen3vl_8b,habit_cfx_0046,habit_test_01540,004954_01,004954,S6759,ready,counterfactual,S7788,iced cup,mismatched,images/test_image_01540.jpg,mismatched,0.025000000000000022,not_ready,0.025000000000000022
qwen3vl_8b,habit_cfx_0047,habit_test_01540,004954_01,004954,S6759,ready,counterfactual,S8940,Airtight Container lid,mismatched,images/test_image_01540.jpg,mismatched,0.025000000000000022,not_ready,0.025000000000000022
qwen3vl_8b,habit_cfx_0048,habit_test_01540,004954_01,004954,S6759,ready,counterfactual,S8975,100 cm Hotel Towel,mismatched,images/test_image_01540.jpg,mismatched,0.025000000000000022,not_ready,0.025000000000000022
qwen3vl_8b,habit_cfx_0049,habit_test_01541,004956_01,004956,S6759,early,counterfactual,S7025,Organizing box,mismatched,images/test_image_01541.jpg,mismatched,0.025000000000000022,not_ready,0.025000000000000022
qwen3vl_8b,habit_cfx_0050,habit_test_01541,004956_01,004956,S6759,early,counterfactual,S7788,iced cup,mismatched,images/test_image_01541.jpg,mismatched,0.025000000000000022,not_ready,0.025000000000000022
qwen3vl_8b,habit_cfx_0051,habit_test_01541,004956_01,004956,S6759,early,counterfactual,S8940,Airtight Container lid,mismatched,images/test_image_01541.jpg,mismatched,0.025000000000000022,not_ready,0.025000000000000022
qwen3vl_8b,habit_cfx_0052,habit_test_01541,004956_01,004956,S6759,early,counterfactual,S8975,100 cm Hotel Towel,mismatched,images/test_image_01541.jpg,mismatched,0.025000000000000022,not_ready,0.025000000000000022
qwen3vl_8b,habit_cfx_0053,habit_test_01542,004956_01,004956,S6759,ready,counterfactual,S7025,Organizing box,mismatched,images/test_image_01542.jpg,matched,0.975,ready,0.95
qwen3vl_8b,habit_cfx_0054,habit_test_01542,004956_01,004956,S6759,ready,counterfactual,S7788,iced cup,mismatched,images/test_image_01542.jpg,mismatched,0.025000000000000022,not_ready,0.025000000000000022
qwen3vl_8b,habit_cfx_0055,habit_test_01542,004956_01,004956,S6759,ready,counterfactual,S8940,Airtight Container lid,mismatched,images/test_image_01542.jpg,mismatched,0.025000000000000022,not_ready,0.025000000000000022
qwen3vl_8b,habit_cfx_0056,habit_test_01542,004956_01,004956,S6759,ready,counterfactual,S8975,100 cm Hotel Towel,mismatched,images/test_image_01542.jpg,mismatched,0.025000000000000022,not_ready,0.025000000000000022
qwen3vl_8b,habit_cfx_0057,habit_test_01543,004957_01,004957,S6759,early,counterfactual,S7025,Organizing box,mismatched,images/test_image_01543.jpg,mismatched,0.025000000000000022,not_ready,0.025000000000000022
qwen3vl_8b,habit_cfx_0058,habit_test_01543,004957_01,004957,S6759,early,counterfactual,S7788,iced cup,mismatched,images/test_image_01543.jpg,mismatched,0.025000000000000022,not_ready,0.025000000000000022
qwen3vl_8b,habit_cfx_0059,habit_test_01543,004957_01,004957,S6759,early,counterfactual,S8940,Airtight Container lid,mismatched,images/test_image_01543.jpg,mismatched,0.025000000000000022,not_ready,0.025000000000000022
qwen3vl_8b,habit_cfx_0060,habit_test_01543,004957_01,004957,S6759,early,counterfactual,S8975,100 cm Hotel Towel,mismatched,images/test_image_01543.jpg,mismatched,0.025000000000000022,not_ready,0.025000000000000022
qwen3vl_8b,habit_cfx_0061,habit_test_01544,004957_01,004957,S6759,ready,counterfactual,S7025,Organizing box,mismatched,images/test_image_01544.jpg,matched,0.975,ready,0.95
qwen3vl_8b,habit_cfx_0062,habit_test_01544,004957_01,004957,S6759,ready,counterfactual,S7788,iced cup,mismatched,images/test_image_01544.jpg,mismatched,0.025000000000000022,not_ready,0.025000000000000022
qwen3vl_8b,habit_cfx_0063,habit_test_01544,004957_01,004957,S6759,ready,counterfactual,S8940,Airtight Container lid,mismatched,images/test_image_01544.jpg,matched,0.975,ready,0.95
qwen3vl_8b,habit_cfx_0064,habit_test_01544,004957_01,004957,S6759,ready,counterfactual,S8975,100 cm Hotel Towel,mismatched,images/test_image_01544.jpg,mismatched,0.025000000000000022,not_ready,0.025000000000000022
qwen3vl_8b,habit_cfx_0065,habit_test_01545,004958_01,004958,S6759,early,counterfactual,S7025,Organizing box,mismatched,images/test_image_01545.jpg,mismatched,0.025000000000000022,not_ready,0.025000000000000022
qwen3vl_8b,habit_cfx_0066,habit_test_01545,004958_01,004958,S6759,early,counterfactual,S7788,iced cup,mismatched,images/test_image_01545.jpg,mismatched,0.025000000000000022,not_ready,0.025000000000000022
qwen3vl_8b,habit_cfx_0067,habit_test_01545,004958_01,004958,S6759,early,counterfactual,S8940,Airtight Container lid,mismatched,images/test_image_01545.jpg,mismatched,0.025000000000000022,not_ready,0.025000000000000022
qwen3vl_8b,habit_cfx_0068,habit_test_01545,004958_01,004958,S6759,early,counterfactual,S8975,100 cm Hotel Towel,mismatched,images/test_image_01545.jpg,mismatched,0.025000000000000022,not_ready,0.025000000000000022
qwen3vl_8b,habit_cfx_0069,habit_test_01546,004958_01,004958,S6759,ready,counterfactual,S7025,Organizing box,mismatched,images/test_image_01546.jpg,matched,0.975,ready,0.95
qwen3vl_8b,habit_cfx_0070,habit_test_01546,004958_01,004958,S6759,ready,counterfactual,S7788,iced cup,mismatched,images/test_image_01546.jpg,mismatched,0.025000000000000022,not_ready,0.025000000000000022
qwen3vl_8b,habit_cfx_0071,habit_test_01546,004958_01,004958,S6759,ready,counterfactual,S8940,Airtight Container lid,mismatched,images/test_image_01546.jpg,mismatched,0.025000000000000022,not_ready,0.025000000000000022
qwen3vl_8b,habit_cfx_0072,habit_test_01546,004958_01,004958,S6759,ready,counterfactual,S8975,100 cm Hotel Towel,mismatched,images/test_image_01546.jpg,mismatched,0.025000000000000022,not_ready,0.025000000000000022
qwen3vl_8b,habit_cfx_0073,habit_test_01547,004959_01,004959,S6759,early,counterfactual,S7025,Organizing box,mismatched,images/test_image_01547.jpg,mismatched,0.025000000000000022,not_ready,0.025000000000000022
qwen3vl_8b,habit_cfx_0074,habit_test_01547,004959_01,004959,S6759,early,counterfactual,S7788,iced cup,mismatched,images/test_image_01547.jpg,mismatched,0.025000000000000022,not_ready,0.025000000000000022
qwen3vl_8b,habit_cfx_0075,habit_test_01547,004959_01,004959,S6759,early,counterfactual,S8940,Airtight Container lid,mismatched,images/test_image_01547.jpg,mismatched,0.025000000000000022,not_ready,0.025000000000000022
qwen3vl_8b,habit_cfx_0076,habit_test_01547,004959_01,004959,S6759,early,counterfactual,S8975,100 cm Hotel Towel,mismatched,images/test_image_01547.jpg,mismatched,0.025000000000000022,not_ready,0.025000000000000022
qwen3vl_8b,habit_cfx_0077,habit_test_01548,004959_01,004959,S6759,ready,counterfactual,S7025,Organizing box,mismatched,images/test_image_01548.jpg,matched,0.975,ready,0.95
qwen3vl_8b,habit_cfx_0078,habit_test_01548,004959_01,004959,S6759,ready,counterfactual,S7788,iced cup,mismatched,images/test_image_01548.jpg,mismatched,0.025000000000000022,not_ready,0.025000000000000022
qwen3vl_8b,habit_cfx_0079,habit_test_01548,004959_01,004959,S6759,ready,counterfactual,S8940,Airtight Container lid,mismatched,images/test_image_01548.jpg,mismatched,0.025000000000000022,not_ready,0.025000000000000022
qwen3vl_8b,habit_cfx_0080,habit_test_01548,004959_01,004959,S6759,ready,counterfactual,S8975,100 cm Hotel Towel,mismatched,images/test_image_01548.jpg,mismatched,0.025000000000000022,not_ready,0.025000000000000022
qwen3vl_8b,habit_cfx_0081,habit_test_00001,000124_01,000124,S7025,early,counterfactual,S7414,Paper to-go box,mismatched,images/test_image_00001.jpg,mismatched,0.025000000000000022,not_ready,0.025000000000000022
qwen3vl_8b,habit_cfx_0082,habit_test_00001,000124_01,000124,S7025,early,counterfactual,S7788,iced cup,mismatched,images/test_image_00001.jpg,mismatched,0.025000000000000022,not_ready,0.025000000000000022
qwen3vl_8b,habit_cfx_0083,habit_test_00001,000124_01,000124,S7025,early,counterfactual,S8940,Airtight Container lid,mismatched,images/test_image_00001.jpg,mismatched,0.025000000000000022,not_ready,0.025000000000000022
qwen3vl_8b,habit_cfx_0084,habit_test_00001,000124_01,000124,S7025,early,counterfactual,S8975,100 cm Hotel Towel,mismatched,images/test_image_00001.jpg,mismatched,0.025000000000000022,not_ready,0.025000000000000022
qwen3vl_8b,habit_cfx_0085,habit_test_00002,000124_01,000124,S7025,ready,counterfactual,S7414,Paper to-go box,mismatched,images/test_image_00002.jpg,mismatched,0.025000000000000022,not_ready,0.025000000000000022
qwen3vl_8b,habit_cfx_0086,habit_test_00002,000124_01,000124,S7025,ready,counterfactual,S7788,iced cup,mismatched,images/test_image_00002.jpg,mismatched,0.025000000000000022,not_ready,0.025000000000000022
qwen3vl_8b,habit_cfx_0087,habit_test_00002,000124_01,000124,S7025,ready,counterfactual,S8940,Airtight Container lid,mismatched,images/test_image_00002.jpg,mismatched,0.025000000000000022,not_ready,0.025000000000000022
qwen3vl_8b,habit_cfx_0088,habit_test_00002,000124_01,000124,S7025,ready,counterfactual,S8975,100 cm Hotel Towel,mismatched,images/test_image_00002.jpg,mismatched,0.025000000000000022,not_ready,0.025000000000000022
qwen3vl_8b,habit_cfx_0089,habit_test_00005,000126_01,000126,S7025,early,counterfactual,S7414,Paper to-go box,mismatched,images/test_image_00005.jpg,mismatched,0.025000000000000022,not_ready,0.025000000000000022
qwen3vl_8b,habit_cfx_0090,habit_test_00005,000126_01,000126,S7025,early,counterfactual,S7788,iced cup,mismatched,images/test_image_00005.jpg,mismatched,0.025000000000000022,not_ready,0.025000000000000022
qwen3vl_8b,habit_cfx_0091,habit_test_00005,000126_01,000126,S7025,early,counterfactual,S8940,Airtight Container lid,mismatched,images/test_image_00005.jpg,mismatched,0.025000000000000022,not_ready,0.025000000000000022
qwen3vl_8b,habit_cfx_0092,habit_test_00005,000126_01,000126,S7025,early,counterfactual,S8975,100 cm Hotel Towel,mismatched,images/test_image_00005.jpg,mismatched,0.010000000000000009,not_ready,0.010000000000000009
qwen3vl_8b,habit_cfx_0093,habit_test_00006,000126_01,000126,S7025,ready,counterfactual,S7414,Paper to-go box,mismatched,images/test_image_00006.jpg,mismatched,0.025000000000000022,not_ready,0.025000000000000022
qwen3vl_8b,habit_cfx_0094,habit_test_00006,000126_01,000126,S7025,ready,counterfactual,S7788,iced cup,mismatched,images/test_image_00006.jpg,mismatched,0.025000000000000022,not_ready,0.025000000000000022
qwen3vl_8b,habit_cfx_0095,habit_test_00006,000126_01,000126,S7025,ready,counterfactual,S8940,Airtight Container lid,mismatched,images/test_image_00006.jpg,matched,0.975,ready,0.975
qwen3vl_8b,habit_cfx_0096,habit_test_00006,000126_01,000126,S7025,ready,counterfactual,S8975,100 cm Hotel Towel,mismatched,images/test_image_00006.jpg,mismatched,0.010000000000000009,not_ready,0.010000000000000009
qwen3vl_8b,habit_cfx_0097,habit_test_00009,000128_01,000128,S7025,early,counterfactual,S7414,Paper to-go box,mismatched,images/test_image_00009.jpg,mismatched,0.025000000000000022,not_ready,0.025000000000000022
qwen3vl_8b,habit_cfx_0098,habit_test_00009,000128_01,000128,S7025,early,counterfactual,S7788,iced cup,mismatched,images/test_image_00009.jpg,mismatched,0.025000000000000022,not_ready,0.025000000000000022
qwen3vl_8b,habit_cfx_0099,habit_test_00009,000128_01,000128,S7025,early,counterfactual,S8940,Airtight Container lid,mismatched,images/test_image_00009.jpg,mismatched,0.025000000000000022,not_ready,0.025000000000000022
qwen3vl_8b,habit_cfx_0100,habit_test_00009,000128_01,000128,S7025,early,counterfactual,S8975,100 cm Hotel Towel,mismatched,images/test_image_00009.jpg,mismatched,0.010000000000000009,not_ready,0.010000000000000009
qwen3vl_8b,habit_cfx_0101,habit_test_00010,000128_01,000128,S7025,ready,counterfactual,S7414,Paper to-go box,mismatched,images/test_image_00010.jpg,mismatched,0.025000000000000022,not_ready,0.025000000000000022
qwen3vl_8b,habit_cfx_0102,habit_test_00010,000128_01,000128,S7025,ready,counterfactual,S7788,iced cup,mismatched,images/test_image_00010.jpg,mismatched,0.025000000000000022,not_ready,0.025000000000000022
qwen3vl_8b,habit_cfx_0103,habit_test_00010,000128_01,000128,S7025,ready,counterfactual,S8940,Airtight Container lid,mismatched,images/test_image_00010.jpg,mismatched,0.025000000000000022,not_ready,0.025000000000000022
qwen3vl_8b,habit_cfx_0104,habit_test_00010,000128_01,000128,S7025,ready,counterfactual,S8975,100 cm Hotel Towel,mismatched,images/test_image_00010.jpg,mismatched,0.025000000000000022,not_ready,0.025000000000000022
qwen3vl_8b,habit_cfx_0105,habit_test_00013,000129_01,000129,S7025,early,counterfactual,S7414,Paper to-go box,mismatched,images/test_image_00013.jpg,mismatched,0.025000000000000022,not_ready,0.025000000000000022
qwen3vl_8b,habit_cfx_0106,habit_test_00013,000129_01,000129,S7025,early,counterfactual,S7788,iced cup,mismatched,images/test_image_00013.jpg,mismatched,0.025000000000000022,not_ready,0.025000000000000022
qwen3vl_8b,habit_cfx_0107,habit_test_00013,000129_01,000129,S7025,early,counterfactual,S8940,Airtight Container lid,mismatched,images/test_image_00013.jpg,mismatched,0.025000000000000022,not_ready,0.025000000000000022
qwen3vl_8b,habit_cfx_0108,habit_test_00013,000129_01,000129,S7025,early,counterfactual,S8975,100 cm Hotel Towel,mismatched,images/test_image_00013.jpg,mismatched,0.010000000000000009,not_ready,0.010000000000000009
qwen3vl_8b,habit_cfx_0109,habit_test_00014,000129_01,000129,S7025,ready,counterfactual,S7414,Paper to-go box,mismatched,images/test_image_00014.jpg,mismatched,0.025000000000000022,not_ready,0.025000000000000022
qwen3vl_8b,habit_cfx_0110,habit_test_00014,000129_01,000129,S7025,ready,counterfactual,S7788,iced cup,mismatched,images/test_image_00014.jpg,mismatched,0.025000000000000022,not_ready,0.025000000000000022
qwen3vl_8b,habit_cfx_0111,habit_test_00014,000129_01,000129,S7025,ready,counterfactual,S8940,Airtight Container lid,mismatched,images/test_image_00014.jpg,matched,0.975,ready,0.975
qwen3vl_8b,habit_cfx_0112,habit_test_00014,000129_01,000129,S7025,ready,counterfactual,S8975,100 cm Hotel Towel,mismatched,images/test_image_00014.jpg,mismatched,0.025000000000000022,not_ready,0.025000000000000022
qwen3vl_8b,habit_cfx_0113,habit_test_00017,000130_01,000130,S7025,early,counterfactual,S7414,Paper to-go box,mismatched,images/test_image_00017.jpg,mismatched,0.025000000000000022,not_ready,0.025000000000000022
qwen3vl_8b,habit_cfx_0114,habit_test_00017,000130_01,000130,S7025,early,counterfactual,S7788,iced cup,mismatched,images/test_image_00017.jpg,mismatched,0.025000000000000022,not_ready,0.025000000000000022
qwen3vl_8b,habit_cfx_0115,habit_test_00017,000130_01,000130,S7025,early,counterfactual,S8940,Airtight Container lid,mismatched,images/test_image_00017.jpg,mismatched,0.025000000000000022,not_ready,0.025000000000000022
qwen3vl_8b,habit_cfx_0116,habit_test_00017,000130_01,000130,S7025,early,counterfactual,S8975,100 cm Hotel Towel,mismatched,images/test_image_00017.jpg,mismatched,0.010000000000000009,not_ready,0.010000000000000009
qwen3vl_8b,habit_cfx_0117,habit_test_00018,000130_01,000130,S7025,ready,counterfactual,S7414,Paper to-go box,mismatched,images/test_image_00018.jpg,mismatched,0.025000000000000022,not_ready,0.025000000000000022
qwen3vl_8b,habit_cfx_0118,habit_test_00018,000130_01,000130,S7025,ready,counterfactual,S7788,iced cup,mismatched,images/test_image_00018.jpg,mismatched,0.025000000000000022,not_ready,0.025000000000000022
qwen3vl_8b,habit_cfx_0119,habit_test_00018,000130_01,000130,S7025,ready,counterfactual,S8940,Airtight Container lid,mismatched,images/test_image_00018.jpg,mismatched,0.025000000000000022,not_ready,0.025000000000000022
qwen3vl_8b,habit_cfx_0120,habit_test_00018,000130_01,000130,S7025,ready,counterfactual,S8975,100 cm Hotel Towel,mismatched,images/test_image_00018.jpg,mismatched,0.010000000000000009,not_ready,0.010000000000000009
qwen3vl_8b,habit_cfx_0121,habit_test_00021,000131_01,000131,S7025,early,counterfactual,S7414,Paper to-go box,mismatched,images/test_image_00021.jpg,mismatched,0.025000000000000022,not_ready,0.025000000000000022
qwen3vl_8b,habit_cfx_0122,habit_test_00021,000131_01,000131,S7025,early,counterfactual,S7788,iced cup,mismatched,images/test_image_00021.jpg,mismatched,0.025000000000000022,not_ready,0.025000000000000022
qwen3vl_8b,habit_cfx_0123,habit_test_00021,000131_01,000131,S7025,early,counterfactual,S8940,Airtight Container lid,mismatched,images/test_image_00021.jpg,mismatched,0.025000000000000022,not_ready,0.025000000000000022
qwen3vl_8b,habit_cfx_0124,habit_test_00021,000131_01,000131,S7025,early,counterfactual,S8975,100 cm Hotel Towel,mismatched,images/test_image_00021.jpg,mismatched,0.010000000000000009,not_ready,0.010000000000000009
qwen3vl_8b,habit_cfx_0125,habit_test_00022,000131_01,000131,S7025,ready,counterfactual,S7414,Paper to-go box,mismatched,images/test_image_00022.jpg,mismatched,0.025000000000000022,not_ready,0.025000000000000022
qwen3vl_8b,habit_cfx_0126,habit_test_00022,000131_01,000131,S7025,ready,counterfactual,S7788,iced cup,mismatched,images/test_image_00022.jpg,mismatched,0.025000000000000022,not_ready,0.025000000000000022
qwen3vl_8b,habit_cfx_0127,habit_test_00022,000131_01,000131,S7025,ready,counterfactual,S8940,Airtight Container lid,mismatched,images/test_image_00022.jpg,mismatched,0.025000000000000022,not_ready,0.025000000000000022
qwen3vl_8b,habit_cfx_0128,habit_test_00022,000131_01,000131,S7025,ready,counterfactual,S8975,100 cm Hotel Towel,mismatched,images/test_image_00022.jpg,mismatched,0.025000000000000022,not_ready,0.025000000000000022
qwen3vl_8b,habit_cfx_0129,habit_test_00025,000132_01,000132,S7025,early,counterfactual,S7414,Paper to-go box,mismatched,images/test_image_00025.jpg,mismatched,0.025000000000000022,not_ready,0.025000000000000022
qwen3vl_8b,habit_cfx_0130,habit_test_00025,000132_01,000132,S7025,early,counterfactual,S7788,iced cup,mismatched,images/test_image_00025.jpg,mismatched,0.025000000000000022,not_ready,0.025000000000000022
qwen3vl_8b,habit_cfx_0131,habit_test_00025,000132_01,000132,S7025,early,counterfactual,S8940,Airtight Container lid,mismatched,images/test_image_00025.jpg,matched,0.975,ready,0.95
qwen3vl_8b,habit_cfx_0132,habit_test_00025,000132_01,000132,S7025,early,counterfactual,S8975,100 cm Hotel Towel,mismatched,images/test_image_00025.jpg,mismatched,0.025000000000000022,not_ready,0.025000000000000022
qwen3vl_8b,habit_cfx_0133,habit_test_00026,000132_01,000132,S7025,ready,counterfactual,S7414,Paper to-go box,mismatched,images/test_image_00026.jpg,mismatched,0.025000000000000022,not_ready,0.025000000000000022
qwen3vl_8b,habit_cfx_0134,habit_test_00026,000132_01,000132,S7025,ready,counterfactual,S7788,iced cup,mismatched,images/test_image_00026.jpg,mismatched,0.025000000000000022,not_ready,0.025000000000000022
qwen3vl_8b,habit_cfx_0135,habit_test_00026,000132_01,000132,S7025,ready,counterfactual,S8940,Airtight Container lid,mismatched,images/test_image_00026.jpg,matched,0.975,ready,0.975
qwen3vl_8b,habit_cfx_0136,habit_test_00026,000132_01,000132,S7025,ready,counterfactual,S8975,100 cm Hotel Towel,mismatched,images/test_image_00026.jpg,mismatched,0.025000000000000022,not_ready,0.025000000000000022
qwen3vl_8b,habit_cfx_0137,habit_test_00029,000133_01,000133,S7025,early,counterfactual,S7414,Paper to-go box,mismatched,images/test_image_00029.jpg,mismatched,0.025000000000000022,not_ready,0.025000000000000022
qwen3vl_8b,habit_cfx_0138,habit_test_00029,000133_01,000133,S7025,early,counterfactual,S7788,iced cup,mismatched,images/test_image_00029.jpg,mismatched,0.025000000000000022,not_ready,0.025000000000000022
qwen3vl_8b,habit_cfx_0139,habit_test_00029,000133_01,000133,S7025,early,counterfactual,S8940,Airtight Container lid,mismatched,images/test_image_00029.jpg,mismatched,0.025000000000000022,not_ready,0.025000000000000022
qwen3vl_8b,habit_cfx_0140,habit_test_00029,000133_01,000133,S7025,early,counterfactual,S8975,100 cm Hotel Towel,mismatched,images/test_image_00029.jpg,mismatched,0.025000000000000022,not_ready,0.025000000000000022
qwen3vl_8b,habit_cfx_0141,habit_test_00030,000133_01,000133,S7025,ready,counterfactual,S7414,Paper to-go box,mismatched,images/test_image_00030.jpg,mismatched,0.025000000000000022,not_ready,0.025000000000000022
qwen3vl_8b,habit_cfx_0142,habit_test_00030,000133_01,000133,S7025,ready,counterfactual,S7788,iced cup,mismatched,images/test_image_00030.jpg,mismatched,0.025000000000000022,not_ready,0.025000000000000022
qwen3vl_8b,habit_cfx_0143,habit_test_00030,000133_01,000133,S7025,ready,counterfactual,S8940,Airtight Container lid,mismatched,images/test_image_00030.jpg,mismatched,0.025000000000000022,not_ready,0.025000000000000022
qwen3vl_8b,habit_cfx_0144,habit_test_00030,000133_01,000133,S7025,ready,counterfactual,S8975,100 cm Hotel Towel,mismatched,images/test_image_00030.jpg,mismatched,0.010000000000000009,not_ready,0.025000000000000022
qwen3vl_8b,habit_cfx_0145,habit_test_00033,000135_01,000135,S7025,early,counterfactual,S7414,Paper to-go box,mismatched,images/test_image_00033.jpg,mismatched,0.025000000000000022,not_ready,0.025000000000000022
qwen3vl_8b,habit_cfx_0146,habit_test_00033,000135_01,000135,S7025,early,counterfactual,S7788,iced cup,mismatched,images/test_image_00033.jpg,mismatched,0.025000000000000022,not_ready,0.025000000000000022
qwen3vl_8b,habit_cfx_0147,habit_test_00033,000135_01,000135,S7025,early,counterfactual,S8940,Airtight Container lid,mismatched,images/test_image_00033.jpg,mismatched,0.025000000000000022,not_ready,0.025000000000000022
qwen3vl_8b,habit_cfx_0148,habit_test_00033,000135_01,000135,S7025,early,counterfactual,S8975,100 cm Hotel Towel,mismatched,images/test_image_00033.jpg,mismatched,0.025000000000000022,not_ready,0.025000000000000022
qwen3vl_8b,habit_cfx_0149,habit_test_00034,000135_01,000135,S7025,ready,counterfactual,S7414,Paper to-go box,mismatched,images/test_image_00034.jpg,mismatched,0.025000000000000022,not_ready,0.025000000000000022
qwen3vl_8b,habit_cfx_0150,habit_test_00034,000135_01,000135,S7025,ready,counterfactual,S7788,iced cup,mismatched,images/test_image_00034.jpg,mismatched,0.025000000000000022,not_ready,0.025000000000000022
qwen3vl_8b,habit_cfx_0151,habit_test_00034,000135_01,000135,S7025,ready,counterfactual,S8940,Airtight Container lid,mismatched,images/test_image_00034.jpg,matched,0.975,ready,0.95
qwen3vl_8b,habit_cfx_0152,habit_test_00034,000135_01,000135,S7025,ready,counterfactual,S8975,100 cm Hotel Towel,mismatched,images/test_image_00034.jpg,mismatched,0.010000000000000009,not_ready,0.010000000000000009
qwen3vl_8b,habit_cfx_0153,habit_test_00037,000137_01,000137,S7025,early,counterfactual,S7414,Paper to-go box,mismatched,images/test_image_00037.jpg,mismatched,0.025000000000000022,not_ready,0.025000000000000022
qwen3vl_8b,habit_cfx_0154,habit_test_00037,000137_01,000137,S7025,early,counterfactual,S7788,iced cup,mismatched,images/test_image_00037.jpg,mismatched,0.025000000000000022,not_ready,0.025000000000000022
qwen3vl_8b,habit_cfx_0155,habit_test_00037,000137_01,000137,S7025,early,counterfactual,S8940,Airtight Container lid,mismatched,images/test_image_00037.jpg,mismatched,0.025000000000000022,not_ready,0.025000000000000022
qwen3vl_8b,habit_cfx_0156,habit_test_00037,000137_01,000137,S7025,early,counterfactual,S8975,100 cm Hotel Towel,mismatched,images/test_image_00037.jpg,mismatched,0.010000000000000009,not_ready,0.010000000000000009
qwen3vl_8b,habit_cfx_0157,habit_test_00038,000137_01,000137,S7025,ready,counterfactual,S7414,Paper to-go box,mismatched,images/test_image_00038.jpg,mismatched,0.025000000000000022,not_ready,0.025000000000000022
qwen3vl_8b,habit_cfx_0158,habit_test_00038,000137_01,000137,S7025,ready,counterfactual,S7788,iced cup,mismatched,images/test_image_00038.jpg,mismatched,0.025000000000000022,not_ready,0.025000000000000022
qwen3vl_8b,habit_cfx_0159,habit_test_00038,000137_01,000137,S7025,ready,counterfactual,S8940,Airtight Container lid,mismatched,images/test_image_00038.jpg,matched,0.975,ready,0.975
qwen3vl_8b,habit_cfx_0160,habit_test_00038,000137_01,000137,S7025,ready,counterfactual,S8975,100 cm Hotel Towel,mismatched,images/test_image_00038.jpg,mismatched,0.025000000000000022,not_ready,0.025000000000000022
qwen3vl_8b,habit_cfx_0161,habit_test_00469,002888_01,002888,S7414,early,counterfactual,S6759,Power Cable,mismatched,images/test_image_00469.jpg,mismatched,0.010000000000000009,not_ready,0.025000000000000022
qwen3vl_8b,habit_cfx_0162,habit_test_00469,002888_01,002888,S7414,early,counterfactual,S7025,Organizing box,mismatched,images/test_image_00469.jpg,matched,0.975,ready,0.975
qwen3vl_8b,habit_cfx_0163,habit_test_00469,002888_01,002888,S7414,early,counterfactual,S7788,iced cup,mismatched,images/test_image_00469.jpg,mismatched,0.025000000000000022,not_ready,0.025000000000000022
qwen3vl_8b,habit_cfx_0164,habit_test_00469,002888_01,002888,S7414,early,counterfactual,S8940,Airtight Container lid,mismatched,images/test_image_00469.jpg,mismatched,0.025000000000000022,not_ready,0.025000000000000022
qwen3vl_8b,habit_cfx_0165,habit_test_00470,002888_01,002888,S7414,ready,counterfactual,S6759,Power Cable,mismatched,images/test_image_00470.jpg,mismatched,0.010000000000000009,not_ready,0.010000000000000009
qwen3vl_8b,habit_cfx_0166,habit_test_00470,002888_01,002888,S7414,ready,counterfactual,S7025,Organizing box,mismatched,images/test_image_00470.jpg,matched,0.975,ready,0.975
qwen3vl_8b,habit_cfx_0167,habit_test_00470,002888_01,002888,S7414,ready,counterfactual,S7788,iced cup,mismatched,images/test_image_00470.jpg,mismatched,0.025000000000000022,not_ready,0.025000000000000022
qwen3vl_8b,habit_cfx_0168,habit_test_00470,002888_01,002888,S7414,ready,counterfactual,S8940,Airtight Container lid,mismatched,images/test_image_00470.jpg,mismatched,0.025000000000000022,not_ready,0.025000000000000022
qwen3vl_8b,habit_cfx_0169,habit_test_00473,002889_01,002889,S7414,early,counterfactual,S6759,Power Cable,mismatched,images/test_image_00473.jpg,mismatched,0.010000000000000009,not_ready,0.025000000000000022
qwen3vl_8b,habit_cfx_0170,habit_test_00473,002889_01,002889,S7414,early,counterfactual,S7025,Organizing box,mismatched,images/test_image_00473.jpg,matched,0.975,ready,0.975
qwen3vl_8b,habit_cfx_0171,habit_test_00473,002889_01,002889,S7414,early,counterfactual,S7788,iced cup,mismatched,images/test_image_00473.jpg,mismatched,0.025000000000000022,not_ready,0.025000000000000022
qwen3vl_8b,habit_cfx_0172,habit_test_00473,002889_01,002889,S7414,early,counterfactual,S8940,Airtight Container lid,mismatched,images/test_image_00473.jpg,mismatched,0.025000000000000022,not_ready,0.025000000000000022
qwen3vl_8b,habit_cfx_0173,habit_test_00474,002889_01,002889,S7414,ready,counterfactual,S6759,Power Cable,mismatched,images/test_image_00474.jpg,mismatched,0.010000000000000009,not_ready,0.010000000000000009
qwen3vl_8b,habit_cfx_0174,habit_test_00474,002889_01,002889,S7414,ready,counterfactual,S7025,Organizing box,mismatched,images/test_image_00474.jpg,matched,0.975,ready,0.975
qwen3vl_8b,habit_cfx_0175,habit_test_00474,002889_01,002889,S7414,ready,counterfactual,S7788,iced cup,mismatched,images/test_image_00474.jpg,mismatched,0.025000000000000022,not_ready,0.025000000000000022
qwen3vl_8b,habit_cfx_0176,habit_test_00474,002889_01,002889,S7414,ready,counterfactual,S8940,Airtight Container lid,mismatched,images/test_image_00474.jpg,mismatched,0.025000000000000022,not_ready,0.025000000000000022
qwen3vl_8b,habit_cfx_0177,habit_test_00477,002890_01,002890,S7414,early,counterfactual,S6759,Power Cable,mismatched,images/test_image_00477.jpg,mismatched,0.010000000000000009,not_ready,0.025000000000000022
qwen3vl_8b,habit_cfx_0178,habit_test_00477,002890_01,002890,S7414,early,counterfactual,S7025,Organizing box,mismatched,images/test_image_00477.jpg,matched,0.975,ready,0.975
qwen3vl_8b,habit_cfx_0179,habit_test_00477,002890_01,002890,S7414,early,counterfactual,S7788,iced cup,mismatched,images/test_image_00477.jpg,mismatched,0.025000000000000022,not_ready,0.025000000000000022
qwen3vl_8b,habit_cfx_0180,habit_test_00477,002890_01,002890,S7414,early,counterfactual,S8940,Airtight Container lid,mismatched,images/test_image_00477.jpg,mismatched,0.025000000000000022,not_ready,0.025000000000000022
qwen3vl_8b,habit_cfx_0181,habit_test_00478,002890_01,002890,S7414,ready,counterfactual,S6759,Power Cable,mismatched,images/test_image_00478.jpg,mismatched,0.010000000000000009,not_ready,0.010000000000000009
qwen3vl_8b,habit_cfx_0182,habit_test_00478,002890_01,002890,S7414,ready,counterfactual,S7025,Organizing box,mismatched,images/test_image_00478.jpg,matched,0.975,ready,0.975
qwen3vl_8b,habit_cfx_0183,habit_test_00478,002890_01,002890,S7414,ready,counterfactual,S7788,iced cup,mismatched,images/test_image_00478.jpg,mismatched,0.025000000000000022,not_ready,0.025000000000000022
qwen3vl_8b,habit_cfx_0184,habit_test_00478,002890_01,002890,S7414,ready,counterfactual,S8940,Airtight Container lid,mismatched,images/test_image_00478.jpg,mismatched,0.025000000000000022,not_ready,0.025000000000000022
qwen3vl_8b,habit_cfx_0185,habit_test_00481,002891_01,002891,S7414,early,counterfactual,S6759,Power Cable,mismatched,images/test_image_00481.jpg,mismatched,0.010000000000000009,not_ready,0.025000000000000022
qwen3vl_8b,habit_cfx_0186,habit_test_00481,002891_01,002891,S7414,early,counterfactual,S7025,Organizing box,mismatched,images/test_image_00481.jpg,matched,0.975,ready,0.975
qwen3vl_8b,habit_cfx_0187,habit_test_00481,002891_01,002891,S7414,early,counterfactual,S7788,iced cup,mismatched,images/test_image_00481.jpg,mismatched,0.025000000000000022,not_ready,0.025000000000000022
qwen3vl_8b,habit_cfx_0188,habit_test_00481,002891_01,002891,S7414,early,counterfactual,S8940,Airtight Container lid,mismatched,images/test_image_00481.jpg,mismatched,0.025000000000000022,not_ready,0.025000000000000022
qwen3vl_8b,habit_cfx_0189,habit_test_00482,002891_01,002891,S7414,ready,counterfactual,S6759,Power Cable,mismatched,images/test_image_00482.jpg,mismatched,0.010000000000000009,not_ready,0.010000000000000009
qwen3vl_8b,habit_cfx_0190,habit_test_00482,002891_01,002891,S7414,ready,counterfactual,S7025,Organizing box,mismatched,images/test_image_00482.jpg,matched,0.975,ready,0.95
qwen3vl_8b,habit_cfx_0191,habit_test_00482,002891_01,002891,S7414,ready,counterfactual,S7788,iced cup,mismatched,images/test_image_00482.jpg,mismatched,0.025000000000000022,not_ready,0.025000000000000022
qwen3vl_8b,habit_cfx_0192,habit_test_00482,002891_01,002891,S7414,ready,counterfactual,S8940,Airtight Container lid,mismatched,images/test_image_00482.jpg,mismatched,0.010000000000000009,not_ready,0.010000000000000009
qwen3vl_8b,habit_cfx_0193,habit_test_00485,002892_01,002892,S7414,early,counterfactual,S6759,Power Cable,mismatched,images/test_image_00485.jpg,mismatched,0.010000000000000009,not_ready,0.025000000000000022
qwen3vl_8b,habit_cfx_0194,habit_test_00485,002892_01,002892,S7414,early,counterfactual,S7025,Organizing box,mismatched,images/test_image_00485.jpg,matched,0.975,ready,0.975
qwen3vl_8b,habit_cfx_0195,habit_test_00485,002892_01,002892,S7414,early,counterfactual,S7788,iced cup,mismatched,images/test_image_00485.jpg,mismatched,0.025000000000000022,not_ready,0.025000000000000022
qwen3vl_8b,habit_cfx_0196,habit_test_00485,002892_01,002892,S7414,early,counterfactual,S8940,Airtight Container lid,mismatched,images/test_image_00485.jpg,mismatched,0.025000000000000022,not_ready,0.025000000000000022
qwen3vl_8b,habit_cfx_0197,habit_test_00486,002892_01,002892,S7414,ready,counterfactual,S6759,Power Cable,mismatched,images/test_image_00486.jpg,mismatched,0.010000000000000009,not_ready,0.010000000000000009
qwen3vl_8b,habit_cfx_0198,habit_test_00486,002892_01,002892,S7414,ready,counterfactual,S7025,Organizing box,mismatched,images/test_image_00486.jpg,matched,0.975,ready,0.975
qwen3vl_8b,habit_cfx_0199,habit_test_00486,002892_01,002892,S7414,ready,counterfactual,S7788,iced cup,mismatched,images/test_image_00486.jpg,mismatched,0.025000000000000022,not_ready,0.025000000000000022
qwen3vl_8b,habit_cfx_0200,habit_test_00486,002892_01,002892,S7414,ready,counterfactual,S8940,Airtight Container lid,mismatched,images/test_image_00486.jpg,mismatched,0.010000000000000009,not_ready,0.025000000000000022
qwen3vl_8b,habit_cfx_0201,habit_test_00489,002894_01,002894,S7414,early,counterfactual,S6759,Power Cable,mismatched,images/test_image_00489.jpg,mismatched,0.010000000000000009,not_ready,0.025000000000000022
qwen3vl_8b,habit_cfx_0202,habit_test_00489,002894_01,002894,S7414,early,counterfactual,S7025,Organizing box,mismatched,images/test_image_00489.jpg,matched,0.975,ready,0.975
qwen3vl_8b,habit_cfx_0203,habit_test_00489,002894_01,002894,S7414,early,counterfactual,S7788,iced cup,mismatched,images/test_image_00489.jpg,mismatched,0.025000000000000022,not_ready,0.025000000000000022
qwen3vl_8b,habit_cfx_0204,habit_test_00489,002894_01,002894,S7414,early,counterfactual,S8940,Airtight Container lid,mismatched,images/test_image_00489.jpg,mismatched,0.025000000000000022,not_ready,0.025000000000000022
qwen3vl_8b,habit_cfx_0205,habit_test_00490,002894_01,002894,S7414,ready,counterfactual,S6759,Power Cable,mismatched,images/test_image_00490.jpg,mismatched,0.010000000000000009,not_ready,0.010000000000000009
qwen3vl_8b,habit_cfx_0206,habit_test_00490,002894_01,002894,S7414,ready,counterfactual,S7025,Organizing box,mismatched,images/test_image_00490.jpg,matched,0.975,ready,0.975
qwen3vl_8b,habit_cfx_0207,habit_test_00490,002894_01,002894,S7414,ready,counterfactual,S7788,iced cup,mismatched,images/test_image_00490.jpg,mismatched,0.025000000000000022,not_ready,0.025000000000000022
qwen3vl_8b,habit_cfx_0208,habit_test_00490,002894_01,002894,S7414,ready,counterfactual,S8940,Airtight Container lid,mismatched,images/test_image_00490.jpg,mismatched,0.010000000000000009,not_ready,0.010000000000000009
qwen3vl_8b,habit_cfx_0209,habit_test_00493,002895_01,002895,S7414,early,counterfactual,S6759,Power Cable,mismatched,images/test_image_00493.jpg,mismatched,0.010000000000000009,not_ready,0.010000000000000009
qwen3vl_8b,habit_cfx_0210,habit_test_00493,002895_01,002895,S7414,early,counterfactual,S7025,Organizing box,mismatched,images/test_image_00493.jpg,matched,0.975,ready,0.975
qwen3vl_8b,habit_cfx_0211,habit_test_00493,002895_01,002895,S7414,early,counterfactual,S7788,iced cup,mismatched,images/test_image_00493.jpg,mismatched,0.025000000000000022,not_ready,0.025000000000000022
qwen3vl_8b,habit_cfx_0212,habit_test_00493,002895_01,002895,S7414,early,counterfactual,S8940,Airtight Container lid,mismatched,images/test_image_00493.jpg,mismatched,0.025000000000000022,not_ready,0.025000000000000022
qwen3vl_8b,habit_cfx_0213,habit_test_00494,002895_01,002895,S7414,ready,counterfactual,S6759,Power Cable,mismatched,images/test_image_00494.jpg,mismatched,0.010000000000000009,not_ready,0.010000000000000009
qwen3vl_8b,habit_cfx_0214,habit_test_00494,002895_01,002895,S7414,ready,counterfactual,S7025,Organizing box,mismatched,images/test_image_00494.jpg,matched,0.975,ready,0.975
qwen3vl_8b,habit_cfx_0215,habit_test_00494,002895_01,002895,S7414,ready,counterfactual,S7788,iced cup,mismatched,images/test_image_00494.jpg,mismatched,0.025000000000000022,not_ready,0.025000000000000022
qwen3vl_8b,habit_cfx_0216,habit_test_00494,002895_01,002895,S7414,ready,counterfactual,S8940,Airtight Container lid,mismatched,images/test_image_00494.jpg,mismatched,0.025000000000000022,not_ready,0.025000000000000022
qwen3vl_8b,habit_cfx_0217,habit_test_00497,002896_01,002896,S7414,early,counterfactual,S6759,Power Cable,mismatched,images/test_image_00497.jpg,mismatched,0.010000000000000009,not_ready,0.010000000000000009
qwen3vl_8b,habit_cfx_0218,habit_test_00497,002896_01,002896,S7414,early,counterfactual,S7025,Organizing box,mismatched,images/test_image_00497.jpg,matched,0.975,ready,0.975
qwen3vl_8b,habit_cfx_0219,habit_test_00497,002896_01,002896,S7414,early,counterfactual,S7788,iced cup,mismatched,images/test_image_00497.jpg,mismatched,0.025000000000000022,not_ready,0.025000000000000022
qwen3vl_8b,habit_cfx_0220,habit_test_00497,002896_01,002896,S7414,early,counterfactual,S8940,Airtight Container lid,mismatched,images/test_image_00497.jpg,mismatched,0.025000000000000022,not_ready,0.025000000000000022
qwen3vl_8b,habit_cfx_0221,habit_test_00498,002896_01,002896,S7414,ready,counterfactual,S6759,Power Cable,mismatched,images/test_image_00498.jpg,mismatched,0.010000000000000009,not_ready,0.010000000000000009
qwen3vl_8b,habit_cfx_0222,habit_test_00498,002896_01,002896,S7414,ready,counterfactual,S7025,Organizing box,mismatched,images/test_image_00498.jpg,matched,0.975,ready,0.975
qwen3vl_8b,habit_cfx_0223,habit_test_00498,002896_01,002896,S7414,ready,counterfactual,S7788,iced cup,mismatched,images/test_image_00498.jpg,mismatched,0.025000000000000022,not_ready,0.025000000000000022
qwen3vl_8b,habit_cfx_0224,habit_test_00498,002896_01,002896,S7414,ready,counterfactual,S8940,Airtight Container lid,mismatched,images/test_image_00498.jpg,mismatched,0.025000000000000022,not_ready,0.025000000000000022
qwen3vl_8b,habit_cfx_0225,habit_test_00501,002898_01,002898,S7414,early,counterfactual,S6759,Power Cable,mismatched,images/test_image_00501.jpg,mismatched,0.010000000000000009,not_ready,0.010000000000000009
qwen3vl_8b,habit_cfx_0226,habit_test_00501,002898_01,002898,S7414,early,counterfactual,S7025,Organizing box,mismatched,images/test_image_00501.jpg,matched,0.975,ready,0.975
qwen3vl_8b,habit_cfx_0227,habit_test_00501,002898_01,002898,S7414,early,counterfactual,S7788,iced cup,mismatched,images/test_image_00501.jpg,mismatched,0.025000000000000022,not_ready,0.025000000000000022
qwen3vl_8b,habit_cfx_0228,habit_test_00501,002898_01,002898,S7414,early,counterfactual,S8940,Airtight Container lid,mismatched,images/test_image_00501.jpg,matched,0.975,ready,0.975
qwen3vl_8b,habit_cfx_0229,habit_test_00502,002898_01,002898,S7414,ready,counterfactual,S6759,Power Cable,mismatched,images/test_image_00502.jpg,mismatched,0.010000000000000009,not_ready,0.010000000000000009
qwen3vl_8b,habit_cfx_0230,habit_test_00502,002898_01,002898,S7414,ready,counterfactual,S7025,Organizing box,mismatched,images/test_image_00502.jpg,matched,0.975,ready,0.975
qwen3vl_8b,habit_cfx_0231,habit_test_00502,002898_01,002898,S7414,ready,counterfactual,S7788,iced cup,mismatched,images/test_image_00502.jpg,mismatched,0.025000000000000022,not_ready,0.025000000000000022
qwen3vl_8b,habit_cfx_0232,habit_test_00502,002898_01,002898,S7414,ready,counterfactual,S8940,Airtight Container lid,mismatched,images/test_image_00502.jpg,mismatched,0.025000000000000022,not_ready,0.025000000000000022
qwen3vl_8b,habit_cfx_0233,habit_test_00505,002899_01,002899,S7414,early,counterfactual,S6759,Power Cable,mismatched,images/test_image_00505.jpg,mismatched,0.010000000000000009,not_ready,0.010000000000000009
qwen3vl_8b,habit_cfx_0234,habit_test_00505,002899_01,002899,S7414,early,counterfactual,S7025,Organizing box,mismatched,images/test_image_00505.jpg,matched,0.975,ready,0.975
qwen3vl_8b,habit_cfx_0235,habit_test_00505,002899_01,002899,S7414,early,counterfactual,S7788,iced cup,mismatched,images/test_image_00505.jpg,mismatched,0.025000000000000022,not_ready,0.025000000000000022
qwen3vl_8b,habit_cfx_0236,habit_test_00505,002899_01,002899,S7414,early,counterfactual,S8940,Airtight Container lid,mismatched,images/test_image_00505.jpg,mismatched,0.025000000000000022,not_ready,0.025000000000000022
qwen3vl_8b,habit_cfx_0237,habit_test_00506,002899_01,002899,S7414,ready,counterfactual,S6759,Power Cable,mismatched,images/test_image_00506.jpg,mismatched,0.010000000000000009,not_ready,0.010000000000000009
qwen3vl_8b,habit_cfx_0238,habit_test_00506,002899_01,002899,S7414,ready,counterfactual,S7025,Organizing box,mismatched,images/test_image_00506.jpg,matched,0.975,ready,0.95
qwen3vl_8b,habit_cfx_0239,habit_test_00506,002899_01,002899,S7414,ready,counterfactual,S7788,iced cup,mismatched,images/test_image_00506.jpg,mismatched,0.025000000000000022,not_ready,0.025000000000000022
qwen3vl_8b,habit_cfx_0240,habit_test_00506,002899_01,002899,S7414,ready,counterfactual,S8940,Airtight Container lid,mismatched,images/test_image_00506.jpg,mismatched,0.010000000000000009,not_ready,0.010000000000000009
qwen3vl_8b,habit_cfx_0241,habit_test_02013,008354_01,008354,S7788,early,counterfactual,S6759,Power Cable,mismatched,images/test_image_02013.jpg,mismatched,0.025000000000000022,not_ready,0.025000000000000022
qwen3vl_8b,habit_cfx_0242,habit_test_02013,008354_01,008354,S7788,early,counterfactual,S7025,Organizing box,mismatched,images/test_image_02013.jpg,mismatched,0.025000000000000022,not_ready,0.025000000000000022
qwen3vl_8b,habit_cfx_0243,habit_test_02013,008354_01,008354,S7788,early,counterfactual,S7414,Paper to-go box,mismatched,images/test_image_02013.jpg,mismatched,0.025000000000000022,not_ready,0.025000000000000022
qwen3vl_8b,habit_cfx_0244,habit_test_02013,008354_01,008354,S7788,early,counterfactual,S8975,100 cm Hotel Towel,mismatched,images/test_image_02013.jpg,mismatched,0.025000000000000022,not_ready,0.025000000000000022
qwen3vl_8b,habit_cfx_0245,habit_test_02014,008354_01,008354,S7788,ready,counterfactual,S6759,Power Cable,mismatched,images/test_image_02014.jpg,mismatched,0.025000000000000022,not_ready,0.025000000000000022
qwen3vl_8b,habit_cfx_0246,habit_test_02014,008354_01,008354,S7788,ready,counterfactual,S7025,Organizing box,mismatched,images/test_image_02014.jpg,mismatched,0.025000000000000022,not_ready,0.025000000000000022
qwen3vl_8b,habit_cfx_0247,habit_test_02014,008354_01,008354,S7788,ready,counterfactual,S7414,Paper to-go box,mismatched,images/test_image_02014.jpg,mismatched,0.025000000000000022,not_ready,0.025000000000000022
qwen3vl_8b,habit_cfx_0248,habit_test_02014,008354_01,008354,S7788,ready,counterfactual,S8975,100 cm Hotel Towel,mismatched,images/test_image_02014.jpg,mismatched,0.025000000000000022,not_ready,0.025000000000000022
qwen3vl_8b,habit_cfx_0249,habit_test_02015,008364_01,008364,S7788,early,counterfactual,S6759,Power Cable,mismatched,images/test_image_02015.jpg,mismatched,0.025000000000000022,not_ready,0.025000000000000022
qwen3vl_8b,habit_cfx_0250,habit_test_02015,008364_01,008364,S7788,early,counterfactual,S7025,Organizing box,mismatched,images/test_image_02015.jpg,mismatched,0.025000000000000022,not_ready,0.025000000000000022
qwen3vl_8b,habit_cfx_0251,habit_test_02015,008364_01,008364,S7788,early,counterfactual,S7414,Paper to-go box,mismatched,images/test_image_02015.jpg,mismatched,0.025000000000000022,not_ready,0.025000000000000022
qwen3vl_8b,habit_cfx_0252,habit_test_02015,008364_01,008364,S7788,early,counterfactual,S8975,100 cm Hotel Towel,mismatched,images/test_image_02015.jpg,mismatched,0.025000000000000022,not_ready,0.025000000000000022
qwen3vl_8b,habit_cfx_0253,habit_test_02016,008364_01,008364,S7788,ready,counterfactual,S6759,Power Cable,mismatched,images/test_image_02016.jpg,mismatched,0.025000000000000022,not_ready,0.025000000000000022
qwen3vl_8b,habit_cfx_0254,habit_test_02016,008364_01,008364,S7788,ready,counterfactual,S7025,Organizing box,mismatched,images/test_image_02016.jpg,mismatched,0.025000000000000022,not_ready,0.025000000000000022
qwen3vl_8b,habit_cfx_0255,habit_test_02016,008364_01,008364,S7788,ready,counterfactual,S7414,Paper to-go box,mismatched,images/test_image_02016.jpg,mismatched,0.010000000000000009,not_ready,0.025000000000000022
qwen3vl_8b,habit_cfx_0256,habit_test_02016,008364_01,008364,S7788,ready,counterfactual,S8975,100 cm Hotel Towel,mismatched,images/test_image_02016.jpg,mismatched,0.025000000000000022,not_ready,0.025000000000000022
qwen3vl_8b,habit_cfx_0257,habit_test_02019,008372_02,008372,S7788,early,counterfactual,S6759,Power Cable,mismatched,images/test_image_02019.jpg,mismatched,0.025000000000000022,not_ready,0.025000000000000022
qwen3vl_8b,habit_cfx_0258,habit_test_02019,008372_02,008372,S7788,early,counterfactual,S7025,Organizing box,mismatched,images/test_image_02019.jpg,mismatched,0.025000000000000022,not_ready,0.025000000000000022
qwen3vl_8b,habit_cfx_0259,habit_test_02019,008372_02,008372,S7788,early,counterfactual,S7414,Paper to-go box,mismatched,images/test_image_02019.jpg,mismatched,0.010000000000000009,not_ready,0.010000000000000009
qwen3vl_8b,habit_cfx_0260,habit_test_02019,008372_02,008372,S7788,early,counterfactual,S8975,100 cm Hotel Towel,mismatched,images/test_image_02019.jpg,mismatched,0.025000000000000022,not_ready,0.025000000000000022
qwen3vl_8b,habit_cfx_0261,habit_test_02020,008372_02,008372,S7788,ready,counterfactual,S6759,Power Cable,mismatched,images/test_image_02020.jpg,mismatched,0.025000000000000022,not_ready,0.025000000000000022
qwen3vl_8b,habit_cfx_0262,habit_test_02020,008372_02,008372,S7788,ready,counterfactual,S7025,Organizing box,mismatched,images/test_image_02020.jpg,mismatched,0.025000000000000022,not_ready,0.025000000000000022
qwen3vl_8b,habit_cfx_0263,habit_test_02020,008372_02,008372,S7788,ready,counterfactual,S7414,Paper to-go box,mismatched,images/test_image_02020.jpg,mismatched,0.010000000000000009,not_ready,0.010000000000000009
qwen3vl_8b,habit_cfx_0264,habit_test_02020,008372_02,008372,S7788,ready,counterfactual,S8975,100 cm Hotel Towel,mismatched,images/test_image_02020.jpg,mismatched,0.025000000000000022,not_ready,0.025000000000000022
qwen3vl_8b,habit_cfx_0265,habit_test_02021,008462_01,008462,S7788,early,counterfactual,S6759,Power Cable,mismatched,images/test_image_02021.jpg,mismatched,0.025000000000000022,not_ready,0.025000000000000022
qwen3vl_8b,habit_cfx_0266,habit_test_02021,008462_01,008462,S7788,early,counterfactual,S7025,Organizing box,mismatched,images/test_image_02021.jpg,mismatched,0.025000000000000022,not_ready,0.025000000000000022
qwen3vl_8b,habit_cfx_0267,habit_test_02021,008462_01,008462,S7788,early,counterfactual,S7414,Paper to-go box,mismatched,images/test_image_02021.jpg,mismatched,0.010000000000000009,not_ready,0.010000000000000009
qwen3vl_8b,habit_cfx_0268,habit_test_02021,008462_01,008462,S7788,early,counterfactual,S8975,100 cm Hotel Towel,mismatched,images/test_image_02021.jpg,mismatched,0.025000000000000022,not_ready,0.025000000000000022
qwen3vl_8b,habit_cfx_0269,habit_test_02022,008462_01,008462,S7788,ready,counterfactual,S6759,Power Cable,mismatched,images/test_image_02022.jpg,mismatched,0.025000000000000022,not_ready,0.025000000000000022
qwen3vl_8b,habit_cfx_0270,habit_test_02022,008462_01,008462,S7788,ready,counterfactual,S7025,Organizing box,mismatched,images/test_image_02022.jpg,mismatched,0.025000000000000022,not_ready,0.025000000000000022
qwen3vl_8b,habit_cfx_0271,habit_test_02022,008462_01,008462,S7788,ready,counterfactual,S7414,Paper to-go box,mismatched,images/test_image_02022.jpg,mismatched,0.025000000000000022,not_ready,0.025000000000000022
qwen3vl_8b,habit_cfx_0272,habit_test_02022,008462_01,008462,S7788,ready,counterfactual,S8975,100 cm Hotel Towel,mismatched,images/test_image_02022.jpg,mismatched,0.025000000000000022,not_ready,0.025000000000000022
qwen3vl_8b,habit_cfx_0273,habit_test_02023,008475_01,008475,S7788,early,counterfactual,S6759,Power Cable,mismatched,images/test_image_02023.jpg,mismatched,0.025000000000000022,not_ready,0.025000000000000022
qwen3vl_8b,habit_cfx_0274,habit_test_02023,008475_01,008475,S7788,early,counterfactual,S7025,Organizing box,mismatched,images/test_image_02023.jpg,mismatched,0.025000000000000022,not_ready,0.025000000000000022
qwen3vl_8b,habit_cfx_0275,habit_test_02023,008475_01,008475,S7788,early,counterfactual,S7414,Paper to-go box,mismatched,images/test_image_02023.jpg,mismatched,0.010000000000000009,not_ready,0.010000000000000009
qwen3vl_8b,habit_cfx_0276,habit_test_02023,008475_01,008475,S7788,early,counterfactual,S8975,100 cm Hotel Towel,mismatched,images/test_image_02023.jpg,mismatched,0.025000000000000022,not_ready,0.025000000000000022
qwen3vl_8b,habit_cfx_0277,habit_test_02024,008475_01,008475,S7788,ready,counterfactual,S6759,Power Cable,mismatched,images/test_image_02024.jpg,mismatched,0.025000000000000022,not_ready,0.025000000000000022
qwen3vl_8b,habit_cfx_0278,habit_test_02024,008475_01,008475,S7788,ready,counterfactual,S7025,Organizing box,mismatched,images/test_image_02024.jpg,mismatched,0.025000000000000022,not_ready,0.025000000000000022
qwen3vl_8b,habit_cfx_0279,habit_test_02024,008475_01,008475,S7788,ready,counterfactual,S7414,Paper to-go box,mismatched,images/test_image_02024.jpg,mismatched,0.010000000000000009,not_ready,0.010000000000000009
qwen3vl_8b,habit_cfx_0280,habit_test_02024,008475_01,008475,S7788,ready,counterfactual,S8975,100 cm Hotel Towel,mismatched,images/test_image_02024.jpg,mismatched,0.025000000000000022,not_ready,0.025000000000000022
qwen3vl_8b,habit_cfx_0281,habit_test_02025,008495_02,008495,S7788,early,counterfactual,S6759,Power Cable,mismatched,images/test_image_02025.jpg,mismatched,0.025000000000000022,not_ready,0.025000000000000022
qwen3vl_8b,habit_cfx_0282,habit_test_02025,008495_02,008495,S7788,early,counterfactual,S7025,Organizing box,mismatched,images/test_image_02025.jpg,mismatched,0.025000000000000022,not_ready,0.025000000000000022
qwen3vl_8b,habit_cfx_0283,habit_test_02025,008495_02,008495,S7788,early,counterfactual,S7414,Paper to-go box,mismatched,images/test_image_02025.jpg,mismatched,0.010000000000000009,not_ready,0.010000000000000009
qwen3vl_8b,habit_cfx_0284,habit_test_02025,008495_02,008495,S7788,early,counterfactual,S8975,100 cm Hotel Towel,mismatched,images/test_image_02025.jpg,mismatched,0.025000000000000022,not_ready,0.025000000000000022
qwen3vl_8b,habit_cfx_0285,habit_test_02026,008495_02,008495,S7788,ready,counterfactual,S6759,Power Cable,mismatched,images/test_image_02026.jpg,mismatched,0.010000000000000009,not_ready,0.025000000000000022
qwen3vl_8b,habit_cfx_0286,habit_test_02026,008495_02,008495,S7788,ready,counterfactual,S7025,Organizing box,mismatched,images/test_image_02026.jpg,mismatched,0.025000000000000022,not_ready,0.025000000000000022
qwen3vl_8b,habit_cfx_0287,habit_test_02026,008495_02,008495,S7788,ready,counterfactual,S7414,Paper to-go box,mismatched,images/test_image_02026.jpg,mismatched,0.010000000000000009,not_ready,0.025000000000000022
qwen3vl_8b,habit_cfx_0288,habit_test_02026,008495_02,008495,S7788,ready,counterfactual,S8975,100 cm Hotel Towel,mismatched,images/test_image_02026.jpg,mismatched,0.010000000000000009,not_ready,0.010000000000000009
qwen3vl_8b,habit_cfx_0289,habit_test_02027,008524_02,008524,S7788,early,counterfactual,S6759,Power Cable,mismatched,images/test_image_02027.jpg,mismatched,0.025000000000000022,not_ready,0.025000000000000022
qwen3vl_8b,habit_cfx_0290,habit_test_02027,008524_02,008524,S7788,early,counterfactual,S7025,Organizing box,mismatched,images/test_image_02027.jpg,mismatched,0.025000000000000022,not_ready,0.025000000000000022
qwen3vl_8b,habit_cfx_0291,habit_test_02027,008524_02,008524,S7788,early,counterfactual,S7414,Paper to-go box,mismatched,images/test_image_02027.jpg,mismatched,0.010000000000000009,not_ready,0.025000000000000022
qwen3vl_8b,habit_cfx_0292,habit_test_02027,008524_02,008524,S7788,early,counterfactual,S8975,100 cm Hotel Towel,mismatched,images/test_image_02027.jpg,mismatched,0.025000000000000022,not_ready,0.025000000000000022
qwen3vl_8b,habit_cfx_0293,habit_test_02028,008524_02,008524,S7788,ready,counterfactual,S6759,Power Cable,mismatched,images/test_image_02028.jpg,mismatched,0.010000000000000009,not_ready,0.025000000000000022
qwen3vl_8b,habit_cfx_0294,habit_test_02028,008524_02,008524,S7788,ready,counterfactual,S7025,Organizing box,mismatched,images/test_image_02028.jpg,mismatched,0.025000000000000022,not_ready,0.025000000000000022
qwen3vl_8b,habit_cfx_0295,habit_test_02028,008524_02,008524,S7788,ready,counterfactual,S7414,Paper to-go box,mismatched,images/test_image_02028.jpg,mismatched,0.010000000000000009,not_ready,0.010000000000000009
qwen3vl_8b,habit_cfx_0296,habit_test_02028,008524_02,008524,S7788,ready,counterfactual,S8975,100 cm Hotel Towel,mismatched,images/test_image_02028.jpg,mismatched,0.010000000000000009,not_ready,0.025000000000000022
qwen3vl_8b,habit_cfx_0297,habit_test_02029,009796_02,009796,S7788,early,counterfactual,S6759,Power Cable,mismatched,images/test_image_02029.jpg,mismatched,0.025000000000000022,not_ready,0.025000000000000022
qwen3vl_8b,habit_cfx_0298,habit_test_02029,009796_02,009796,S7788,early,counterfactual,S7025,Organizing box,mismatched,images/test_image_02029.jpg,mismatched,0.025000000000000022,not_ready,0.025000000000000022
qwen3vl_8b,habit_cfx_0299,habit_test_02029,009796_02,009796,S7788,early,counterfactual,S7414,Paper to-go box,mismatched,images/test_image_02029.jpg,mismatched,0.025000000000000022,not_ready,0.025000000000000022
qwen3vl_8b,habit_cfx_0300,habit_test_02029,009796_02,009796,S7788,early,counterfactual,S8975,100 cm Hotel Towel,mismatched,images/test_image_02029.jpg,mismatched,0.025000000000000022,not_ready,0.025000000000000022
qwen3vl_8b,habit_cfx_0301,habit_test_02030,009796_02,009796,S7788,ready,counterfactual,S6759,Power Cable,mismatched,images/test_image_02030.jpg,mismatched,0.010000000000000009,not_ready,0.025000000000000022
qwen3vl_8b,habit_cfx_0302,habit_test_02030,009796_02,009796,S7788,ready,counterfactual,S7025,Organizing box,mismatched,images/test_image_02030.jpg,mismatched,0.025000000000000022,not_ready,0.025000000000000022
qwen3vl_8b,habit_cfx_0303,habit_test_02030,009796_02,009796,S7788,ready,counterfactual,S7414,Paper to-go box,mismatched,images/test_image_02030.jpg,mismatched,0.010000000000000009,not_ready,0.025000000000000022
qwen3vl_8b,habit_cfx_0304,habit_test_02030,009796_02,009796,S7788,ready,counterfactual,S8975,100 cm Hotel Towel,mismatched,images/test_image_02030.jpg,mismatched,0.025000000000000022,not_ready,0.025000000000000022
qwen3vl_8b,habit_cfx_0305,habit_test_02031,009797_02,009797,S7788,early,counterfactual,S6759,Power Cable,mismatched,images/test_image_02031.jpg,mismatched,0.025000000000000022,not_ready,0.025000000000000022
qwen3vl_8b,habit_cfx_0306,habit_test_02031,009797_02,009797,S7788,early,counterfactual,S7025,Organizing box,mismatched,images/test_image_02031.jpg,mismatched,0.025000000000000022,not_ready,0.025000000000000022
qwen3vl_8b,habit_cfx_0307,habit_test_02031,009797_02,009797,S7788,early,counterfactual,S7414,Paper to-go box,mismatched,images/test_image_02031.jpg,mismatched,0.025000000000000022,not_ready,0.025000000000000022
qwen3vl_8b,habit_cfx_0308,habit_test_02031,009797_02,009797,S7788,early,counterfactual,S8975,100 cm Hotel Towel,mismatched,images/test_image_02031.jpg,mismatched,0.025000000000000022,not_ready,0.025000000000000022
qwen3vl_8b,habit_cfx_0309,habit_test_02032,009797_02,009797,S7788,ready,counterfactual,S6759,Power Cable,mismatched,images/test_image_02032.jpg,mismatched,0.010000000000000009,not_ready,0.025000000000000022
qwen3vl_8b,habit_cfx_0310,habit_test_02032,009797_02,009797,S7788,ready,counterfactual,S7025,Organizing box,mismatched,images/test_image_02032.jpg,mismatched,0.025000000000000022,not_ready,0.025000000000000022
qwen3vl_8b,habit_cfx_0311,habit_test_02032,009797_02,009797,S7788,ready,counterfactual,S7414,Paper to-go box,mismatched,images/test_image_02032.jpg,mismatched,0.025000000000000022,not_ready,0.025000000000000022
qwen3vl_8b,habit_cfx_0312,habit_test_02032,009797_02,009797,S7788,ready,counterfactual,S8975,100 cm Hotel Towel,mismatched,images/test_image_02032.jpg,mismatched,0.025000000000000022,not_ready,0.025000000000000022
qwen3vl_8b,habit_cfx_0313,habit_test_02033,009801_02,009801,S7788,early,counterfactual,S6759,Power Cable,mismatched,images/test_image_02033.jpg,mismatched,0.025000000000000022,not_ready,0.025000000000000022
qwen3vl_8b,habit_cfx_0314,habit_test_02033,009801_02,009801,S7788,early,counterfactual,S7025,Organizing box,mismatched,images/test_image_02033.jpg,mismatched,0.025000000000000022,not_ready,0.025000000000000022
qwen3vl_8b,habit_cfx_0315,habit_test_02033,009801_02,009801,S7788,early,counterfactual,S7414,Paper to-go box,mismatched,images/test_image_02033.jpg,mismatched,0.025000000000000022,not_ready,0.025000000000000022
qwen3vl_8b,habit_cfx_0316,habit_test_02033,009801_02,009801,S7788,early,counterfactual,S8975,100 cm Hotel Towel,mismatched,images/test_image_02033.jpg,mismatched,0.025000000000000022,not_ready,0.025000000000000022
qwen3vl_8b,habit_cfx_0317,habit_test_02034,009801_02,009801,S7788,ready,counterfactual,S6759,Power Cable,mismatched,images/test_image_02034.jpg,mismatched,0.010000000000000009,not_ready,0.010000000000000009
qwen3vl_8b,habit_cfx_0318,habit_test_02034,009801_02,009801,S7788,ready,counterfactual,S7025,Organizing box,mismatched,images/test_image_02034.jpg,mismatched,0.025000000000000022,not_ready,0.025000000000000022
qwen3vl_8b,habit_cfx_0319,habit_test_02034,009801_02,009801,S7788,ready,counterfactual,S7414,Paper to-go box,mismatched,images/test_image_02034.jpg,mismatched,0.025000000000000022,not_ready,0.025000000000000022
qwen3vl_8b,habit_cfx_0320,habit_test_02034,009801_02,009801,S7788,ready,counterfactual,S8975,100 cm Hotel Towel,mismatched,images/test_image_02034.jpg,mismatched,0.025000000000000022,not_ready,0.025000000000000022
qwen3vl_8b,habit_cfx_0321,habit_test_01933,007309_01,007309,S8940,early,counterfactual,S6759,Power Cable,mismatched,images/test_image_01933.jpg,mismatched,0.010000000000000009,not_ready,0.010000000000000009
qwen3vl_8b,habit_cfx_0322,habit_test_01933,007309_01,007309,S8940,early,counterfactual,S7414,Paper to-go box,mismatched,images/test_image_01933.jpg,mismatched,0.010000000000000009,not_ready,0.010000000000000009
qwen3vl_8b,habit_cfx_0323,habit_test_01933,007309_01,007309,S8940,early,counterfactual,S7788,iced cup,mismatched,images/test_image_01933.jpg,mismatched,0.010000000000000009,not_ready,0.010000000000000009
qwen3vl_8b,habit_cfx_0324,habit_test_01933,007309_01,007309,S8940,early,counterfactual,S8975,100 cm Hotel Towel,mismatched,images/test_image_01933.jpg,mismatched,0.010000000000000009,not_ready,0.010000000000000009
qwen3vl_8b,habit_cfx_0325,habit_test_01934,007309_01,007309,S8940,ready,counterfactual,S6759,Power Cable,mismatched,images/test_image_01934.jpg,mismatched,0.025000000000000022,not_ready,0.025000000000000022
qwen3vl_8b,habit_cfx_0326,habit_test_01934,007309_01,007309,S8940,ready,counterfactual,S7414,Paper to-go box,mismatched,images/test_image_01934.jpg,matched,0.975,ready,0.95
qwen3vl_8b,habit_cfx_0327,habit_test_01934,007309_01,007309,S8940,ready,counterfactual,S7788,iced cup,mismatched,images/test_image_01934.jpg,mismatched,0.025000000000000022,not_ready,0.025000000000000022
qwen3vl_8b,habit_cfx_0328,habit_test_01934,007309_01,007309,S8940,ready,counterfactual,S8975,100 cm Hotel Towel,mismatched,images/test_image_01934.jpg,mismatched,0.010000000000000009,not_ready,0.010000000000000009
qwen3vl_8b,habit_cfx_0329,habit_test_01937,007310_01,007310,S8940,early,counterfactual,S6759,Power Cable,mismatched,images/test_image_01937.jpg,mismatched,0.025000000000000022,not_ready,0.025000000000000022
qwen3vl_8b,habit_cfx_0330,habit_test_01937,007310_01,007310,S8940,early,counterfactual,S7414,Paper to-go box,mismatched,images/test_image_01937.jpg,mismatched,0.010000000000000009,not_ready,0.010000000000000009
qwen3vl_8b,habit_cfx_0331,habit_test_01937,007310_01,007310,S8940,early,counterfactual,S7788,iced cup,mismatched,images/test_image_01937.jpg,mismatched,0.010000000000000009,not_ready,0.010000000000000009
qwen3vl_8b,habit_cfx_0332,habit_test_01937,007310_01,007310,S8940,early,counterfactual,S8975,100 cm Hotel Towel,mismatched,images/test_image_01937.jpg,mismatched,0.010000000000000009,not_ready,0.010000000000000009
qwen3vl_8b,habit_cfx_0333,habit_test_01938,007310_01,007310,S8940,ready,counterfactual,S6759,Power Cable,mismatched,images/test_image_01938.jpg,mismatched,0.010000000000000009,not_ready,0.010000000000000009
qwen3vl_8b,habit_cfx_0334,habit_test_01938,007310_01,007310,S8940,ready,counterfactual,S7414,Paper to-go box,mismatched,images/test_image_01938.jpg,mismatched,0.025000000000000022,not_ready,0.025000000000000022
qwen3vl_8b,habit_cfx_0335,habit_test_01938,007310_01,007310,S8940,ready,counterfactual,S7788,iced cup,mismatched,images/test_image_01938.jpg,mismatched,0.025000000000000022,not_ready,0.025000000000000022
qwen3vl_8b,habit_cfx_0336,habit_test_01938,007310_01,007310,S8940,ready,counterfactual,S8975,100 cm Hotel Towel,mismatched,images/test_image_01938.jpg,mismatched,0.010000000000000009,not_ready,0.010000000000000009
qwen3vl_8b,habit_cfx_0337,habit_test_01941,007312_01,007312,S8940,early,counterfactual,S6759,Power Cable,mismatched,images/test_image_01941.jpg,mismatched,0.025000000000000022,not_ready,0.025000000000000022
qwen3vl_8b,habit_cfx_0338,habit_test_01941,007312_01,007312,S8940,early,counterfactual,S7414,Paper to-go box,mismatched,images/test_image_01941.jpg,mismatched,0.010000000000000009,not_ready,0.010000000000000009
qwen3vl_8b,habit_cfx_0339,habit_test_01941,007312_01,007312,S8940,early,counterfactual,S7788,iced cup,mismatched,images/test_image_01941.jpg,mismatched,0.010000000000000009,not_ready,0.010000000000000009
qwen3vl_8b,habit_cfx_0340,habit_test_01941,007312_01,007312,S8940,early,counterfactual,S8975,100 cm Hotel Towel,mismatched,images/test_image_01941.jpg,mismatched,0.010000000000000009,not_ready,0.010000000000000009
qwen3vl_8b,habit_cfx_0341,habit_test_01942,007312_01,007312,S8940,ready,counterfactual,S6759,Power Cable,mismatched,images/test_image_01942.jpg,mismatched,0.025000000000000022,not_ready,0.025000000000000022
qwen3vl_8b,habit_cfx_0342,habit_test_01942,007312_01,007312,S8940,ready,counterfactual,S7414,Paper to-go box,mismatched,images/test_image_01942.jpg,mismatched,0.025000000000000022,not_ready,0.025000000000000022
qwen3vl_8b,habit_cfx_0343,habit_test_01942,007312_01,007312,S8940,ready,counterfactual,S7788,iced cup,mismatched,images/test_image_01942.jpg,mismatched,0.010000000000000009,not_ready,0.010000000000000009
qwen3vl_8b,habit_cfx_0344,habit_test_01942,007312_01,007312,S8940,ready,counterfactual,S8975,100 cm Hotel Towel,mismatched,images/test_image_01942.jpg,mismatched,0.010000000000000009,not_ready,0.010000000000000009
qwen3vl_8b,habit_cfx_0345,habit_test_01945,007313_01,007313,S8940,early,counterfactual,S6759,Power Cable,mismatched,images/test_image_01945.jpg,mismatched,0.025000000000000022,not_ready,0.025000000000000022
qwen3vl_8b,habit_cfx_0346,habit_test_01945,007313_01,007313,S8940,early,counterfactual,S7414,Paper to-go box,mismatched,images/test_image_01945.jpg,mismatched,0.010000000000000009,not_ready,0.010000000000000009
qwen3vl_8b,habit_cfx_0347,habit_test_01945,007313_01,007313,S8940,early,counterfactual,S7788,iced cup,mismatched,images/test_image_01945.jpg,mismatched,0.010000000000000009,not_ready,0.010000000000000009
qwen3vl_8b,habit_cfx_0348,habit_test_01945,007313_01,007313,S8940,early,counterfactual,S8975,100 cm Hotel Towel,mismatched,images/test_image_01945.jpg,mismatched,0.010000000000000009,not_ready,0.010000000000000009
qwen3vl_8b,habit_cfx_0349,habit_test_01946,007313_01,007313,S8940,ready,counterfactual,S6759,Power Cable,mismatched,images/test_image_01946.jpg,mismatched,0.010000000000000009,not_ready,0.010000000000000009
qwen3vl_8b,habit_cfx_0350,habit_test_01946,007313_01,007313,S8940,ready,counterfactual,S7414,Paper to-go box,mismatched,images/test_image_01946.jpg,matched,0.975,ready,0.95
qwen3vl_8b,habit_cfx_0351,habit_test_01946,007313_01,007313,S8940,ready,counterfactual,S7788,iced cup,mismatched,images/test_image_01946.jpg,mismatched,0.010000000000000009,not_ready,0.010000000000000009
qwen3vl_8b,habit_cfx_0352,habit_test_01946,007313_01,007313,S8940,ready,counterfactual,S8975,100 cm Hotel Towel,mismatched,images/test_image_01946.jpg,mismatched,0.010000000000000009,not_ready,0.010000000000000009
qwen3vl_8b,habit_cfx_0353,habit_test_01949,007314_01,007314,S8940,early,counterfactual,S6759,Power Cable,mismatched,images/test_image_01949.jpg,mismatched,0.010000000000000009,not_ready,0.010000000000000009
qwen3vl_8b,habit_cfx_0354,habit_test_01949,007314_01,007314,S8940,early,counterfactual,S7414,Paper to-go box,mismatched,images/test_image_01949.jpg,mismatched,0.010000000000000009,not_ready,0.010000000000000009
qwen3vl_8b,habit_cfx_0355,habit_test_01949,007314_01,007314,S8940,early,counterfactual,S7788,iced cup,mismatched,images/test_image_01949.jpg,mismatched,0.010000000000000009,not_ready,0.010000000000000009
qwen3vl_8b,habit_cfx_0356,habit_test_01949,007314_01,007314,S8940,early,counterfactual,S8975,100 cm Hotel Towel,mismatched,images/test_image_01949.jpg,mismatched,0.010000000000000009,not_ready,0.010000000000000009
qwen3vl_8b,habit_cfx_0357,habit_test_01950,007314_01,007314,S8940,ready,counterfactual,S6759,Power Cable,mismatched,images/test_image_01950.jpg,mismatched,0.025000000000000022,not_ready,0.025000000000000022
qwen3vl_8b,habit_cfx_0358,habit_test_01950,007314_01,007314,S8940,ready,counterfactual,S7414,Paper to-go box,mismatched,images/test_image_01950.jpg,mismatched,0.025000000000000022,not_ready,0.025000000000000022
qwen3vl_8b,habit_cfx_0359,habit_test_01950,007314_01,007314,S8940,ready,counterfactual,S7788,iced cup,mismatched,images/test_image_01950.jpg,mismatched,0.025000000000000022,not_ready,0.025000000000000022
qwen3vl_8b,habit_cfx_0360,habit_test_01950,007314_01,007314,S8940,ready,counterfactual,S8975,100 cm Hotel Towel,mismatched,images/test_image_01950.jpg,mismatched,0.025000000000000022,not_ready,0.025000000000000022
qwen3vl_8b,habit_cfx_0361,habit_test_01953,007315_01,007315,S8940,early,counterfactual,S6759,Power Cable,mismatched,images/test_image_01953.jpg,mismatched,0.025000000000000022,not_ready,0.025000000000000022
qwen3vl_8b,habit_cfx_0362,habit_test_01953,007315_01,007315,S8940,early,counterfactual,S7414,Paper to-go box,mismatched,images/test_image_01953.jpg,mismatched,0.025000000000000022,not_ready,0.025000000000000022
qwen3vl_8b,habit_cfx_0363,habit_test_01953,007315_01,007315,S8940,early,counterfactual,S7788,iced cup,mismatched,images/test_image_01953.jpg,mismatched,0.010000000000000009,not_ready,0.010000000000000009
qwen3vl_8b,habit_cfx_0364,habit_test_01953,007315_01,007315,S8940,early,counterfactual,S8975,100 cm Hotel Towel,mismatched,images/test_image_01953.jpg,mismatched,0.010000000000000009,not_ready,0.010000000000000009
qwen3vl_8b,habit_cfx_0365,habit_test_01954,007315_01,007315,S8940,ready,counterfactual,S6759,Power Cable,mismatched,images/test_image_01954.jpg,mismatched,0.025000000000000022,not_ready,0.025000000000000022
qwen3vl_8b,habit_cfx_0366,habit_test_01954,007315_01,007315,S8940,ready,counterfactual,S7414,Paper to-go box,mismatched,images/test_image_01954.jpg,matched,0.975,ready,0.95
qwen3vl_8b,habit_cfx_0367,habit_test_01954,007315_01,007315,S8940,ready,counterfactual,S7788,iced cup,mismatched,images/test_image_01954.jpg,mismatched,0.025000000000000022,not_ready,0.025000000000000022
qwen3vl_8b,habit_cfx_0368,habit_test_01954,007315_01,007315,S8940,ready,counterfactual,S8975,100 cm Hotel Towel,mismatched,images/test_image_01954.jpg,mismatched,0.025000000000000022,not_ready,0.025000000000000022
qwen3vl_8b,habit_cfx_0369,habit_test_01957,007316_01,007316,S8940,early,counterfactual,S6759,Power Cable,mismatched,images/test_image_01957.jpg,mismatched,0.025000000000000022,not_ready,0.025000000000000022
qwen3vl_8b,habit_cfx_0370,habit_test_01957,007316_01,007316,S8940,early,counterfactual,S7414,Paper to-go box,mismatched,images/test_image_01957.jpg,mismatched,0.010000000000000009,not_ready,0.010000000000000009
qwen3vl_8b,habit_cfx_0371,habit_test_01957,007316_01,007316,S8940,early,counterfactual,S7788,iced cup,mismatched,images/test_image_01957.jpg,mismatched,0.010000000000000009,not_ready,0.010000000000000009
qwen3vl_8b,habit_cfx_0372,habit_test_01957,007316_01,007316,S8940,early,counterfactual,S8975,100 cm Hotel Towel,mismatched,images/test_image_01957.jpg,mismatched,0.010000000000000009,not_ready,0.010000000000000009
qwen3vl_8b,habit_cfx_0373,habit_test_01958,007316_01,007316,S8940,ready,counterfactual,S6759,Power Cable,mismatched,images/test_image_01958.jpg,mismatched,0.025000000000000022,not_ready,0.025000000000000022
qwen3vl_8b,habit_cfx_0374,habit_test_01958,007316_01,007316,S8940,ready,counterfactual,S7414,Paper to-go box,mismatched,images/test_image_01958.jpg,mismatched,0.025000000000000022,not_ready,0.025000000000000022
qwen3vl_8b,habit_cfx_0375,habit_test_01958,007316_01,007316,S8940,ready,counterfactual,S7788,iced cup,mismatched,images/test_image_01958.jpg,mismatched,0.025000000000000022,not_ready,0.025000000000000022
qwen3vl_8b,habit_cfx_0376,habit_test_01958,007316_01,007316,S8940,ready,counterfactual,S8975,100 cm Hotel Towel,mismatched,images/test_image_01958.jpg,mismatched,0.010000000000000009,not_ready,0.010000000000000009
qwen3vl_8b,habit_cfx_0377,habit_test_01961,007317_01,007317,S8940,early,counterfactual,S6759,Power Cable,mismatched,images/test_image_01961.jpg,mismatched,0.010000000000000009,not_ready,0.010000000000000009
qwen3vl_8b,habit_cfx_0378,habit_test_01961,007317_01,007317,S8940,early,counterfactual,S7414,Paper to-go box,mismatched,images/test_image_01961.jpg,mismatched,0.010000000000000009,not_ready,0.010000000000000009
qwen3vl_8b,habit_cfx_0379,habit_test_01961,007317_01,007317,S8940,early,counterfactual,S7788,iced cup,mismatched,images/test_image_01961.jpg,mismatched,0.010000000000000009,not_ready,0.010000000000000009
qwen3vl_8b,habit_cfx_0380,habit_test_01961,007317_01,007317,S8940,early,counterfactual,S8975,100 cm Hotel Towel,mismatched,images/test_image_01961.jpg,mismatched,0.010000000000000009,not_ready,0.010000000000000009
qwen3vl_8b,habit_cfx_0381,habit_test_01962,007317_01,007317,S8940,ready,counterfactual,S6759,Power Cable,mismatched,images/test_image_01962.jpg,mismatched,0.025000000000000022,not_ready,0.025000000000000022
qwen3vl_8b,habit_cfx_0382,habit_test_01962,007317_01,007317,S8940,ready,counterfactual,S7414,Paper to-go box,mismatched,images/test_image_01962.jpg,matched,0.975,ready,0.95
qwen3vl_8b,habit_cfx_0383,habit_test_01962,007317_01,007317,S8940,ready,counterfactual,S7788,iced cup,mismatched,images/test_image_01962.jpg,mismatched,0.025000000000000022,not_ready,0.025000000000000022
qwen3vl_8b,habit_cfx_0384,habit_test_01962,007317_01,007317,S8940,ready,counterfactual,S8975,100 cm Hotel Towel,mismatched,images/test_image_01962.jpg,mismatched,0.025000000000000022,not_ready,0.025000000000000022
qwen3vl_8b,habit_cfx_0385,habit_test_01965,007321_01,007321,S8940,early,counterfactual,S6759,Power Cable,mismatched,images/test_image_01965.jpg,mismatched,0.025000000000000022,not_ready,0.025000000000000022
qwen3vl_8b,habit_cfx_0386,habit_test_01965,007321_01,007321,S8940,early,counterfactual,S7414,Paper to-go box,mismatched,images/test_image_01965.jpg,mismatched,0.010000000000000009,not_ready,0.010000000000000009
qwen3vl_8b,habit_cfx_0387,habit_test_01965,007321_01,007321,S8940,early,counterfactual,S7788,iced cup,mismatched,images/test_image_01965.jpg,mismatched,0.025000000000000022,not_ready,0.025000000000000022
qwen3vl_8b,habit_cfx_0388,habit_test_01965,007321_01,007321,S8940,early,counterfactual,S8975,100 cm Hotel Towel,mismatched,images/test_image_01965.jpg,mismatched,0.010000000000000009,not_ready,0.010000000000000009
qwen3vl_8b,habit_cfx_0389,habit_test_01966,007321_01,007321,S8940,ready,counterfactual,S6759,Power Cable,mismatched,images/test_image_01966.jpg,mismatched,0.010000000000000009,not_ready,0.010000000000000009
qwen3vl_8b,habit_cfx_0390,habit_test_01966,007321_01,007321,S8940,ready,counterfactual,S7414,Paper to-go box,mismatched,images/test_image_01966.jpg,mismatched,0.025000000000000022,not_ready,0.025000000000000022
qwen3vl_8b,habit_cfx_0391,habit_test_01966,007321_01,007321,S8940,ready,counterfactual,S7788,iced cup,mismatched,images/test_image_01966.jpg,mismatched,0.025000000000000022,not_ready,0.025000000000000022
qwen3vl_8b,habit_cfx_0392,habit_test_01966,007321_01,007321,S8940,ready,counterfactual,S8975,100 cm Hotel Towel,mismatched,images/test_image_01966.jpg,mismatched,0.025000000000000022,not_ready,0.025000000000000022
qwen3vl_8b,habit_cfx_0393,habit_test_01969,007322_01,007322,S8940,early,counterfactual,S6759,Power Cable,mismatched,images/test_image_01969.jpg,mismatched,0.025000000000000022,not_ready,0.025000000000000022
qwen3vl_8b,habit_cfx_0394,habit_test_01969,007322_01,007322,S8940,early,counterfactual,S7414,Paper to-go box,mismatched,images/test_image_01969.jpg,mismatched,0.010000000000000009,not_ready,0.010000000000000009
qwen3vl_8b,habit_cfx_0395,habit_test_01969,007322_01,007322,S8940,early,counterfactual,S7788,iced cup,mismatched,images/test_image_01969.jpg,mismatched,0.025000000000000022,not_ready,0.025000000000000022
qwen3vl_8b,habit_cfx_0396,habit_test_01969,007322_01,007322,S8940,early,counterfactual,S8975,100 cm Hotel Towel,mismatched,images/test_image_01969.jpg,mismatched,0.010000000000000009,not_ready,0.010000000000000009
qwen3vl_8b,habit_cfx_0397,habit_test_01970,007322_01,007322,S8940,ready,counterfactual,S6759,Power Cable,mismatched,images/test_image_01970.jpg,mismatched,0.010000000000000009,not_ready,0.010000000000000009
qwen3vl_8b,habit_cfx_0398,habit_test_01970,007322_01,007322,S8940,ready,counterfactual,S7414,Paper to-go box,mismatched,images/test_image_01970.jpg,matched,0.975,ready,0.95
qwen3vl_8b,habit_cfx_0399,habit_test_01970,007322_01,007322,S8940,ready,counterfactual,S7788,iced cup,mismatched,images/test_image_01970.jpg,mismatched,0.025000000000000022,not_ready,0.025000000000000022
qwen3vl_8b,habit_cfx_0400,habit_test_01970,007322_01,007322,S8940,ready,counterfactual,S8975,100 cm Hotel Towel,mismatched,images/test_image_01970.jpg,mismatched,0.025000000000000022,not_ready,0.025000000000000022
qwen3vl_8b,habit_cfx_0401,habit_test_01715,005687_01,005687,S8975,early,counterfactual,S6759,Power Cable,mismatched,images/test_image_01715.jpg,mismatched,0.025000000000000022,not_ready,0.025000000000000022
qwen3vl_8b,habit_cfx_0402,habit_test_01715,005687_01,005687,S8975,early,counterfactual,S7025,Organizing box,mismatched,images/test_image_01715.jpg,matched,0.975,not_ready,0.04999999999999999
qwen3vl_8b,habit_cfx_0403,habit_test_01715,005687_01,005687,S8975,early,counterfactual,S7414,Paper to-go box,mismatched,images/test_image_01715.jpg,mismatched,0.025000000000000022,not_ready,0.025000000000000022
qwen3vl_8b,habit_cfx_0404,habit_test_01715,005687_01,005687,S8975,early,counterfactual,S8940,Airtight Container lid,mismatched,images/test_image_01715.jpg,mismatched,0.025000000000000022,not_ready,0.025000000000000022
qwen3vl_8b,habit_cfx_0405,habit_test_01716,005687_01,005687,S8975,ready,counterfactual,S6759,Power Cable,mismatched,images/test_image_01716.jpg,mismatched,0.025000000000000022,not_ready,0.025000000000000022
qwen3vl_8b,habit_cfx_0406,habit_test_01716,005687_01,005687,S8975,ready,counterfactual,S7025,Organizing box,mismatched,images/test_image_01716.jpg,matched,0.975,not_ready,0.04999999999999999
qwen3vl_8b,habit_cfx_0407,habit_test_01716,005687_01,005687,S8975,ready,counterfactual,S7414,Paper to-go box,mismatched,images/test_image_01716.jpg,mismatched,0.025000000000000022,not_ready,0.025000000000000022
qwen3vl_8b,habit_cfx_0408,habit_test_01716,005687_01,005687,S8975,ready,counterfactual,S8940,Airtight Container lid,mismatched,images/test_image_01716.jpg,mismatched,0.025000000000000022,not_ready,0.025000000000000022
qwen3vl_8b,habit_cfx_0409,habit_test_01717,005688_01,005688,S8975,early,counterfactual,S6759,Power Cable,mismatched,images/test_image_01717.jpg,mismatched,0.025000000000000022,not_ready,0.025000000000000022
qwen3vl_8b,habit_cfx_0410,habit_test_01717,005688_01,005688,S8975,early,counterfactual,S7025,Organizing box,mismatched,images/test_image_01717.jpg,matched,0.975,not_ready,0.04999999999999999
qwen3vl_8b,habit_cfx_0411,habit_test_01717,005688_01,005688,S8975,early,counterfactual,S7414,Paper to-go box,mismatched,images/test_image_01717.jpg,mismatched,0.025000000000000022,not_ready,0.025000000000000022
qwen3vl_8b,habit_cfx_0412,habit_test_01717,005688_01,005688,S8975,early,counterfactual,S8940,Airtight Container lid,mismatched,images/test_image_01717.jpg,mismatched,0.025000000000000022,not_ready,0.025000000000000022
qwen3vl_8b,habit_cfx_0413,habit_test_01718,005688_01,005688,S8975,ready,counterfactual,S6759,Power Cable,mismatched,images/test_image_01718.jpg,mismatched,0.025000000000000022,not_ready,0.025000000000000022
qwen3vl_8b,habit_cfx_0414,habit_test_01718,005688_01,005688,S8975,ready,counterfactual,S7025,Organizing box,mismatched,images/test_image_01718.jpg,matched,0.975,not_ready,0.04999999999999999
qwen3vl_8b,habit_cfx_0415,habit_test_01718,005688_01,005688,S8975,ready,counterfactual,S7414,Paper to-go box,mismatched,images/test_image_01718.jpg,mismatched,0.025000000000000022,not_ready,0.025000000000000022
qwen3vl_8b,habit_cfx_0416,habit_test_01718,005688_01,005688,S8975,ready,counterfactual,S8940,Airtight Container lid,mismatched,images/test_image_01718.jpg,mismatched,0.025000000000000022,not_ready,0.025000000000000022
qwen3vl_8b,habit_cfx_0417,habit_test_01719,005691_01,005691,S8975,early,counterfactual,S6759,Power Cable,mismatched,images/test_image_01719.jpg,mismatched,0.025000000000000022,not_ready,0.025000000000000022
qwen3vl_8b,habit_cfx_0418,habit_test_01719,005691_01,005691,S8975,early,counterfactual,S7025,Organizing box,mismatched,images/test_image_01719.jpg,matched,0.975,ready,0.95
qwen3vl_8b,habit_cfx_0419,habit_test_01719,005691_01,005691,S8975,early,counterfactual,S7414,Paper to-go box,mismatched,images/test_image_01719.jpg,mismatched,0.025000000000000022,not_ready,0.025000000000000022
qwen3vl_8b,habit_cfx_0420,habit_test_01719,005691_01,005691,S8975,early,counterfactual,S8940,Airtight Container lid,mismatched,images/test_image_01719.jpg,mismatched,0.010000000000000009,not_ready,0.010000000000000009
qwen3vl_8b,habit_cfx_0421,habit_test_01720,005691_01,005691,S8975,ready,counterfactual,S6759,Power Cable,mismatched,images/test_image_01720.jpg,mismatched,0.025000000000000022,not_ready,0.025000000000000022
qwen3vl_8b,habit_cfx_0422,habit_test_01720,005691_01,005691,S8975,ready,counterfactual,S7025,Organizing box,mismatched,images/test_image_01720.jpg,matched,0.975,not_ready,0.04999999999999999
qwen3vl_8b,habit_cfx_0423,habit_test_01720,005691_01,005691,S8975,ready,counterfactual,S7414,Paper to-go box,mismatched,images/test_image_01720.jpg,mismatched,0.025000000000000022,not_ready,0.025000000000000022
qwen3vl_8b,habit_cfx_0424,habit_test_01720,005691_01,005691,S8975,ready,counterfactual,S8940,Airtight Container lid,mismatched,images/test_image_01720.jpg,mismatched,0.025000000000000022,not_ready,0.025000000000000022
qwen3vl_8b,habit_cfx_0425,habit_test_01721,005692_01,005692,S8975,early,counterfactual,S6759,Power Cable,mismatched,images/test_image_01721.jpg,mismatched,0.025000000000000022,not_ready,0.025000000000000022
qwen3vl_8b,habit_cfx_0426,habit_test_01721,005692_01,005692,S8975,early,counterfactual,S7025,Organizing box,mismatched,images/test_image_01721.jpg,matched,0.975,not_ready,0.04999999999999999
qwen3vl_8b,habit_cfx_0427,habit_test_01721,005692_01,005692,S8975,early,counterfactual,S7414,Paper to-go box,mismatched,images/test_image_01721.jpg,mismatched,0.025000000000000022,not_ready,0.025000000000000022
qwen3vl_8b,habit_cfx_0428,habit_test_01721,005692_01,005692,S8975,early,counterfactual,S8940,Airtight Container lid,mismatched,images/test_image_01721.jpg,mismatched,0.025000000000000022,not_ready,0.025000000000000022
qwen3vl_8b,habit_cfx_0429,habit_test_01722,005692_01,005692,S8975,ready,counterfactual,S6759,Power Cable,mismatched,images/test_image_01722.jpg,mismatched,0.025000000000000022,not_ready,0.025000000000000022
qwen3vl_8b,habit_cfx_0430,habit_test_01722,005692_01,005692,S8975,ready,counterfactual,S7025,Organizing box,mismatched,images/test_image_01722.jpg,mismatched,0.025000000000000022,not_ready,0.025000000000000022
qwen3vl_8b,habit_cfx_0431,habit_test_01722,005692_01,005692,S8975,ready,counterfactual,S7414,Paper to-go box,mismatched,images/test_image_01722.jpg,mismatched,0.025000000000000022,not_ready,0.025000000000000022
qwen3vl_8b,habit_cfx_0432,habit_test_01722,005692_01,005692,S8975,ready,counterfactual,S8940,Airtight Container lid,mismatched,images/test_image_01722.jpg,mismatched,0.025000000000000022,not_ready,0.025000000000000022
qwen3vl_8b,habit_cfx_0433,habit_test_01723,005693_01,005693,S8975,early,counterfactual,S6759,Power Cable,mismatched,images/test_image_01723.jpg,mismatched,0.025000000000000022,not_ready,0.025000000000000022
qwen3vl_8b,habit_cfx_0434,habit_test_01723,005693_01,005693,S8975,early,counterfactual,S7025,Organizing box,mismatched,images/test_image_01723.jpg,matched,0.975,not_ready,0.04999999999999999
qwen3vl_8b,habit_cfx_0435,habit_test_01723,005693_01,005693,S8975,early,counterfactual,S7414,Paper to-go box,mismatched,images/test_image_01723.jpg,mismatched,0.025000000000000022,not_ready,0.025000000000000022
qwen3vl_8b,habit_cfx_0436,habit_test_01723,005693_01,005693,S8975,early,counterfactual,S8940,Airtight Container lid,mismatched,images/test_image_01723.jpg,mismatched,0.025000000000000022,not_ready,0.025000000000000022
qwen3vl_8b,habit_cfx_0437,habit_test_01724,005693_01,005693,S8975,ready,counterfactual,S6759,Power Cable,mismatched,images/test_image_01724.jpg,mismatched,0.025000000000000022,not_ready,0.025000000000000022
qwen3vl_8b,habit_cfx_0438,habit_test_01724,005693_01,005693,S8975,ready,counterfactual,S7025,Organizing box,mismatched,images/test_image_01724.jpg,mismatched,0.025000000000000022,not_ready,0.025000000000000022
qwen3vl_8b,habit_cfx_0439,habit_test_01724,005693_01,005693,S8975,ready,counterfactual,S7414,Paper to-go box,mismatched,images/test_image_01724.jpg,mismatched,0.025000000000000022,not_ready,0.025000000000000022
qwen3vl_8b,habit_cfx_0440,habit_test_01724,005693_01,005693,S8975,ready,counterfactual,S8940,Airtight Container lid,mismatched,images/test_image_01724.jpg,mismatched,0.025000000000000022,not_ready,0.025000000000000022
qwen3vl_8b,habit_cfx_0441,habit_test_01725,005694_01,005694,S8975,early,counterfactual,S6759,Power Cable,mismatched,images/test_image_01725.jpg,mismatched,0.025000000000000022,not_ready,0.025000000000000022
qwen3vl_8b,habit_cfx_0442,habit_test_01725,005694_01,005694,S8975,early,counterfactual,S7025,Organizing box,mismatched,images/test_image_01725.jpg,mismatched,0.025000000000000022,not_ready,0.025000000000000022
qwen3vl_8b,habit_cfx_0443,habit_test_01725,005694_01,005694,S8975,early,counterfactual,S7414,Paper to-go box,mismatched,images/test_image_01725.jpg,mismatched,0.010000000000000009,not_ready,0.010000000000000009
qwen3vl_8b,habit_cfx_0444,habit_test_01725,005694_01,005694,S8975,early,counterfactual,S8940,Airtight Container lid,mismatched,images/test_image_01725.jpg,mismatched,0.010000000000000009,not_ready,0.010000000000000009
qwen3vl_8b,habit_cfx_0445,habit_test_01726,005694_01,005694,S8975,ready,counterfactual,S6759,Power Cable,mismatched,images/test_image_01726.jpg,mismatched,0.025000000000000022,not_ready,0.025000000000000022
qwen3vl_8b,habit_cfx_0446,habit_test_01726,005694_01,005694,S8975,ready,counterfactual,S7025,Organizing box,mismatched,images/test_image_01726.jpg,matched,0.975,not_ready,0.04999999999999999
qwen3vl_8b,habit_cfx_0447,habit_test_01726,005694_01,005694,S8975,ready,counterfactual,S7414,Paper to-go box,mismatched,images/test_image_01726.jpg,mismatched,0.025000000000000022,not_ready,0.025000000000000022
qwen3vl_8b,habit_cfx_0448,habit_test_01726,005694_01,005694,S8975,ready,counterfactual,S8940,Airtight Container lid,mismatched,images/test_image_01726.jpg,mismatched,0.025000000000000022,not_ready,0.025000000000000022
qwen3vl_8b,habit_cfx_0449,habit_test_01727,005695_01,005695,S8975,early,counterfactual,S6759,Power Cable,mismatched,images/test_image_01727.jpg,mismatched,0.025000000000000022,not_ready,0.025000000000000022
qwen3vl_8b,habit_cfx_0450,habit_test_01727,005695_01,005695,S8975,early,counterfactual,S7025,Organizing box,mismatched,images/test_image_01727.jpg,mismatched,0.025000000000000022,not_ready,0.025000000000000022
qwen3vl_8b,habit_cfx_0451,habit_test_01727,005695_01,005695,S8975,early,counterfactual,S7414,Paper to-go box,mismatched,images/test_image_01727.jpg,mismatched,0.025000000000000022,not_ready,0.025000000000000022
qwen3vl_8b,habit_cfx_0452,habit_test_01727,005695_01,005695,S8975,early,counterfactual,S8940,Airtight Container lid,mismatched,images/test_image_01727.jpg,mismatched,0.025000000000000022,not_ready,0.025000000000000022
qwen3vl_8b,habit_cfx_0453,habit_test_01728,005695_01,005695,S8975,ready,counterfactual,S6759,Power Cable,mismatched,images/test_image_01728.jpg,mismatched,0.025000000000000022,not_ready,0.025000000000000022
qwen3vl_8b,habit_cfx_0454,habit_test_01728,005695_01,005695,S8975,ready,counterfactual,S7025,Organizing box,mismatched,images/test_image_01728.jpg,matched,0.975,not_ready,0.04999999999999999
qwen3vl_8b,habit_cfx_0455,habit_test_01728,005695_01,005695,S8975,ready,counterfactual,S7414,Paper to-go box,mismatched,images/test_image_01728.jpg,mismatched,0.025000000000000022,not_ready,0.025000000000000022
qwen3vl_8b,habit_cfx_0456,habit_test_01728,005695_01,005695,S8975,ready,counterfactual,S8940,Airtight Container lid,mismatched,images/test_image_01728.jpg,mismatched,0.025000000000000022,not_ready,0.025000000000000022
qwen3vl_8b,habit_cfx_0457,habit_test_01729,005696_01,005696,S8975,early,counterfactual,S6759,Power Cable,mismatched,images/test_image_01729.jpg,mismatched,0.025000000000000022,not_ready,0.025000000000000022
qwen3vl_8b,habit_cfx_0458,habit_test_01729,005696_01,005696,S8975,early,counterfactual,S7025,Organizing box,mismatched,images/test_image_01729.jpg,mismatched,0.025000000000000022,not_ready,0.025000000000000022
qwen3vl_8b,habit_cfx_0459,habit_test_01729,005696_01,005696,S8975,early,counterfactual,S7414,Paper to-go box,mismatched,images/test_image_01729.jpg,mismatched,0.010000000000000009,not_ready,0.010000000000000009
qwen3vl_8b,habit_cfx_0460,habit_test_01729,005696_01,005696,S8975,early,counterfactual,S8940,Airtight Container lid,mismatched,images/test_image_01729.jpg,mismatched,0.010000000000000009,not_ready,0.010000000000000009
qwen3vl_8b,habit_cfx_0461,habit_test_01730,005696_01,005696,S8975,ready,counterfactual,S6759,Power Cable,mismatched,images/test_image_01730.jpg,mismatched,0.025000000000000022,not_ready,0.025000000000000022
qwen3vl_8b,habit_cfx_0462,habit_test_01730,005696_01,005696,S8975,ready,counterfactual,S7025,Organizing box,mismatched,images/test_image_01730.jpg,matched,0.975,not_ready,0.04999999999999999
qwen3vl_8b,habit_cfx_0463,habit_test_01730,005696_01,005696,S8975,ready,counterfactual,S7414,Paper to-go box,mismatched,images/test_image_01730.jpg,mismatched,0.025000000000000022,not_ready,0.025000000000000022
qwen3vl_8b,habit_cfx_0464,habit_test_01730,005696_01,005696,S8975,ready,counterfactual,S8940,Airtight Container lid,mismatched,images/test_image_01730.jpg,mismatched,0.025000000000000022,not_ready,0.025000000000000022
qwen3vl_8b,habit_cfx_0465,habit_test_01731,005697_01,005697,S8975,early,counterfactual,S6759,Power Cable,mismatched,images/test_image_01731.jpg,mismatched,0.025000000000000022,not_ready,0.025000000000000022
qwen3vl_8b,habit_cfx_0466,habit_test_01731,005697_01,005697,S8975,early,counterfactual,S7025,Organizing box,mismatched,images/test_image_01731.jpg,mismatched,0.025000000000000022,not_ready,0.025000000000000022
qwen3vl_8b,habit_cfx_0467,habit_test_01731,005697_01,005697,S8975,early,counterfactual,S7414,Paper to-go box,mismatched,images/test_image_01731.jpg,mismatched,0.025000000000000022,not_ready,0.025000000000000022
qwen3vl_8b,habit_cfx_0468,habit_test_01731,005697_01,005697,S8975,early,counterfactual,S8940,Airtight Container lid,mismatched,images/test_image_01731.jpg,mismatched,0.025000000000000022,not_ready,0.025000000000000022
qwen3vl_8b,habit_cfx_0469,habit_test_01732,005697_01,005697,S8975,ready,counterfactual,S6759,Power Cable,mismatched,images/test_image_01732.jpg,mismatched,0.025000000000000022,not_ready,0.025000000000000022
qwen3vl_8b,habit_cfx_0470,habit_test_01732,005697_01,005697,S8975,ready,counterfactual,S7025,Organizing box,mismatched,images/test_image_01732.jpg,matched,0.975,ready,0.95
qwen3vl_8b,habit_cfx_0471,habit_test_01732,005697_01,005697,S8975,ready,counterfactual,S7414,Paper to-go box,mismatched,images/test_image_01732.jpg,mismatched,0.025000000000000022,not_ready,0.025000000000000022
qwen3vl_8b,habit_cfx_0472,habit_test_01732,005697_01,005697,S8975,ready,counterfactual,S8940,Airtight Container lid,mismatched,images/test_image_01732.jpg,mismatched,0.025000000000000022,not_ready,0.025000000000000022
qwen3vl_8b,habit_cfx_0473,habit_test_01733,005698_01,005698,S8975,early,counterfactual,S6759,Power Cable,mismatched,images/test_image_01733.jpg,mismatched,0.025000000000000022,not_ready,0.025000000000000022
qwen3vl_8b,habit_cfx_0474,habit_test_01733,005698_01,005698,S8975,early,counterfactual,S7025,Organizing box,mismatched,images/test_image_01733.jpg,mismatched,0.025000000000000022,not_ready,0.025000000000000022
qwen3vl_8b,habit_cfx_0475,habit_test_01733,005698_01,005698,S8975,early,counterfactual,S7414,Paper to-go box,mismatched,images/test_image_01733.jpg,mismatched,0.010000000000000009,not_ready,0.010000000000000009
qwen3vl_8b,habit_cfx_0476,habit_test_01733,005698_01,005698,S8975,early,counterfactual,S8940,Airtight Container lid,mismatched,images/test_image_01733.jpg,mismatched,0.010000000000000009,not_ready,0.010000000000000009
qwen3vl_8b,habit_cfx_0477,habit_test_01734,005698_01,005698,S8975,ready,counterfactual,S6759,Power Cable,mismatched,images/test_image_01734.jpg,mismatched,0.025000000000000022,not_ready,0.025000000000000022
qwen3vl_8b,habit_cfx_0478,habit_test_01734,005698_01,005698,S8975,ready,counterfactual,S7025,Organizing box,mismatched,images/test_image_01734.jpg,matched,0.975,ready,0.95
qwen3vl_8b,habit_cfx_0479,habit_test_01734,005698_01,005698,S8975,ready,counterfactual,S7414,Paper to-go box,mismatched,images/test_image_01734.jpg,mismatched,0.025000000000000022,not_ready,0.025000000000000022
qwen3vl_8b,habit_cfx_0480,habit_test_01734,005698_01,005698,S8975,ready,counterfactual,S8940,Airtight Container lid,mismatched,images/test_image_01734.jpg,mismatched,0.025000000000000022,not_ready,0.025000000000000022
qwen3vl_32b,habit_cf_0001,habit_test_01529,004948_01,004948,S6759,early,factual,S6759,Power Cable,matched,images/test_image_01529.jpg,matched,0.975,ready,0.95
qwen3vl_32b,habit_cf_0002,habit_test_01529,004948_01,004948,S6759,early,counterfactual,S7414,Paper to-go box,mismatched,images/test_image_01529.jpg,mismatched,0.025000000000000022,not_ready,0.025000000000000022
qwen3vl_32b,habit_cf_0003,habit_test_01530,004948_01,004948,S6759,ready,factual,S6759,Power Cable,matched,images/test_image_01530.jpg,mismatched,0.04999999999999999,not_ready,0.09999999999999998
qwen3vl_32b,habit_cf_0004,habit_test_01530,004948_01,004948,S6759,ready,counterfactual,S7414,Paper to-go box,mismatched,images/test_image_01530.jpg,mismatched,0.025000000000000022,not_ready,0.025000000000000022
qwen3vl_32b,habit_cf_0005,habit_test_01531,004949_01,004949,S6759,early,factual,S6759,Power Cable,matched,images/test_image_01531.jpg,matched,0.975,not_ready,0.07500000000000001
qwen3vl_32b,habit_cf_0006,habit_test_01531,004949_01,004949,S6759,early,counterfactual,S7414,Paper to-go box,mismatched,images/test_image_01531.jpg,uncertain,0.5,uncertain,0.5
qwen3vl_32b,habit_cf_0007,habit_test_01532,004949_01,004949,S6759,ready,factual,S6759,Power Cable,matched,images/test_image_01532.jpg,matched,0.975,ready,0.95
qwen3vl_32b,habit_cf_0008,habit_test_01532,004949_01,004949,S6759,ready,counterfactual,S7414,Paper to-go box,mismatched,images/test_image_01532.jpg,mismatched,0.025000000000000022,not_ready,0.025000000000000022
qwen3vl_32b,habit_cf_0009,habit_test_01533,004951_01,004951,S6759,early,factual,S6759,Power Cable,matched,images/test_image_01533.jpg,matched,0.975,not_ready,0.025000000000000022
qwen3vl_32b,habit_cf_0010,habit_test_01533,004951_01,004951,S6759,early,counterfactual,S7414,Paper to-go box,mismatched,images/test_image_01533.jpg,mismatched,0.025000000000000022,not_ready,0.025000000000000022
qwen3vl_32b,habit_cf_0011,habit_test_01534,004951_01,004951,S6759,ready,factual,S6759,Power Cable,matched,images/test_image_01534.jpg,matched,0.975,ready,0.95
qwen3vl_32b,habit_cf_0012,habit_test_01534,004951_01,004951,S6759,ready,counterfactual,S7414,Paper to-go box,mismatched,images/test_image_01534.jpg,mismatched,0.025000000000000022,not_ready,0.025000000000000022
qwen3vl_32b,habit_cf_0013,habit_test_01535,004952_01,004952,S6759,early,factual,S6759,Power Cable,matched,images/test_image_01535.jpg,matched,0.975,ready,0.95
qwen3vl_32b,habit_cf_0014,habit_test_01535,004952_01,004952,S6759,early,counterfactual,S7414,Paper to-go box,mismatched,images/test_image_01535.jpg,mismatched,0.025000000000000022,not_ready,0.025000000000000022
qwen3vl_32b,habit_cf_0015,habit_test_01536,004952_01,004952,S6759,ready,factual,S6759,Power Cable,matched,images/test_image_01536.jpg,matched,0.95,ready,0.95
qwen3vl_32b,habit_cf_0016,habit_test_01536,004952_01,004952,S6759,ready,counterfactual,S7414,Paper to-go box,mismatched,images/test_image_01536.jpg,mismatched,0.025000000000000022,not_ready,0.025000000000000022
qwen3vl_32b,habit_cf_0017,habit_test_01537,004953_01,004953,S6759,early,factual,S6759,Power Cable,matched,images/test_image_01537.jpg,matched,0.975,not_ready,0.07500000000000001
qwen3vl_32b,habit_cf_0018,habit_test_01537,004953_01,004953,S6759,early,counterfactual,S7414,Paper to-go box,mismatched,images/test_image_01537.jpg,mismatched,0.025000000000000022,not_ready,0.025000000000000022
qwen3vl_32b,habit_cf_0019,habit_test_01538,004953_01,004953,S6759,ready,factual,S6759,Power Cable,matched,images/test_image_01538.jpg,matched,0.975,ready,0.95
qwen3vl_32b,habit_cf_0020,habit_test_01538,004953_01,004953,S6759,ready,counterfactual,S7414,Paper to-go box,mismatched,images/test_image_01538.jpg,mismatched,0.025000000000000022,not_ready,0.025000000000000022
qwen3vl_32b,habit_cf_0021,habit_test_01539,004954_01,004954,S6759,early,factual,S6759,Power Cable,matched,images/test_image_01539.jpg,matched,1.0,not_ready,0.0
qwen3vl_32b,habit_cf_0022,habit_test_01539,004954_01,004954,S6759,early,counterfactual,S7414,Paper to-go box,mismatched,images/test_image_01539.jpg,mismatched,0.025000000000000022,not_ready,0.025000000000000022
qwen3vl_32b,habit_cf_0023,habit_test_01540,004954_01,004954,S6759,ready,factual,S6759,Power Cable,matched,images/test_image_01540.jpg,matched,0.975,ready,0.95
qwen3vl_32b,habit_cf_0024,habit_test_01540,004954_01,004954,S6759,ready,counterfactual,S7414,Paper to-go box,mismatched,images/test_image_01540.jpg,mismatched,0.025000000000000022,not_ready,0.025000000000000022
qwen3vl_32b,habit_cf_0025,habit_test_01541,004956_01,004956,S6759,early,factual,S6759,Power Cable,matched,images/test_image_01541.jpg,matched,1.0,not_ready,0.0
qwen3vl_32b,habit_cf_0026,habit_test_01541,004956_01,004956,S6759,early,counterfactual,S7414,Paper to-go box,mismatched,images/test_image_01541.jpg,mismatched,0.025000000000000022,not_ready,0.025000000000000022
qwen3vl_32b,habit_cf_0027,habit_test_01542,004956_01,004956,S6759,ready,factual,S6759,Power Cable,matched,images/test_image_01542.jpg,mismatched,0.025000000000000022,not_ready,0.025000000000000022
qwen3vl_32b,habit_cf_0028,habit_test_01542,004956_01,004956,S6759,ready,counterfactual,S7414,Paper to-go box,mismatched,images/test_image_01542.jpg,mismatched,0.025000000000000022,not_ready,0.025000000000000022
qwen3vl_32b,habit_cf_0029,habit_test_01543,004957_01,004957,S6759,early,factual,S6759,Power Cable,matched,images/test_image_01543.jpg,matched,0.975,not_ready,0.07500000000000001
qwen3vl_32b,habit_cf_0030,habit_test_01543,004957_01,004957,S6759,early,counterfactual,S7414,Paper to-go box,mismatched,images/test_image_01543.jpg,mismatched,0.025000000000000022,not_ready,0.025000000000000022
qwen3vl_32b,habit_cf_0031,habit_test_01544,004957_01,004957,S6759,ready,factual,S6759,Power Cable,matched,images/test_image_01544.jpg,matched,0.975,ready,0.95
qwen3vl_32b,habit_cf_0032,habit_test_01544,004957_01,004957,S6759,ready,counterfactual,S7414,Paper to-go box,mismatched,images/test_image_01544.jpg,mismatched,0.025000000000000022,not_ready,0.025000000000000022
qwen3vl_32b,habit_cf_0033,habit_test_01545,004958_01,004958,S6759,early,factual,S6759,Power Cable,matched,images/test_image_01545.jpg,matched,0.975,not_ready,0.025000000000000022
qwen3vl_32b,habit_cf_0034,habit_test_01545,004958_01,004958,S6759,early,counterfactual,S7414,Paper to-go box,mismatched,images/test_image_01545.jpg,mismatched,0.025000000000000022,not_ready,0.025000000000000022
qwen3vl_32b,habit_cf_0035,habit_test_01546,004958_01,004958,S6759,ready,factual,S6759,Power Cable,matched,images/test_image_01546.jpg,mismatched,0.04999999999999999,not_ready,0.04999999999999999
qwen3vl_32b,habit_cf_0036,habit_test_01546,004958_01,004958,S6759,ready,counterfactual,S7414,Paper to-go box,mismatched,images/test_image_01546.jpg,mismatched,0.025000000000000022,not_ready,0.025000000000000022
qwen3vl_32b,habit_cf_0037,habit_test_01547,004959_01,004959,S6759,early,factual,S6759,Power Cable,matched,images/test_image_01547.jpg,matched,1.0,not_ready,0.0
qwen3vl_32b,habit_cf_0038,habit_test_01547,004959_01,004959,S6759,early,counterfactual,S7414,Paper to-go box,mismatched,images/test_image_01547.jpg,mismatched,0.025000000000000022,not_ready,0.025000000000000022
qwen3vl_32b,habit_cf_0039,habit_test_01548,004959_01,004959,S6759,ready,factual,S6759,Power Cable,matched,images/test_image_01548.jpg,matched,0.95,ready,0.95
qwen3vl_32b,habit_cf_0040,habit_test_01548,004959_01,004959,S6759,ready,counterfactual,S7414,Paper to-go box,mismatched,images/test_image_01548.jpg,mismatched,0.025000000000000022,not_ready,0.025000000000000022
qwen3vl_32b,habit_cf_0041,habit_test_00001,000124_01,000124,S7025,early,factual,S7025,Organizing box,matched,images/test_image_00001.jpg,matched,0.975,not_ready,0.04999999999999999
qwen3vl_32b,habit_cf_0042,habit_test_00001,000124_01,000124,S7025,early,counterfactual,S6759,Power Cable,mismatched,images/test_image_00001.jpg,mismatched,0.025000000000000022,not_ready,0.025000000000000022
qwen3vl_32b,habit_cf_0043,habit_test_00002,000124_01,000124,S7025,ready,factual,S7025,Organizing box,matched,images/test_image_00002.jpg,matched,1.0,ready,1.0
qwen3vl_32b,habit_cf_0044,habit_test_00002,000124_01,000124,S7025,ready,counterfactual,S6759,Power Cable,mismatched,images/test_image_00002.jpg,mismatched,0.025000000000000022,not_ready,0.025000000000000022
qwen3vl_32b,habit_cf_0045,habit_test_00005,000126_01,000126,S7025,early,factual,S7025,Organizing box,matched,images/test_image_00005.jpg,matched,0.975,not_ready,0.07500000000000001
qwen3vl_32b,habit_cf_0046,habit_test_00005,000126_01,000126,S7025,early,counterfactual,S6759,Power Cable,mismatched,images/test_image_00005.jpg,mismatched,0.025000000000000022,not_ready,0.025000000000000022
qwen3vl_32b,habit_cf_0047,habit_test_00006,000126_01,000126,S7025,ready,factual,S7025,Organizing box,matched,images/test_image_00006.jpg,matched,1.0,ready,1.0
qwen3vl_32b,habit_cf_0048,habit_test_00006,000126_01,000126,S7025,ready,counterfactual,S6759,Power Cable,mismatched,images/test_image_00006.jpg,mismatched,0.025000000000000022,not_ready,0.025000000000000022
qwen3vl_32b,habit_cf_0049,habit_test_00009,000128_01,000128,S7025,early,factual,S7025,Organizing box,matched,images/test_image_00009.jpg,matched,0.975,not_ready,0.04999999999999999
qwen3vl_32b,habit_cf_0050,habit_test_00009,000128_01,000128,S7025,early,counterfactual,S6759,Power Cable,mismatched,images/test_image_00009.jpg,mismatched,0.025000000000000022,not_ready,0.025000000000000022
qwen3vl_32b,habit_cf_0051,habit_test_00010,000128_01,000128,S7025,ready,factual,S7025,Organizing box,matched,images/test_image_00010.jpg,matched,1.0,ready,1.0
qwen3vl_32b,habit_cf_0052,habit_test_00010,000128_01,000128,S7025,ready,counterfactual,S6759,Power Cable,mismatched,images/test_image_00010.jpg,mismatched,0.025000000000000022,not_ready,0.025000000000000022
qwen3vl_32b,habit_cf_0053,habit_test_00013,000129_01,000129,S7025,early,factual,S7025,Organizing box,matched,images/test_image_00013.jpg,matched,0.975,not_ready,0.07500000000000001
qwen3vl_32b,habit_cf_0054,habit_test_00013,000129_01,000129,S7025,early,counterfactual,S6759,Power Cable,mismatched,images/test_image_00013.jpg,mismatched,0.025000000000000022,not_ready,0.025000000000000022
qwen3vl_32b,habit_cf_0055,habit_test_00014,000129_01,000129,S7025,ready,factual,S7025,Organizing box,matched,images/test_image_00014.jpg,matched,1.0,ready,1.0
qwen3vl_32b,habit_cf_0056,habit_test_00014,000129_01,000129,S7025,ready,counterfactual,S6759,Power Cable,mismatched,images/test_image_00014.jpg,mismatched,0.025000000000000022,not_ready,0.025000000000000022
qwen3vl_32b,habit_cf_0057,habit_test_00017,000130_01,000130,S7025,early,factual,S7025,Organizing box,matched,images/test_image_00017.jpg,matched,0.975,not_ready,0.07500000000000001
qwen3vl_32b,habit_cf_0058,habit_test_00017,000130_01,000130,S7025,early,counterfactual,S6759,Power Cable,mismatched,images/test_image_00017.jpg,mismatched,0.025000000000000022,not_ready,0.025000000000000022
qwen3vl_32b,habit_cf_0059,habit_test_00018,000130_01,000130,S7025,ready,factual,S7025,Organizing box,matched,images/test_image_00018.jpg,matched,1.0,ready,1.0
qwen3vl_32b,habit_cf_0060,habit_test_00018,000130_01,000130,S7025,ready,counterfactual,S6759,Power Cable,mismatched,images/test_image_00018.jpg,mismatched,0.025000000000000022,not_ready,0.025000000000000022
qwen3vl_32b,habit_cf_0061,habit_test_00021,000131_01,000131,S7025,early,factual,S7025,Organizing box,matched,images/test_image_00021.jpg,matched,0.975,not_ready,0.04999999999999999
qwen3vl_32b,habit_cf_0062,habit_test_00021,000131_01,000131,S7025,early,counterfactual,S6759,Power Cable,mismatched,images/test_image_00021.jpg,mismatched,0.025000000000000022,not_ready,0.025000000000000022
qwen3vl_32b,habit_cf_0063,habit_test_00022,000131_01,000131,S7025,ready,factual,S7025,Organizing box,matched,images/test_image_00022.jpg,matched,1.0,ready,1.0
qwen3vl_32b,habit_cf_0064,habit_test_00022,000131_01,000131,S7025,ready,counterfactual,S6759,Power Cable,mismatched,images/test_image_00022.jpg,mismatched,0.025000000000000022,not_ready,0.025000000000000022
qwen3vl_32b,habit_cf_0065,habit_test_00025,000132_01,000132,S7025,early,factual,S7025,Organizing box,matched,images/test_image_00025.jpg,matched,0.975,not_ready,0.04999999999999999
qwen3vl_32b,habit_cf_0066,habit_test_00025,000132_01,000132,S7025,early,counterfactual,S6759,Power Cable,mismatched,images/test_image_00025.jpg,mismatched,0.025000000000000022,not_ready,0.025000000000000022
qwen3vl_32b,habit_cf_0067,habit_test_00026,000132_01,000132,S7025,ready,factual,S7025,Organizing box,matched,images/test_image_00026.jpg,matched,1.0,ready,1.0
qwen3vl_32b,habit_cf_0068,habit_test_00026,000132_01,000132,S7025,ready,counterfactual,S6759,Power Cable,mismatched,images/test_image_00026.jpg,mismatched,0.04999999999999999,not_ready,0.04999999999999999
qwen3vl_32b,habit_cf_0069,habit_test_00029,000133_01,000133,S7025,early,factual,S7025,Organizing box,matched,images/test_image_00029.jpg,matched,0.975,not_ready,0.07500000000000001
qwen3vl_32b,habit_cf_0070,habit_test_00029,000133_01,000133,S7025,early,counterfactual,S6759,Power Cable,mismatched,images/test_image_00029.jpg,mismatched,0.025000000000000022,not_ready,0.025000000000000022
qwen3vl_32b,habit_cf_0071,habit_test_00030,000133_01,000133,S7025,ready,factual,S7025,Organizing box,matched,images/test_image_00030.jpg,matched,1.0,ready,1.0
qwen3vl_32b,habit_cf_0072,habit_test_00030,000133_01,000133,S7025,ready,counterfactual,S6759,Power Cable,mismatched,images/test_image_00030.jpg,mismatched,0.025000000000000022,not_ready,0.025000000000000022
qwen3vl_32b,habit_cf_0073,habit_test_00033,000135_01,000135,S7025,early,factual,S7025,Organizing box,matched,images/test_image_00033.jpg,matched,0.975,not_ready,0.07500000000000001
qwen3vl_32b,habit_cf_0074,habit_test_00033,000135_01,000135,S7025,early,counterfactual,S6759,Power Cable,mismatched,images/test_image_00033.jpg,mismatched,0.025000000000000022,not_ready,0.025000000000000022
qwen3vl_32b,habit_cf_0075,habit_test_00034,000135_01,000135,S7025,ready,factual,S7025,Organizing box,matched,images/test_image_00034.jpg,matched,1.0,ready,1.0
qwen3vl_32b,habit_cf_0076,habit_test_00034,000135_01,000135,S7025,ready,counterfactual,S6759,Power Cable,mismatched,images/test_image_00034.jpg,mismatched,0.025000000000000022,not_ready,0.025000000000000022
qwen3vl_32b,habit_cf_0077,habit_test_00037,000137_01,000137,S7025,early,factual,S7025,Organizing box,matched,images/test_image_00037.jpg,matched,0.975,not_ready,0.04999999999999999
qwen3vl_32b,habit_cf_0078,habit_test_00037,000137_01,000137,S7025,early,counterfactual,S6759,Power Cable,mismatched,images/test_image_00037.jpg,mismatched,0.025000000000000022,not_ready,0.025000000000000022
qwen3vl_32b,habit_cf_0079,habit_test_00038,000137_01,000137,S7025,ready,factual,S7025,Organizing box,matched,images/test_image_00038.jpg,matched,0.975,ready,0.95
qwen3vl_32b,habit_cf_0080,habit_test_00038,000137_01,000137,S7025,ready,counterfactual,S6759,Power Cable,mismatched,images/test_image_00038.jpg,mismatched,0.025000000000000022,not_ready,0.025000000000000022
qwen3vl_32b,habit_cf_0081,habit_test_00469,002888_01,002888,S7414,early,factual,S7414,Paper to-go box,matched,images/test_image_00469.jpg,mismatched,0.025000000000000022,not_ready,0.025000000000000022
qwen3vl_32b,habit_cf_0082,habit_test_00469,002888_01,002888,S7414,early,counterfactual,S8975,100 cm Hotel Towel,mismatched,images/test_image_00469.jpg,mismatched,0.025000000000000022,not_ready,0.025000000000000022
qwen3vl_32b,habit_cf_0083,habit_test_00470,002888_01,002888,S7414,ready,factual,S7414,Paper to-go box,matched,images/test_image_00470.jpg,matched,1.0,ready,1.0
qwen3vl_32b,habit_cf_0084,habit_test_00470,002888_01,002888,S7414,ready,counterfactual,S8975,100 cm Hotel Towel,mismatched,images/test_image_00470.jpg,mismatched,0.025000000000000022,not_ready,0.025000000000000022
qwen3vl_32b,habit_cf_0085,habit_test_00473,002889_01,002889,S7414,early,factual,S7414,Paper to-go box,matched,images/test_image_00473.jpg,mismatched,0.025000000000000022,not_ready,0.025000000000000022
qwen3vl_32b,habit_cf_0086,habit_test_00473,002889_01,002889,S7414,early,counterfactual,S8975,100 cm Hotel Towel,mismatched,images/test_image_00473.jpg,mismatched,0.025000000000000022,not_ready,0.025000000000000022
qwen3vl_32b,habit_cf_0087,habit_test_00474,002889_01,002889,S7414,ready,factual,S7414,Paper to-go box,matched,images/test_image_00474.jpg,matched,1.0,ready,1.0
qwen3vl_32b,habit_cf_0088,habit_test_00474,002889_01,002889,S7414,ready,counterfactual,S8975,100 cm Hotel Towel,mismatched,images/test_image_00474.jpg,mismatched,0.025000000000000022,not_ready,0.025000000000000022
qwen3vl_32b,habit_cf_0089,habit_test_00477,002890_01,002890,S7414,early,factual,S7414,Paper to-go box,matched,images/test_image_00477.jpg,mismatched,0.025000000000000022,not_ready,0.025000000000000022
qwen3vl_32b,habit_cf_0090,habit_test_00477,002890_01,002890,S7414,early,counterfactual,S8975,100 cm Hotel Towel,mismatched,images/test_image_00477.jpg,mismatched,0.025000000000000022,not_ready,0.025000000000000022
qwen3vl_32b,habit_cf_0091,habit_test_00478,002890_01,002890,S7414,ready,factual,S7414,Paper to-go box,matched,images/test_image_00478.jpg,matched,1.0,ready,1.0
qwen3vl_32b,habit_cf_0092,habit_test_00478,002890_01,002890,S7414,ready,counterfactual,S8975,100 cm Hotel Towel,mismatched,images/test_image_00478.jpg,mismatched,0.025000000000000022,not_ready,0.025000000000000022
qwen3vl_32b,habit_cf_0093,habit_test_00481,002891_01,002891,S7414,early,factual,S7414,Paper to-go box,matched,images/test_image_00481.jpg,mismatched,0.025000000000000022,not_ready,0.025000000000000022
qwen3vl_32b,habit_cf_0094,habit_test_00481,002891_01,002891,S7414,early,counterfactual,S8975,100 cm Hotel Towel,mismatched,images/test_image_00481.jpg,mismatched,0.025000000000000022,not_ready,0.025000000000000022
qwen3vl_32b,habit_cf_0095,habit_test_00482,002891_01,002891,S7414,ready,factual,S7414,Paper to-go box,matched,images/test_image_00482.jpg,matched,1.0,ready,1.0
qwen3vl_32b,habit_cf_0096,habit_test_00482,002891_01,002891,S7414,ready,counterfactual,S8975,100 cm Hotel Towel,mismatched,images/test_image_00482.jpg,mismatched,0.025000000000000022,not_ready,0.025000000000000022
qwen3vl_32b,habit_cf_0097,habit_test_00485,002892_01,002892,S7414,early,factual,S7414,Paper to-go box,matched,images/test_image_00485.jpg,mismatched,0.025000000000000022,not_ready,0.025000000000000022
qwen3vl_32b,habit_cf_0098,habit_test_00485,002892_01,002892,S7414,early,counterfactual,S8975,100 cm Hotel Towel,mismatched,images/test_image_00485.jpg,mismatched,0.025000000000000022,not_ready,0.025000000000000022
qwen3vl_32b,habit_cf_0099,habit_test_00486,002892_01,002892,S7414,ready,factual,S7414,Paper to-go box,matched,images/test_image_00486.jpg,matched,1.0,ready,1.0
qwen3vl_32b,habit_cf_0100,habit_test_00486,002892_01,002892,S7414,ready,counterfactual,S8975,100 cm Hotel Towel,mismatched,images/test_image_00486.jpg,mismatched,0.025000000000000022,not_ready,0.025000000000000022
qwen3vl_32b,habit_cf_0101,habit_test_00489,002894_01,002894,S7414,early,factual,S7414,Paper to-go box,matched,images/test_image_00489.jpg,mismatched,0.025000000000000022,not_ready,0.025000000000000022
qwen3vl_32b,habit_cf_0102,habit_test_00489,002894_01,002894,S7414,early,counterfactual,S8975,100 cm Hotel Towel,mismatched,images/test_image_00489.jpg,mismatched,0.025000000000000022,not_ready,0.025000000000000022
qwen3vl_32b,habit_cf_0103,habit_test_00490,002894_01,002894,S7414,ready,factual,S7414,Paper to-go box,matched,images/test_image_00490.jpg,matched,1.0,ready,1.0
qwen3vl_32b,habit_cf_0104,habit_test_00490,002894_01,002894,S7414,ready,counterfactual,S8975,100 cm Hotel Towel,mismatched,images/test_image_00490.jpg,mismatched,0.025000000000000022,not_ready,0.025000000000000022
qwen3vl_32b,habit_cf_0105,habit_test_00493,002895_01,002895,S7414,early,factual,S7414,Paper to-go box,matched,images/test_image_00493.jpg,mismatched,0.025000000000000022,not_ready,0.025000000000000022
qwen3vl_32b,habit_cf_0106,habit_test_00493,002895_01,002895,S7414,early,counterfactual,S8975,100 cm Hotel Towel,mismatched,images/test_image_00493.jpg,mismatched,0.025000000000000022,not_ready,0.025000000000000022
qwen3vl_32b,habit_cf_0107,habit_test_00494,002895_01,002895,S7414,ready,factual,S7414,Paper to-go box,matched,images/test_image_00494.jpg,matched,1.0,ready,1.0
qwen3vl_32b,habit_cf_0108,habit_test_00494,002895_01,002895,S7414,ready,counterfactual,S8975,100 cm Hotel Towel,mismatched,images/test_image_00494.jpg,mismatched,0.025000000000000022,not_ready,0.025000000000000022
qwen3vl_32b,habit_cf_0109,habit_test_00497,002896_01,002896,S7414,early,factual,S7414,Paper to-go box,matched,images/test_image_00497.jpg,mismatched,0.025000000000000022,not_ready,0.025000000000000022
qwen3vl_32b,habit_cf_0110,habit_test_00497,002896_01,002896,S7414,early,counterfactual,S8975,100 cm Hotel Towel,mismatched,images/test_image_00497.jpg,mismatched,0.025000000000000022,not_ready,0.025000000000000022
qwen3vl_32b,habit_cf_0111,habit_test_00498,002896_01,002896,S7414,ready,factual,S7414,Paper to-go box,matched,images/test_image_00498.jpg,matched,1.0,ready,1.0
qwen3vl_32b,habit_cf_0112,habit_test_00498,002896_01,002896,S7414,ready,counterfactual,S8975,100 cm Hotel Towel,mismatched,images/test_image_00498.jpg,mismatched,0.025000000000000022,not_ready,0.025000000000000022
qwen3vl_32b,habit_cf_0113,habit_test_00501,002898_01,002898,S7414,early,factual,S7414,Paper to-go box,matched,images/test_image_00501.jpg,mismatched,0.025000000000000022,not_ready,0.025000000000000022
qwen3vl_32b,habit_cf_0114,habit_test_00501,002898_01,002898,S7414,early,counterfactual,S8975,100 cm Hotel Towel,mismatched,images/test_image_00501.jpg,mismatched,0.025000000000000022,not_ready,0.025000000000000022
qwen3vl_32b,habit_cf_0115,habit_test_00502,002898_01,002898,S7414,ready,factual,S7414,Paper to-go box,matched,images/test_image_00502.jpg,matched,1.0,ready,1.0
qwen3vl_32b,habit_cf_0116,habit_test_00502,002898_01,002898,S7414,ready,counterfactual,S8975,100 cm Hotel Towel,mismatched,images/test_image_00502.jpg,mismatched,0.025000000000000022,not_ready,0.025000000000000022
qwen3vl_32b,habit_cf_0117,habit_test_00505,002899_01,002899,S7414,early,factual,S7414,Paper to-go box,matched,images/test_image_00505.jpg,matched,1.0,ready,1.0
qwen3vl_32b,habit_cf_0118,habit_test_00505,002899_01,002899,S7414,early,counterfactual,S8975,100 cm Hotel Towel,mismatched,images/test_image_00505.jpg,mismatched,0.025000000000000022,not_ready,0.025000000000000022
qwen3vl_32b,habit_cf_0119,habit_test_00506,002899_01,002899,S7414,ready,factual,S7414,Paper to-go box,matched,images/test_image_00506.jpg,matched,1.0,ready,1.0
qwen3vl_32b,habit_cf_0120,habit_test_00506,002899_01,002899,S7414,ready,counterfactual,S8975,100 cm Hotel Towel,mismatched,images/test_image_00506.jpg,mismatched,0.025000000000000022,not_ready,0.025000000000000022
qwen3vl_32b,habit_cf_0121,habit_test_02013,008354_01,008354,S7788,early,factual,S7788,iced cup,matched,images/test_image_02013.jpg,matched,1.0,ready,1.0
qwen3vl_32b,habit_cf_0122,habit_test_02013,008354_01,008354,S7788,early,counterfactual,S8940,Airtight Container lid,mismatched,images/test_image_02013.jpg,mismatched,0.025000000000000022,not_ready,0.025000000000000022
qwen3vl_32b,habit_cf_0123,habit_test_02014,008354_01,008354,S7788,ready,factual,S7788,iced cup,matched,images/test_image_02014.jpg,matched,0.975,ready,0.95
qwen3vl_32b,habit_cf_0124,habit_test_02014,008354_01,008354,S7788,ready,counterfactual,S8940,Airtight Container lid,mismatched,images/test_image_02014.jpg,mismatched,0.04999999999999999,not_ready,0.04999999999999999
qwen3vl_32b,habit_cf_0125,habit_test_02015,008364_01,008364,S7788,early,factual,S7788,iced cup,matched,images/test_image_02015.jpg,matched,1.0,ready,1.0
qwen3vl_32b,habit_cf_0126,habit_test_02015,008364_01,008364,S7788,early,counterfactual,S8940,Airtight Container lid,mismatched,images/test_image_02015.jpg,mismatched,0.025000000000000022,not_ready,0.025000000000000022
qwen3vl_32b,habit_cf_0127,habit_test_02016,008364_01,008364,S7788,ready,factual,S7788,iced cup,matched,images/test_image_02016.jpg,matched,0.975,ready,0.95
qwen3vl_32b,habit_cf_0128,habit_test_02016,008364_01,008364,S7788,ready,counterfactual,S8940,Airtight Container lid,mismatched,images/test_image_02016.jpg,mismatched,0.04999999999999999,not_ready,0.04999999999999999
qwen3vl_32b,habit_cf_0129,habit_test_02019,008372_02,008372,S7788,early,factual,S7788,iced cup,matched,images/test_image_02019.jpg,matched,1.0,ready,1.0
qwen3vl_32b,habit_cf_0130,habit_test_02019,008372_02,008372,S7788,early,counterfactual,S8940,Airtight Container lid,mismatched,images/test_image_02019.jpg,mismatched,0.025000000000000022,not_ready,0.025000000000000022
qwen3vl_32b,habit_cf_0131,habit_test_02020,008372_02,008372,S7788,ready,factual,S7788,iced cup,matched,images/test_image_02020.jpg,matched,0.975,ready,0.95
qwen3vl_32b,habit_cf_0132,habit_test_02020,008372_02,008372,S7788,ready,counterfactual,S8940,Airtight Container lid,mismatched,images/test_image_02020.jpg,mismatched,0.04999999999999999,not_ready,0.04999999999999999
qwen3vl_32b,habit_cf_0133,habit_test_02021,008462_01,008462,S7788,early,factual,S7788,iced cup,matched,images/test_image_02021.jpg,matched,0.975,ready,0.95
qwen3vl_32b,habit_cf_0134,habit_test_02021,008462_01,008462,S7788,early,counterfactual,S8940,Airtight Container lid,mismatched,images/test_image_02021.jpg,mismatched,0.025000000000000022,not_ready,0.025000000000000022
qwen3vl_32b,habit_cf_0135,habit_test_02022,008462_01,008462,S7788,ready,factual,S7788,iced cup,matched,images/test_image_02022.jpg,matched,0.975,ready,0.95
qwen3vl_32b,habit_cf_0136,habit_test_02022,008462_01,008462,S7788,ready,counterfactual,S8940,Airtight Container lid,mismatched,images/test_image_02022.jpg,mismatched,0.025000000000000022,not_ready,0.025000000000000022
qwen3vl_32b,habit_cf_0137,habit_test_02023,008475_01,008475,S7788,early,factual,S7788,iced cup,matched,images/test_image_02023.jpg,matched,1.0,ready,1.0
qwen3vl_32b,habit_cf_0138,habit_test_02023,008475_01,008475,S7788,early,counterfactual,S8940,Airtight Container lid,mismatched,images/test_image_02023.jpg,mismatched,0.025000000000000022,not_ready,0.025000000000000022
qwen3vl_32b,habit_cf_0139,habit_test_02024,008475_01,008475,S7788,ready,factual,S7788,iced cup,matched,images/test_image_02024.jpg,matched,1.0,ready,1.0
qwen3vl_32b,habit_cf_0140,habit_test_02024,008475_01,008475,S7788,ready,counterfactual,S8940,Airtight Container lid,mismatched,images/test_image_02024.jpg,mismatched,0.025000000000000022,not_ready,0.025000000000000022
qwen3vl_32b,habit_cf_0141,habit_test_02025,008495_02,008495,S7788,early,factual,S7788,iced cup,matched,images/test_image_02025.jpg,matched,1.0,ready,1.0
qwen3vl_32b,habit_cf_0142,habit_test_02025,008495_02,008495,S7788,early,counterfactual,S8940,Airtight Container lid,mismatched,images/test_image_02025.jpg,mismatched,0.025000000000000022,not_ready,0.025000000000000022
qwen3vl_32b,habit_cf_0143,habit_test_02026,008495_02,008495,S7788,ready,factual,S7788,iced cup,matched,images/test_image_02026.jpg,matched,1.0,ready,1.0
qwen3vl_32b,habit_cf_0144,habit_test_02026,008495_02,008495,S7788,ready,counterfactual,S8940,Airtight Container lid,mismatched,images/test_image_02026.jpg,mismatched,0.025000000000000022,not_ready,0.025000000000000022
qwen3vl_32b,habit_cf_0145,habit_test_02027,008524_02,008524,S7788,early,factual,S7788,iced cup,matched,images/test_image_02027.jpg,matched,1.0,ready,1.0
qwen3vl_32b,habit_cf_0146,habit_test_02027,008524_02,008524,S7788,early,counterfactual,S8940,Airtight Container lid,mismatched,images/test_image_02027.jpg,mismatched,0.025000000000000022,not_ready,0.025000000000000022
qwen3vl_32b,habit_cf_0147,habit_test_02028,008524_02,008524,S7788,ready,factual,S7788,iced cup,matched,images/test_image_02028.jpg,matched,1.0,ready,1.0
qwen3vl_32b,habit_cf_0148,habit_test_02028,008524_02,008524,S7788,ready,counterfactual,S8940,Airtight Container lid,mismatched,images/test_image_02028.jpg,mismatched,0.025000000000000022,not_ready,0.025000000000000022
qwen3vl_32b,habit_cf_0149,habit_test_02029,009796_02,009796,S7788,early,factual,S7788,iced cup,matched,images/test_image_02029.jpg,matched,0.975,not_ready,0.07500000000000001
qwen3vl_32b,habit_cf_0150,habit_test_02029,009796_02,009796,S7788,early,counterfactual,S8940,Airtight Container lid,mismatched,images/test_image_02029.jpg,mismatched,0.025000000000000022,not_ready,0.025000000000000022
qwen3vl_32b,habit_cf_0151,habit_test_02030,009796_02,009796,S7788,ready,factual,S7788,iced cup,matched,images/test_image_02030.jpg,matched,1.0,ready,1.0
qwen3vl_32b,habit_cf_0152,habit_test_02030,009796_02,009796,S7788,ready,counterfactual,S8940,Airtight Container lid,mismatched,images/test_image_02030.jpg,mismatched,0.025000000000000022,not_ready,0.025000000000000022
qwen3vl_32b,habit_cf_0153,habit_test_02031,009797_02,009797,S7788,early,factual,S7788,iced cup,matched,images/test_image_02031.jpg,matched,1.0,ready,1.0
qwen3vl_32b,habit_cf_0154,habit_test_02031,009797_02,009797,S7788,early,counterfactual,S8940,Airtight Container lid,mismatched,images/test_image_02031.jpg,mismatched,0.025000000000000022,not_ready,0.025000000000000022
qwen3vl_32b,habit_cf_0155,habit_test_02032,009797_02,009797,S7788,ready,factual,S7788,iced cup,matched,images/test_image_02032.jpg,matched,0.975,ready,0.95
qwen3vl_32b,habit_cf_0156,habit_test_02032,009797_02,009797,S7788,ready,counterfactual,S8940,Airtight Container lid,mismatched,images/test_image_02032.jpg,mismatched,0.025000000000000022,not_ready,0.025000000000000022
qwen3vl_32b,habit_cf_0157,habit_test_02033,009801_02,009801,S7788,early,factual,S7788,iced cup,matched,images/test_image_02033.jpg,matched,1.0,ready,1.0
qwen3vl_32b,habit_cf_0158,habit_test_02033,009801_02,009801,S7788,early,counterfactual,S8940,Airtight Container lid,mismatched,images/test_image_02033.jpg,mismatched,0.025000000000000022,not_ready,0.025000000000000022
qwen3vl_32b,habit_cf_0159,habit_test_02034,009801_02,009801,S7788,ready,factual,S7788,iced cup,matched,images/test_image_02034.jpg,matched,0.975,ready,0.95
qwen3vl_32b,habit_cf_0160,habit_test_02034,009801_02,009801,S7788,ready,counterfactual,S8940,Airtight Container lid,mismatched,images/test_image_02034.jpg,mismatched,0.025000000000000022,not_ready,0.025000000000000022
qwen3vl_32b,habit_cf_0161,habit_test_01933,007309_01,007309,S8940,early,factual,S8940,Airtight Container lid,matched,images/test_image_01933.jpg,mismatched,0.025000000000000022,not_ready,0.025000000000000022
qwen3vl_32b,habit_cf_0162,habit_test_01933,007309_01,007309,S8940,early,counterfactual,S7025,Organizing box,mismatched,images/test_image_01933.jpg,mismatched,0.04999999999999999,not_ready,0.04999999999999999
qwen3vl_32b,habit_cf_0163,habit_test_01934,007309_01,007309,S8940,ready,factual,S8940,Airtight Container lid,matched,images/test_image_01934.jpg,matched,1.0,ready,1.0
qwen3vl_32b,habit_cf_0164,habit_test_01934,007309_01,007309,S8940,ready,counterfactual,S7025,Organizing box,mismatched,images/test_image_01934.jpg,mismatched,0.04999999999999999,not_ready,0.04999999999999999
qwen3vl_32b,habit_cf_0165,habit_test_01937,007310_01,007310,S8940,early,factual,S8940,Airtight Container lid,matched,images/test_image_01937.jpg,mismatched,0.025000000000000022,not_ready,0.025000000000000022
qwen3vl_32b,habit_cf_0166,habit_test_01937,007310_01,007310,S8940,early,counterfactual,S7025,Organizing box,mismatched,images/test_image_01937.jpg,mismatched,0.025000000000000022,not_ready,0.025000000000000022
qwen3vl_32b,habit_cf_0167,habit_test_01938,007310_01,007310,S8940,ready,factual,S8940,Airtight Container lid,matched,images/test_image_01938.jpg,matched,0.975,ready,0.95
qwen3vl_32b,habit_cf_0168,habit_test_01938,007310_01,007310,S8940,ready,counterfactual,S7025,Organizing box,mismatched,images/test_image_01938.jpg,matched,0.975,ready,0.95
qwen3vl_32b,habit_cf_0169,habit_test_01941,007312_01,007312,S8940,early,factual,S8940,Airtight Container lid,matched,images/test_image_01941.jpg,mismatched,0.025000000000000022,not_ready,0.025000000000000022
qwen3vl_32b,habit_cf_0170,habit_test_01941,007312_01,007312,S8940,early,counterfactual,S7025,Organizing box,mismatched,images/test_image_01941.jpg,mismatched,0.04999999999999999,not_ready,0.04999999999999999
qwen3vl_32b,habit_cf_0171,habit_test_01942,007312_01,007312,S8940,ready,factual,S8940,Airtight Container lid,matched,images/test_image_01942.jpg,matched,0.975,ready,0.95
qwen3vl_32b,habit_cf_0172,habit_test_01942,007312_01,007312,S8940,ready,counterfactual,S7025,Organizing box,mismatched,images/test_image_01942.jpg,matched,0.975,ready,0.95
qwen3vl_32b,habit_cf_0173,habit_test_01945,007313_01,007313,S8940,early,factual,S8940,Airtight Container lid,matched,images/test_image_01945.jpg,mismatched,0.025000000000000022,not_ready,0.025000000000000022
qwen3vl_32b,habit_cf_0174,habit_test_01945,007313_01,007313,S8940,early,counterfactual,S7025,Organizing box,mismatched,images/test_image_01945.jpg,mismatched,0.04999999999999999,not_ready,0.04999999999999999
qwen3vl_32b,habit_cf_0175,habit_test_01946,007313_01,007313,S8940,ready,factual,S8940,Airtight Container lid,matched,images/test_image_01946.jpg,matched,0.975,ready,0.95
qwen3vl_32b,habit_cf_0176,habit_test_01946,007313_01,007313,S8940,ready,counterfactual,S7025,Organizing box,mismatched,images/test_image_01946.jpg,mismatched,0.04999999999999999,not_ready,0.04999999999999999
qwen3vl_32b,habit_cf_0177,habit_test_01949,007314_01,007314,S8940,early,factual,S8940,Airtight Container lid,matched,images/test_image_01949.jpg,mismatched,0.025000000000000022,not_ready,0.025000000000000022
qwen3vl_32b,habit_cf_0178,habit_test_01949,007314_01,007314,S8940,early,counterfactual,S7025,Organizing box,mismatched,images/test_image_01949.jpg,mismatched,0.025000000000000022,not_ready,0.025000000000000022
qwen3vl_32b,habit_cf_0179,habit_test_01950,007314_01,007314,S8940,ready,factual,S8940,Airtight Container lid,matched,images/test_image_01950.jpg,matched,1.0,ready,1.0
qwen3vl_32b,habit_cf_0180,habit_test_01950,007314_01,007314,S8940,ready,counterfactual,S7025,Organizing box,mismatched,images/test_image_01950.jpg,matched,0.975,ready,0.95
qwen3vl_32b,habit_cf_0181,habit_test_01953,007315_01,007315,S8940,early,factual,S8940,Airtight Container lid,matched,images/test_image_01953.jpg,mismatched,0.025000000000000022,not_ready,0.025000000000000022
qwen3vl_32b,habit_cf_0182,habit_test_01953,007315_01,007315,S8940,early,counterfactual,S7025,Organizing box,mismatched,images/test_image_01953.jpg,mismatched,0.025000000000000022,not_ready,0.025000000000000022
qwen3vl_32b,habit_cf_0183,habit_test_01954,007315_01,007315,S8940,ready,factual,S8940,Airtight Container lid,matched,images/test_image_01954.jpg,matched,1.0,ready,1.0
qwen3vl_32b,habit_cf_0184,habit_test_01954,007315_01,007315,S8940,ready,counterfactual,S7025,Organizing box,mismatched,images/test_image_01954.jpg,mismatched,0.04999999999999999,not_ready,0.04999999999999999
qwen3vl_32b,habit_cf_0185,habit_test_01957,007316_01,007316,S8940,early,factual,S8940,Airtight Container lid,matched,images/test_image_01957.jpg,mismatched,0.025000000000000022,not_ready,0.025000000000000022
qwen3vl_32b,habit_cf_0186,habit_test_01957,007316_01,007316,S8940,early,counterfactual,S7025,Organizing box,mismatched,images/test_image_01957.jpg,mismatched,0.025000000000000022,not_ready,0.025000000000000022
qwen3vl_32b,habit_cf_0187,habit_test_01958,007316_01,007316,S8940,ready,factual,S8940,Airtight Container lid,matched,images/test_image_01958.jpg,matched,0.975,ready,0.95
qwen3vl_32b,habit_cf_0188,habit_test_01958,007316_01,007316,S8940,ready,counterfactual,S7025,Organizing box,mismatched,images/test_image_01958.jpg,mismatched,0.04999999999999999,not_ready,0.04999999999999999
qwen3vl_32b,habit_cf_0189,habit_test_01961,007317_01,007317,S8940,early,factual,S8940,Airtight Container lid,matched,images/test_image_01961.jpg,mismatched,0.025000000000000022,not_ready,0.025000000000000022
qwen3vl_32b,habit_cf_0190,habit_test_01961,007317_01,007317,S8940,early,counterfactual,S7025,Organizing box,mismatched,images/test_image_01961.jpg,mismatched,0.025000000000000022,not_ready,0.025000000000000022
qwen3vl_32b,habit_cf_0191,habit_test_01962,007317_01,007317,S8940,ready,factual,S8940,Airtight Container lid,matched,images/test_image_01962.jpg,matched,0.975,ready,0.95
qwen3vl_32b,habit_cf_0192,habit_test_01962,007317_01,007317,S8940,ready,counterfactual,S7025,Organizing box,mismatched,images/test_image_01962.jpg,matched,0.975,ready,0.95
qwen3vl_32b,habit_cf_0193,habit_test_01965,007321_01,007321,S8940,early,factual,S8940,Airtight Container lid,matched,images/test_image_01965.jpg,mismatched,0.025000000000000022,not_ready,0.025000000000000022
qwen3vl_32b,habit_cf_0194,habit_test_01965,007321_01,007321,S8940,early,counterfactual,S7025,Organizing box,mismatched,images/test_image_01965.jpg,mismatched,0.025000000000000022,not_ready,0.025000000000000022
qwen3vl_32b,habit_cf_0195,habit_test_01966,007321_01,007321,S8940,ready,factual,S8940,Airtight Container lid,matched,images/test_image_01966.jpg,matched,0.975,ready,0.95
qwen3vl_32b,habit_cf_0196,habit_test_01966,007321_01,007321,S8940,ready,counterfactual,S7025,Organizing box,mismatched,images/test_image_01966.jpg,matched,0.975,ready,0.95
qwen3vl_32b,habit_cf_0197,habit_test_01969,007322_01,007322,S8940,early,factual,S8940,Airtight Container lid,matched,images/test_image_01969.jpg,mismatched,0.025000000000000022,not_ready,0.025000000000000022
qwen3vl_32b,habit_cf_0198,habit_test_01969,007322_01,007322,S8940,early,counterfactual,S7025,Organizing box,mismatched,images/test_image_01969.jpg,mismatched,0.025000000000000022,not_ready,0.025000000000000022
qwen3vl_32b,habit_cf_0199,habit_test_01970,007322_01,007322,S8940,ready,factual,S8940,Airtight Container lid,matched,images/test_image_01970.jpg,matched,1.0,ready,1.0
qwen3vl_32b,habit_cf_0200,habit_test_01970,007322_01,007322,S8940,ready,counterfactual,S7025,Organizing box,mismatched,images/test_image_01970.jpg,mismatched,0.04999999999999999,not_ready,0.04999999999999999
qwen3vl_32b,habit_cf_0201,habit_test_01715,005687_01,005687,S8975,early,factual,S8975,100 cm Hotel Towel,matched,images/test_image_01715.jpg,matched,1.0,ready,1.0
qwen3vl_32b,habit_cf_0202,habit_test_01715,005687_01,005687,S8975,early,counterfactual,S7788,iced cup,mismatched,images/test_image_01715.jpg,mismatched,0.025000000000000022,not_ready,0.025000000000000022
qwen3vl_32b,habit_cf_0203,habit_test_01716,005687_01,005687,S8975,ready,factual,S8975,100 cm Hotel Towel,matched,images/test_image_01716.jpg,matched,1.0,ready,1.0
qwen3vl_32b,habit_cf_0204,habit_test_01716,005687_01,005687,S8975,ready,counterfactual,S7788,iced cup,mismatched,images/test_image_01716.jpg,mismatched,0.025000000000000022,not_ready,0.025000000000000022
qwen3vl_32b,habit_cf_0205,habit_test_01717,005688_01,005688,S8975,early,factual,S8975,100 cm Hotel Towel,matched,images/test_image_01717.jpg,matched,0.975,ready,0.95
qwen3vl_32b,habit_cf_0206,habit_test_01717,005688_01,005688,S8975,early,counterfactual,S7788,iced cup,mismatched,images/test_image_01717.jpg,mismatched,0.025000000000000022,not_ready,0.025000000000000022
qwen3vl_32b,habit_cf_0207,habit_test_01718,005688_01,005688,S8975,ready,factual,S8975,100 cm Hotel Towel,matched,images/test_image_01718.jpg,matched,1.0,ready,1.0
qwen3vl_32b,habit_cf_0208,habit_test_01718,005688_01,005688,S8975,ready,counterfactual,S7788,iced cup,mismatched,images/test_image_01718.jpg,mismatched,0.025000000000000022,not_ready,0.025000000000000022
qwen3vl_32b,habit_cf_0209,habit_test_01719,005691_01,005691,S8975,early,factual,S8975,100 cm Hotel Towel,matched,images/test_image_01719.jpg,matched,1.0,ready,1.0
qwen3vl_32b,habit_cf_0210,habit_test_01719,005691_01,005691,S8975,early,counterfactual,S7788,iced cup,mismatched,images/test_image_01719.jpg,mismatched,0.025000000000000022,not_ready,0.025000000000000022
qwen3vl_32b,habit_cf_0211,habit_test_01720,005691_01,005691,S8975,ready,factual,S8975,100 cm Hotel Towel,matched,images/test_image_01720.jpg,matched,1.0,ready,1.0
qwen3vl_32b,habit_cf_0212,habit_test_01720,005691_01,005691,S8975,ready,counterfactual,S7788,iced cup,mismatched,images/test_image_01720.jpg,mismatched,0.025000000000000022,not_ready,0.025000000000000022
qwen3vl_32b,habit_cf_0213,habit_test_01721,005692_01,005692,S8975,early,factual,S8975,100 cm Hotel Towel,matched,images/test_image_01721.jpg,matched,0.975,ready,0.95
qwen3vl_32b,habit_cf_0214,habit_test_01721,005692_01,005692,S8975,early,counterfactual,S7788,iced cup,mismatched,images/test_image_01721.jpg,mismatched,0.025000000000000022,not_ready,0.025000000000000022
qwen3vl_32b,habit_cf_0215,habit_test_01722,005692_01,005692,S8975,ready,factual,S8975,100 cm Hotel Towel,matched,images/test_image_01722.jpg,matched,1.0,ready,1.0
qwen3vl_32b,habit_cf_0216,habit_test_01722,005692_01,005692,S8975,ready,counterfactual,S7788,iced cup,mismatched,images/test_image_01722.jpg,mismatched,0.025000000000000022,not_ready,0.025000000000000022
qwen3vl_32b,habit_cf_0217,habit_test_01723,005693_01,005693,S8975,early,factual,S8975,100 cm Hotel Towel,matched,images/test_image_01723.jpg,matched,1.0,ready,1.0
qwen3vl_32b,habit_cf_0218,habit_test_01723,005693_01,005693,S8975,early,counterfactual,S7788,iced cup,mismatched,images/test_image_01723.jpg,mismatched,0.025000000000000022,not_ready,0.025000000000000022
qwen3vl_32b,habit_cf_0219,habit_test_01724,005693_01,005693,S8975,ready,factual,S8975,100 cm Hotel Towel,matched,images/test_image_01724.jpg,matched,1.0,ready,1.0
qwen3vl_32b,habit_cf_0220,habit_test_01724,005693_01,005693,S8975,ready,counterfactual,S7788,iced cup,mismatched,images/test_image_01724.jpg,mismatched,0.025000000000000022,not_ready,0.025000000000000022
qwen3vl_32b,habit_cf_0221,habit_test_01725,005694_01,005694,S8975,early,factual,S8975,100 cm Hotel Towel,matched,images/test_image_01725.jpg,matched,0.975,ready,0.95
qwen3vl_32b,habit_cf_0222,habit_test_01725,005694_01,005694,S8975,early,counterfactual,S7788,iced cup,mismatched,images/test_image_01725.jpg,mismatched,0.025000000000000022,not_ready,0.025000000000000022
qwen3vl_32b,habit_cf_0223,habit_test_01726,005694_01,005694,S8975,ready,factual,S8975,100 cm Hotel Towel,matched,images/test_image_01726.jpg,matched,1.0,ready,1.0
qwen3vl_32b,habit_cf_0224,habit_test_01726,005694_01,005694,S8975,ready,counterfactual,S7788,iced cup,mismatched,images/test_image_01726.jpg,mismatched,0.025000000000000022,not_ready,0.025000000000000022
qwen3vl_32b,habit_cf_0225,habit_test_01727,005695_01,005695,S8975,early,factual,S8975,100 cm Hotel Towel,matched,images/test_image_01727.jpg,matched,0.975,ready,0.95
qwen3vl_32b,habit_cf_0226,habit_test_01727,005695_01,005695,S8975,early,counterfactual,S7788,iced cup,mismatched,images/test_image_01727.jpg,mismatched,0.025000000000000022,not_ready,0.025000000000000022
qwen3vl_32b,habit_cf_0227,habit_test_01728,005695_01,005695,S8975,ready,factual,S8975,100 cm Hotel Towel,matched,images/test_image_01728.jpg,matched,1.0,ready,1.0
qwen3vl_32b,habit_cf_0228,habit_test_01728,005695_01,005695,S8975,ready,counterfactual,S7788,iced cup,mismatched,images/test_image_01728.jpg,mismatched,0.025000000000000022,not_ready,0.025000000000000022
qwen3vl_32b,habit_cf_0229,habit_test_01729,005696_01,005696,S8975,early,factual,S8975,100 cm Hotel Towel,matched,images/test_image_01729.jpg,matched,1.0,ready,1.0
qwen3vl_32b,habit_cf_0230,habit_test_01729,005696_01,005696,S8975,early,counterfactual,S7788,iced cup,mismatched,images/test_image_01729.jpg,mismatched,0.025000000000000022,not_ready,0.025000000000000022
qwen3vl_32b,habit_cf_0231,habit_test_01730,005696_01,005696,S8975,ready,factual,S8975,100 cm Hotel Towel,matched,images/test_image_01730.jpg,matched,1.0,ready,1.0
qwen3vl_32b,habit_cf_0232,habit_test_01730,005696_01,005696,S8975,ready,counterfactual,S7788,iced cup,mismatched,images/test_image_01730.jpg,mismatched,0.025000000000000022,not_ready,0.025000000000000022
qwen3vl_32b,habit_cf_0233,habit_test_01731,005697_01,005697,S8975,early,factual,S8975,100 cm Hotel Towel,matched,images/test_image_01731.jpg,matched,0.975,ready,0.95
qwen3vl_32b,habit_cf_0234,habit_test_01731,005697_01,005697,S8975,early,counterfactual,S7788,iced cup,mismatched,images/test_image_01731.jpg,mismatched,0.025000000000000022,not_ready,0.025000000000000022
qwen3vl_32b,habit_cf_0235,habit_test_01732,005697_01,005697,S8975,ready,factual,S8975,100 cm Hotel Towel,matched,images/test_image_01732.jpg,matched,1.0,ready,1.0
qwen3vl_32b,habit_cf_0236,habit_test_01732,005697_01,005697,S8975,ready,counterfactual,S7788,iced cup,mismatched,images/test_image_01732.jpg,mismatched,0.025000000000000022,not_ready,0.025000000000000022
qwen3vl_32b,habit_cf_0237,habit_test_01733,005698_01,005698,S8975,early,factual,S8975,100 cm Hotel Towel,matched,images/test_image_01733.jpg,matched,1.0,ready,1.0
qwen3vl_32b,habit_cf_0238,habit_test_01733,005698_01,005698,S8975,early,counterfactual,S7788,iced cup,mismatched,images/test_image_01733.jpg,mismatched,0.025000000000000022,not_ready,0.025000000000000022
qwen3vl_32b,habit_cf_0239,habit_test_01734,005698_01,005698,S8975,ready,factual,S8975,100 cm Hotel Towel,matched,images/test_image_01734.jpg,matched,1.0,ready,1.0
qwen3vl_32b,habit_cf_0240,habit_test_01734,005698_01,005698,S8975,ready,counterfactual,S7788,iced cup,mismatched,images/test_image_01734.jpg,mismatched,0.025000000000000022,not_ready,0.025000000000000022
qwen3vl_32b,habit_cfx_0001,habit_test_01529,004948_01,004948,S6759,early,counterfactual,S7025,Organizing box,mismatched,images/test_image_01529.jpg,matched,0.975,ready,0.95
qwen3vl_32b,habit_cfx_0002,habit_test_01529,004948_01,004948,S6759,early,counterfactual,S7788,iced cup,mismatched,images/test_image_01529.jpg,uncertain,0.5,uncertain,0.5
qwen3vl_32b,habit_cfx_0003,habit_test_01529,004948_01,004948,S6759,early,counterfactual,S8940,Airtight Container lid,mismatched,images/test_image_01529.jpg,mismatched,0.025000000000000022,not_ready,0.025000000000000022
qwen3vl_32b,habit_cfx_0004,habit_test_01529,004948_01,004948,S6759,early,counterfactual,S8975,100 cm Hotel Towel,mismatched,images/test_image_01529.jpg,mismatched,0.025000000000000022,not_ready,0.025000000000000022
qwen3vl_32b,habit_cfx_0005,habit_test_01530,004948_01,004948,S6759,ready,counterfactual,S7025,Organizing box,mismatched,images/test_image_01530.jpg,matched,1.0,ready,1.0
qwen3vl_32b,habit_cfx_0006,habit_test_01530,004948_01,004948,S6759,ready,counterfactual,S7788,iced cup,mismatched,images/test_image_01530.jpg,mismatched,0.025000000000000022,not_ready,0.025000000000000022
qwen3vl_32b,habit_cfx_0007,habit_test_01530,004948_01,004948,S6759,ready,counterfactual,S8940,Airtight Container lid,mismatched,images/test_image_01530.jpg,mismatched,0.025000000000000022,not_ready,0.025000000000000022
qwen3vl_32b,habit_cfx_0008,habit_test_01530,004948_01,004948,S6759,ready,counterfactual,S8975,100 cm Hotel Towel,mismatched,images/test_image_01530.jpg,mismatched,0.025000000000000022,not_ready,0.025000000000000022
qwen3vl_32b,habit_cfx_0009,habit_test_01531,004949_01,004949,S6759,early,counterfactual,S7025,Organizing box,mismatched,images/test_image_01531.jpg,matched,0.975,ready,0.95
qwen3vl_32b,habit_cfx_0010,habit_test_01531,004949_01,004949,S6759,early,counterfactual,S7788,iced cup,mismatched,images/test_image_01531.jpg,uncertain,0.5,uncertain,0.5
qwen3vl_32b,habit_cfx_0011,habit_test_01531,004949_01,004949,S6759,early,counterfactual,S8940,Airtight Container lid,mismatched,images/test_image_01531.jpg,uncertain,0.5,uncertain,0.5
qwen3vl_32b,habit_cfx_0012,habit_test_01531,004949_01,004949,S6759,early,counterfactual,S8975,100 cm Hotel Towel,mismatched,images/test_image_01531.jpg,uncertain,0.5,uncertain,0.5
qwen3vl_32b,habit_cfx_0013,habit_test_01532,004949_01,004949,S6759,ready,counterfactual,S7025,Organizing box,mismatched,images/test_image_01532.jpg,matched,0.975,ready,0.95
qwen3vl_32b,habit_cfx_0014,habit_test_01532,004949_01,004949,S6759,ready,counterfactual,S7788,iced cup,mismatched,images/test_image_01532.jpg,mismatched,0.025000000000000022,not_ready,0.025000000000000022
qwen3vl_32b,habit_cfx_0015,habit_test_01532,004949_01,004949,S6759,ready,counterfactual,S8940,Airtight Container lid,mismatched,images/test_image_01532.jpg,mismatched,0.025000000000000022,not_ready,0.025000000000000022
qwen3vl_32b,habit_cfx_0016,habit_test_01532,004949_01,004949,S6759,ready,counterfactual,S8975,100 cm Hotel Towel,mismatched,images/test_image_01532.jpg,mismatched,0.025000000000000022,not_ready,0.025000000000000022
qwen3vl_32b,habit_cfx_0017,habit_test_01533,004951_01,004951,S6759,early,counterfactual,S7025,Organizing box,mismatched,images/test_image_01533.jpg,matched,1.0,not_ready,0.0
qwen3vl_32b,habit_cfx_0018,habit_test_01533,004951_01,004951,S6759,early,counterfactual,S7788,iced cup,mismatched,images/test_image_01533.jpg,uncertain,0.5,not_ready,0.5
qwen3vl_32b,habit_cfx_0019,habit_test_01533,004951_01,004951,S6759,early,counterfactual,S8940,Airtight Container lid,mismatched,images/test_image_01533.jpg,uncertain,0.5,uncertain,0.5
qwen3vl_32b,habit_cfx_0020,habit_test_01533,004951_01,004951,S6759,early,counterfactual,S8975,100 cm Hotel Towel,mismatched,images/test_image_01533.jpg,uncertain,0.5,uncertain,0.5
qwen3vl_32b,habit_cfx_0021,habit_test_01534,004951_01,004951,S6759,ready,counterfactual,S7025,Organizing box,mismatched,images/test_image_01534.jpg,matched,1.0,ready,1.0
qwen3vl_32b,habit_cfx_0022,habit_test_01534,004951_01,004951,S6759,ready,counterfactual,S7788,iced cup,mismatched,images/test_image_01534.jpg,mismatched,0.025000000000000022,not_ready,0.025000000000000022
qwen3vl_32b,habit_cfx_0023,habit_test_01534,004951_01,004951,S6759,ready,counterfactual,S8940,Airtight Container lid,mismatched,images/test_image_01534.jpg,mismatched,0.025000000000000022,not_ready,0.025000000000000022
qwen3vl_32b,habit_cfx_0024,habit_test_01534,004951_01,004951,S6759,ready,counterfactual,S8975,100 cm Hotel Towel,mismatched,images/test_image_01534.jpg,mismatched,0.025000000000000022,not_ready,0.025000000000000022
qwen3vl_32b,habit_cfx_0025,habit_test_01535,004952_01,004952,S6759,early,counterfactual,S7025,Organizing box,mismatched,images/test_image_01535.jpg,matched,1.0,ready,1.0
qwen3vl_32b,habit_cfx_0026,habit_test_01535,004952_01,004952,S6759,early,counterfactual,S7788,iced cup,mismatched,images/test_image_01535.jpg,uncertain,0.5,uncertain,0.5
qwen3vl_32b,habit_cfx_0027,habit_test_01535,004952_01,004952,S6759,early,counterfactual,S8940,Airtight Container lid,mismatched,images/test_image_01535.jpg,uncertain,0.5,uncertain,0.5
qwen3vl_32b,habit_cfx_0028,habit_test_01535,004952_01,004952,S6759,early,counterfactual,S8975,100 cm Hotel Towel,mismatched,images/test_image_01535.jpg,mismatched,0.025000000000000022,not_ready,0.025000000000000022
qwen3vl_32b,habit_cfx_0029,habit_test_01536,004952_01,004952,S6759,ready,counterfactual,S7025,Organizing box,mismatched,images/test_image_01536.jpg,matched,0.975,ready,0.95
qwen3vl_32b,habit_cfx_0030,habit_test_01536,004952_01,004952,S6759,ready,counterfactual,S7788,iced cup,mismatched,images/test_image_01536.jpg,mismatched,0.025000000000000022,not_ready,0.025000000000000022
qwen3vl_32b,habit_cfx_0031,habit_test_01536,004952_01,004952,S6759,ready,counterfactual,S8940,Airtight Container lid,mismatched,images/test_image_01536.jpg,mismatched,0.025000000000000022,not_ready,0.025000000000000022
qwen3vl_32b,habit_cfx_0032,habit_test_01536,004952_01,004952,S6759,ready,counterfactual,S8975,100 cm Hotel Towel,mismatched,images/test_image_01536.jpg,mismatched,0.025000000000000022,not_ready,0.025000000000000022
qwen3vl_32b,habit_cfx_0033,habit_test_01537,004953_01,004953,S6759,early,counterfactual,S7025,Organizing box,mismatched,images/test_image_01537.jpg,matched,0.975,not_ready,0.04999999999999999
qwen3vl_32b,habit_cfx_0034,habit_test_01537,004953_01,004953,S6759,early,counterfactual,S7788,iced cup,mismatched,images/test_image_01537.jpg,uncertain,0.5,uncertain,0.5
qwen3vl_32b,habit_cfx_0035,habit_test_01537,004953_01,004953,S6759,early,counterfactual,S8940,Airtight Container lid,mismatched,images/test_image_01537.jpg,uncertain,0.5,uncertain,0.5
qwen3vl_32b,habit_cfx_0036,habit_test_01537,004953_01,004953,S6759,early,counterfactual,S8975,100 cm Hotel Towel,mismatched,images/test_image_01537.jpg,mismatched,0.025000000000000022,not_ready,0.025000000000000022
qwen3vl_32b,habit_cfx_0037,habit_test_01538,004953_01,004953,S6759,ready,counterfactual,S7025,Organizing box,mismatched,images/test_image_01538.jpg,matched,0.975,ready,0.95
qwen3vl_32b,habit_cfx_0038,habit_test_01538,004953_01,004953,S6759,ready,counterfactual,S7788,iced cup,mismatched,images/test_image_01538.jpg,mismatched,0.025000000000000022,not_ready,0.025000000000000022
qwen3vl_32b,habit_cfx_0039,habit_test_01538,004953_01,004953,S6759,ready,counterfactual,S8940,Airtight Container lid,mismatched,images/test_image_01538.jpg,mismatched,0.04999999999999999,not_ready,0.04999999999999999
qwen3vl_32b,habit_cfx_0040,habit_test_01538,004953_01,004953,S6759,ready,counterfactual,S8975,100 cm Hotel Towel,mismatched,images/test_image_01538.jpg,mismatched,0.025000000000000022,not_ready,0.025000000000000022
qwen3vl_32b,habit_cfx_0041,habit_test_01539,004954_01,004954,S6759,early,counterfactual,S7025,Organizing box,mismatched,images/test_image_01539.jpg,matched,1.0,not_ready,0.04999999999999999
qwen3vl_32b,habit_cfx_0042,habit_test_01539,004954_01,004954,S6759,early,counterfactual,S7788,iced cup,mismatched,images/test_image_01539.jpg,mismatched,0.025000000000000022,not_ready,0.025000000000000022
qwen3vl_32b,habit_cfx_0043,habit_test_01539,004954_01,004954,S6759,early,counterfactual,S8940,Airtight Container lid,mismatched,images/test_image_01539.jpg,mismatched,0.025000000000000022,not_ready,0.025000000000000022
qwen3vl_32b,habit_cfx_0044,habit_test_01539,004954_01,004954,S6759,early,counterfactual,S8975,100 cm Hotel Towel,mismatched,images/test_image_01539.jpg,mismatched,0.025000000000000022,not_ready,0.025000000000000022
qwen3vl_32b,habit_cfx_0045,habit_test_01540,004954_01,004954,S6759,ready,counterfactual,S7025,Organizing box,mismatched,images/test_image_01540.jpg,matched,1.0,ready,1.0
qwen3vl_32b,habit_cfx_0046,habit_test_01540,004954_01,004954,S6759,ready,counterfactual,S7788,iced cup,mismatched,images/test_image_01540.jpg,mismatched,0.025000000000000022,not_ready,0.025000000000000022
qwen3vl_32b,habit_cfx_0047,habit_test_01540,004954_01,004954,S6759,ready,counterfactual,S8940,Airtight Container lid,mismatched,images/test_image_01540.jpg,mismatched,0.025000000000000022,not_ready,0.025000000000000022
qwen3vl_32b,habit_cfx_0048,habit_test_01540,004954_01,004954,S6759,ready,counterfactual,S8975,100 cm Hotel Towel,mismatched,images/test_image_01540.jpg,mismatched,0.025000000000000022,not_ready,0.025000000000000022
qwen3vl_32b,habit_cfx_0049,habit_test_01541,004956_01,004956,S6759,early,counterfactual,S7025,Organizing box,mismatched,images/test_image_01541.jpg,matched,1.0,not_ready,0.0
qwen3vl_32b,habit_cfx_0050,habit_test_01541,004956_01,004956,S6759,early,counterfactual,S7788,iced cup,mismatched,images/test_image_01541.jpg,mismatched,0.025000000000000022,not_ready,0.025000000000000022
qwen3vl_32b,habit_cfx_0051,habit_test_01541,004956_01,004956,S6759,early,counterfactual,S8940,Airtight Container lid,mismatched,images/test_image_01541.jpg,mismatched,0.025000000000000022,not_ready,0.025000000000000022
qwen3vl_32b,habit_cfx_0052,habit_test_01541,004956_01,004956,S6759,early,counterfactual,S8975,100 cm Hotel Towel,mismatched,images/test_image_01541.jpg,mismatched,0.025000000000000022,not_ready,0.025000000000000022
qwen3vl_32b,habit_cfx_0053,habit_test_01542,004956_01,004956,S6759,ready,counterfactual,S7025,Organizing box,mismatched,images/test_image_01542.jpg,matched,1.0,ready,1.0
qwen3vl_32b,habit_cfx_0054,habit_test_01542,004956_01,004956,S6759,ready,counterfactual,S7788,iced cup,mismatched,images/test_image_01542.jpg,mismatched,0.025000000000000022,not_ready,0.025000000000000022
qwen3vl_32b,habit_cfx_0055,habit_test_01542,004956_01,004956,S6759,ready,counterfactual,S8940,Airtight Container lid,mismatched,images/test_image_01542.jpg,mismatched,0.025000000000000022,not_ready,0.025000000000000022
qwen3vl_32b,habit_cfx_0056,habit_test_01542,004956_01,004956,S6759,ready,counterfactual,S8975,100 cm Hotel Towel,mismatched,images/test_image_01542.jpg,mismatched,0.025000000000000022,not_ready,0.025000000000000022
qwen3vl_32b,habit_cfx_0057,habit_test_01543,004957_01,004957,S6759,early,counterfactual,S7025,Organizing box,mismatched,images/test_image_01543.jpg,matched,0.975,not_ready,0.04999999999999999
qwen3vl_32b,habit_cfx_0058,habit_test_01543,004957_01,004957,S6759,early,counterfactual,S7788,iced cup,mismatched,images/test_image_01543.jpg,uncertain,0.5,uncertain,0.5
qwen3vl_32b,habit_cfx_0059,habit_test_01543,004957_01,004957,S6759,early,counterfactual,S8940,Airtight Container lid,mismatched,images/test_image_01543.jpg,mismatched,0.025000000000000022,not_ready,0.025000000000000022
qwen3vl_32b,habit_cfx_0060,habit_test_01543,004957_01,004957,S6759,early,counterfactual,S8975,100 cm Hotel Towel,mismatched,images/test_image_01543.jpg,mismatched,0.025000000000000022,not_ready,0.025000000000000022
qwen3vl_32b,habit_cfx_0061,habit_test_01544,004957_01,004957,S6759,ready,counterfactual,S7025,Organizing box,mismatched,images/test_image_01544.jpg,matched,1.0,ready,1.0
qwen3vl_32b,habit_cfx_0062,habit_test_01544,004957_01,004957,S6759,ready,counterfactual,S7788,iced cup,mismatched,images/test_image_01544.jpg,mismatched,0.025000000000000022,not_ready,0.025000000000000022
qwen3vl_32b,habit_cfx_0063,habit_test_01544,004957_01,004957,S6759,ready,counterfactual,S8940,Airtight Container lid,mismatched,images/test_image_01544.jpg,mismatched,0.025000000000000022,not_ready,0.025000000000000022
qwen3vl_32b,habit_cfx_0064,habit_test_01544,004957_01,004957,S6759,ready,counterfactual,S8975,100 cm Hotel Towel,mismatched,images/test_image_01544.jpg,mismatched,0.025000000000000022,not_ready,0.025000000000000022
qwen3vl_32b,habit_cfx_0065,habit_test_01545,004958_01,004958,S6759,early,counterfactual,S7025,Organizing box,mismatched,images/test_image_01545.jpg,matched,1.0,not_ready,0.0
qwen3vl_32b,habit_cfx_0066,habit_test_01545,004958_01,004958,S6759,early,counterfactual,S7788,iced cup,mismatched,images/test_image_01545.jpg,uncertain,0.5,not_ready,0.5
qwen3vl_32b,habit_cfx_0067,habit_test_01545,004958_01,004958,S6759,early,counterfactual,S8940,Airtight Container lid,mismatched,images/test_image_01545.jpg,uncertain,0.5,not_ready,0.45
qwen3vl_32b,habit_cfx_0068,habit_test_01545,004958_01,004958,S6759,early,counterfactual,S8975,100 cm Hotel Towel,mismatched,images/test_image_01545.jpg,mismatched,0.025000000000000022,not_ready,0.025000000000000022
qwen3vl_32b,habit_cfx_0069,habit_test_01546,004958_01,004958,S6759,ready,counterfactual,S7025,Organizing box,mismatched,images/test_image_01546.jpg,matched,1.0,ready,1.0
qwen3vl_32b,habit_cfx_0070,habit_test_01546,004958_01,004958,S6759,ready,counterfactual,S7788,iced cup,mismatched,images/test_image_01546.jpg,mismatched,0.025000000000000022,not_ready,0.025000000000000022
qwen3vl_32b,habit_cfx_0071,habit_test_01546,004958_01,004958,S6759,ready,counterfactual,S8940,Airtight Container lid,mismatched,images/test_image_01546.jpg,mismatched,0.025000000000000022,not_ready,0.025000000000000022
qwen3vl_32b,habit_cfx_0072,habit_test_01546,004958_01,004958,S6759,ready,counterfactual,S8975,100 cm Hotel Towel,mismatched,images/test_image_01546.jpg,mismatched,0.025000000000000022,not_ready,0.025000000000000022
qwen3vl_32b,habit_cfx_0073,habit_test_01547,004959_01,004959,S6759,early,counterfactual,S7025,Organizing box,mismatched,images/test_image_01547.jpg,matched,1.0,ready,1.0
qwen3vl_32b,habit_cfx_0074,habit_test_01547,004959_01,004959,S6759,early,counterfactual,S7788,iced cup,mismatched,images/test_image_01547.jpg,mismatched,0.025000000000000022,not_ready,0.025000000000000022
qwen3vl_32b,habit_cfx_0075,habit_test_01547,004959_01,004959,S6759,early,counterfactual,S8940,Airtight Container lid,mismatched,images/test_image_01547.jpg,uncertain,0.5,uncertain,0.5
qwen3vl_32b,habit_cfx_0076,habit_test_01547,004959_01,004959,S6759,early,counterfactual,S8975,100 cm Hotel Towel,mismatched,images/test_image_01547.jpg,mismatched,0.025000000000000022,not_ready,0.025000000000000022
qwen3vl_32b,habit_cfx_0077,habit_test_01548,004959_01,004959,S6759,ready,counterfactual,S7025,Organizing box,mismatched,images/test_image_01548.jpg,matched,1.0,ready,1.0
qwen3vl_32b,habit_cfx_0078,habit_test_01548,004959_01,004959,S6759,ready,counterfactual,S7788,iced cup,mismatched,images/test_image_01548.jpg,mismatched,0.025000000000000022,not_ready,0.025000000000000022
qwen3vl_32b,habit_cfx_0079,habit_test_01548,004959_01,004959,S6759,ready,counterfactual,S8940,Airtight Container lid,mismatched,images/test_image_01548.jpg,mismatched,0.025000000000000022,not_ready,0.025000000000000022
qwen3vl_32b,habit_cfx_0080,habit_test_01548,004959_01,004959,S6759,ready,counterfactual,S8975,100 cm Hotel Towel,mismatched,images/test_image_01548.jpg,mismatched,0.025000000000000022,not_ready,0.025000000000000022
qwen3vl_32b,habit_cfx_0081,habit_test_00001,000124_01,000124,S7025,early,counterfactual,S7414,Paper to-go box,mismatched,images/test_image_00001.jpg,mismatched,0.025000000000000022,not_ready,0.025000000000000022
qwen3vl_32b,habit_cfx_0082,habit_test_00001,000124_01,000124,S7025,early,counterfactual,S7788,iced cup,mismatched,images/test_image_00001.jpg,mismatched,0.025000000000000022,not_ready,0.025000000000000022
qwen3vl_32b,habit_cfx_0083,habit_test_00001,000124_01,000124,S7025,early,counterfactual,S8940,Airtight Container lid,mismatched,images/test_image_00001.jpg,mismatched,0.025000000000000022,not_ready,0.025000000000000022
qwen3vl_32b,habit_cfx_0084,habit_test_00001,000124_01,000124,S7025,early,counterfactual,S8975,100 cm Hotel Towel,mismatched,images/test_image_00001.jpg,mismatched,0.025000000000000022,not_ready,0.025000000000000022
qwen3vl_32b,habit_cfx_0085,habit_test_00002,000124_01,000124,S7025,ready,counterfactual,S7414,Paper to-go box,mismatched,images/test_image_00002.jpg,mismatched,0.025000000000000022,not_ready,0.025000000000000022
qwen3vl_32b,habit_cfx_0086,habit_test_00002,000124_01,000124,S7025,ready,counterfactual,S7788,iced cup,mismatched,images/test_image_00002.jpg,mismatched,0.025000000000000022,not_ready,0.025000000000000022
qwen3vl_32b,habit_cfx_0087,habit_test_00002,000124_01,000124,S7025,ready,counterfactual,S8940,Airtight Container lid,mismatched,images/test_image_00002.jpg,matched,0.975,ready,0.95
qwen3vl_32b,habit_cfx_0088,habit_test_00002,000124_01,000124,S7025,ready,counterfactual,S8975,100 cm Hotel Towel,mismatched,images/test_image_00002.jpg,mismatched,0.025000000000000022,not_ready,0.025000000000000022
qwen3vl_32b,habit_cfx_0089,habit_test_00005,000126_01,000126,S7025,early,counterfactual,S7414,Paper to-go box,mismatched,images/test_image_00005.jpg,mismatched,0.025000000000000022,not_ready,0.025000000000000022
qwen3vl_32b,habit_cfx_0090,habit_test_00005,000126_01,000126,S7025,early,counterfactual,S7788,iced cup,mismatched,images/test_image_00005.jpg,mismatched,0.025000000000000022,not_ready,0.025000000000000022
qwen3vl_32b,habit_cfx_0091,habit_test_00005,000126_01,000126,S7025,early,counterfactual,S8940,Airtight Container lid,mismatched,images/test_image_00005.jpg,mismatched,0.025000000000000022,not_ready,0.025000000000000022
qwen3vl_32b,habit_cfx_0092,habit_test_00005,000126_01,000126,S7025,early,counterfactual,S8975,100 cm Hotel Towel,mismatched,images/test_image_00005.jpg,mismatched,0.025000000000000022,not_ready,0.025000000000000022
qwen3vl_32b,habit_cfx_0093,habit_test_00006,000126_01,000126,S7025,ready,counterfactual,S7414,Paper to-go box,mismatched,images/test_image_00006.jpg,mismatched,0.025000000000000022,not_ready,0.025000000000000022
qwen3vl_32b,habit_cfx_0094,habit_test_00006,000126_01,000126,S7025,ready,counterfactual,S7788,iced cup,mismatched,images/test_image_00006.jpg,mismatched,0.025000000000000022,not_ready,0.025000000000000022
qwen3vl_32b,habit_cfx_0095,habit_test_00006,000126_01,000126,S7025,ready,counterfactual,S8940,Airtight Container lid,mismatched,images/test_image_00006.jpg,matched,0.975,ready,0.95
qwen3vl_32b,habit_cfx_0096,habit_test_00006,000126_01,000126,S7025,ready,counterfactual,S8975,100 cm Hotel Towel,mismatched,images/test_image_00006.jpg,mismatched,0.025000000000000022,not_ready,0.025000000000000022
qwen3vl_32b,habit_cfx_0097,habit_test_00009,000128_01,000128,S7025,early,counterfactual,S7414,Paper to-go box,mismatched,images/test_image_00009.jpg,mismatched,0.025000000000000022,not_ready,0.025000000000000022
qwen3vl_32b,habit_cfx_0098,habit_test_00009,000128_01,000128,S7025,early,counterfactual,S7788,iced cup,mismatched,images/test_image_00009.jpg,mismatched,0.025000000000000022,not_ready,0.025000000000000022
qwen3vl_32b,habit_cfx_0099,habit_test_00009,000128_01,000128,S7025,early,counterfactual,S8940,Airtight Container lid,mismatched,images/test_image_00009.jpg,mismatched,0.025000000000000022,not_ready,0.025000000000000022
qwen3vl_32b,habit_cfx_0100,habit_test_00009,000128_01,000128,S7025,early,counterfactual,S8975,100 cm Hotel Towel,mismatched,images/test_image_00009.jpg,mismatched,0.025000000000000022,not_ready,0.025000000000000022
qwen3vl_32b,habit_cfx_0101,habit_test_00010,000128_01,000128,S7025,ready,counterfactual,S7414,Paper to-go box,mismatched,images/test_image_00010.jpg,mismatched,0.025000000000000022,not_ready,0.025000000000000022
qwen3vl_32b,habit_cfx_0102,habit_test_00010,000128_01,000128,S7025,ready,counterfactual,S7788,iced cup,mismatched,images/test_image_00010.jpg,mismatched,0.025000000000000022,not_ready,0.025000000000000022
qwen3vl_32b,habit_cfx_0103,habit_test_00010,000128_01,000128,S7025,ready,counterfactual,S8940,Airtight Container lid,mismatched,images/test_image_00010.jpg,mismatched,0.025000000000000022,not_ready,0.025000000000000022
qwen3vl_32b,habit_cfx_0104,habit_test_00010,000128_01,000128,S7025,ready,counterfactual,S8975,100 cm Hotel Towel,mismatched,images/test_image_00010.jpg,mismatched,0.025000000000000022,not_ready,0.025000000000000022
qwen3vl_32b,habit_cfx_0105,habit_test_00013,000129_01,000129,S7025,early,counterfactual,S7414,Paper to-go box,mismatched,images/test_image_00013.jpg,mismatched,0.025000000000000022,not_ready,0.025000000000000022
qwen3vl_32b,habit_cfx_0106,habit_test_00013,000129_01,000129,S7025,early,counterfactual,S7788,iced cup,mismatched,images/test_image_00013.jpg,mismatched,0.025000000000000022,not_ready,0.025000000000000022
qwen3vl_32b,habit_cfx_0107,habit_test_00013,000129_01,000129,S7025,early,counterfactual,S8940,Airtight Container lid,mismatched,images/test_image_00013.jpg,mismatched,0.025000000000000022,not_ready,0.025000000000000022
qwen3vl_32b,habit_cfx_0108,habit_test_00013,000129_01,000129,S7025,early,counterfactual,S8975,100 cm Hotel Towel,mismatched,images/test_image_00013.jpg,mismatched,0.025000000000000022,not_ready,0.025000000000000022
qwen3vl_32b,habit_cfx_0109,habit_test_00014,000129_01,000129,S7025,ready,counterfactual,S7414,Paper to-go box,mismatched,images/test_image_00014.jpg,mismatched,0.025000000000000022,not_ready,0.025000000000000022
qwen3vl_32b,habit_cfx_0110,habit_test_00014,000129_01,000129,S7025,ready,counterfactual,S7788,iced cup,mismatched,images/test_image_00014.jpg,mismatched,0.025000000000000022,not_ready,0.025000000000000022
qwen3vl_32b,habit_cfx_0111,habit_test_00014,000129_01,000129,S7025,ready,counterfactual,S8940,Airtight Container lid,mismatched,images/test_image_00014.jpg,matched,0.975,ready,0.95
qwen3vl_32b,habit_cfx_0112,habit_test_00014,000129_01,000129,S7025,ready,counterfactual,S8975,100 cm Hotel Towel,mismatched,images/test_image_00014.jpg,mismatched,0.025000000000000022,not_ready,0.025000000000000022
qwen3vl_32b,habit_cfx_0113,habit_test_00017,000130_01,000130,S7025,early,counterfactual,S7414,Paper to-go box,mismatched,images/test_image_00017.jpg,mismatched,0.025000000000000022,not_ready,0.025000000000000022
qwen3vl_32b,habit_cfx_0114,habit_test_00017,000130_01,000130,S7025,early,counterfactual,S7788,iced cup,mismatched,images/test_image_00017.jpg,mismatched,0.025000000000000022,not_ready,0.025000000000000022
qwen3vl_32b,habit_cfx_0115,habit_test_00017,000130_01,000130,S7025,early,counterfactual,S8940,Airtight Container lid,mismatched,images/test_image_00017.jpg,mismatched,0.025000000000000022,not_ready,0.025000000000000022
qwen3vl_32b,habit_cfx_0116,habit_test_00017,000130_01,000130,S7025,early,counterfactual,S8975,100 cm Hotel Towel,mismatched,images/test_image_00017.jpg,mismatched,0.025000000000000022,not_ready,0.025000000000000022
qwen3vl_32b,habit_cfx_0117,habit_test_00018,000130_01,000130,S7025,ready,counterfactual,S7414,Paper to-go box,mismatched,images/test_image_00018.jpg,mismatched,0.025000000000000022,not_ready,0.025000000000000022
qwen3vl_32b,habit_cfx_0118,habit_test_00018,000130_01,000130,S7025,ready,counterfactual,S7788,iced cup,mismatched,images/test_image_00018.jpg,mismatched,0.025000000000000022,not_ready,0.025000000000000022
qwen3vl_32b,habit_cfx_0119,habit_test_00018,000130_01,000130,S7025,ready,counterfactual,S8940,Airtight Container lid,mismatched,images/test_image_00018.jpg,mismatched,0.025000000000000022,not_ready,0.025000000000000022
qwen3vl_32b,habit_cfx_0120,habit_test_00018,000130_01,000130,S7025,ready,counterfactual,S8975,100 cm Hotel Towel,mismatched,images/test_image_00018.jpg,mismatched,0.025000000000000022,not_ready,0.025000000000000022
qwen3vl_32b,habit_cfx_0121,habit_test_00021,000131_01,000131,S7025,early,counterfactual,S7414,Paper to-go box,mismatched,images/test_image_00021.jpg,mismatched,0.025000000000000022,not_ready,0.025000000000000022
qwen3vl_32b,habit_cfx_0122,habit_test_00021,000131_01,000131,S7025,early,counterfactual,S7788,iced cup,mismatched,images/test_image_00021.jpg,mismatched,0.025000000000000022,not_ready,0.025000000000000022
qwen3vl_32b,habit_cfx_0123,habit_test_00021,000131_01,000131,S7025,early,counterfactual,S8940,Airtight Container lid,mismatched,images/test_image_00021.jpg,mismatched,0.025000000000000022,not_ready,0.025000000000000022
qwen3vl_32b,habit_cfx_0124,habit_test_00021,000131_01,000131,S7025,early,counterfactual,S8975,100 cm Hotel Towel,mismatched,images/test_image_00021.jpg,mismatched,0.025000000000000022,not_ready,0.025000000000000022
qwen3vl_32b,habit_cfx_0125,habit_test_00022,000131_01,000131,S7025,ready,counterfactual,S7414,Paper to-go box,mismatched,images/test_image_00022.jpg,mismatched,0.025000000000000022,not_ready,0.025000000000000022
qwen3vl_32b,habit_cfx_0126,habit_test_00022,000131_01,000131,S7025,ready,counterfactual,S7788,iced cup,mismatched,images/test_image_00022.jpg,mismatched,0.025000000000000022,not_ready,0.025000000000000022
qwen3vl_32b,habit_cfx_0127,habit_test_00022,000131_01,000131,S7025,ready,counterfactual,S8940,Airtight Container lid,mismatched,images/test_image_00022.jpg,matched,0.975,ready,0.95
qwen3vl_32b,habit_cfx_0128,habit_test_00022,000131_01,000131,S7025,ready,counterfactual,S8975,100 cm Hotel Towel,mismatched,images/test_image_00022.jpg,mismatched,0.025000000000000022,not_ready,0.025000000000000022
qwen3vl_32b,habit_cfx_0129,habit_test_00025,000132_01,000132,S7025,early,counterfactual,S7414,Paper to-go box,mismatched,images/test_image_00025.jpg,mismatched,0.025000000000000022,not_ready,0.025000000000000022
qwen3vl_32b,habit_cfx_0130,habit_test_00025,000132_01,000132,S7025,early,counterfactual,S7788,iced cup,mismatched,images/test_image_00025.jpg,mismatched,0.04999999999999999,not_ready,0.04999999999999999
qwen3vl_32b,habit_cfx_0131,habit_test_00025,000132_01,000132,S7025,early,counterfactual,S8940,Airtight Container lid,mismatched,images/test_image_00025.jpg,matched,0.975,not_ready,0.04999999999999999
qwen3vl_32b,habit_cfx_0132,habit_test_00025,000132_01,000132,S7025,early,counterfactual,S8975,100 cm Hotel Towel,mismatched,images/test_image_00025.jpg,mismatched,0.025000000000000022,not_ready,0.025000000000000022
qwen3vl_32b,habit_cfx_0133,habit_test_00026,000132_01,000132,S7025,ready,counterfactual,S7414,Paper to-go box,mismatched,images/test_image_00026.jpg,matched,0.975,ready,0.95
qwen3vl_32b,habit_cfx_0134,habit_test_00026,000132_01,000132,S7025,ready,counterfactual,S7788,iced cup,mismatched,images/test_image_00026.jpg,mismatched,0.04999999999999999,not_ready,0.04999999999999999
qwen3vl_32b,habit_cfx_0135,habit_test_00026,000132_01,000132,S7025,ready,counterfactual,S8940,Airtight Container lid,mismatched,images/test_image_00026.jpg,matched,0.975,ready,0.95
qwen3vl_32b,habit_cfx_0136,habit_test_00026,000132_01,000132,S7025,ready,counterfactual,S8975,100 cm Hotel Towel,mismatched,images/test_image_00026.jpg,mismatched,0.025000000000000022,not_ready,0.025000000000000022
qwen3vl_32b,habit_cfx_0137,habit_test_00029,000133_01,000133,S7025,early,counterfactual,S7414,Paper to-go box,mismatched,images/test_image_00029.jpg,mismatched,0.025000000000000022,not_ready,0.025000000000000022
qwen3vl_32b,habit_cfx_0138,habit_test_00029,000133_01,000133,S7025,early,counterfactual,S7788,iced cup,mismatched,images/test_image_00029.jpg,mismatched,0.025000000000000022,not_ready,0.025000000000000022
qwen3vl_32b,habit_cfx_0139,habit_test_00029,000133_01,000133,S7025,early,counterfactual,S8940,Airtight Container lid,mismatched,images/test_image_00029.jpg,mismatched,0.025000000000000022,not_ready,0.025000000000000022
qwen3vl_32b,habit_cfx_0140,habit_test_00029,000133_01,000133,S7025,early,counterfactual,S8975,100 cm Hotel Towel,mismatched,images/test_image_00029.jpg,mismatched,0.025000000000000022,not_ready,0.025000000000000022
qwen3vl_32b,habit_cfx_0141,habit_test_00030,000133_01,000133,S7025,ready,counterfactual,S7414,Paper to-go box,mismatched,images/test_image_00030.jpg,mismatched,0.025000000000000022,not_ready,0.025000000000000022
qwen3vl_32b,habit_cfx_0142,habit_test_00030,000133_01,000133,S7025,ready,counterfactual,S7788,iced cup,mismatched,images/test_image_00030.jpg,mismatched,0.025000000000000022,not_ready,0.025000000000000022
qwen3vl_32b,habit_cfx_0143,habit_test_00030,000133_01,000133,S7025,ready,counterfactual,S8940,Airtight Container lid,mismatched,images/test_image_00030.jpg,matched,0.975,ready,0.95
qwen3vl_32b,habit_cfx_0144,habit_test_00030,000133_01,000133,S7025,ready,counterfactual,S8975,100 cm Hotel Towel,mismatched,images/test_image_00030.jpg,mismatched,0.025000000000000022,not_ready,0.025000000000000022
qwen3vl_32b,habit_cfx_0145,habit_test_00033,000135_01,000135,S7025,early,counterfactual,S7414,Paper to-go box,mismatched,images/test_image_00033.jpg,mismatched,0.025000000000000022,not_ready,0.025000000000000022
qwen3vl_32b,habit_cfx_0146,habit_test_00033,000135_01,000135,S7025,early,counterfactual,S7788,iced cup,mismatched,images/test_image_00033.jpg,mismatched,0.025000000000000022,not_ready,0.025000000000000022
qwen3vl_32b,habit_cfx_0147,habit_test_00033,000135_01,000135,S7025,early,counterfactual,S8940,Airtight Container lid,mismatched,images/test_image_00033.jpg,matched,0.95,not_ready,0.09999999999999998
qwen3vl_32b,habit_cfx_0148,habit_test_00033,000135_01,000135,S7025,early,counterfactual,S8975,100 cm Hotel Towel,mismatched,images/test_image_00033.jpg,mismatched,0.025000000000000022,not_ready,0.025000000000000022
qwen3vl_32b,habit_cfx_0149,habit_test_00034,000135_01,000135,S7025,ready,counterfactual,S7414,Paper to-go box,mismatched,images/test_image_00034.jpg,mismatched,0.025000000000000022,not_ready,0.025000000000000022
qwen3vl_32b,habit_cfx_0150,habit_test_00034,000135_01,000135,S7025,ready,counterfactual,S7788,iced cup,mismatched,images/test_image_00034.jpg,mismatched,0.025000000000000022,not_ready,0.025000000000000022
qwen3vl_32b,habit_cfx_0151,habit_test_00034,000135_01,000135,S7025,ready,counterfactual,S8940,Airtight Container lid,mismatched,images/test_image_00034.jpg,mismatched,0.025000000000000022,not_ready,0.025000000000000022
qwen3vl_32b,habit_cfx_0152,habit_test_00034,000135_01,000135,S7025,ready,counterfactual,S8975,100 cm Hotel Towel,mismatched,images/test_image_00034.jpg,mismatched,0.025000000000000022,not_ready,0.025000000000000022
qwen3vl_32b,habit_cfx_0153,habit_test_00037,000137_01,000137,S7025,early,counterfactual,S7414,Paper to-go box,mismatched,images/test_image_00037.jpg,mismatched,0.025000000000000022,not_ready,0.025000000000000022
qwen3vl_32b,habit_cfx_0154,habit_test_00037,000137_01,000137,S7025,early,counterfactual,S7788,iced cup,mismatched,images/test_image_00037.jpg,mismatched,0.025000000000000022,not_ready,0.025000000000000022
qwen3vl_32b,habit_cfx_0155,habit_test_00037,000137_01,000137,S7025,early,counterfactual,S8940,Airtight Container lid,mismatched,images/test_image_00037.jpg,mismatched,0.025000000000000022,not_ready,0.025000000000000022
qwen3vl_32b,habit_cfx_0156,habit_test_00037,000137_01,000137,S7025,early,counterfactual,S8975,100 cm Hotel Towel,mismatched,images/test_image_00037.jpg,mismatched,0.025000000000000022,not_ready,0.025000000000000022
qwen3vl_32b,habit_cfx_0157,habit_test_00038,000137_01,000137,S7025,ready,counterfactual,S7414,Paper to-go box,mismatched,images/test_image_00038.jpg,mismatched,0.025000000000000022,not_ready,0.025000000000000022
qwen3vl_32b,habit_cfx_0158,habit_test_00038,000137_01,000137,S7025,ready,counterfactual,S7788,iced cup,mismatched,images/test_image_00038.jpg,mismatched,0.025000000000000022,not_ready,0.025000000000000022
qwen3vl_32b,habit_cfx_0159,habit_test_00038,000137_01,000137,S7025,ready,counterfactual,S8940,Airtight Container lid,mismatched,images/test_image_00038.jpg,matched,0.975,ready,0.95
qwen3vl_32b,habit_cfx_0160,habit_test_00038,000137_01,000137,S7025,ready,counterfactual,S8975,100 cm Hotel Towel,mismatched,images/test_image_00038.jpg,mismatched,0.025000000000000022,not_ready,0.025000000000000022
qwen3vl_32b,habit_cfx_0161,habit_test_00469,002888_01,002888,S7414,early,counterfactual,S6759,Power Cable,mismatched,images/test_image_00469.jpg,mismatched,0.025000000000000022,not_ready,0.025000000000000022
qwen3vl_32b,habit_cfx_0162,habit_test_00469,002888_01,002888,S7414,early,counterfactual,S7025,Organizing box,mismatched,images/test_image_00469.jpg,mismatched,0.025000000000000022,not_ready,0.025000000000000022
qwen3vl_32b,habit_cfx_0163,habit_test_00469,002888_01,002888,S7414,early,counterfactual,S7788,iced cup,mismatched,images/test_image_00469.jpg,mismatched,0.025000000000000022,not_ready,0.025000000000000022
qwen3vl_32b,habit_cfx_0164,habit_test_00469,002888_01,002888,S7414,early,counterfactual,S8940,Airtight Container lid,mismatched,images/test_image_00469.jpg,matched,1.0,ready,1.0
qwen3vl_32b,habit_cfx_0165,habit_test_00470,002888_01,002888,S7414,ready,counterfactual,S6759,Power Cable,mismatched,images/test_image_00470.jpg,mismatched,0.025000000000000022,not_ready,0.025000000000000022
qwen3vl_32b,habit_cfx_0166,habit_test_00470,002888_01,002888,S7414,ready,counterfactual,S7025,Organizing box,mismatched,images/test_image_00470.jpg,matched,1.0,ready,1.0
qwen3vl_32b,habit_cfx_0167,habit_test_00470,002888_01,002888,S7414,ready,counterfactual,S7788,iced cup,mismatched,images/test_image_00470.jpg,mismatched,0.025000000000000022,not_ready,0.025000000000000022
qwen3vl_32b,habit_cfx_0168,habit_test_00470,002888_01,002888,S7414,ready,counterfactual,S8940,Airtight Container lid,mismatched,images/test_image_00470.jpg,mismatched,0.025000000000000022,not_ready,0.025000000000000022
qwen3vl_32b,habit_cfx_0169,habit_test_00473,002889_01,002889,S7414,early,counterfactual,S6759,Power Cable,mismatched,images/test_image_00473.jpg,mismatched,0.025000000000000022,not_ready,0.025000000000000022
qwen3vl_32b,habit_cfx_0170,habit_test_00473,002889_01,002889,S7414,early,counterfactual,S7025,Organizing box,mismatched,images/test_image_00473.jpg,matched,1.0,ready,1.0
qwen3vl_32b,habit_cfx_0171,habit_test_00473,002889_01,002889,S7414,early,counterfactual,S7788,iced cup,mismatched,images/test_image_00473.jpg,mismatched,0.025000000000000022,not_ready,0.025000000000000022
qwen3vl_32b,habit_cfx_0172,habit_test_00473,002889_01,002889,S7414,early,counterfactual,S8940,Airtight Container lid,mismatched,images/test_image_00473.jpg,matched,1.0,ready,1.0
qwen3vl_32b,habit_cfx_0173,habit_test_00474,002889_01,002889,S7414,ready,counterfactual,S6759,Power Cable,mismatched,images/test_image_00474.jpg,mismatched,0.025000000000000022,not_ready,0.025000000000000022
qwen3vl_32b,habit_cfx_0174,habit_test_00474,002889_01,002889,S7414,ready,counterfactual,S7025,Organizing box,mismatched,images/test_image_00474.jpg,matched,1.0,ready,1.0
qwen3vl_32b,habit_cfx_0175,habit_test_00474,002889_01,002889,S7414,ready,counterfactual,S7788,iced cup,mismatched,images/test_image_00474.jpg,mismatched,0.025000000000000022,not_ready,0.025000000000000022
qwen3vl_32b,habit_cfx_0176,habit_test_00474,002889_01,002889,S7414,ready,counterfactual,S8940,Airtight Container lid,mismatched,images/test_image_00474.jpg,mismatched,0.025000000000000022,not_ready,0.025000000000000022
qwen3vl_32b,habit_cfx_0177,habit_test_00477,002890_01,002890,S7414,early,counterfactual,S6759,Power Cable,mismatched,images/test_image_00477.jpg,mismatched,0.025000000000000022,not_ready,0.025000000000000022
qwen3vl_32b,habit_cfx_0178,habit_test_00477,002890_01,002890,S7414,early,counterfactual,S7025,Organizing box,mismatched,images/test_image_00477.jpg,matched,1.0,ready,1.0
qwen3vl_32b,habit_cfx_0179,habit_test_00477,002890_01,002890,S7414,early,counterfactual,S7788,iced cup,mismatched,images/test_image_00477.jpg,mismatched,0.025000000000000022,not_ready,0.025000000000000022
qwen3vl_32b,habit_cfx_0180,habit_test_00477,002890_01,002890,S7414,early,counterfactual,S8940,Airtight Container lid,mismatched,images/test_image_00477.jpg,matched,1.0,ready,1.0
qwen3vl_32b,habit_cfx_0181,habit_test_00478,002890_01,002890,S7414,ready,counterfactual,S6759,Power Cable,mismatched,images/test_image_00478.jpg,mismatched,0.025000000000000022,not_ready,0.025000000000000022
qwen3vl_32b,habit_cfx_0182,habit_test_00478,002890_01,002890,S7414,ready,counterfactual,S7025,Organizing box,mismatched,images/test_image_00478.jpg,matched,1.0,ready,1.0
qwen3vl_32b,habit_cfx_0183,habit_test_00478,002890_01,002890,S7414,ready,counterfactual,S7788,iced cup,mismatched,images/test_image_00478.jpg,mismatched,0.025000000000000022,not_ready,0.025000000000000022
qwen3vl_32b,habit_cfx_0184,habit_test_00478,002890_01,002890,S7414,ready,counterfactual,S8940,Airtight Container lid,mismatched,images/test_image_00478.jpg,mismatched,0.025000000000000022,not_ready,0.025000000000000022
qwen3vl_32b,habit_cfx_0185,habit_test_00481,002891_01,002891,S7414,early,counterfactual,S6759,Power Cable,mismatched,images/test_image_00481.jpg,mismatched,0.025000000000000022,not_ready,0.025000000000000022
qwen3vl_32b,habit_cfx_0186,habit_test_00481,002891_01,002891,S7414,early,counterfactual,S7025,Organizing box,mismatched,images/test_image_00481.jpg,matched,1.0,ready,1.0
qwen3vl_32b,habit_cfx_0187,habit_test_00481,002891_01,002891,S7414,early,counterfactual,S7788,iced cup,mismatched,images/test_image_00481.jpg,mismatched,0.025000000000000022,not_ready,0.025000000000000022
qwen3vl_32b,habit_cfx_0188,habit_test_00481,002891_01,002891,S7414,early,counterfactual,S8940,Airtight Container lid,mismatched,images/test_image_00481.jpg,matched,1.0,ready,1.0
qwen3vl_32b,habit_cfx_0189,habit_test_00482,002891_01,002891,S7414,ready,counterfactual,S6759,Power Cable,mismatched,images/test_image_00482.jpg,mismatched,0.025000000000000022,not_ready,0.025000000000000022
qwen3vl_32b,habit_cfx_0190,habit_test_00482,002891_01,002891,S7414,ready,counterfactual,S7025,Organizing box,mismatched,images/test_image_00482.jpg,matched,1.0,ready,1.0
qwen3vl_32b,habit_cfx_0191,habit_test_00482,002891_01,002891,S7414,ready,counterfactual,S7788,iced cup,mismatched,images/test_image_00482.jpg,mismatched,0.025000000000000022,not_ready,0.025000000000000022
qwen3vl_32b,habit_cfx_0192,habit_test_00482,002891_01,002891,S7414,ready,counterfactual,S8940,Airtight Container lid,mismatched,images/test_image_00482.jpg,mismatched,0.025000000000000022,not_ready,0.025000000000000022
qwen3vl_32b,habit_cfx_0193,habit_test_00485,002892_01,002892,S7414,early,counterfactual,S6759,Power Cable,mismatched,images/test_image_00485.jpg,mismatched,0.025000000000000022,not_ready,0.025000000000000022
qwen3vl_32b,habit_cfx_0194,habit_test_00485,002892_01,002892,S7414,early,counterfactual,S7025,Organizing box,mismatched,images/test_image_00485.jpg,matched,1.0,ready,1.0
qwen3vl_32b,habit_cfx_0195,habit_test_00485,002892_01,002892,S7414,early,counterfactual,S7788,iced cup,mismatched,images/test_image_00485.jpg,mismatched,0.025000000000000022,not_ready,0.025000000000000022
qwen3vl_32b,habit_cfx_0196,habit_test_00485,002892_01,002892,S7414,early,counterfactual,S8940,Airtight Container lid,mismatched,images/test_image_00485.jpg,matched,1.0,ready,1.0
qwen3vl_32b,habit_cfx_0197,habit_test_00486,002892_01,002892,S7414,ready,counterfactual,S6759,Power Cable,mismatched,images/test_image_00486.jpg,mismatched,0.025000000000000022,not_ready,0.025000000000000022
qwen3vl_32b,habit_cfx_0198,habit_test_00486,002892_01,002892,S7414,ready,counterfactual,S7025,Organizing box,mismatched,images/test_image_00486.jpg,matched,1.0,ready,1.0
qwen3vl_32b,habit_cfx_0199,habit_test_00486,002892_01,002892,S7414,ready,counterfactual,S7788,iced cup,mismatched,images/test_image_00486.jpg,mismatched,0.025000000000000022,not_ready,0.025000000000000022
qwen3vl_32b,habit_cfx_0200,habit_test_00486,002892_01,002892,S7414,ready,counterfactual,S8940,Airtight Container lid,mismatched,images/test_image_00486.jpg,mismatched,0.025000000000000022,not_ready,0.025000000000000022
qwen3vl_32b,habit_cfx_0201,habit_test_00489,002894_01,002894,S7414,early,counterfactual,S6759,Power Cable,mismatched,images/test_image_00489.jpg,mismatched,0.025000000000000022,not_ready,0.025000000000000022
qwen3vl_32b,habit_cfx_0202,habit_test_00489,002894_01,002894,S7414,early,counterfactual,S7025,Organizing box,mismatched,images/test_image_00489.jpg,matched,1.0,ready,1.0
qwen3vl_32b,habit_cfx_0203,habit_test_00489,002894_01,002894,S7414,early,counterfactual,S7788,iced cup,mismatched,images/test_image_00489.jpg,mismatched,0.025000000000000022,not_ready,0.025000000000000022
qwen3vl_32b,habit_cfx_0204,habit_test_00489,002894_01,002894,S7414,early,counterfactual,S8940,Airtight Container lid,mismatched,images/test_image_00489.jpg,matched,1.0,ready,1.0
qwen3vl_32b,habit_cfx_0205,habit_test_00490,002894_01,002894,S7414,ready,counterfactual,S6759,Power Cable,mismatched,images/test_image_00490.jpg,mismatched,0.025000000000000022,not_ready,0.025000000000000022
qwen3vl_32b,habit_cfx_0206,habit_test_00490,002894_01,002894,S7414,ready,counterfactual,S7025,Organizing box,mismatched,images/test_image_00490.jpg,matched,1.0,ready,1.0
qwen3vl_32b,habit_cfx_0207,habit_test_00490,002894_01,002894,S7414,ready,counterfactual,S7788,iced cup,mismatched,images/test_image_00490.jpg,mismatched,0.025000000000000022,not_ready,0.025000000000000022
qwen3vl_32b,habit_cfx_0208,habit_test_00490,002894_01,002894,S7414,ready,counterfactual,S8940,Airtight Container lid,mismatched,images/test_image_00490.jpg,mismatched,0.025000000000000022,not_ready,0.025000000000000022
qwen3vl_32b,habit_cfx_0209,habit_test_00493,002895_01,002895,S7414,early,counterfactual,S6759,Power Cable,mismatched,images/test_image_00493.jpg,mismatched,0.025000000000000022,not_ready,0.025000000000000022
qwen3vl_32b,habit_cfx_0210,habit_test_00493,002895_01,002895,S7414,early,counterfactual,S7025,Organizing box,mismatched,images/test_image_00493.jpg,matched,1.0,ready,1.0
qwen3vl_32b,habit_cfx_0211,habit_test_00493,002895_01,002895,S7414,early,counterfactual,S7788,iced cup,mismatched,images/test_image_00493.jpg,mismatched,0.025000000000000022,not_ready,0.025000000000000022
qwen3vl_32b,habit_cfx_0212,habit_test_00493,002895_01,002895,S7414,early,counterfactual,S8940,Airtight Container lid,mismatched,images/test_image_00493.jpg,matched,1.0,ready,1.0
qwen3vl_32b,habit_cfx_0213,habit_test_00494,002895_01,002895,S7414,ready,counterfactual,S6759,Power Cable,mismatched,images/test_image_00494.jpg,mismatched,0.025000000000000022,not_ready,0.025000000000000022
qwen3vl_32b,habit_cfx_0214,habit_test_00494,002895_01,002895,S7414,ready,counterfactual,S7025,Organizing box,mismatched,images/test_image_00494.jpg,matched,1.0,ready,1.0
qwen3vl_32b,habit_cfx_0215,habit_test_00494,002895_01,002895,S7414,ready,counterfactual,S7788,iced cup,mismatched,images/test_image_00494.jpg,mismatched,0.025000000000000022,not_ready,0.025000000000000022
qwen3vl_32b,habit_cfx_0216,habit_test_00494,002895_01,002895,S7414,ready,counterfactual,S8940,Airtight Container lid,mismatched,images/test_image_00494.jpg,matched,1.0,ready,1.0
qwen3vl_32b,habit_cfx_0217,habit_test_00497,002896_01,002896,S7414,early,counterfactual,S6759,Power Cable,mismatched,images/test_image_00497.jpg,mismatched,0.025000000000000022,not_ready,0.025000000000000022
qwen3vl_32b,habit_cfx_0218,habit_test_00497,002896_01,002896,S7414,early,counterfactual,S7025,Organizing box,mismatched,images/test_image_00497.jpg,mismatched,0.025000000000000022,not_ready,0.025000000000000022
qwen3vl_32b,habit_cfx_0219,habit_test_00497,002896_01,002896,S7414,early,counterfactual,S7788,iced cup,mismatched,images/test_image_00497.jpg,mismatched,0.025000000000000022,not_ready,0.025000000000000022
qwen3vl_32b,habit_cfx_0220,habit_test_00497,002896_01,002896,S7414,early,counterfactual,S8940,Airtight Container lid,mismatched,images/test_image_00497.jpg,matched,1.0,ready,1.0
qwen3vl_32b,habit_cfx_0221,habit_test_00498,002896_01,002896,S7414,ready,counterfactual,S6759,Power Cable,mismatched,images/test_image_00498.jpg,mismatched,0.025000000000000022,not_ready,0.025000000000000022
qwen3vl_32b,habit_cfx_0222,habit_test_00498,002896_01,002896,S7414,ready,counterfactual,S7025,Organizing box,mismatched,images/test_image_00498.jpg,matched,1.0,ready,1.0
qwen3vl_32b,habit_cfx_0223,habit_test_00498,002896_01,002896,S7414,ready,counterfactual,S7788,iced cup,mismatched,images/test_image_00498.jpg,mismatched,0.025000000000000022,not_ready,0.025000000000000022
qwen3vl_32b,habit_cfx_0224,habit_test_00498,002896_01,002896,S7414,ready,counterfactual,S8940,Airtight Container lid,mismatched,images/test_image_00498.jpg,mismatched,0.025000000000000022,not_ready,0.025000000000000022
qwen3vl_32b,habit_cfx_0225,habit_test_00501,002898_01,002898,S7414,early,counterfactual,S6759,Power Cable,mismatched,images/test_image_00501.jpg,mismatched,0.025000000000000022,not_ready,0.025000000000000022
qwen3vl_32b,habit_cfx_0226,habit_test_00501,002898_01,002898,S7414,early,counterfactual,S7025,Organizing box,mismatched,images/test_image_00501.jpg,matched,1.0,ready,1.0
qwen3vl_32b,habit_cfx_0227,habit_test_00501,002898_01,002898,S7414,early,counterfactual,S7788,iced cup,mismatched,images/test_image_00501.jpg,mismatched,0.025000000000000022,not_ready,0.025000000000000022
qwen3vl_32b,habit_cfx_0228,habit_test_00501,002898_01,002898,S7414,early,counterfactual,S8940,Airtight Container lid,mismatched,images/test_image_00501.jpg,matched,1.0,ready,1.0
qwen3vl_32b,habit_cfx_0229,habit_test_00502,002898_01,002898,S7414,ready,counterfactual,S6759,Power Cable,mismatched,images/test_image_00502.jpg,mismatched,0.025000000000000022,not_ready,0.025000000000000022
qwen3vl_32b,habit_cfx_0230,habit_test_00502,002898_01,002898,S7414,ready,counterfactual,S7025,Organizing box,mismatched,images/test_image_00502.jpg,matched,1.0,ready,1.0
qwen3vl_32b,habit_cfx_0231,habit_test_00502,002898_01,002898,S7414,ready,counterfactual,S7788,iced cup,mismatched,images/test_image_00502.jpg,mismatched,0.025000000000000022,not_ready,0.025000000000000022
qwen3vl_32b,habit_cfx_0232,habit_test_00502,002898_01,002898,S7414,ready,counterfactual,S8940,Airtight Container lid,mismatched,images/test_image_00502.jpg,mismatched,0.025000000000000022,not_ready,0.025000000000000022
qwen3vl_32b,habit_cfx_0233,habit_test_00505,002899_01,002899,S7414,early,counterfactual,S6759,Power Cable,mismatched,images/test_image_00505.jpg,mismatched,0.025000000000000022,not_ready,0.025000000000000022
qwen3vl_32b,habit_cfx_0234,habit_test_00505,002899_01,002899,S7414,early,counterfactual,S7025,Organizing box,mismatched,images/test_image_00505.jpg,matched,1.0,ready,1.0
qwen3vl_32b,habit_cfx_0235,habit_test_00505,002899_01,002899,S7414,early,counterfactual,S7788,iced cup,mismatched,images/test_image_00505.jpg,mismatched,0.025000000000000022,not_ready,0.025000000000000022
qwen3vl_32b,habit_cfx_0236,habit_test_00505,002899_01,002899,S7414,early,counterfactual,S8940,Airtight Container lid,mismatched,images/test_image_00505.jpg,matched,1.0,ready,1.0
qwen3vl_32b,habit_cfx_0237,habit_test_00506,002899_01,002899,S7414,ready,counterfactual,S6759,Power Cable,mismatched,images/test_image_00506.jpg,mismatched,0.025000000000000022,not_ready,0.025000000000000022
qwen3vl_32b,habit_cfx_0238,habit_test_00506,002899_01,002899,S7414,ready,counterfactual,S7025,Organizing box,mismatched,images/test_image_00506.jpg,matched,1.0,ready,1.0
qwen3vl_32b,habit_cfx_0239,habit_test_00506,002899_01,002899,S7414,ready,counterfactual,S7788,iced cup,mismatched,images/test_image_00506.jpg,mismatched,0.025000000000000022,not_ready,0.025000000000000022
qwen3vl_32b,habit_cfx_0240,habit_test_00506,002899_01,002899,S7414,ready,counterfactual,S8940,Airtight Container lid,mismatched,images/test_image_00506.jpg,mismatched,0.025000000000000022,not_ready,0.025000000000000022
qwen3vl_32b,habit_cfx_0241,habit_test_02013,008354_01,008354,S7788,early,counterfactual,S6759,Power Cable,mismatched,images/test_image_02013.jpg,mismatched,0.025000000000000022,not_ready,0.025000000000000022
qwen3vl_32b,habit_cfx_0242,habit_test_02013,008354_01,008354,S7788,early,counterfactual,S7025,Organizing box,mismatched,images/test_image_02013.jpg,mismatched,0.025000000000000022,not_ready,0.025000000000000022
qwen3vl_32b,habit_cfx_0243,habit_test_02013,008354_01,008354,S7788,early,counterfactual,S7414,Paper to-go box,mismatched,images/test_image_02013.jpg,mismatched,0.025000000000000022,not_ready,0.025000000000000022
qwen3vl_32b,habit_cfx_0244,habit_test_02013,008354_01,008354,S7788,early,counterfactual,S8975,100 cm Hotel Towel,mismatched,images/test_image_02013.jpg,mismatched,0.025000000000000022,not_ready,0.025000000000000022
qwen3vl_32b,habit_cfx_0245,habit_test_02014,008354_01,008354,S7788,ready,counterfactual,S6759,Power Cable,mismatched,images/test_image_02014.jpg,mismatched,0.025000000000000022,not_ready,0.025000000000000022
qwen3vl_32b,habit_cfx_0246,habit_test_02014,008354_01,008354,S7788,ready,counterfactual,S7025,Organizing box,mismatched,images/test_image_02014.jpg,mismatched,0.025000000000000022,not_ready,0.025000000000000022
qwen3vl_32b,habit_cfx_0247,habit_test_02014,008354_01,008354,S7788,ready,counterfactual,S7414,Paper to-go box,mismatched,images/test_image_02014.jpg,mismatched,0.025000000000000022,not_ready,0.025000000000000022
qwen3vl_32b,habit_cfx_0248,habit_test_02014,008354_01,008354,S7788,ready,counterfactual,S8975,100 cm Hotel Towel,mismatched,images/test_image_02014.jpg,mismatched,0.025000000000000022,not_ready,0.025000000000000022
qwen3vl_32b,habit_cfx_0249,habit_test_02015,008364_01,008364,S7788,early,counterfactual,S6759,Power Cable,mismatched,images/test_image_02015.jpg,mismatched,0.025000000000000022,not_ready,0.025000000000000022
qwen3vl_32b,habit_cfx_0250,habit_test_02015,008364_01,008364,S7788,early,counterfactual,S7025,Organizing box,mismatched,images/test_image_02015.jpg,mismatched,0.025000000000000022,not_ready,0.025000000000000022
qwen3vl_32b,habit_cfx_0251,habit_test_02015,008364_01,008364,S7788,early,counterfactual,S7414,Paper to-go box,mismatched,images/test_image_02015.jpg,mismatched,0.025000000000000022,not_ready,0.025000000000000022
qwen3vl_32b,habit_cfx_0252,habit_test_02015,008364_01,008364,S7788,early,counterfactual,S8975,100 cm Hotel Towel,mismatched,images/test_image_02015.jpg,mismatched,0.025000000000000022,not_ready,0.025000000000000022
qwen3vl_32b,habit_cfx_0253,habit_test_02016,008364_01,008364,S7788,ready,counterfactual,S6759,Power Cable,mismatched,images/test_image_02016.jpg,mismatched,0.025000000000000022,not_ready,0.025000000000000022
qwen3vl_32b,habit_cfx_0254,habit_test_02016,008364_01,008364,S7788,ready,counterfactual,S7025,Organizing box,mismatched,images/test_image_02016.jpg,mismatched,0.025000000000000022,not_ready,0.025000000000000022
qwen3vl_32b,habit_cfx_0255,habit_test_02016,008364_01,008364,S7788,ready,counterfactual,S7414,Paper to-go box,mismatched,images/test_image_02016.jpg,mismatched,0.025000000000000022,not_ready,0.025000000000000022
qwen3vl_32b,habit_cfx_0256,habit_test_02016,008364_01,008364,S7788,ready,counterfactual,S8975,100 cm Hotel Towel,mismatched,images/test_image_02016.jpg,mismatched,0.025000000000000022,not_ready,0.025000000000000022
qwen3vl_32b,habit_cfx_0257,habit_test_02019,008372_02,008372,S7788,early,counterfactual,S6759,Power Cable,mismatched,images/test_image_02019.jpg,mismatched,0.025000000000000022,not_ready,0.025000000000000022
qwen3vl_32b,habit_cfx_0258,habit_test_02019,008372_02,008372,S7788,early,counterfactual,S7025,Organizing box,mismatched,images/test_image_02019.jpg,mismatched,0.025000000000000022,not_ready,0.025000000000000022
qwen3vl_32b,habit_cfx_0259,habit_test_02019,008372_02,008372,S7788,early,counterfactual,S7414,Paper to-go box,mismatched,images/test_image_02019.jpg,mismatched,0.025000000000000022,not_ready,0.025000000000000022
qwen3vl_32b,habit_cfx_0260,habit_test_02019,008372_02,008372,S7788,early,counterfactual,S8975,100 cm Hotel Towel,mismatched,images/test_image_02019.jpg,mismatched,0.025000000000000022,not_ready,0.025000000000000022
qwen3vl_32b,habit_cfx_0261,habit_test_02020,008372_02,008372,S7788,ready,counterfactual,S6759,Power Cable,mismatched,images/test_image_02020.jpg,mismatched,0.025000000000000022,not_ready,0.025000000000000022
qwen3vl_32b,habit_cfx_0262,habit_test_02020,008372_02,008372,S7788,ready,counterfactual,S7025,Organizing box,mismatched,images/test_image_02020.jpg,mismatched,0.025000000000000022,not_ready,0.025000000000000022
qwen3vl_32b,habit_cfx_0263,habit_test_02020,008372_02,008372,S7788,ready,counterfactual,S7414,Paper to-go box,mismatched,images/test_image_02020.jpg,mismatched,0.025000000000000022,not_ready,0.025000000000000022
qwen3vl_32b,habit_cfx_0264,habit_test_02020,008372_02,008372,S7788,ready,counterfactual,S8975,100 cm Hotel Towel,mismatched,images/test_image_02020.jpg,mismatched,0.025000000000000022,not_ready,0.025000000000000022
qwen3vl_32b,habit_cfx_0265,habit_test_02021,008462_01,008462,S7788,early,counterfactual,S6759,Power Cable,mismatched,images/test_image_02021.jpg,mismatched,0.025000000000000022,not_ready,0.025000000000000022
qwen3vl_32b,habit_cfx_0266,habit_test_02021,008462_01,008462,S7788,early,counterfactual,S7025,Organizing box,mismatched,images/test_image_02021.jpg,mismatched,0.025000000000000022,not_ready,0.025000000000000022
qwen3vl_32b,habit_cfx_0267,habit_test_02021,008462_01,008462,S7788,early,counterfactual,S7414,Paper to-go box,mismatched,images/test_image_02021.jpg,mismatched,0.025000000000000022,not_ready,0.025000000000000022
qwen3vl_32b,habit_cfx_0268,habit_test_02021,008462_01,008462,S7788,early,counterfactual,S8975,100 cm Hotel Towel,mismatched,images/test_image_02021.jpg,mismatched,0.025000000000000022,not_ready,0.025000000000000022
qwen3vl_32b,habit_cfx_0269,habit_test_02022,008462_01,008462,S7788,ready,counterfactual,S6759,Power Cable,mismatched,images/test_image_02022.jpg,mismatched,0.025000000000000022,not_ready,0.025000000000000022
qwen3vl_32b,habit_cfx_0270,habit_test_02022,008462_01,008462,S7788,ready,counterfactual,S7025,Organizing box,mismatched,images/test_image_02022.jpg,mismatched,0.025000000000000022,not_ready,0.025000000000000022
qwen3vl_32b,habit_cfx_0271,habit_test_02022,008462_01,008462,S7788,ready,counterfactual,S7414,Paper to-go box,mismatched,images/test_image_02022.jpg,mismatched,0.025000000000000022,not_ready,0.025000000000000022
qwen3vl_32b,habit_cfx_0272,habit_test_02022,008462_01,008462,S7788,ready,counterfactual,S8975,100 cm Hotel Towel,mismatched,images/test_image_02022.jpg,mismatched,0.025000000000000022,not_ready,0.025000000000000022
qwen3vl_32b,habit_cfx_0273,habit_test_02023,008475_01,008475,S7788,early,counterfactual,S6759,Power Cable,mismatched,images/test_image_02023.jpg,mismatched,0.025000000000000022,not_ready,0.025000000000000022
qwen3vl_32b,habit_cfx_0274,habit_test_02023,008475_01,008475,S7788,early,counterfactual,S7025,Organizing box,mismatched,images/test_image_02023.jpg,mismatched,0.025000000000000022,not_ready,0.025000000000000022
qwen3vl_32b,habit_cfx_0275,habit_test_02023,008475_01,008475,S7788,early,counterfactual,S7414,Paper to-go box,mismatched,images/test_image_02023.jpg,mismatched,0.025000000000000022,not_ready,0.025000000000000022
qwen3vl_32b,habit_cfx_0276,habit_test_02023,008475_01,008475,S7788,early,counterfactual,S8975,100 cm Hotel Towel,mismatched,images/test_image_02023.jpg,mismatched,0.025000000000000022,not_ready,0.025000000000000022
qwen3vl_32b,habit_cfx_0277,habit_test_02024,008475_01,008475,S7788,ready,counterfactual,S6759,Power Cable,mismatched,images/test_image_02024.jpg,mismatched,0.025000000000000022,not_ready,0.025000000000000022
qwen3vl_32b,habit_cfx_0278,habit_test_02024,008475_01,008475,S7788,ready,counterfactual,S7025,Organizing box,mismatched,images/test_image_02024.jpg,mismatched,0.025000000000000022,not_ready,0.025000000000000022
qwen3vl_32b,habit_cfx_0279,habit_test_02024,008475_01,008475,S7788,ready,counterfactual,S7414,Paper to-go box,mismatched,images/test_image_02024.jpg,mismatched,0.025000000000000022,not_ready,0.025000000000000022
qwen3vl_32b,habit_cfx_0280,habit_test_02024,008475_01,008475,S7788,ready,counterfactual,S8975,100 cm Hotel Towel,mismatched,images/test_image_02024.jpg,mismatched,0.025000000000000022,not_ready,0.025000000000000022
qwen3vl_32b,habit_cfx_0281,habit_test_02025,008495_02,008495,S7788,early,counterfactual,S6759,Power Cable,mismatched,images/test_image_02025.jpg,mismatched,0.025000000000000022,not_ready,0.025000000000000022
qwen3vl_32b,habit_cfx_0282,habit_test_02025,008495_02,008495,S7788,early,counterfactual,S7025,Organizing box,mismatched,images/test_image_02025.jpg,mismatched,0.025000000000000022,not_ready,0.025000000000000022
qwen3vl_32b,habit_cfx_0283,habit_test_02025,008495_02,008495,S7788,early,counterfactual,S7414,Paper to-go box,mismatched,images/test_image_02025.jpg,mismatched,0.025000000000000022,not_ready,0.025000000000000022
qwen3vl_32b,habit_cfx_0284,habit_test_02025,008495_02,008495,S7788,early,counterfactual,S8975,100 cm Hotel Towel,mismatched,images/test_image_02025.jpg,mismatched,0.025000000000000022,not_ready,0.025000000000000022
qwen3vl_32b,habit_cfx_0285,habit_test_02026,008495_02,008495,S7788,ready,counterfactual,S6759,Power Cable,mismatched,images/test_image_02026.jpg,mismatched,0.025000000000000022,not_ready,0.025000000000000022
qwen3vl_32b,habit_cfx_0286,habit_test_02026,008495_02,008495,S7788,ready,counterfactual,S7025,Organizing box,mismatched,images/test_image_02026.jpg,mismatched,0.025000000000000022,not_ready,0.025000000000000022
qwen3vl_32b,habit_cfx_0287,habit_test_02026,008495_02,008495,S7788,ready,counterfactual,S7414,Paper to-go box,mismatched,images/test_image_02026.jpg,mismatched,0.025000000000000022,not_ready,0.025000000000000022
qwen3vl_32b,habit_cfx_0288,habit_test_02026,008495_02,008495,S7788,ready,counterfactual,S8975,100 cm Hotel Towel,mismatched,images/test_image_02026.jpg,mismatched,0.025000000000000022,not_ready,0.025000000000000022
qwen3vl_32b,habit_cfx_0289,habit_test_02027,008524_02,008524,S7788,early,counterfactual,S6759,Power Cable,mismatched,images/test_image_02027.jpg,mismatched,0.025000000000000022,not_ready,0.025000000000000022
qwen3vl_32b,habit_cfx_0290,habit_test_02027,008524_02,008524,S7788,early,counterfactual,S7025,Organizing box,mismatched,images/test_image_02027.jpg,mismatched,0.025000000000000022,not_ready,0.025000000000000022
qwen3vl_32b,habit_cfx_0291,habit_test_02027,008524_02,008524,S7788,early,counterfactual,S7414,Paper to-go box,mismatched,images/test_image_02027.jpg,mismatched,0.025000000000000022,not_ready,0.025000000000000022
qwen3vl_32b,habit_cfx_0292,habit_test_02027,008524_02,008524,S7788,early,counterfactual,S8975,100 cm Hotel Towel,mismatched,images/test_image_02027.jpg,mismatched,0.025000000000000022,not_ready,0.025000000000000022
qwen3vl_32b,habit_cfx_0293,habit_test_02028,008524_02,008524,S7788,ready,counterfactual,S6759,Power Cable,mismatched,images/test_image_02028.jpg,mismatched,0.025000000000000022,not_ready,0.025000000000000022
qwen3vl_32b,habit_cfx_0294,habit_test_02028,008524_02,008524,S7788,ready,counterfactual,S7025,Organizing box,mismatched,images/test_image_02028.jpg,mismatched,0.025000000000000022,not_ready,0.025000000000000022
qwen3vl_32b,habit_cfx_0295,habit_test_02028,008524_02,008524,S7788,ready,counterfactual,S7414,Paper to-go box,mismatched,images/test_image_02028.jpg,mismatched,0.025000000000000022,not_ready,0.025000000000000022
qwen3vl_32b,habit_cfx_0296,habit_test_02028,008524_02,008524,S7788,ready,counterfactual,S8975,100 cm Hotel Towel,mismatched,images/test_image_02028.jpg,mismatched,0.025000000000000022,not_ready,0.025000000000000022
qwen3vl_32b,habit_cfx_0297,habit_test_02029,009796_02,009796,S7788,early,counterfactual,S6759,Power Cable,mismatched,images/test_image_02029.jpg,mismatched,0.025000000000000022,not_ready,0.025000000000000022
qwen3vl_32b,habit_cfx_0298,habit_test_02029,009796_02,009796,S7788,early,counterfactual,S7025,Organizing box,mismatched,images/test_image_02029.jpg,mismatched,0.025000000000000022,not_ready,0.025000000000000022
qwen3vl_32b,habit_cfx_0299,habit_test_02029,009796_02,009796,S7788,early,counterfactual,S7414,Paper to-go box,mismatched,images/test_image_02029.jpg,mismatched,0.025000000000000022,not_ready,0.025000000000000022
qwen3vl_32b,habit_cfx_0300,habit_test_02029,009796_02,009796,S7788,early,counterfactual,S8975,100 cm Hotel Towel,mismatched,images/test_image_02029.jpg,mismatched,0.025000000000000022,not_ready,0.025000000000000022
qwen3vl_32b,habit_cfx_0301,habit_test_02030,009796_02,009796,S7788,ready,counterfactual,S6759,Power Cable,mismatched,images/test_image_02030.jpg,mismatched,0.025000000000000022,not_ready,0.025000000000000022
qwen3vl_32b,habit_cfx_0302,habit_test_02030,009796_02,009796,S7788,ready,counterfactual,S7025,Organizing box,mismatched,images/test_image_02030.jpg,mismatched,0.025000000000000022,not_ready,0.025000000000000022
qwen3vl_32b,habit_cfx_0303,habit_test_02030,009796_02,009796,S7788,ready,counterfactual,S7414,Paper to-go box,mismatched,images/test_image_02030.jpg,mismatched,0.025000000000000022,not_ready,0.025000000000000022
qwen3vl_32b,habit_cfx_0304,habit_test_02030,009796_02,009796,S7788,ready,counterfactual,S8975,100 cm Hotel Towel,mismatched,images/test_image_02030.jpg,mismatched,0.025000000000000022,not_ready,0.025000000000000022
qwen3vl_32b,habit_cfx_0305,habit_test_02031,009797_02,009797,S7788,early,counterfactual,S6759,Power Cable,mismatched,images/test_image_02031.jpg,mismatched,0.025000000000000022,not_ready,0.025000000000000022
qwen3vl_32b,habit_cfx_0306,habit_test_02031,009797_02,009797,S7788,early,counterfactual,S7025,Organizing box,mismatched,images/test_image_02031.jpg,mismatched,0.025000000000000022,not_ready,0.025000000000000022
qwen3vl_32b,habit_cfx_0307,habit_test_02031,009797_02,009797,S7788,early,counterfactual,S7414,Paper to-go box,mismatched,images/test_image_02031.jpg,mismatched,0.025000000000000022,not_ready,0.025000000000000022
qwen3vl_32b,habit_cfx_0308,habit_test_02031,009797_02,009797,S7788,early,counterfactual,S8975,100 cm Hotel Towel,mismatched,images/test_image_02031.jpg,mismatched,0.025000000000000022,not_ready,0.025000000000000022
qwen3vl_32b,habit_cfx_0309,habit_test_02032,009797_02,009797,S7788,ready,counterfactual,S6759,Power Cable,mismatched,images/test_image_02032.jpg,mismatched,0.025000000000000022,not_ready,0.025000000000000022
qwen3vl_32b,habit_cfx_0310,habit_test_02032,009797_02,009797,S7788,ready,counterfactual,S7025,Organizing box,mismatched,images/test_image_02032.jpg,mismatched,0.025000000000000022,not_ready,0.025000000000000022
qwen3vl_32b,habit_cfx_0311,habit_test_02032,009797_02,009797,S7788,ready,counterfactual,S7414,Paper to-go box,mismatched,images/test_image_02032.jpg,mismatched,0.025000000000000022,not_ready,0.025000000000000022
qwen3vl_32b,habit_cfx_0312,habit_test_02032,009797_02,009797,S7788,ready,counterfactual,S8975,100 cm Hotel Towel,mismatched,images/test_image_02032.jpg,mismatched,0.025000000000000022,not_ready,0.025000000000000022
qwen3vl_32b,habit_cfx_0313,habit_test_02033,009801_02,009801,S7788,early,counterfactual,S6759,Power Cable,mismatched,images/test_image_02033.jpg,mismatched,0.025000000000000022,not_ready,0.025000000000000022
qwen3vl_32b,habit_cfx_0314,habit_test_02033,009801_02,009801,S7788,early,counterfactual,S7025,Organizing box,mismatched,images/test_image_02033.jpg,mismatched,0.025000000000000022,not_ready,0.025000000000000022
qwen3vl_32b,habit_cfx_0315,habit_test_02033,009801_02,009801,S7788,early,counterfactual,S7414,Paper to-go box,mismatched,images/test_image_02033.jpg,mismatched,0.025000000000000022,not_ready,0.025000000000000022
qwen3vl_32b,habit_cfx_0316,habit_test_02033,009801_02,009801,S7788,early,counterfactual,S8975,100 cm Hotel Towel,mismatched,images/test_image_02033.jpg,mismatched,0.025000000000000022,not_ready,0.025000000000000022
qwen3vl_32b,habit_cfx_0317,habit_test_02034,009801_02,009801,S7788,ready,counterfactual,S6759,Power Cable,mismatched,images/test_image_02034.jpg,mismatched,0.025000000000000022,not_ready,0.025000000000000022
qwen3vl_32b,habit_cfx_0318,habit_test_02034,009801_02,009801,S7788,ready,counterfactual,S7025,Organizing box,mismatched,images/test_image_02034.jpg,mismatched,0.025000000000000022,not_ready,0.025000000000000022
qwen3vl_32b,habit_cfx_0319,habit_test_02034,009801_02,009801,S7788,ready,counterfactual,S7414,Paper to-go box,mismatched,images/test_image_02034.jpg,mismatched,0.025000000000000022,not_ready,0.025000000000000022
qwen3vl_32b,habit_cfx_0320,habit_test_02034,009801_02,009801,S7788,ready,counterfactual,S8975,100 cm Hotel Towel,mismatched,images/test_image_02034.jpg,mismatched,0.025000000000000022,not_ready,0.025000000000000022
qwen3vl_32b,habit_cfx_0321,habit_test_01933,007309_01,007309,S8940,early,counterfactual,S6759,Power Cable,mismatched,images/test_image_01933.jpg,mismatched,0.025000000000000022,not_ready,0.025000000000000022
qwen3vl_32b,habit_cfx_0322,habit_test_01933,007309_01,007309,S8940,early,counterfactual,S7414,Paper to-go box,mismatched,images/test_image_01933.jpg,mismatched,0.025000000000000022,not_ready,0.025000000000000022
qwen3vl_32b,habit_cfx_0323,habit_test_01933,007309_01,007309,S8940,early,counterfactual,S7788,iced cup,mismatched,images/test_image_01933.jpg,mismatched,0.025000000000000022,not_ready,0.025000000000000022
qwen3vl_32b,habit_cfx_0324,habit_test_01933,007309_01,007309,S8940,early,counterfactual,S8975,100 cm Hotel Towel,mismatched,images/test_image_01933.jpg,mismatched,0.025000000000000022,not_ready,0.025000000000000022
qwen3vl_32b,habit_cfx_0325,habit_test_01934,007309_01,007309,S8940,ready,counterfactual,S6759,Power Cable,mismatched,images/test_image_01934.jpg,mismatched,0.025000000000000022,not_ready,0.025000000000000022
qwen3vl_32b,habit_cfx_0326,habit_test_01934,007309_01,007309,S8940,ready,counterfactual,S7414,Paper to-go box,mismatched,images/test_image_01934.jpg,mismatched,0.025000000000000022,not_ready,0.025000000000000022
qwen3vl_32b,habit_cfx_0327,habit_test_01934,007309_01,007309,S8940,ready,counterfactual,S7788,iced cup,mismatched,images/test_image_01934.jpg,mismatched,0.025000000000000022,not_ready,0.025000000000000022
qwen3vl_32b,habit_cfx_0328,habit_test_01934,007309_01,007309,S8940,ready,counterfactual,S8975,100 cm Hotel Towel,mismatched,images/test_image_01934.jpg,mismatched,0.025000000000000022,not_ready,0.025000000000000022
qwen3vl_32b,habit_cfx_0329,habit_test_01937,007310_01,007310,S8940,early,counterfactual,S6759,Power Cable,mismatched,images/test_image_01937.jpg,mismatched,0.025000000000000022,not_ready,0.025000000000000022
qwen3vl_32b,habit_cfx_0330,habit_test_01937,007310_01,007310,S8940,early,counterfactual,S7414,Paper to-go box,mismatched,images/test_image_01937.jpg,mismatched,0.025000000000000022,not_ready,0.025000000000000022
qwen3vl_32b,habit_cfx_0331,habit_test_01937,007310_01,007310,S8940,early,counterfactual,S7788,iced cup,mismatched,images/test_image_01937.jpg,mismatched,0.025000000000000022,not_ready,0.025000000000000022
qwen3vl_32b,habit_cfx_0332,habit_test_01937,007310_01,007310,S8940,early,counterfactual,S8975,100 cm Hotel Towel,mismatched,images/test_image_01937.jpg,mismatched,0.025000000000000022,not_ready,0.025000000000000022
qwen3vl_32b,habit_cfx_0333,habit_test_01938,007310_01,007310,S8940,ready,counterfactual,S6759,Power Cable,mismatched,images/test_image_01938.jpg,mismatched,0.025000000000000022,not_ready,0.025000000000000022
qwen3vl_32b,habit_cfx_0334,habit_test_01938,007310_01,007310,S8940,ready,counterfactual,S7414,Paper to-go box,mismatched,images/test_image_01938.jpg,mismatched,0.025000000000000022,not_ready,0.025000000000000022
qwen3vl_32b,habit_cfx_0335,habit_test_01938,007310_01,007310,S8940,ready,counterfactual,S7788,iced cup,mismatched,images/test_image_01938.jpg,mismatched,0.025000000000000022,not_ready,0.025000000000000022
qwen3vl_32b,habit_cfx_0336,habit_test_01938,007310_01,007310,S8940,ready,counterfactual,S8975,100 cm Hotel Towel,mismatched,images/test_image_01938.jpg,mismatched,0.025000000000000022,not_ready,0.025000000000000022
qwen3vl_32b,habit_cfx_0337,habit_test_01941,007312_01,007312,S8940,early,counterfactual,S6759,Power Cable,mismatched,images/test_image_01941.jpg,mismatched,0.025000000000000022,not_ready,0.025000000000000022
qwen3vl_32b,habit_cfx_0338,habit_test_01941,007312_01,007312,S8940,early,counterfactual,S7414,Paper to-go box,mismatched,images/test_image_01941.jpg,mismatched,0.025000000000000022,not_ready,0.025000000000000022
qwen3vl_32b,habit_cfx_0339,habit_test_01941,007312_01,007312,S8940,early,counterfactual,S7788,iced cup,mismatched,images/test_image_01941.jpg,mismatched,0.025000000000000022,not_ready,0.025000000000000022
qwen3vl_32b,habit_cfx_0340,habit_test_01941,007312_01,007312,S8940,early,counterfactual,S8975,100 cm Hotel Towel,mismatched,images/test_image_01941.jpg,mismatched,0.025000000000000022,not_ready,0.025000000000000022
qwen3vl_32b,habit_cfx_0341,habit_test_01942,007312_01,007312,S8940,ready,counterfactual,S6759,Power Cable,mismatched,images/test_image_01942.jpg,mismatched,0.025000000000000022,not_ready,0.025000000000000022
qwen3vl_32b,habit_cfx_0342,habit_test_01942,007312_01,007312,S8940,ready,counterfactual,S7414,Paper to-go box,mismatched,images/test_image_01942.jpg,matched,0.975,ready,0.95
qwen3vl_32b,habit_cfx_0343,habit_test_01942,007312_01,007312,S8940,ready,counterfactual,S7788,iced cup,mismatched,images/test_image_01942.jpg,mismatched,0.025000000000000022,not_ready,0.025000000000000022
qwen3vl_32b,habit_cfx_0344,habit_test_01942,007312_01,007312,S8940,ready,counterfactual,S8975,100 cm Hotel Towel,mismatched,images/test_image_01942.jpg,mismatched,0.025000000000000022,not_ready,0.025000000000000022
qwen3vl_32b,habit_cfx_0345,habit_test_01945,007313_01,007313,S8940,early,counterfactual,S6759,Power Cable,mismatched,images/test_image_01945.jpg,mismatched,0.025000000000000022,not_ready,0.025000000000000022
qwen3vl_32b,habit_cfx_0346,habit_test_01945,007313_01,007313,S8940,early,counterfactual,S7414,Paper to-go box,mismatched,images/test_image_01945.jpg,mismatched,0.025000000000000022,not_ready,0.025000000000000022
qwen3vl_32b,habit_cfx_0347,habit_test_01945,007313_01,007313,S8940,early,counterfactual,S7788,iced cup,mismatched,images/test_image_01945.jpg,mismatched,0.025000000000000022,not_ready,0.025000000000000022
qwen3vl_32b,habit_cfx_0348,habit_test_01945,007313_01,007313,S8940,early,counterfactual,S8975,100 cm Hotel Towel,mismatched,images/test_image_01945.jpg,mismatched,0.025000000000000022,not_ready,0.025000000000000022
qwen3vl_32b,habit_cfx_0349,habit_test_01946,007313_01,007313,S8940,ready,counterfactual,S6759,Power Cable,mismatched,images/test_image_01946.jpg,mismatched,0.025000000000000022,not_ready,0.025000000000000022
qwen3vl_32b,habit_cfx_0350,habit_test_01946,007313_01,007313,S8940,ready,counterfactual,S7414,Paper to-go box,mismatched,images/test_image_01946.jpg,mismatched,0.025000000000000022,not_ready,0.025000000000000022
qwen3vl_32b,habit_cfx_0351,habit_test_01946,007313_01,007313,S8940,ready,counterfactual,S7788,iced cup,mismatched,images/test_image_01946.jpg,mismatched,0.025000000000000022,not_ready,0.025000000000000022
qwen3vl_32b,habit_cfx_0352,habit_test_01946,007313_01,007313,S8940,ready,counterfactual,S8975,100 cm Hotel Towel,mismatched,images/test_image_01946.jpg,mismatched,0.025000000000000022,not_ready,0.025000000000000022
qwen3vl_32b,habit_cfx_0353,habit_test_01949,007314_01,007314,S8940,early,counterfactual,S6759,Power Cable,mismatched,images/test_image_01949.jpg,mismatched,0.025000000000000022,not_ready,0.025000000000000022
qwen3vl_32b,habit_cfx_0354,habit_test_01949,007314_01,007314,S8940,early,counterfactual,S7414,Paper to-go box,mismatched,images/test_image_01949.jpg,mismatched,0.025000000000000022,not_ready,0.025000000000000022
qwen3vl_32b,habit_cfx_0355,habit_test_01949,007314_01,007314,S8940,early,counterfactual,S7788,iced cup,mismatched,images/test_image_01949.jpg,mismatched,0.025000000000000022,not_ready,0.025000000000000022
qwen3vl_32b,habit_cfx_0356,habit_test_01949,007314_01,007314,S8940,early,counterfactual,S8975,100 cm Hotel Towel,mismatched,images/test_image_01949.jpg,mismatched,0.025000000000000022,not_ready,0.025000000000000022
qwen3vl_32b,habit_cfx_0357,habit_test_01950,007314_01,007314,S8940,ready,counterfactual,S6759,Power Cable,mismatched,images/test_image_01950.jpg,mismatched,0.025000000000000022,not_ready,0.025000000000000022
qwen3vl_32b,habit_cfx_0358,habit_test_01950,007314_01,007314,S8940,ready,counterfactual,S7414,Paper to-go box,mismatched,images/test_image_01950.jpg,matched,1.0,ready,1.0
qwen3vl_32b,habit_cfx_0359,habit_test_01950,007314_01,007314,S8940,ready,counterfactual,S7788,iced cup,mismatched,images/test_image_01950.jpg,mismatched,0.025000000000000022,not_ready,0.025000000000000022
qwen3vl_32b,habit_cfx_0360,habit_test_01950,007314_01,007314,S8940,ready,counterfactual,S8975,100 cm Hotel Towel,mismatched,images/test_image_01950.jpg,mismatched,0.025000000000000022,not_ready,0.025000000000000022
qwen3vl_32b,habit_cfx_0361,habit_test_01953,007315_01,007315,S8940,early,counterfactual,S6759,Power Cable,mismatched,images/test_image_01953.jpg,mismatched,0.025000000000000022,not_ready,0.025000000000000022
qwen3vl_32b,habit_cfx_0362,habit_test_01953,007315_01,007315,S8940,early,counterfactual,S7414,Paper to-go box,mismatched,images/test_image_01953.jpg,mismatched,0.025000000000000022,not_ready,0.025000000000000022
qwen3vl_32b,habit_cfx_0363,habit_test_01953,007315_01,007315,S8940,early,counterfactual,S7788,iced cup,mismatched,images/test_image_01953.jpg,mismatched,0.025000000000000022,not_ready,0.025000000000000022
qwen3vl_32b,habit_cfx_0364,habit_test_01953,007315_01,007315,S8940,early,counterfactual,S8975,100 cm Hotel Towel,mismatched,images/test_image_01953.jpg,mismatched,0.025000000000000022,not_ready,0.025000000000000022
qwen3vl_32b,habit_cfx_0365,habit_test_01954,007315_01,007315,S8940,ready,counterfactual,S6759,Power Cable,mismatched,images/test_image_01954.jpg,mismatched,0.025000000000000022,not_ready,0.025000000000000022
qwen3vl_32b,habit_cfx_0366,habit_test_01954,007315_01,007315,S8940,ready,counterfactual,S7414,Paper to-go box,mismatched,images/test_image_01954.jpg,mismatched,0.025000000000000022,not_ready,0.025000000000000022
qwen3vl_32b,habit_cfx_0367,habit_test_01954,007315_01,007315,S8940,ready,counterfactual,S7788,iced cup,mismatched,images/test_image_01954.jpg,mismatched,0.025000000000000022,not_ready,0.025000000000000022
qwen3vl_32b,habit_cfx_0368,habit_test_01954,007315_01,007315,S8940,ready,counterfactual,S8975,100 cm Hotel Towel,mismatched,images/test_image_01954.jpg,mismatched,0.025000000000000022,not_ready,0.025000000000000022
qwen3vl_32b,habit_cfx_0369,habit_test_01957,007316_01,007316,S8940,early,counterfactual,S6759,Power Cable,mismatched,images/test_image_01957.jpg,mismatched,0.025000000000000022,not_ready,0.025000000000000022
qwen3vl_32b,habit_cfx_0370,habit_test_01957,007316_01,007316,S8940,early,counterfactual,S7414,Paper to-go box,mismatched,images/test_image_01957.jpg,mismatched,0.025000000000000022,not_ready,0.025000000000000022
qwen3vl_32b,habit_cfx_0371,habit_test_01957,007316_01,007316,S8940,early,counterfactual,S7788,iced cup,mismatched,images/test_image_01957.jpg,mismatched,0.025000000000000022,not_ready,0.025000000000000022
qwen3vl_32b,habit_cfx_0372,habit_test_01957,007316_01,007316,S8940,early,counterfactual,S8975,100 cm Hotel Towel,mismatched,images/test_image_01957.jpg,mismatched,0.025000000000000022,not_ready,0.025000000000000022
qwen3vl_32b,habit_cfx_0373,habit_test_01958,007316_01,007316,S8940,ready,counterfactual,S6759,Power Cable,mismatched,images/test_image_01958.jpg,mismatched,0.025000000000000022,not_ready,0.025000000000000022
qwen3vl_32b,habit_cfx_0374,habit_test_01958,007316_01,007316,S8940,ready,counterfactual,S7414,Paper to-go box,mismatched,images/test_image_01958.jpg,mismatched,0.025000000000000022,not_ready,0.025000000000000022
qwen3vl_32b,habit_cfx_0375,habit_test_01958,007316_01,007316,S8940,ready,counterfactual,S7788,iced cup,mismatched,images/test_image_01958.jpg,mismatched,0.025000000000000022,not_ready,0.025000000000000022
qwen3vl_32b,habit_cfx_0376,habit_test_01958,007316_01,007316,S8940,ready,counterfactual,S8975,100 cm Hotel Towel,mismatched,images/test_image_01958.jpg,mismatched,0.025000000000000022,not_ready,0.025000000000000022
qwen3vl_32b,habit_cfx_0377,habit_test_01961,007317_01,007317,S8940,early,counterfactual,S6759,Power Cable,mismatched,images/test_image_01961.jpg,mismatched,0.025000000000000022,not_ready,0.025000000000000022
qwen3vl_32b,habit_cfx_0378,habit_test_01961,007317_01,007317,S8940,early,counterfactual,S7414,Paper to-go box,mismatched,images/test_image_01961.jpg,mismatched,0.025000000000000022,not_ready,0.025000000000000022
qwen3vl_32b,habit_cfx_0379,habit_test_01961,007317_01,007317,S8940,early,counterfactual,S7788,iced cup,mismatched,images/test_image_01961.jpg,mismatched,0.025000000000000022,not_ready,0.025000000000000022
qwen3vl_32b,habit_cfx_0380,habit_test_01961,007317_01,007317,S8940,early,counterfactual,S8975,100 cm Hotel Towel,mismatched,images/test_image_01961.jpg,mismatched,0.025000000000000022,not_ready,0.025000000000000022
qwen3vl_32b,habit_cfx_0381,habit_test_01962,007317_01,007317,S8940,ready,counterfactual,S6759,Power Cable,mismatched,images/test_image_01962.jpg,mismatched,0.025000000000000022,not_ready,0.025000000000000022
qwen3vl_32b,habit_cfx_0382,habit_test_01962,007317_01,007317,S8940,ready,counterfactual,S7414,Paper to-go box,mismatched,images/test_image_01962.jpg,matched,0.975,ready,0.95
qwen3vl_32b,habit_cfx_0383,habit_test_01962,007317_01,007317,S8940,ready,counterfactual,S7788,iced cup,mismatched,images/test_image_01962.jpg,mismatched,0.025000000000000022,not_ready,0.025000000000000022
qwen3vl_32b,habit_cfx_0384,habit_test_01962,007317_01,007317,S8940,ready,counterfactual,S8975,100 cm Hotel Towel,mismatched,images/test_image_01962.jpg,mismatched,0.025000000000000022,not_ready,0.025000000000000022
qwen3vl_32b,habit_cfx_0385,habit_test_01965,007321_01,007321,S8940,early,counterfactual,S6759,Power Cable,mismatched,images/test_image_01965.jpg,mismatched,0.025000000000000022,not_ready,0.025000000000000022
qwen3vl_32b,habit_cfx_0386,habit_test_01965,007321_01,007321,S8940,early,counterfactual,S7414,Paper to-go box,mismatched,images/test_image_01965.jpg,mismatched,0.025000000000000022,not_ready,0.025000000000000022
qwen3vl_32b,habit_cfx_0387,habit_test_01965,007321_01,007321,S8940,early,counterfactual,S7788,iced cup,mismatched,images/test_image_01965.jpg,mismatched,0.025000000000000022,not_ready,0.025000000000000022
qwen3vl_32b,habit_cfx_0388,habit_test_01965,007321_01,007321,S8940,early,counterfactual,S8975,100 cm Hotel Towel,mismatched,images/test_image_01965.jpg,mismatched,0.025000000000000022,not_ready,0.025000000000000022
qwen3vl_32b,habit_cfx_0389,habit_test_01966,007321_01,007321,S8940,ready,counterfactual,S6759,Power Cable,mismatched,images/test_image_01966.jpg,mismatched,0.025000000000000022,not_ready,0.025000000000000022
qwen3vl_32b,habit_cfx_0390,habit_test_01966,007321_01,007321,S8940,ready,counterfactual,S7414,Paper to-go box,mismatched,images/test_image_01966.jpg,matched,0.975,ready,0.95
qwen3vl_32b,habit_cfx_0391,habit_test_01966,007321_01,007321,S8940,ready,counterfactual,S7788,iced cup,mismatched,images/test_image_01966.jpg,mismatched,0.025000000000000022,not_ready,0.025000000000000022
qwen3vl_32b,habit_cfx_0392,habit_test_01966,007321_01,007321,S8940,ready,counterfactual,S8975,100 cm Hotel Towel,mismatched,images/test_image_01966.jpg,mismatched,0.025000000000000022,not_ready,0.025000000000000022
qwen3vl_32b,habit_cfx_0393,habit_test_01969,007322_01,007322,S8940,early,counterfactual,S6759,Power Cable,mismatched,images/test_image_01969.jpg,mismatched,0.025000000000000022,not_ready,0.025000000000000022
qwen3vl_32b,habit_cfx_0394,habit_test_01969,007322_01,007322,S8940,early,counterfactual,S7414,Paper to-go box,mismatched,images/test_image_01969.jpg,mismatched,0.025000000000000022,not_ready,0.025000000000000022
qwen3vl_32b,habit_cfx_0395,habit_test_01969,007322_01,007322,S8940,early,counterfactual,S7788,iced cup,mismatched,images/test_image_01969.jpg,mismatched,0.025000000000000022,not_ready,0.025000000000000022
qwen3vl_32b,habit_cfx_0396,habit_test_01969,007322_01,007322,S8940,early,counterfactual,S8975,100 cm Hotel Towel,mismatched,images/test_image_01969.jpg,mismatched,0.025000000000000022,not_ready,0.025000000000000022
qwen3vl_32b,habit_cfx_0397,habit_test_01970,007322_01,007322,S8940,ready,counterfactual,S6759,Power Cable,mismatched,images/test_image_01970.jpg,mismatched,0.025000000000000022,not_ready,0.025000000000000022
qwen3vl_32b,habit_cfx_0398,habit_test_01970,007322_01,007322,S8940,ready,counterfactual,S7414,Paper to-go box,mismatched,images/test_image_01970.jpg,mismatched,0.025000000000000022,not_ready,0.025000000000000022
qwen3vl_32b,habit_cfx_0399,habit_test_01970,007322_01,007322,S8940,ready,counterfactual,S7788,iced cup,mismatched,images/test_image_01970.jpg,mismatched,0.025000000000000022,not_ready,0.025000000000000022
qwen3vl_32b,habit_cfx_0400,habit_test_01970,007322_01,007322,S8940,ready,counterfactual,S8975,100 cm Hotel Towel,mismatched,images/test_image_01970.jpg,mismatched,0.025000000000000022,not_ready,0.025000000000000022
qwen3vl_32b,habit_cfx_0401,habit_test_01715,005687_01,005687,S8975,early,counterfactual,S6759,Power Cable,mismatched,images/test_image_01715.jpg,mismatched,0.025000000000000022,not_ready,0.025000000000000022
qwen3vl_32b,habit_cfx_0402,habit_test_01715,005687_01,005687,S8975,early,counterfactual,S7025,Organizing box,mismatched,images/test_image_01715.jpg,mismatched,0.025000000000000022,not_ready,0.025000000000000022
qwen3vl_32b,habit_cfx_0403,habit_test_01715,005687_01,005687,S8975,early,counterfactual,S7414,Paper to-go box,mismatched,images/test_image_01715.jpg,mismatched,0.025000000000000022,not_ready,0.025000000000000022
qwen3vl_32b,habit_cfx_0404,habit_test_01715,005687_01,005687,S8975,early,counterfactual,S8940,Airtight Container lid,mismatched,images/test_image_01715.jpg,mismatched,0.025000000000000022,not_ready,0.025000000000000022
qwen3vl_32b,habit_cfx_0405,habit_test_01716,005687_01,005687,S8975,ready,counterfactual,S6759,Power Cable,mismatched,images/test_image_01716.jpg,mismatched,0.025000000000000022,not_ready,0.025000000000000022
qwen3vl_32b,habit_cfx_0406,habit_test_01716,005687_01,005687,S8975,ready,counterfactual,S7025,Organizing box,mismatched,images/test_image_01716.jpg,mismatched,0.025000000000000022,not_ready,0.025000000000000022
qwen3vl_32b,habit_cfx_0407,habit_test_01716,005687_01,005687,S8975,ready,counterfactual,S7414,Paper to-go box,mismatched,images/test_image_01716.jpg,mismatched,0.025000000000000022,not_ready,0.025000000000000022
qwen3vl_32b,habit_cfx_0408,habit_test_01716,005687_01,005687,S8975,ready,counterfactual,S8940,Airtight Container lid,mismatched,images/test_image_01716.jpg,mismatched,0.025000000000000022,not_ready,0.025000000000000022
qwen3vl_32b,habit_cfx_0409,habit_test_01717,005688_01,005688,S8975,early,counterfactual,S6759,Power Cable,mismatched,images/test_image_01717.jpg,mismatched,0.025000000000000022,not_ready,0.025000000000000022
qwen3vl_32b,habit_cfx_0410,habit_test_01717,005688_01,005688,S8975,early,counterfactual,S7025,Organizing box,mismatched,images/test_image_01717.jpg,mismatched,0.04999999999999999,not_ready,0.04999999999999999
qwen3vl_32b,habit_cfx_0411,habit_test_01717,005688_01,005688,S8975,early,counterfactual,S7414,Paper to-go box,mismatched,images/test_image_01717.jpg,mismatched,0.025000000000000022,not_ready,0.025000000000000022
qwen3vl_32b,habit_cfx_0412,habit_test_01717,005688_01,005688,S8975,early,counterfactual,S8940,Airtight Container lid,mismatched,images/test_image_01717.jpg,mismatched,0.025000000000000022,not_ready,0.025000000000000022
qwen3vl_32b,habit_cfx_0413,habit_test_01718,005688_01,005688,S8975,ready,counterfactual,S6759,Power Cable,mismatched,images/test_image_01718.jpg,mismatched,0.025000000000000022,not_ready,0.025000000000000022
qwen3vl_32b,habit_cfx_0414,habit_test_01718,005688_01,005688,S8975,ready,counterfactual,S7025,Organizing box,mismatched,images/test_image_01718.jpg,mismatched,0.025000000000000022,not_ready,0.025000000000000022
qwen3vl_32b,habit_cfx_0415,habit_test_01718,005688_01,005688,S8975,ready,counterfactual,S7414,Paper to-go box,mismatched,images/test_image_01718.jpg,mismatched,0.025000000000000022,not_ready,0.025000000000000022
qwen3vl_32b,habit_cfx_0416,habit_test_01718,005688_01,005688,S8975,ready,counterfactual,S8940,Airtight Container lid,mismatched,images/test_image_01718.jpg,mismatched,0.025000000000000022,not_ready,0.025000000000000022
qwen3vl_32b,habit_cfx_0417,habit_test_01719,005691_01,005691,S8975,early,counterfactual,S6759,Power Cable,mismatched,images/test_image_01719.jpg,mismatched,0.025000000000000022,not_ready,0.025000000000000022
qwen3vl_32b,habit_cfx_0418,habit_test_01719,005691_01,005691,S8975,early,counterfactual,S7025,Organizing box,mismatched,images/test_image_01719.jpg,mismatched,0.025000000000000022,not_ready,0.025000000000000022
qwen3vl_32b,habit_cfx_0419,habit_test_01719,005691_01,005691,S8975,early,counterfactual,S7414,Paper to-go box,mismatched,images/test_image_01719.jpg,mismatched,0.025000000000000022,not_ready,0.025000000000000022
qwen3vl_32b,habit_cfx_0420,habit_test_01719,005691_01,005691,S8975,early,counterfactual,S8940,Airtight Container lid,mismatched,images/test_image_01719.jpg,mismatched,0.025000000000000022,not_ready,0.025000000000000022
qwen3vl_32b,habit_cfx_0421,habit_test_01720,005691_01,005691,S8975,ready,counterfactual,S6759,Power Cable,mismatched,images/test_image_01720.jpg,mismatched,0.025000000000000022,not_ready,0.025000000000000022
qwen3vl_32b,habit_cfx_0422,habit_test_01720,005691_01,005691,S8975,ready,counterfactual,S7025,Organizing box,mismatched,images/test_image_01720.jpg,matched,0.975,ready,0.95
qwen3vl_32b,habit_cfx_0423,habit_test_01720,005691_01,005691,S8975,ready,counterfactual,S7414,Paper to-go box,mismatched,images/test_image_01720.jpg,mismatched,0.025000000000000022,not_ready,0.025000000000000022
qwen3vl_32b,habit_cfx_0424,habit_test_01720,005691_01,005691,S8975,ready,counterfactual,S8940,Airtight Container lid,mismatched,images/test_image_01720.jpg,mismatched,0.025000000000000022,not_ready,0.025000000000000022
qwen3vl_32b,habit_cfx_0425,habit_test_01721,005692_01,005692,S8975,early,counterfactual,S6759,Power Cable,mismatched,images/test_image_01721.jpg,mismatched,0.025000000000000022,not_ready,0.025000000000000022
qwen3vl_32b,habit_cfx_0426,habit_test_01721,005692_01,005692,S8975,early,counterfactual,S7025,Organizing box,mismatched,images/test_image_01721.jpg,mismatched,0.025000000000000022,not_ready,0.025000000000000022
qwen3vl_32b,habit_cfx_0427,habit_test_01721,005692_01,005692,S8975,early,counterfactual,S7414,Paper to-go box,mismatched,images/test_image_01721.jpg,mismatched,0.025000000000000022,not_ready,0.025000000000000022
qwen3vl_32b,habit_cfx_0428,habit_test_01721,005692_01,005692,S8975,early,counterfactual,S8940,Airtight Container lid,mismatched,images/test_image_01721.jpg,mismatched,0.025000000000000022,not_ready,0.025000000000000022
qwen3vl_32b,habit_cfx_0429,habit_test_01722,005692_01,005692,S8975,ready,counterfactual,S6759,Power Cable,mismatched,images/test_image_01722.jpg,mismatched,0.025000000000000022,not_ready,0.025000000000000022
qwen3vl_32b,habit_cfx_0430,habit_test_01722,005692_01,005692,S8975,ready,counterfactual,S7025,Organizing box,mismatched,images/test_image_01722.jpg,matched,1.0,ready,1.0
qwen3vl_32b,habit_cfx_0431,habit_test_01722,005692_01,005692,S8975,ready,counterfactual,S7414,Paper to-go box,mismatched,images/test_image_01722.jpg,mismatched,0.025000000000000022,not_ready,0.025000000000000022
qwen3vl_32b,habit_cfx_0432,habit_test_01722,005692_01,005692,S8975,ready,counterfactual,S8940,Airtight Container lid,mismatched,images/test_image_01722.jpg,mismatched,0.025000000000000022,not_ready,0.025000000000000022
qwen3vl_32b,habit_cfx_0433,habit_test_01723,005693_01,005693,S8975,early,counterfactual,S6759,Power Cable,mismatched,images/test_image_01723.jpg,mismatched,0.025000000000000022,not_ready,0.025000000000000022
qwen3vl_32b,habit_cfx_0434,habit_test_01723,005693_01,005693,S8975,early,counterfactual,S7025,Organizing box,mismatched,images/test_image_01723.jpg,mismatched,0.025000000000000022,not_ready,0.025000000000000022
qwen3vl_32b,habit_cfx_0435,habit_test_01723,005693_01,005693,S8975,early,counterfactual,S7414,Paper to-go box,mismatched,images/test_image_01723.jpg,mismatched,0.025000000000000022,not_ready,0.025000000000000022
qwen3vl_32b,habit_cfx_0436,habit_test_01723,005693_01,005693,S8975,early,counterfactual,S8940,Airtight Container lid,mismatched,images/test_image_01723.jpg,mismatched,0.025000000000000022,not_ready,0.025000000000000022
qwen3vl_32b,habit_cfx_0437,habit_test_01724,005693_01,005693,S8975,ready,counterfactual,S6759,Power Cable,mismatched,images/test_image_01724.jpg,mismatched,0.025000000000000022,not_ready,0.025000000000000022
qwen3vl_32b,habit_cfx_0438,habit_test_01724,005693_01,005693,S8975,ready,counterfactual,S7025,Organizing box,mismatched,images/test_image_01724.jpg,mismatched,0.025000000000000022,not_ready,0.025000000000000022
qwen3vl_32b,habit_cfx_0439,habit_test_01724,005693_01,005693,S8975,ready,counterfactual,S7414,Paper to-go box,mismatched,images/test_image_01724.jpg,mismatched,0.025000000000000022,not_ready,0.025000000000000022
qwen3vl_32b,habit_cfx_0440,habit_test_01724,005693_01,005693,S8975,ready,counterfactual,S8940,Airtight Container lid,mismatched,images/test_image_01724.jpg,mismatched,0.025000000000000022,not_ready,0.025000000000000022
qwen3vl_32b,habit_cfx_0441,habit_test_01725,005694_01,005694,S8975,early,counterfactual,S6759,Power Cable,mismatched,images/test_image_01725.jpg,mismatched,0.025000000000000022,not_ready,0.025000000000000022
qwen3vl_32b,habit_cfx_0442,habit_test_01725,005694_01,005694,S8975,early,counterfactual,S7025,Organizing box,mismatched,images/test_image_01725.jpg,mismatched,0.025000000000000022,not_ready,0.025000000000000022
qwen3vl_32b,habit_cfx_0443,habit_test_01725,005694_01,005694,S8975,early,counterfactual,S7414,Paper to-go box,mismatched,images/test_image_01725.jpg,mismatched,0.025000000000000022,not_ready,0.025000000000000022
qwen3vl_32b,habit_cfx_0444,habit_test_01725,005694_01,005694,S8975,early,counterfactual,S8940,Airtight Container lid,mismatched,images/test_image_01725.jpg,mismatched,0.025000000000000022,not_ready,0.025000000000000022
qwen3vl_32b,habit_cfx_0445,habit_test_01726,005694_01,005694,S8975,ready,counterfactual,S6759,Power Cable,mismatched,images/test_image_01726.jpg,mismatched,0.025000000000000022,not_ready,0.025000000000000022
qwen3vl_32b,habit_cfx_0446,habit_test_01726,005694_01,005694,S8975,ready,counterfactual,S7025,Organizing box,mismatched,images/test_image_01726.jpg,mismatched,0.025000000000000022,not_ready,0.025000000000000022
qwen3vl_32b,habit_cfx_0447,habit_test_01726,005694_01,005694,S8975,ready,counterfactual,S7414,Paper to-go box,mismatched,images/test_image_01726.jpg,mismatched,0.025000000000000022,not_ready,0.025000000000000022
qwen3vl_32b,habit_cfx_0448,habit_test_01726,005694_01,005694,S8975,ready,counterfactual,S8940,Airtight Container lid,mismatched,images/test_image_01726.jpg,mismatched,0.025000000000000022,not_ready,0.025000000000000022
qwen3vl_32b,habit_cfx_0449,habit_test_01727,005695_01,005695,S8975,early,counterfactual,S6759,Power Cable,mismatched,images/test_image_01727.jpg,mismatched,0.025000000000000022,not_ready,0.025000000000000022
qwen3vl_32b,habit_cfx_0450,habit_test_01727,005695_01,005695,S8975,early,counterfactual,S7025,Organizing box,mismatched,images/test_image_01727.jpg,mismatched,0.04999999999999999,not_ready,0.09999999999999998
qwen3vl_32b,habit_cfx_0451,habit_test_01727,005695_01,005695,S8975,early,counterfactual,S7414,Paper to-go box,mismatched,images/test_image_01727.jpg,mismatched,0.025000000000000022,not_ready,0.025000000000000022
qwen3vl_32b,habit_cfx_0452,habit_test_01727,005695_01,005695,S8975,early,counterfactual,S8940,Airtight Container lid,mismatched,images/test_image_01727.jpg,mismatched,0.025000000000000022,not_ready,0.025000000000000022
qwen3vl_32b,habit_cfx_0453,habit_test_01728,005695_01,005695,S8975,ready,counterfactual,S6759,Power Cable,mismatched,images/test_image_01728.jpg,mismatched,0.025000000000000022,not_ready,0.025000000000000022
qwen3vl_32b,habit_cfx_0454,habit_test_01728,005695_01,005695,S8975,ready,counterfactual,S7025,Organizing box,mismatched,images/test_image_01728.jpg,matched,1.0,ready,1.0
qwen3vl_32b,habit_cfx_0455,habit_test_01728,005695_01,005695,S8975,ready,counterfactual,S7414,Paper to-go box,mismatched,images/test_image_01728.jpg,mismatched,0.025000000000000022,not_ready,0.025000000000000022
qwen3vl_32b,habit_cfx_0456,habit_test_01728,005695_01,005695,S8975,ready,counterfactual,S8940,Airtight Container lid,mismatched,images/test_image_01728.jpg,mismatched,0.025000000000000022,not_ready,0.025000000000000022
qwen3vl_32b,habit_cfx_0457,habit_test_01729,005696_01,005696,S8975,early,counterfactual,S6759,Power Cable,mismatched,images/test_image_01729.jpg,mismatched,0.025000000000000022,not_ready,0.025000000000000022
qwen3vl_32b,habit_cfx_0458,habit_test_01729,005696_01,005696,S8975,early,counterfactual,S7025,Organizing box,mismatched,images/test_image_01729.jpg,mismatched,0.025000000000000022,not_ready,0.025000000000000022
qwen3vl_32b,habit_cfx_0459,habit_test_01729,005696_01,005696,S8975,early,counterfactual,S7414,Paper to-go box,mismatched,images/test_image_01729.jpg,mismatched,0.025000000000000022,not_ready,0.025000000000000022
qwen3vl_32b,habit_cfx_0460,habit_test_01729,005696_01,005696,S8975,early,counterfactual,S8940,Airtight Container lid,mismatched,images/test_image_01729.jpg,mismatched,0.025000000000000022,not_ready,0.025000000000000022
qwen3vl_32b,habit_cfx_0461,habit_test_01730,005696_01,005696,S8975,ready,counterfactual,S6759,Power Cable,mismatched,images/test_image_01730.jpg,mismatched,0.025000000000000022,not_ready,0.025000000000000022
qwen3vl_32b,habit_cfx_0462,habit_test_01730,005696_01,005696,S8975,ready,counterfactual,S7025,Organizing box,mismatched,images/test_image_01730.jpg,matched,1.0,ready,1.0
qwen3vl_32b,habit_cfx_0463,habit_test_01730,005696_01,005696,S8975,ready,counterfactual,S7414,Paper to-go box,mismatched,images/test_image_01730.jpg,mismatched,0.025000000000000022,not_ready,0.025000000000000022
qwen3vl_32b,habit_cfx_0464,habit_test_01730,005696_01,005696,S8975,ready,counterfactual,S8940,Airtight Container lid,mismatched,images/test_image_01730.jpg,mismatched,0.025000000000000022,not_ready,0.025000000000000022
qwen3vl_32b,habit_cfx_0465,habit_test_01731,005697_01,005697,S8975,early,counterfactual,S6759,Power Cable,mismatched,images/test_image_01731.jpg,mismatched,0.025000000000000022,not_ready,0.025000000000000022
qwen3vl_32b,habit_cfx_0466,habit_test_01731,005697_01,005697,S8975,early,counterfactual,S7025,Organizing box,mismatched,images/test_image_01731.jpg,mismatched,0.025000000000000022,not_ready,0.025000000000000022
qwen3vl_32b,habit_cfx_0467,habit_test_01731,005697_01,005697,S8975,early,counterfactual,S7414,Paper to-go box,mismatched,images/test_image_01731.jpg,mismatched,0.025000000000000022,not_ready,0.025000000000000022
qwen3vl_32b,habit_cfx_0468,habit_test_01731,005697_01,005697,S8975,early,counterfactual,S8940,Airtight Container lid,mismatched,images/test_image_01731.jpg,mismatched,0.025000000000000022,not_ready,0.025000000000000022
qwen3vl_32b,habit_cfx_0469,habit_test_01732,005697_01,005697,S8975,ready,counterfactual,S6759,Power Cable,mismatched,images/test_image_01732.jpg,mismatched,0.025000000000000022,not_ready,0.025000000000000022
qwen3vl_32b,habit_cfx_0470,habit_test_01732,005697_01,005697,S8975,ready,counterfactual,S7025,Organizing box,mismatched,images/test_image_01732.jpg,mismatched,0.025000000000000022,not_ready,0.025000000000000022
qwen3vl_32b,habit_cfx_0471,habit_test_01732,005697_01,005697,S8975,ready,counterfactual,S7414,Paper to-go box,mismatched,images/test_image_01732.jpg,mismatched,0.025000000000000022,not_ready,0.025000000000000022
qwen3vl_32b,habit_cfx_0472,habit_test_01732,005697_01,005697,S8975,ready,counterfactual,S8940,Airtight Container lid,mismatched,images/test_image_01732.jpg,mismatched,0.025000000000000022,not_ready,0.025000000000000022
qwen3vl_32b,habit_cfx_0473,habit_test_01733,005698_01,005698,S8975,early,counterfactual,S6759,Power Cable,mismatched,images/test_image_01733.jpg,mismatched,0.025000000000000022,not_ready,0.025000000000000022
qwen3vl_32b,habit_cfx_0474,habit_test_01733,005698_01,005698,S8975,early,counterfactual,S7025,Organizing box,mismatched,images/test_image_01733.jpg,mismatched,0.025000000000000022,not_ready,0.025000000000000022
qwen3vl_32b,habit_cfx_0475,habit_test_01733,005698_01,005698,S8975,early,counterfactual,S7414,Paper to-go box,mismatched,images/test_image_01733.jpg,mismatched,0.025000000000000022,not_ready,0.025000000000000022
qwen3vl_32b,habit_cfx_0476,habit_test_01733,005698_01,005698,S8975,early,counterfactual,S8940,Airtight Container lid,mismatched,images/test_image_01733.jpg,mismatched,0.025000000000000022,not_ready,0.025000000000000022
qwen3vl_32b,habit_cfx_0477,habit_test_01734,005698_01,005698,S8975,ready,counterfactual,S6759,Power Cable,mismatched,images/test_image_01734.jpg,mismatched,0.025000000000000022,not_ready,0.025000000000000022
qwen3vl_32b,habit_cfx_0478,habit_test_01734,005698_01,005698,S8975,ready,counterfactual,S7025,Organizing box,mismatched,images/test_image_01734.jpg,mismatched,0.025000000000000022,not_ready,0.025000000000000022
qwen3vl_32b,habit_cfx_0479,habit_test_01734,005698_01,005698,S8975,ready,counterfactual,S7414,Paper to-go box,mismatched,images/test_image_01734.jpg,mismatched,0.025000000000000022,not_ready,0.025000000000000022
qwen3vl_32b,habit_cfx_0480,habit_test_01734,005698_01,005698,S8975,ready,counterfactual,S8940,Airtight Container lid,mismatched,images/test_image_01734.jpg,mismatched,0.025000000000000022,not_ready,0.025000000000000022
internvl3_8b,habit_cf_0001,habit_test_01529,004948_01,004948,S6759,early,factual,S6759,Power Cable,matched,images/test_image_01529.jpg,matched,0.975,not_ready,0.15000000000000002
internvl3_8b,habit_cf_0002,habit_test_01529,004948_01,004948,S6759,early,counterfactual,S7414,Paper to-go box,mismatched,images/test_image_01529.jpg,matched,0.975,not_ready,0.15000000000000002
internvl3_8b,habit_cf_0003,habit_test_01530,004948_01,004948,S6759,ready,factual,S6759,Power Cable,matched,images/test_image_01530.jpg,matched,0.975,not_ready,0.15000000000000002
internvl3_8b,habit_cf_0004,habit_test_01530,004948_01,004948,S6759,ready,counterfactual,S7414,Paper to-go box,mismatched,images/test_image_01530.jpg,matched,0.975,not_ready,0.15000000000000002
internvl3_8b,habit_cf_0005,habit_test_01531,004949_01,004949,S6759,early,factual,S6759,Power Cable,matched,images/test_image_01531.jpg,matched,0.975,not_ready,0.15000000000000002
internvl3_8b,habit_cf_0006,habit_test_01531,004949_01,004949,S6759,early,counterfactual,S7414,Paper to-go box,mismatched,images/test_image_01531.jpg,matched,0.975,not_ready,0.15000000000000002
internvl3_8b,habit_cf_0007,habit_test_01532,004949_01,004949,S6759,ready,factual,S6759,Power Cable,matched,images/test_image_01532.jpg,matched,0.975,ready,0.975
internvl3_8b,habit_cf_0008,habit_test_01532,004949_01,004949,S6759,ready,counterfactual,S7414,Paper to-go box,mismatched,images/test_image_01532.jpg,matched,0.975,not_ready,0.15000000000000002
internvl3_8b,habit_cf_0009,habit_test_01533,004951_01,004951,S6759,early,factual,S6759,Power Cable,matched,images/test_image_01533.jpg,matched,0.975,not_ready,0.15000000000000002
internvl3_8b,habit_cf_0010,habit_test_01533,004951_01,004951,S6759,early,counterfactual,S7414,Paper to-go box,mismatched,images/test_image_01533.jpg,matched,0.975,not_ready,0.15000000000000002
internvl3_8b,habit_cf_0011,habit_test_01534,004951_01,004951,S6759,ready,factual,S6759,Power Cable,matched,images/test_image_01534.jpg,matched,0.975,not_ready,0.15000000000000002
internvl3_8b,habit_cf_0012,habit_test_01534,004951_01,004951,S6759,ready,counterfactual,S7414,Paper to-go box,mismatched,images/test_image_01534.jpg,matched,0.975,not_ready,0.15000000000000002
internvl3_8b,habit_cf_0013,habit_test_01535,004952_01,004952,S6759,early,factual,S6759,Power Cable,matched,images/test_image_01535.jpg,matched,0.975,not_ready,0.15000000000000002
internvl3_8b,habit_cf_0014,habit_test_01535,004952_01,004952,S6759,early,counterfactual,S7414,Paper to-go box,mismatched,images/test_image_01535.jpg,matched,0.975,not_ready,0.15000000000000002
internvl3_8b,habit_cf_0015,habit_test_01536,004952_01,004952,S6759,ready,factual,S6759,Power Cable,matched,images/test_image_01536.jpg,matched,0.975,not_ready,0.15000000000000002
internvl3_8b,habit_cf_0016,habit_test_01536,004952_01,004952,S6759,ready,counterfactual,S7414,Paper to-go box,mismatched,images/test_image_01536.jpg,matched,0.975,not_ready,0.15000000000000002
internvl3_8b,habit_cf_0017,habit_test_01537,004953_01,004953,S6759,early,factual,S6759,Power Cable,matched,images/test_image_01537.jpg,matched,0.975,not_ready,0.15000000000000002
internvl3_8b,habit_cf_0018,habit_test_01537,004953_01,004953,S6759,early,counterfactual,S7414,Paper to-go box,mismatched,images/test_image_01537.jpg,matched,0.975,not_ready,0.15000000000000002
internvl3_8b,habit_cf_0019,habit_test_01538,004953_01,004953,S6759,ready,factual,S6759,Power Cable,matched,images/test_image_01538.jpg,matched,0.975,not_ready,0.15000000000000002
internvl3_8b,habit_cf_0020,habit_test_01538,004953_01,004953,S6759,ready,counterfactual,S7414,Paper to-go box,mismatched,images/test_image_01538.jpg,matched,0.975,not_ready,0.15000000000000002
internvl3_8b,habit_cf_0021,habit_test_01539,004954_01,004954,S6759,early,factual,S6759,Power Cable,matched,images/test_image_01539.jpg,matched,0.975,not_ready,0.15000000000000002
internvl3_8b,habit_cf_0022,habit_test_01539,004954_01,004954,S6759,early,counterfactual,S7414,Paper to-go box,mismatched,images/test_image_01539.jpg,matched,0.975,not_ready,0.15000000000000002
internvl3_8b,habit_cf_0023,habit_test_01540,004954_01,004954,S6759,ready,factual,S6759,Power Cable,matched,images/test_image_01540.jpg,matched,0.975,not_ready,0.15000000000000002
internvl3_8b,habit_cf_0024,habit_test_01540,004954_01,004954,S6759,ready,counterfactual,S7414,Paper to-go box,mismatched,images/test_image_01540.jpg,matched,0.975,not_ready,0.15000000000000002
internvl3_8b,habit_cf_0025,habit_test_01541,004956_01,004956,S6759,early,factual,S6759,Power Cable,matched,images/test_image_01541.jpg,matched,0.975,not_ready,0.15000000000000002
internvl3_8b,habit_cf_0026,habit_test_01541,004956_01,004956,S6759,early,counterfactual,S7414,Paper to-go box,mismatched,images/test_image_01541.jpg,matched,0.975,not_ready,0.15000000000000002
internvl3_8b,habit_cf_0027,habit_test_01542,004956_01,004956,S6759,ready,factual,S6759,Power Cable,matched,images/test_image_01542.jpg,matched,0.975,not_ready,0.15000000000000002
internvl3_8b,habit_cf_0028,habit_test_01542,004956_01,004956,S6759,ready,counterfactual,S7414,Paper to-go box,mismatched,images/test_image_01542.jpg,matched,0.975,not_ready,0.15000000000000002
internvl3_8b,habit_cf_0029,habit_test_01543,004957_01,004957,S6759,early,factual,S6759,Power Cable,matched,images/test_image_01543.jpg,mismatched,0.04999999999999999,uncertain,0.5
internvl3_8b,habit_cf_0030,habit_test_01543,004957_01,004957,S6759,early,counterfactual,S7414,Paper to-go box,mismatched,images/test_image_01543.jpg,matched,0.975,not_ready,0.15000000000000002
internvl3_8b,habit_cf_0031,habit_test_01544,004957_01,004957,S6759,ready,factual,S6759,Power Cable,matched,images/test_image_01544.jpg,matched,0.975,not_ready,0.15000000000000002
internvl3_8b,habit_cf_0032,habit_test_01544,004957_01,004957,S6759,ready,counterfactual,S7414,Paper to-go box,mismatched,images/test_image_01544.jpg,matched,0.975,not_ready,0.15000000000000002
internvl3_8b,habit_cf_0033,habit_test_01545,004958_01,004958,S6759,early,factual,S6759,Power Cable,matched,images/test_image_01545.jpg,matched,0.975,not_ready,0.15000000000000002
internvl3_8b,habit_cf_0034,habit_test_01545,004958_01,004958,S6759,early,counterfactual,S7414,Paper to-go box,mismatched,images/test_image_01545.jpg,matched,0.975,not_ready,0.15000000000000002
internvl3_8b,habit_cf_0035,habit_test_01546,004958_01,004958,S6759,ready,factual,S6759,Power Cable,matched,images/test_image_01546.jpg,matched,0.975,not_ready,0.15000000000000002
internvl3_8b,habit_cf_0036,habit_test_01546,004958_01,004958,S6759,ready,counterfactual,S7414,Paper to-go box,mismatched,images/test_image_01546.jpg,matched,0.975,not_ready,0.15000000000000002
internvl3_8b,habit_cf_0037,habit_test_01547,004959_01,004959,S6759,early,factual,S6759,Power Cable,matched,images/test_image_01547.jpg,matched,0.975,not_ready,0.15000000000000002
internvl3_8b,habit_cf_0038,habit_test_01547,004959_01,004959,S6759,early,counterfactual,S7414,Paper to-go box,mismatched,images/test_image_01547.jpg,matched,0.975,not_ready,0.15000000000000002
internvl3_8b,habit_cf_0039,habit_test_01548,004959_01,004959,S6759,ready,factual,S6759,Power Cable,matched,images/test_image_01548.jpg,matched,0.975,ready,0.975
internvl3_8b,habit_cf_0040,habit_test_01548,004959_01,004959,S6759,ready,counterfactual,S7414,Paper to-go box,mismatched,images/test_image_01548.jpg,matched,0.975,not_ready,0.15000000000000002
internvl3_8b,habit_cf_0041,habit_test_00001,000124_01,000124,S7025,early,factual,S7025,Organizing box,matched,images/test_image_00001.jpg,matched,0.975,not_ready,0.15000000000000002
internvl3_8b,habit_cf_0042,habit_test_00001,000124_01,000124,S7025,early,counterfactual,S6759,Power Cable,mismatched,images/test_image_00001.jpg,matched,0.975,not_ready,0.15000000000000002
internvl3_8b,habit_cf_0043,habit_test_00002,000124_01,000124,S7025,ready,factual,S7025,Organizing box,matched,images/test_image_00002.jpg,matched,0.975,ready,0.975
internvl3_8b,habit_cf_0044,habit_test_00002,000124_01,000124,S7025,ready,counterfactual,S6759,Power Cable,mismatched,images/test_image_00002.jpg,mismatched,0.04999999999999999,not_ready,0.15000000000000002
internvl3_8b,habit_cf_0045,habit_test_00005,000126_01,000126,S7025,early,factual,S7025,Organizing box,matched,images/test_image_00005.jpg,matched,0.975,not_ready,0.15000000000000002
internvl3_8b,habit_cf_0046,habit_test_00005,000126_01,000126,S7025,early,counterfactual,S6759,Power Cable,mismatched,images/test_image_00005.jpg,mismatched,0.04999999999999999,not_ready,0.15000000000000002
internvl3_8b,habit_cf_0047,habit_test_00006,000126_01,000126,S7025,ready,factual,S7025,Organizing box,matched,images/test_image_00006.jpg,matched,0.975,ready,0.975
internvl3_8b,habit_cf_0048,habit_test_00006,000126_01,000126,S7025,ready,counterfactual,S6759,Power Cable,mismatched,images/test_image_00006.jpg,mismatched,0.04999999999999999,not_ready,0.15000000000000002
internvl3_8b,habit_cf_0049,habit_test_00009,000128_01,000128,S7025,early,factual,S7025,Organizing box,matched,images/test_image_00009.jpg,matched,0.975,not_ready,0.15000000000000002
internvl3_8b,habit_cf_0050,habit_test_00009,000128_01,000128,S7025,early,counterfactual,S6759,Power Cable,mismatched,images/test_image_00009.jpg,mismatched,0.04999999999999999,uncertain,0.5
internvl3_8b,habit_cf_0051,habit_test_00010,000128_01,000128,S7025,ready,factual,S7025,Organizing box,matched,images/test_image_00010.jpg,matched,0.975,not_ready,0.15000000000000002
internvl3_8b,habit_cf_0052,habit_test_00010,000128_01,000128,S7025,ready,counterfactual,S6759,Power Cable,mismatched,images/test_image_00010.jpg,mismatched,0.04999999999999999,not_ready,0.15000000000000002
internvl3_8b,habit_cf_0053,habit_test_00013,000129_01,000129,S7025,early,factual,S7025,Organizing box,matched,images/test_image_00013.jpg,matched,0.975,not_ready,0.15000000000000002
internvl3_8b,habit_cf_0054,habit_test_00013,000129_01,000129,S7025,early,counterfactual,S6759,Power Cable,mismatched,images/test_image_00013.jpg,mismatched,0.04999999999999999,not_ready,0.15000000000000002
internvl3_8b,habit_cf_0055,habit_test_00014,000129_01,000129,S7025,ready,factual,S7025,Organizing box,matched,images/test_image_00014.jpg,matched,0.975,not_ready,0.15000000000000002
internvl3_8b,habit_cf_0056,habit_test_00014,000129_01,000129,S7025,ready,counterfactual,S6759,Power Cable,mismatched,images/test_image_00014.jpg,matched,0.975,ready,0.975
internvl3_8b,habit_cf_0057,habit_test_00017,000130_01,000130,S7025,early,factual,S7025,Organizing box,matched,images/test_image_00017.jpg,matched,0.975,not_ready,0.15000000000000002
internvl3_8b,habit_cf_0058,habit_test_00017,000130_01,000130,S7025,early,counterfactual,S6759,Power Cable,mismatched,images/test_image_00017.jpg,mismatched,0.04999999999999999,not_ready,0.15000000000000002
internvl3_8b,habit_cf_0059,habit_test_00018,000130_01,000130,S7025,ready,factual,S7025,Organizing box,matched,images/test_image_00018.jpg,matched,0.975,not_ready,0.15000000000000002
internvl3_8b,habit_cf_0060,habit_test_00018,000130_01,000130,S7025,ready,counterfactual,S6759,Power Cable,mismatched,images/test_image_00018.jpg,mismatched,0.04999999999999999,not_ready,0.15000000000000002
internvl3_8b,habit_cf_0061,habit_test_00021,000131_01,000131,S7025,early,factual,S7025,Organizing box,matched,images/test_image_00021.jpg,matched,0.975,not_ready,0.15000000000000002
internvl3_8b,habit_cf_0062,habit_test_00021,000131_01,000131,S7025,early,counterfactual,S6759,Power Cable,mismatched,images/test_image_00021.jpg,mismatched,0.04999999999999999,uncertain,0.5
internvl3_8b,habit_cf_0063,habit_test_00022,000131_01,000131,S7025,ready,factual,S7025,Organizing box,matched,images/test_image_00022.jpg,matched,0.975,not_ready,0.15000000000000002
internvl3_8b,habit_cf_0064,habit_test_00022,000131_01,000131,S7025,ready,counterfactual,S6759,Power Cable,mismatched,images/test_image_00022.jpg,mismatched,0.04999999999999999,not_ready,0.15000000000000002
internvl3_8b,habit_cf_0065,habit_test_00025,000132_01,000132,S7025,early,factual,S7025,Organizing box,matched,images/test_image_00025.jpg,matched,0.975,not_ready,0.15000000000000002
internvl3_8b,habit_cf_0066,habit_test_00025,000132_01,000132,S7025,early,counterfactual,S6759,Power Cable,mismatched,images/test_image_00025.jpg,mismatched,0.04999999999999999,uncertain,0.5
internvl3_8b,habit_cf_0067,habit_test_00026,000132_01,000132,S7025,ready,factual,S7025,Organizing box,matched,images/test_image_00026.jpg,matched,0.975,not_ready,0.15000000000000002
internvl3_8b,habit_cf_0068,habit_test_00026,000132_01,000132,S7025,ready,counterfactual,S6759,Power Cable,mismatched,images/test_image_00026.jpg,mismatched,0.04999999999999999,not_ready,0.15000000000000002
internvl3_8b,habit_cf_0069,habit_test_00029,000133_01,000133,S7025,early,factual,S7025,Organizing box,matched,images/test_image_00029.jpg,matched,0.975,not_ready,0.15000000000000002
internvl3_8b,habit_cf_0070,habit_test_00029,000133_01,000133,S7025,early,counterfactual,S6759,Power Cable,mismatched,images/test_image_00029.jpg,mismatched,0.04999999999999999,uncertain,0.5
internvl3_8b,habit_cf_0071,habit_test_00030,000133_01,000133,S7025,ready,factual,S7025,Organizing box,matched,images/test_image_00030.jpg,matched,0.975,not_ready,0.15000000000000002
internvl3_8b,habit_cf_0072,habit_test_00030,000133_01,000133,S7025,ready,counterfactual,S6759,Power Cable,mismatched,images/test_image_00030.jpg,mismatched,0.04999999999999999,not_ready,0.15000000000000002
internvl3_8b,habit_cf_0073,habit_test_00033,000135_01,000135,S7025,early,factual,S7025,Organizing box,matched,images/test_image_00033.jpg,matched,0.975,not_ready,0.15000000000000002
internvl3_8b,habit_cf_0074,habit_test_00033,000135_01,000135,S7025,early,counterfactual,S6759,Power Cable,mismatched,images/test_image_00033.jpg,mismatched,0.04999999999999999,not_ready,0.15000000000000002
internvl3_8b,habit_cf_0075,habit_test_00034,000135_01,000135,S7025,ready,factual,S7025,Organizing box,matched,images/test_image_00034.jpg,matched,0.975,ready,0.975
internvl3_8b,habit_cf_0076,habit_test_00034,000135_01,000135,S7025,ready,counterfactual,S6759,Power Cable,mismatched,images/test_image_00034.jpg,mismatched,0.04999999999999999,not_ready,0.15000000000000002
internvl3_8b,habit_cf_0077,habit_test_00037,000137_01,000137,S7025,early,factual,S7025,Organizing box,matched,images/test_image_00037.jpg,matched,0.975,not_ready,0.15000000000000002
internvl3_8b,habit_cf_0078,habit_test_00037,000137_01,000137,S7025,early,counterfactual,S6759,Power Cable,mismatched,images/test_image_00037.jpg,mismatched,0.04999999999999999,not_ready,0.15000000000000002
internvl3_8b,habit_cf_0079,habit_test_00038,000137_01,000137,S7025,ready,factual,S7025,Organizing box,matched,images/test_image_00038.jpg,matched,0.975,not_ready,0.15000000000000002
internvl3_8b,habit_cf_0080,habit_test_00038,000137_01,000137,S7025,ready,counterfactual,S6759,Power Cable,mismatched,images/test_image_00038.jpg,mismatched,0.04999999999999999,not_ready,0.15000000000000002
internvl3_8b,habit_cf_0081,habit_test_00469,002888_01,002888,S7414,early,factual,S7414,Paper to-go box,matched,images/test_image_00469.jpg,matched,0.975,not_ready,0.15000000000000002
internvl3_8b,habit_cf_0082,habit_test_00469,002888_01,002888,S7414,early,counterfactual,S8975,100 cm Hotel Towel,mismatched,images/test_image_00469.jpg,mismatched,0.04999999999999999,not_ready,0.15000000000000002
internvl3_8b,habit_cf_0083,habit_test_00470,002888_01,002888,S7414,ready,factual,S7414,Paper to-go box,matched,images/test_image_00470.jpg,matched,0.975,not_ready,0.15000000000000002
internvl3_8b,habit_cf_0084,habit_test_00470,002888_01,002888,S7414,ready,counterfactual,S8975,100 cm Hotel Towel,mismatched,images/test_image_00470.jpg,matched,0.975,not_ready,0.15000000000000002
internvl3_8b,habit_cf_0085,habit_test_00473,002889_01,002889,S7414,early,factual,S7414,Paper to-go box,matched,images/test_image_00473.jpg,matched,0.975,not_ready,0.15000000000000002
internvl3_8b,habit_cf_0086,habit_test_00473,002889_01,002889,S7414,early,counterfactual,S8975,100 cm Hotel Towel,mismatched,images/test_image_00473.jpg,mismatched,0.04999999999999999,not_ready,0.15000000000000002
internvl3_8b,habit_cf_0087,habit_test_00474,002889_01,002889,S7414,ready,factual,S7414,Paper to-go box,matched,images/test_image_00474.jpg,matched,0.975,not_ready,0.15000000000000002
internvl3_8b,habit_cf_0088,habit_test_00474,002889_01,002889,S7414,ready,counterfactual,S8975,100 cm Hotel Towel,mismatched,images/test_image_00474.jpg,matched,0.975,ready,0.975
internvl3_8b,habit_cf_0089,habit_test_00477,002890_01,002890,S7414,early,factual,S7414,Paper to-go box,matched,images/test_image_00477.jpg,matched,0.975,not_ready,0.15000000000000002
internvl3_8b,habit_cf_0090,habit_test_00477,002890_01,002890,S7414,early,counterfactual,S8975,100 cm Hotel Towel,mismatched,images/test_image_00477.jpg,mismatched,0.04999999999999999,not_ready,0.15000000000000002
internvl3_8b,habit_cf_0091,habit_test_00478,002890_01,002890,S7414,ready,factual,S7414,Paper to-go box,matched,images/test_image_00478.jpg,matched,0.975,not_ready,0.15000000000000002
internvl3_8b,habit_cf_0092,habit_test_00478,002890_01,002890,S7414,ready,counterfactual,S8975,100 cm Hotel Towel,mismatched,images/test_image_00478.jpg,mismatched,0.04999999999999999,not_ready,0.15000000000000002
internvl3_8b,habit_cf_0093,habit_test_00481,002891_01,002891,S7414,early,factual,S7414,Paper to-go box,matched,images/test_image_00481.jpg,matched,0.975,not_ready,0.15000000000000002
internvl3_8b,habit_cf_0094,habit_test_00481,002891_01,002891,S7414,early,counterfactual,S8975,100 cm Hotel Towel,mismatched,images/test_image_00481.jpg,matched,0.975,not_ready,0.15000000000000002
internvl3_8b,habit_cf_0095,habit_test_00482,002891_01,002891,S7414,ready,factual,S7414,Paper to-go box,matched,images/test_image_00482.jpg,matched,0.975,ready,0.975
internvl3_8b,habit_cf_0096,habit_test_00482,002891_01,002891,S7414,ready,counterfactual,S8975,100 cm Hotel Towel,mismatched,images/test_image_00482.jpg,matched,0.975,ready,0.975
internvl3_8b,habit_cf_0097,habit_test_00485,002892_01,002892,S7414,early,factual,S7414,Paper to-go box,matched,images/test_image_00485.jpg,matched,0.975,not_ready,0.15000000000000002
internvl3_8b,habit_cf_0098,habit_test_00485,002892_01,002892,S7414,early,counterfactual,S8975,100 cm Hotel Towel,mismatched,images/test_image_00485.jpg,mismatched,0.04999999999999999,not_ready,0.15000000000000002
internvl3_8b,habit_cf_0099,habit_test_00486,002892_01,002892,S7414,ready,factual,S7414,Paper to-go box,matched,images/test_image_00486.jpg,matched,0.975,not_ready,0.15000000000000002
internvl3_8b,habit_cf_0100,habit_test_00486,002892_01,002892,S7414,ready,counterfactual,S8975,100 cm Hotel Towel,mismatched,images/test_image_00486.jpg,matched,0.975,not_ready,0.15000000000000002
internvl3_8b,habit_cf_0101,habit_test_00489,002894_01,002894,S7414,early,factual,S7414,Paper to-go box,matched,images/test_image_00489.jpg,matched,0.975,not_ready,0.15000000000000002
internvl3_8b,habit_cf_0102,habit_test_00489,002894_01,002894,S7414,early,counterfactual,S8975,100 cm Hotel Towel,mismatched,images/test_image_00489.jpg,matched,0.975,not_ready,0.15000000000000002
internvl3_8b,habit_cf_0103,habit_test_00490,002894_01,002894,S7414,ready,factual,S7414,Paper to-go box,matched,images/test_image_00490.jpg,matched,0.975,not_ready,0.15000000000000002
internvl3_8b,habit_cf_0104,habit_test_00490,002894_01,002894,S7414,ready,counterfactual,S8975,100 cm Hotel Towel,mismatched,images/test_image_00490.jpg,matched,0.975,not_ready,0.15000000000000002
internvl3_8b,habit_cf_0105,habit_test_00493,002895_01,002895,S7414,early,factual,S7414,Paper to-go box,matched,images/test_image_00493.jpg,matched,0.975,not_ready,0.15000000000000002
internvl3_8b,habit_cf_0106,habit_test_00493,002895_01,002895,S7414,early,counterfactual,S8975,100 cm Hotel Towel,mismatched,images/test_image_00493.jpg,mismatched,0.04999999999999999,not_ready,0.15000000000000002
internvl3_8b,habit_cf_0107,habit_test_00494,002895_01,002895,S7414,ready,factual,S7414,Paper to-go box,matched,images/test_image_00494.jpg,matched,0.975,not_ready,0.15000000000000002
internvl3_8b,habit_cf_0108,habit_test_00494,002895_01,002895,S7414,ready,counterfactual,S8975,100 cm Hotel Towel,mismatched,images/test_image_00494.jpg,matched,0.975,not_ready,0.15000000000000002
internvl3_8b,habit_cf_0109,habit_test_00497,002896_01,002896,S7414,early,factual,S7414,Paper to-go box,matched,images/test_image_00497.jpg,matched,0.975,not_ready,0.15000000000000002
internvl3_8b,habit_cf_0110,habit_test_00497,002896_01,002896,S7414,early,counterfactual,S8975,100 cm Hotel Towel,mismatched,images/test_image_00497.jpg,mismatched,0.04999999999999999,not_ready,0.15000000000000002
internvl3_8b,habit_cf_0111,habit_test_00498,002896_01,002896,S7414,ready,factual,S7414,Paper to-go box,matched,images/test_image_00498.jpg,matched,0.975,ready,0.975
internvl3_8b,habit_cf_0112,habit_test_00498,002896_01,002896,S7414,ready,counterfactual,S8975,100 cm Hotel Towel,mismatched,images/test_image_00498.jpg,matched,0.975,not_ready,0.15000000000000002
internvl3_8b,habit_cf_0113,habit_test_00501,002898_01,002898,S7414,early,factual,S7414,Paper to-go box,matched,images/test_image_00501.jpg,matched,0.975,not_ready,0.15000000000000002
internvl3_8b,habit_cf_0114,habit_test_00501,002898_01,002898,S7414,early,counterfactual,S8975,100 cm Hotel Towel,mismatched,images/test_image_00501.jpg,mismatched,0.04999999999999999,not_ready,0.15000000000000002
internvl3_8b,habit_cf_0115,habit_test_00502,002898_01,002898,S7414,ready,factual,S7414,Paper to-go box,matched,images/test_image_00502.jpg,matched,0.975,not_ready,0.15000000000000002
internvl3_8b,habit_cf_0116,habit_test_00502,002898_01,002898,S7414,ready,counterfactual,S8975,100 cm Hotel Towel,mismatched,images/test_image_00502.jpg,matched,0.975,ready,0.975
internvl3_8b,habit_cf_0117,habit_test_00505,002899_01,002899,S7414,early,factual,S7414,Paper to-go box,matched,images/test_image_00505.jpg,matched,0.975,not_ready,0.15000000000000002
internvl3_8b,habit_cf_0118,habit_test_00505,002899_01,002899,S7414,early,counterfactual,S8975,100 cm Hotel Towel,mismatched,images/test_image_00505.jpg,mismatched,0.04999999999999999,not_ready,0.15000000000000002
internvl3_8b,habit_cf_0119,habit_test_00506,002899_01,002899,S7414,ready,factual,S7414,Paper to-go box,matched,images/test_image_00506.jpg,matched,0.975,ready,0.975
internvl3_8b,habit_cf_0120,habit_test_00506,002899_01,002899,S7414,ready,counterfactual,S8975,100 cm Hotel Towel,mismatched,images/test_image_00506.jpg,matched,0.975,ready,0.975
internvl3_8b,habit_cf_0121,habit_test_02013,008354_01,008354,S7788,early,factual,S7788,iced cup,matched,images/test_image_02013.jpg,matched,1.0,not_ready,0.04999999999999999
internvl3_8b,habit_cf_0122,habit_test_02013,008354_01,008354,S7788,early,counterfactual,S8940,Airtight Container lid,mismatched,images/test_image_02013.jpg,matched,0.975,not_ready,0.15000000000000002
internvl3_8b,habit_cf_0123,habit_test_02014,008354_01,008354,S7788,ready,factual,S7788,iced cup,matched,images/test_image_02014.jpg,matched,1.0,ready,1.0
internvl3_8b,habit_cf_0124,habit_test_02014,008354_01,008354,S7788,ready,counterfactual,S8940,Airtight Container lid,mismatched,images/test_image_02014.jpg,matched,0.975,not_ready,0.15000000000000002
internvl3_8b,habit_cf_0125,habit_test_02015,008364_01,008364,S7788,early,factual,S7788,iced cup,matched,images/test_image_02015.jpg,matched,1.0,not_ready,0.09999999999999998
internvl3_8b,habit_cf_0126,habit_test_02015,008364_01,008364,S7788,early,counterfactual,S8940,Airtight Container lid,mismatched,images/test_image_02015.jpg,matched,0.975,not_ready,0.15000000000000002
internvl3_8b,habit_cf_0127,habit_test_02016,008364_01,008364,S7788,ready,factual,S7788,iced cup,matched,images/test_image_02016.jpg,matched,1.0,ready,1.0
internvl3_8b,habit_cf_0128,habit_test_02016,008364_01,008364,S7788,ready,counterfactual,S8940,Airtight Container lid,mismatched,images/test_image_02016.jpg,matched,0.975,ready,0.975
internvl3_8b,habit_cf_0129,habit_test_02019,008372_02,008372,S7788,early,factual,S7788,iced cup,matched,images/test_image_02019.jpg,matched,1.0,ready,1.0
internvl3_8b,habit_cf_0130,habit_test_02019,008372_02,008372,S7788,early,counterfactual,S8940,Airtight Container lid,mismatched,images/test_image_02019.jpg,matched,0.975,ready,0.975
internvl3_8b,habit_cf_0131,habit_test_02020,008372_02,008372,S7788,ready,factual,S7788,iced cup,matched,images/test_image_02020.jpg,matched,1.0,ready,1.0
internvl3_8b,habit_cf_0132,habit_test_02020,008372_02,008372,S7788,ready,counterfactual,S8940,Airtight Container lid,mismatched,images/test_image_02020.jpg,matched,0.975,ready,0.975
internvl3_8b,habit_cf_0133,habit_test_02021,008462_01,008462,S7788,early,factual,S7788,iced cup,matched,images/test_image_02021.jpg,matched,1.0,ready,1.0
internvl3_8b,habit_cf_0134,habit_test_02021,008462_01,008462,S7788,early,counterfactual,S8940,Airtight Container lid,mismatched,images/test_image_02021.jpg,matched,0.975,not_ready,0.15000000000000002
internvl3_8b,habit_cf_0135,habit_test_02022,008462_01,008462,S7788,ready,factual,S7788,iced cup,matched,images/test_image_02022.jpg,matched,1.0,ready,1.0
internvl3_8b,habit_cf_0136,habit_test_02022,008462_01,008462,S7788,ready,counterfactual,S8940,Airtight Container lid,mismatched,images/test_image_02022.jpg,matched,0.975,ready,0.975
internvl3_8b,habit_cf_0137,habit_test_02023,008475_01,008475,S7788,early,factual,S7788,iced cup,matched,images/test_image_02023.jpg,matched,1.0,ready,1.0
internvl3_8b,habit_cf_0138,habit_test_02023,008475_01,008475,S7788,early,counterfactual,S8940,Airtight Container lid,mismatched,images/test_image_02023.jpg,matched,0.975,not_ready,0.15000000000000002
internvl3_8b,habit_cf_0139,habit_test_02024,008475_01,008475,S7788,ready,factual,S7788,iced cup,matched,images/test_image_02024.jpg,matched,1.0,ready,1.0
internvl3_8b,habit_cf_0140,habit_test_02024,008475_01,008475,S7788,ready,counterfactual,S8940,Airtight Container lid,mismatched,images/test_image_02024.jpg,matched,0.975,ready,0.975
internvl3_8b,habit_cf_0141,habit_test_02025,008495_02,008495,S7788,early,factual,S7788,iced cup,matched,images/test_image_02025.jpg,matched,1.0,ready,1.0
internvl3_8b,habit_cf_0142,habit_test_02025,008495_02,008495,S7788,early,counterfactual,S8940,Airtight Container lid,mismatched,images/test_image_02025.jpg,matched,0.975,not_ready,0.15000000000000002
internvl3_8b,habit_cf_0143,habit_test_02026,008495_02,008495,S7788,ready,factual,S7788,iced cup,matched,images/test_image_02026.jpg,matched,1.0,ready,1.0
internvl3_8b,habit_cf_0144,habit_test_02026,008495_02,008495,S7788,ready,counterfactual,S8940,Airtight Container lid,mismatched,images/test_image_02026.jpg,matched,0.975,ready,0.975
internvl3_8b,habit_cf_0145,habit_test_02027,008524_02,008524,S7788,early,factual,S7788,iced cup,matched,images/test_image_02027.jpg,matched,1.0,ready,1.0
internvl3_8b,habit_cf_0146,habit_test_02027,008524_02,008524,S7788,early,counterfactual,S8940,Airtight Container lid,mismatched,images/test_image_02027.jpg,matched,0.975,not_ready,0.15000000000000002
internvl3_8b,habit_cf_0147,habit_test_02028,008524_02,008524,S7788,ready,factual,S7788,iced cup,matched,images/test_image_02028.jpg,matched,1.0,ready,1.0
internvl3_8b,habit_cf_0148,habit_test_02028,008524_02,008524,S7788,ready,counterfactual,S8940,Airtight Container lid,mismatched,images/test_image_02028.jpg,matched,0.975,ready,0.975
internvl3_8b,habit_cf_0149,habit_test_02029,009796_02,009796,S7788,early,factual,S7788,iced cup,matched,images/test_image_02029.jpg,matched,0.975,ready,0.975
internvl3_8b,habit_cf_0150,habit_test_02029,009796_02,009796,S7788,early,counterfactual,S8940,Airtight Container lid,mismatched,images/test_image_02029.jpg,matched,0.975,not_ready,0.15000000000000002
internvl3_8b,habit_cf_0151,habit_test_02030,009796_02,009796,S7788,ready,factual,S7788,iced cup,matched,images/test_image_02030.jpg,matched,1.0,ready,1.0
internvl3_8b,habit_cf_0152,habit_test_02030,009796_02,009796,S7788,ready,counterfactual,S8940,Airtight Container lid,mismatched,images/test_image_02030.jpg,matched,0.975,ready,0.975
internvl3_8b,habit_cf_0153,habit_test_02031,009797_02,009797,S7788,early,factual,S7788,iced cup,matched,images/test_image_02031.jpg,matched,0.975,not_ready,0.15000000000000002
internvl3_8b,habit_cf_0154,habit_test_02031,009797_02,009797,S7788,early,counterfactual,S8940,Airtight Container lid,mismatched,images/test_image_02031.jpg,matched,0.975,not_ready,0.15000000000000002
internvl3_8b,habit_cf_0155,habit_test_02032,009797_02,009797,S7788,ready,factual,S7788,iced cup,matched,images/test_image_02032.jpg,matched,1.0,ready,1.0
internvl3_8b,habit_cf_0156,habit_test_02032,009797_02,009797,S7788,ready,counterfactual,S8940,Airtight Container lid,mismatched,images/test_image_02032.jpg,matched,0.975,ready,0.975
internvl3_8b,habit_cf_0157,habit_test_02033,009801_02,009801,S7788,early,factual,S7788,iced cup,matched,images/test_image_02033.jpg,matched,1.0,not_ready,0.04999999999999999
internvl3_8b,habit_cf_0158,habit_test_02033,009801_02,009801,S7788,early,counterfactual,S8940,Airtight Container lid,mismatched,images/test_image_02033.jpg,matched,0.975,not_ready,0.15000000000000002
internvl3_8b,habit_cf_0159,habit_test_02034,009801_02,009801,S7788,ready,factual,S7788,iced cup,matched,images/test_image_02034.jpg,matched,1.0,ready,1.0
internvl3_8b,habit_cf_0160,habit_test_02034,009801_02,009801,S7788,ready,counterfactual,S8940,Airtight Container lid,mismatched,images/test_image_02034.jpg,matched,0.975,not_ready,0.15000000000000002
internvl3_8b,habit_cf_0161,habit_test_01933,007309_01,007309,S8940,early,factual,S8940,Airtight Container lid,matched,images/test_image_01933.jpg,mismatched,0.04999999999999999,not_ready,0.15000000000000002
internvl3_8b,habit_cf_0162,habit_test_01933,007309_01,007309,S8940,early,counterfactual,S7025,Organizing box,mismatched,images/test_image_01933.jpg,matched,0.975,not_ready,0.15000000000000002
internvl3_8b,habit_cf_0163,habit_test_01934,007309_01,007309,S8940,ready,factual,S8940,Airtight Container lid,matched,images/test_image_01934.jpg,matched,0.975,not_ready,0.15000000000000002
internvl3_8b,habit_cf_0164,habit_test_01934,007309_01,007309,S8940,ready,counterfactual,S7025,Organizing box,mismatched,images/test_image_01934.jpg,matched,0.975,not_ready,0.15000000000000002
internvl3_8b,habit_cf_0165,habit_test_01937,007310_01,007310,S8940,early,factual,S8940,Airtight Container lid,matched,images/test_image_01937.jpg,matched,0.975,not_ready,0.15000000000000002
internvl3_8b,habit_cf_0166,habit_test_01937,007310_01,007310,S8940,early,counterfactual,S7025,Organizing box,mismatched,images/test_image_01937.jpg,matched,0.975,not_ready,0.15000000000000002
internvl3_8b,habit_cf_0167,habit_test_01938,007310_01,007310,S8940,ready,factual,S8940,Airtight Container lid,matched,images/test_image_01938.jpg,matched,0.975,not_ready,0.15000000000000002
internvl3_8b,habit_cf_0168,habit_test_01938,007310_01,007310,S8940,ready,counterfactual,S7025,Organizing box,mismatched,images/test_image_01938.jpg,matched,0.975,not_ready,0.15000000000000002
internvl3_8b,habit_cf_0169,habit_test_01941,007312_01,007312,S8940,early,factual,S8940,Airtight Container lid,matched,images/test_image_01941.jpg,mismatched,0.04999999999999999,not_ready,0.15000000000000002
internvl3_8b,habit_cf_0170,habit_test_01941,007312_01,007312,S8940,early,counterfactual,S7025,Organizing box,mismatched,images/test_image_01941.jpg,matched,0.975,not_ready,0.15000000000000002
internvl3_8b,habit_cf_0171,habit_test_01942,007312_01,007312,S8940,ready,factual,S8940,Airtight Container lid,matched,images/test_image_01942.jpg,matched,0.975,not_ready,0.15000000000000002
internvl3_8b,habit_cf_0172,habit_test_01942,007312_01,007312,S8940,ready,counterfactual,S7025,Organizing box,mismatched,images/test_image_01942.jpg,matched,0.975,not_ready,0.15000000000000002
internvl3_8b,habit_cf_0173,habit_test_01945,007313_01,007313,S8940,early,factual,S8940,Airtight Container lid,matched,images/test_image_01945.jpg,mismatched,0.04999999999999999,not_ready,0.15000000000000002
internvl3_8b,habit_cf_0174,habit_test_01945,007313_01,007313,S8940,early,counterfactual,S7025,Organizing box,mismatched,images/test_image_01945.jpg,matched,0.975,not_ready,0.15000000000000002
internvl3_8b,habit_cf_0175,habit_test_01946,007313_01,007313,S8940,ready,factual,S8940,Airtight Container lid,matched,images/test_image_01946.jpg,matched,0.975,not_ready,0.15000000000000002
internvl3_8b,habit_cf_0176,habit_test_01946,007313_01,007313,S8940,ready,counterfactual,S7025,Organizing box,mismatched,images/test_image_01946.jpg,matched,0.975,not_ready,0.15000000000000002
internvl3_8b,habit_cf_0177,habit_test_01949,007314_01,007314,S8940,early,factual,S8940,Airtight Container lid,matched,images/test_image_01949.jpg,mismatched,0.04999999999999999,not_ready,0.15000000000000002
internvl3_8b,habit_cf_0178,habit_test_01949,007314_01,007314,S8940,early,counterfactual,S7025,Organizing box,mismatched,images/test_image_01949.jpg,matched,0.975,not_ready,0.15000000000000002
internvl3_8b,habit_cf_0179,habit_test_01950,007314_01,007314,S8940,ready,factual,S8940,Airtight Container lid,matched,images/test_image_01950.jpg,matched,0.975,not_ready,0.15000000000000002
internvl3_8b,habit_cf_0180,habit_test_01950,007314_01,007314,S8940,ready,counterfactual,S7025,Organizing box,mismatched,images/test_image_01950.jpg,matched,0.975,not_ready,0.15000000000000002
internvl3_8b,habit_cf_0181,habit_test_01953,007315_01,007315,S8940,early,factual,S8940,Airtight Container lid,matched,images/test_image_01953.jpg,mismatched,0.04999999999999999,uncertain,0.5
internvl3_8b,habit_cf_0182,habit_test_01953,007315_01,007315,S8940,early,counterfactual,S7025,Organizing box,mismatched,images/test_image_01953.jpg,matched,0.975,not_ready,0.15000000000000002
internvl3_8b,habit_cf_0183,habit_test_01954,007315_01,007315,S8940,ready,factual,S8940,Airtight Container lid,matched,images/test_image_01954.jpg,matched,0.975,not_ready,0.15000000000000002
internvl3_8b,habit_cf_0184,habit_test_01954,007315_01,007315,S8940,ready,counterfactual,S7025,Organizing box,mismatched,images/test_image_01954.jpg,matched,0.975,not_ready,0.15000000000000002
internvl3_8b,habit_cf_0185,habit_test_01957,007316_01,007316,S8940,early,factual,S8940,Airtight Container lid,matched,images/test_image_01957.jpg,mismatched,0.04999999999999999,not_ready,0.15000000000000002
internvl3_8b,habit_cf_0186,habit_test_01957,007316_01,007316,S8940,early,counterfactual,S7025,Organizing box,mismatched,images/test_image_01957.jpg,matched,0.975,not_ready,0.15000000000000002
internvl3_8b,habit_cf_0187,habit_test_01958,007316_01,007316,S8940,ready,factual,S8940,Airtight Container lid,matched,images/test_image_01958.jpg,matched,0.975,not_ready,0.15000000000000002
internvl3_8b,habit_cf_0188,habit_test_01958,007316_01,007316,S8940,ready,counterfactual,S7025,Organizing box,mismatched,images/test_image_01958.jpg,matched,0.975,not_ready,0.15000000000000002
internvl3_8b,habit_cf_0189,habit_test_01961,007317_01,007317,S8940,early,factual,S8940,Airtight Container lid,matched,images/test_image_01961.jpg,mismatched,0.04999999999999999,uncertain,0.5
internvl3_8b,habit_cf_0190,habit_test_01961,007317_01,007317,S8940,early,counterfactual,S7025,Organizing box,mismatched,images/test_image_01961.jpg,matched,0.975,not_ready,0.15000000000000002
internvl3_8b,habit_cf_0191,habit_test_01962,007317_01,007317,S8940,ready,factual,S8940,Airtight Container lid,matched,images/test_image_01962.jpg,matched,0.975,not_ready,0.15000000000000002
internvl3_8b,habit_cf_0192,habit_test_01962,007317_01,007317,S8940,ready,counterfactual,S7025,Organizing box,mismatched,images/test_image_01962.jpg,matched,0.975,not_ready,0.15000000000000002
internvl3_8b,habit_cf_0193,habit_test_01965,007321_01,007321,S8940,early,factual,S8940,Airtight Container lid,matched,images/test_image_01965.jpg,mismatched,0.04999999999999999,uncertain,0.5
internvl3_8b,habit_cf_0194,habit_test_01965,007321_01,007321,S8940,early,counterfactual,S7025,Organizing box,mismatched,images/test_image_01965.jpg,matched,0.975,not_ready,0.15000000000000002
internvl3_8b,habit_cf_0195,habit_test_01966,007321_01,007321,S8940,ready,factual,S8940,Airtight Container lid,matched,images/test_image_01966.jpg,matched,0.975,not_ready,0.15000000000000002
internvl3_8b,habit_cf_0196,habit_test_01966,007321_01,007321,S8940,ready,counterfactual,S7025,Organizing box,mismatched,images/test_image_01966.jpg,matched,0.975,not_ready,0.15000000000000002
internvl3_8b,habit_cf_0197,habit_test_01969,007322_01,007322,S8940,early,factual,S8940,Airtight Container lid,matched,images/test_image_01969.jpg,mismatched,0.04999999999999999,uncertain,0.5
internvl3_8b,habit_cf_0198,habit_test_01969,007322_01,007322,S8940,early,counterfactual,S7025,Organizing box,mismatched,images/test_image_01969.jpg,matched,0.975,not_ready,0.15000000000000002
internvl3_8b,habit_cf_0199,habit_test_01970,007322_01,007322,S8940,ready,factual,S8940,Airtight Container lid,matched,images/test_image_01970.jpg,matched,0.975,not_ready,0.15000000000000002
internvl3_8b,habit_cf_0200,habit_test_01970,007322_01,007322,S8940,ready,counterfactual,S7025,Organizing box,mismatched,images/test_image_01970.jpg,matched,0.975,not_ready,0.15000000000000002
internvl3_8b,habit_cf_0201,habit_test_01715,005687_01,005687,S8975,early,factual,S8975,100 cm Hotel Towel,matched,images/test_image_01715.jpg,matched,0.975,ready,0.975
internvl3_8b,habit_cf_0202,habit_test_01715,005687_01,005687,S8975,early,counterfactual,S7788,iced cup,mismatched,images/test_image_01715.jpg,mismatched,0.04999999999999999,not_ready,0.15000000000000002
internvl3_8b,habit_cf_0203,habit_test_01716,005687_01,005687,S8975,ready,factual,S8975,100 cm Hotel Towel,matched,images/test_image_01716.jpg,matched,0.975,ready,0.975
internvl3_8b,habit_cf_0204,habit_test_01716,005687_01,005687,S8975,ready,counterfactual,S7788,iced cup,mismatched,images/test_image_01716.jpg,mismatched,0.04999999999999999,not_ready,0.15000000000000002
internvl3_8b,habit_cf_0205,habit_test_01717,005688_01,005688,S8975,early,factual,S8975,100 cm Hotel Towel,matched,images/test_image_01717.jpg,matched,0.975,ready,0.975
internvl3_8b,habit_cf_0206,habit_test_01717,005688_01,005688,S8975,early,counterfactual,S7788,iced cup,mismatched,images/test_image_01717.jpg,mismatched,0.04999999999999999,not_ready,0.15000000000000002
internvl3_8b,habit_cf_0207,habit_test_01718,005688_01,005688,S8975,ready,factual,S8975,100 cm Hotel Towel,matched,images/test_image_01718.jpg,matched,0.975,not_ready,0.15000000000000002
internvl3_8b,habit_cf_0208,habit_test_01718,005688_01,005688,S8975,ready,counterfactual,S7788,iced cup,mismatched,images/test_image_01718.jpg,mismatched,0.04999999999999999,not_ready,0.15000000000000002
internvl3_8b,habit_cf_0209,habit_test_01719,005691_01,005691,S8975,early,factual,S8975,100 cm Hotel Towel,matched,images/test_image_01719.jpg,matched,0.975,ready,0.975
internvl3_8b,habit_cf_0210,habit_test_01719,005691_01,005691,S8975,early,counterfactual,S7788,iced cup,mismatched,images/test_image_01719.jpg,mismatched,0.04999999999999999,not_ready,0.15000000000000002
internvl3_8b,habit_cf_0211,habit_test_01720,005691_01,005691,S8975,ready,factual,S8975,100 cm Hotel Towel,matched,images/test_image_01720.jpg,matched,0.975,ready,0.975
internvl3_8b,habit_cf_0212,habit_test_01720,005691_01,005691,S8975,ready,counterfactual,S7788,iced cup,mismatched,images/test_image_01720.jpg,mismatched,0.04999999999999999,not_ready,0.15000000000000002
internvl3_8b,habit_cf_0213,habit_test_01721,005692_01,005692,S8975,early,factual,S8975,100 cm Hotel Towel,matched,images/test_image_01721.jpg,matched,0.975,ready,0.975
internvl3_8b,habit_cf_0214,habit_test_01721,005692_01,005692,S8975,early,counterfactual,S7788,iced cup,mismatched,images/test_image_01721.jpg,mismatched,0.04999999999999999,not_ready,0.15000000000000002
internvl3_8b,habit_cf_0215,habit_test_01722,005692_01,005692,S8975,ready,factual,S8975,100 cm Hotel Towel,matched,images/test_image_01722.jpg,matched,0.975,ready,0.975
internvl3_8b,habit_cf_0216,habit_test_01722,005692_01,005692,S8975,ready,counterfactual,S7788,iced cup,mismatched,images/test_image_01722.jpg,mismatched,0.04999999999999999,not_ready,0.15000000000000002
internvl3_8b,habit_cf_0217,habit_test_01723,005693_01,005693,S8975,early,factual,S8975,100 cm Hotel Towel,matched,images/test_image_01723.jpg,matched,0.975,ready,0.975
internvl3_8b,habit_cf_0218,habit_test_01723,005693_01,005693,S8975,early,counterfactual,S7788,iced cup,mismatched,images/test_image_01723.jpg,mismatched,0.04999999999999999,not_ready,0.15000000000000002
internvl3_8b,habit_cf_0219,habit_test_01724,005693_01,005693,S8975,ready,factual,S8975,100 cm Hotel Towel,matched,images/test_image_01724.jpg,matched,0.975,ready,0.975
internvl3_8b,habit_cf_0220,habit_test_01724,005693_01,005693,S8975,ready,counterfactual,S7788,iced cup,mismatched,images/test_image_01724.jpg,mismatched,0.04999999999999999,not_ready,0.15000000000000002
internvl3_8b,habit_cf_0221,habit_test_01725,005694_01,005694,S8975,early,factual,S8975,100 cm Hotel Towel,matched,images/test_image_01725.jpg,matched,0.975,ready,0.975
internvl3_8b,habit_cf_0222,habit_test_01725,005694_01,005694,S8975,early,counterfactual,S7788,iced cup,mismatched,images/test_image_01725.jpg,mismatched,0.04999999999999999,not_ready,0.15000000000000002
internvl3_8b,habit_cf_0223,habit_test_01726,005694_01,005694,S8975,ready,factual,S8975,100 cm Hotel Towel,matched,images/test_image_01726.jpg,matched,0.975,ready,0.975
internvl3_8b,habit_cf_0224,habit_test_01726,005694_01,005694,S8975,ready,counterfactual,S7788,iced cup,mismatched,images/test_image_01726.jpg,mismatched,0.04999999999999999,not_ready,0.15000000000000002
internvl3_8b,habit_cf_0225,habit_test_01727,005695_01,005695,S8975,early,factual,S8975,100 cm Hotel Towel,matched,images/test_image_01727.jpg,matched,0.975,ready,0.975
internvl3_8b,habit_cf_0226,habit_test_01727,005695_01,005695,S8975,early,counterfactual,S7788,iced cup,mismatched,images/test_image_01727.jpg,mismatched,0.04999999999999999,not_ready,0.15000000000000002
internvl3_8b,habit_cf_0227,habit_test_01728,005695_01,005695,S8975,ready,factual,S8975,100 cm Hotel Towel,matched,images/test_image_01728.jpg,matched,0.975,ready,0.975
internvl3_8b,habit_cf_0228,habit_test_01728,005695_01,005695,S8975,ready,counterfactual,S7788,iced cup,mismatched,images/test_image_01728.jpg,mismatched,0.04999999999999999,not_ready,0.15000000000000002
internvl3_8b,habit_cf_0229,habit_test_01729,005696_01,005696,S8975,early,factual,S8975,100 cm Hotel Towel,matched,images/test_image_01729.jpg,matched,0.975,ready,0.975
internvl3_8b,habit_cf_0230,habit_test_01729,005696_01,005696,S8975,early,counterfactual,S7788,iced cup,mismatched,images/test_image_01729.jpg,mismatched,0.04999999999999999,not_ready,0.15000000000000002
internvl3_8b,habit_cf_0231,habit_test_01730,005696_01,005696,S8975,ready,factual,S8975,100 cm Hotel Towel,matched,images/test_image_01730.jpg,matched,0.975,ready,0.975
internvl3_8b,habit_cf_0232,habit_test_01730,005696_01,005696,S8975,ready,counterfactual,S7788,iced cup,mismatched,images/test_image_01730.jpg,mismatched,0.04999999999999999,not_ready,0.15000000000000002
internvl3_8b,habit_cf_0233,habit_test_01731,005697_01,005697,S8975,early,factual,S8975,100 cm Hotel Towel,matched,images/test_image_01731.jpg,matched,0.975,ready,0.975
internvl3_8b,habit_cf_0234,habit_test_01731,005697_01,005697,S8975,early,counterfactual,S7788,iced cup,mismatched,images/test_image_01731.jpg,mismatched,0.04999999999999999,not_ready,0.15000000000000002
internvl3_8b,habit_cf_0235,habit_test_01732,005697_01,005697,S8975,ready,factual,S8975,100 cm Hotel Towel,matched,images/test_image_01732.jpg,matched,0.975,ready,0.975
internvl3_8b,habit_cf_0236,habit_test_01732,005697_01,005697,S8975,ready,counterfactual,S7788,iced cup,mismatched,images/test_image_01732.jpg,mismatched,0.04999999999999999,not_ready,0.15000000000000002
internvl3_8b,habit_cf_0237,habit_test_01733,005698_01,005698,S8975,early,factual,S8975,100 cm Hotel Towel,matched,images/test_image_01733.jpg,matched,0.975,ready,0.975
internvl3_8b,habit_cf_0238,habit_test_01733,005698_01,005698,S8975,early,counterfactual,S7788,iced cup,mismatched,images/test_image_01733.jpg,mismatched,0.04999999999999999,not_ready,0.15000000000000002
internvl3_8b,habit_cf_0239,habit_test_01734,005698_01,005698,S8975,ready,factual,S8975,100 cm Hotel Towel,matched,images/test_image_01734.jpg,matched,0.975,ready,0.975
internvl3_8b,habit_cf_0240,habit_test_01734,005698_01,005698,S8975,ready,counterfactual,S7788,iced cup,mismatched,images/test_image_01734.jpg,mismatched,0.04999999999999999,not_ready,0.15000000000000002
internvl3_8b,habit_cfx_0001,habit_test_01529,004948_01,004948,S6759,early,counterfactual,S7025,Organizing box,mismatched,images/test_image_01529.jpg,matched,0.975,not_ready,0.15000000000000002
internvl3_8b,habit_cfx_0002,habit_test_01529,004948_01,004948,S6759,early,counterfactual,S7788,iced cup,mismatched,images/test_image_01529.jpg,mismatched,0.04999999999999999,uncertain,0.5
internvl3_8b,habit_cfx_0003,habit_test_01529,004948_01,004948,S6759,early,counterfactual,S8940,Airtight Container lid,mismatched,images/test_image_01529.jpg,mismatched,0.04999999999999999,not_ready,0.15000000000000002
internvl3_8b,habit_cfx_0004,habit_test_01529,004948_01,004948,S6759,early,counterfactual,S8975,100 cm Hotel Towel,mismatched,images/test_image_01529.jpg,mismatched,0.04999999999999999,not_ready,0.09999999999999998
internvl3_8b,habit_cfx_0005,habit_test_01530,004948_01,004948,S6759,ready,counterfactual,S7025,Organizing box,mismatched,images/test_image_01530.jpg,matched,0.975,not_ready,0.15000000000000002
internvl3_8b,habit_cfx_0006,habit_test_01530,004948_01,004948,S6759,ready,counterfactual,S7788,iced cup,mismatched,images/test_image_01530.jpg,mismatched,0.04999999999999999,not_ready,0.15000000000000002
internvl3_8b,habit_cfx_0007,habit_test_01530,004948_01,004948,S6759,ready,counterfactual,S8940,Airtight Container lid,mismatched,images/test_image_01530.jpg,matched,0.975,not_ready,0.15000000000000002
internvl3_8b,habit_cfx_0008,habit_test_01530,004948_01,004948,S6759,ready,counterfactual,S8975,100 cm Hotel Towel,mismatched,images/test_image_01530.jpg,mismatched,0.04999999999999999,not_ready,0.15000000000000002
internvl3_8b,habit_cfx_0009,habit_test_01531,004949_01,004949,S6759,early,counterfactual,S7025,Organizing box,mismatched,images/test_image_01531.jpg,matched,0.975,not_ready,0.15000000000000002
internvl3_8b,habit_cfx_0010,habit_test_01531,004949_01,004949,S6759,early,counterfactual,S7788,iced cup,mismatched,images/test_image_01531.jpg,mismatched,0.04999999999999999,uncertain,0.5
internvl3_8b,habit_cfx_0011,habit_test_01531,004949_01,004949,S6759,early,counterfactual,S8940,Airtight Container lid,mismatched,images/test_image_01531.jpg,mismatched,0.04999999999999999,uncertain,0.5
internvl3_8b,habit_cfx_0012,habit_test_01531,004949_01,004949,S6759,early,counterfactual,S8975,100 cm Hotel Towel,mismatched,images/test_image_01531.jpg,mismatched,0.04999999999999999,not_ready,0.15000000000000002
internvl3_8b,habit_cfx_0013,habit_test_01532,004949_01,004949,S6759,ready,counterfactual,S7025,Organizing box,mismatched,images/test_image_01532.jpg,matched,0.975,not_ready,0.15000000000000002
internvl3_8b,habit_cfx_0014,habit_test_01532,004949_01,004949,S6759,ready,counterfactual,S7788,iced cup,mismatched,images/test_image_01532.jpg,mismatched,0.04999999999999999,not_ready,0.15000000000000002
internvl3_8b,habit_cfx_0015,habit_test_01532,004949_01,004949,S6759,ready,counterfactual,S8940,Airtight Container lid,mismatched,images/test_image_01532.jpg,matched,0.975,not_ready,0.15000000000000002
internvl3_8b,habit_cfx_0016,habit_test_01532,004949_01,004949,S6759,ready,counterfactual,S8975,100 cm Hotel Towel,mismatched,images/test_image_01532.jpg,mismatched,0.04999999999999999,not_ready,0.15000000000000002
internvl3_8b,habit_cfx_0017,habit_test_01533,004951_01,004951,S6759,early,counterfactual,S7025,Organizing box,mismatched,images/test_image_01533.jpg,matched,0.975,not_ready,0.15000000000000002
internvl3_8b,habit_cfx_0018,habit_test_01533,004951_01,004951,S6759,early,counterfactual,S7788,iced cup,mismatched,images/test_image_01533.jpg,mismatched,0.04999999999999999,not_ready,0.15000000000000002
internvl3_8b,habit_cfx_0019,habit_test_01533,004951_01,004951,S6759,early,counterfactual,S8940,Airtight Container lid,mismatched,images/test_image_01533.jpg,mismatched,0.04999999999999999,uncertain,0.5
internvl3_8b,habit_cfx_0020,habit_test_01533,004951_01,004951,S6759,early,counterfactual,S8975,100 cm Hotel Towel,mismatched,images/test_image_01533.jpg,mismatched,0.04999999999999999,uncertain,0.5
internvl3_8b,habit_cfx_0021,habit_test_01534,004951_01,004951,S6759,ready,counterfactual,S7025,Organizing box,mismatched,images/test_image_01534.jpg,matched,0.975,not_ready,0.15000000000000002
internvl3_8b,habit_cfx_0022,habit_test_01534,004951_01,004951,S6759,ready,counterfactual,S7788,iced cup,mismatched,images/test_image_01534.jpg,mismatched,0.04999999999999999,not_ready,0.2
internvl3_8b,habit_cfx_0023,habit_test_01534,004951_01,004951,S6759,ready,counterfactual,S8940,Airtight Container lid,mismatched,images/test_image_01534.jpg,matched,0.975,not_ready,0.15000000000000002
internvl3_8b,habit_cfx_0024,habit_test_01534,004951_01,004951,S6759,ready,counterfactual,S8975,100 cm Hotel Towel,mismatched,images/test_image_01534.jpg,mismatched,0.04999999999999999,not_ready,0.15000000000000002
internvl3_8b,habit_cfx_0025,habit_test_01535,004952_01,004952,S6759,early,counterfactual,S7025,Organizing box,mismatched,images/test_image_01535.jpg,matched,0.975,not_ready,0.15000000000000002
internvl3_8b,habit_cfx_0026,habit_test_01535,004952_01,004952,S6759,early,counterfactual,S7788,iced cup,mismatched,images/test_image_01535.jpg,mismatched,0.04999999999999999,uncertain,0.5
internvl3_8b,habit_cfx_0027,habit_test_01535,004952_01,004952,S6759,early,counterfactual,S8940,Airtight Container lid,mismatched,images/test_image_01535.jpg,mismatched,0.04999999999999999,not_ready,0.15000000000000002
internvl3_8b,habit_cfx_0028,habit_test_01535,004952_01,004952,S6759,early,counterfactual,S8975,100 cm Hotel Towel,mismatched,images/test_image_01535.jpg,mismatched,0.04999999999999999,not_ready,0.15000000000000002
internvl3_8b,habit_cfx_0029,habit_test_01536,004952_01,004952,S6759,ready,counterfactual,S7025,Organizing box,mismatched,images/test_image_01536.jpg,matched,0.975,not_ready,0.15000000000000002
internvl3_8b,habit_cfx_0030,habit_test_01536,004952_01,004952,S6759,ready,counterfactual,S7788,iced cup,mismatched,images/test_image_01536.jpg,mismatched,0.04999999999999999,not_ready,0.15000000000000002
internvl3_8b,habit_cfx_0031,habit_test_01536,004952_01,004952,S6759,ready,counterfactual,S8940,Airtight Container lid,mismatched,images/test_image_01536.jpg,mismatched,0.04999999999999999,not_ready,0.15000000000000002
internvl3_8b,habit_cfx_0032,habit_test_01536,004952_01,004952,S6759,ready,counterfactual,S8975,100 cm Hotel Towel,mismatched,images/test_image_01536.jpg,mismatched,0.04999999999999999,not_ready,0.15000000000000002
internvl3_8b,habit_cfx_0033,habit_test_01537,004953_01,004953,S6759,early,counterfactual,S7025,Organizing box,mismatched,images/test_image_01537.jpg,matched,0.975,not_ready,0.15000000000000002
internvl3_8b,habit_cfx_0034,habit_test_01537,004953_01,004953,S6759,early,counterfactual,S7788,iced cup,mismatched,images/test_image_01537.jpg,mismatched,0.04999999999999999,uncertain,0.5
internvl3_8b,habit_cfx_0035,habit_test_01537,004953_01,004953,S6759,early,counterfactual,S8940,Airtight Container lid,mismatched,images/test_image_01537.jpg,mismatched,0.04999999999999999,not_ready,0.15000000000000002
internvl3_8b,habit_cfx_0036,habit_test_01537,004953_01,004953,S6759,early,counterfactual,S8975,100 cm Hotel Towel,mismatched,images/test_image_01537.jpg,mismatched,0.04999999999999999,not_ready,0.15000000000000002
internvl3_8b,habit_cfx_0037,habit_test_01538,004953_01,004953,S6759,ready,counterfactual,S7025,Organizing box,mismatched,images/test_image_01538.jpg,matched,0.975,not_ready,0.15000000000000002
internvl3_8b,habit_cfx_0038,habit_test_01538,004953_01,004953,S6759,ready,counterfactual,S7788,iced cup,mismatched,images/test_image_01538.jpg,mismatched,0.04999999999999999,uncertain,0.5
internvl3_8b,habit_cfx_0039,habit_test_01538,004953_01,004953,S6759,ready,counterfactual,S8940,Airtight Container lid,mismatched,images/test_image_01538.jpg,mismatched,0.04999999999999999,not_ready,0.15000000000000002
internvl3_8b,habit_cfx_0040,habit_test_01538,004953_01,004953,S6759,ready,counterfactual,S8975,100 cm Hotel Towel,mismatched,images/test_image_01538.jpg,mismatched,0.04999999999999999,not_ready,0.15000000000000002
internvl3_8b,habit_cfx_0041,habit_test_01539,004954_01,004954,S6759,early,counterfactual,S7025,Organizing box,mismatched,images/test_image_01539.jpg,matched,0.975,not_ready,0.15000000000000002
internvl3_8b,habit_cfx_0042,habit_test_01539,004954_01,004954,S6759,early,counterfactual,S7788,iced cup,mismatched,images/test_image_01539.jpg,mismatched,0.04999999999999999,uncertain,0.5
internvl3_8b,habit_cfx_0043,habit_test_01539,004954_01,004954,S6759,early,counterfactual,S8940,Airtight Container lid,mismatched,images/test_image_01539.jpg,matched,0.975,not_ready,0.15000000000000002
internvl3_8b,habit_cfx_0044,habit_test_01539,004954_01,004954,S6759,early,counterfactual,S8975,100 cm Hotel Towel,mismatched,images/test_image_01539.jpg,mismatched,0.04999999999999999,not_ready,0.15000000000000002
internvl3_8b,habit_cfx_0045,habit_test_01540,004954_01,004954,S6759,ready,counterfactual,S7025,Organizing box,mismatched,images/test_image_01540.jpg,matched,0.975,not_ready,0.15000000000000002
internvl3_8b,habit_cfx_0046,habit_test_01540,004954_01,004954,S6759,ready,counterfactual,S7788,iced cup,mismatched,images/test_image_01540.jpg,mismatched,0.04999999999999999,not_ready,0.2
internvl3_8b,habit_cfx_0047,habit_test_01540,004954_01,004954,S6759,ready,counterfactual,S8940,Airtight Container lid,mismatched,images/test_image_01540.jpg,matched,0.975,not_ready,0.15000000000000002
internvl3_8b,habit_cfx_0048,habit_test_01540,004954_01,004954,S6759,ready,counterfactual,S8975,100 cm Hotel Towel,mismatched,images/test_image_01540.jpg,mismatched,0.04999999999999999,not_ready,0.15000000000000002
internvl3_8b,habit_cfx_0049,habit_test_01541,004956_01,004956,S6759,early,counterfactual,S7025,Organizing box,mismatched,images/test_image_01541.jpg,matched,0.975,not_ready,0.15000000000000002
internvl3_8b,habit_cfx_0050,habit_test_01541,004956_01,004956,S6759,early,counterfactual,S7788,iced cup,mismatched,images/test_image_01541.jpg,mismatched,0.04999999999999999,not_ready,0.15000000000000002
internvl3_8b,habit_cfx_0051,habit_test_01541,004956_01,004956,S6759,early,counterfactual,S8940,Airtight Container lid,mismatched,images/test_image_01541.jpg,matched,0.975,not_ready,0.15000000000000002
internvl3_8b,habit_cfx_0052,habit_test_01541,004956_01,004956,S6759,early,counterfactual,S8975,100 cm Hotel Towel,mismatched,images/test_image_01541.jpg,mismatched,0.04999999999999999,not_ready,0.15000000000000002
internvl3_8b,habit_cfx_0053,habit_test_01542,004956_01,004956,S6759,ready,counterfactual,S7025,Organizing box,mismatched,images/test_image_01542.jpg,matched,0.975,not_ready,0.15000000000000002
internvl3_8b,habit_cfx_0054,habit_test_01542,004956_01,004956,S6759,ready,counterfactual,S7788,iced cup,mismatched,images/test_image_01542.jpg,mismatched,0.04999999999999999,not_ready,0.15000000000000002
internvl3_8b,habit_cfx_0055,habit_test_01542,004956_01,004956,S6759,ready,counterfactual,S8940,Airtight Container lid,mismatched,images/test_image_01542.jpg,matched,0.975,not_ready,0.15000000000000002
internvl3_8b,habit_cfx_0056,habit_test_01542,004956_01,004956,S6759,ready,counterfactual,S8975,100 cm Hotel Towel,mismatched,images/test_image_01542.jpg,mismatched,0.04999999999999999,not_ready,0.15000000000000002
internvl3_8b,habit_cfx_0057,habit_test_01543,004957_01,004957,S6759,early,counterfactual,S7025,Organizing box,mismatched,images/test_image_01543.jpg,matched,0.975,not_ready,0.15000000000000002
internvl3_8b,habit_cfx_0058,habit_test_01543,004957_01,004957,S6759,early,counterfactual,S7788,iced cup,mismatched,images/test_image_01543.jpg,mismatched,0.04999999999999999,uncertain,0.5
internvl3_8b,habit_cfx_0059,habit_test_01543,004957_01,004957,S6759,early,counterfactual,S8940,Airtight Container lid,mismatched,images/test_image_01543.jpg,mismatched,0.04999999999999999,not_ready,0.15000000000000002
internvl3_8b,habit_cfx_0060,habit_test_01543,004957_01,004957,S6759,early,counterfactual,S8975,100 cm Hotel Towel,mismatched,images/test_image_01543.jpg,mismatched,0.04999999999999999,not_ready,0.15000000000000002
internvl3_8b,habit_cfx_0061,habit_test_01544,004957_01,004957,S6759,ready,counterfactual,S7025,Organizing box,mismatched,images/test_image_01544.jpg,matched,0.975,not_ready,0.15000000000000002
internvl3_8b,habit_cfx_0062,habit_test_01544,004957_01,004957,S6759,ready,counterfactual,S7788,iced cup,mismatched,images/test_image_01544.jpg,mismatched,0.04999999999999999,not_ready,0.15000000000000002
internvl3_8b,habit_cfx_0063,habit_test_01544,004957_01,004957,S6759,ready,counterfactual,S8940,Airtight Container lid,mismatched,images/test_image_01544.jpg,matched,0.975,not_ready,0.15000000000000002
internvl3_8b,habit_cfx_0064,habit_test_01544,004957_01,004957,S6759,ready,counterfactual,S8975,100 cm Hotel Towel,mismatched,images/test_image_01544.jpg,mismatched,0.04999999999999999,not_ready,0.15000000000000002
internvl3_8b,habit_cfx_0065,habit_test_01545,004958_01,004958,S6759,early,counterfactual,S7025,Organizing box,mismatched,images/test_image_01545.jpg,matched,0.975,not_ready,0.15000000000000002
internvl3_8b,habit_cfx_0066,habit_test_01545,004958_01,004958,S6759,early,counterfactual,S7788,iced cup,mismatched,images/test_image_01545.jpg,mismatched,0.04999999999999999,not_ready,0.15000000000000002
internvl3_8b,habit_cfx_0067,habit_test_01545,004958_01,004958,S6759,early,counterfactual,S8940,Airtight Container lid,mismatched,images/test_image_01545.jpg,mismatched,0.04999999999999999,not_ready,0.15000000000000002
internvl3_8b,habit_cfx_0068,habit_test_01545,004958_01,004958,S6759,early,counterfactual,S8975,100 cm Hotel Towel,mismatched,images/test_image_01545.jpg,mismatched,0.04999999999999999,not_ready,0.15000000000000002
internvl3_8b,habit_cfx_0069,habit_test_01546,004958_01,004958,S6759,ready,counterfactual,S7025,Organizing box,mismatched,images/test_image_01546.jpg,matched,0.975,not_ready,0.15000000000000002
internvl3_8b,habit_cfx_0070,habit_test_01546,004958_01,004958,S6759,ready,counterfactual,S7788,iced cup,mismatched,images/test_image_01546.jpg,mismatched,0.04999999999999999,not_ready,0.2
internvl3_8b,habit_cfx_0071,habit_test_01546,004958_01,004958,S6759,ready,counterfactual,S8940,Airtight Container lid,mismatched,images/test_image_01546.jpg,matched,0.975,not_ready,0.15000000000000002
internvl3_8b,habit_cfx_0072,habit_test_01546,004958_01,004958,S6759,ready,counterfactual,S8975,100 cm Hotel Towel,mismatched,images/test_image_01546.jpg,mismatched,0.04999999999999999,not_ready,0.15000000000000002
internvl3_8b,habit_cfx_0073,habit_test_01547,004959_01,004959,S6759,early,counterfactual,S7025,Organizing box,mismatched,images/test_image_01547.jpg,matched,0.975,not_ready,0.15000000000000002
internvl3_8b,habit_cfx_0074,habit_test_01547,004959_01,004959,S6759,early,counterfactual,S7788,iced cup,mismatched,images/test_image_01547.jpg,mismatched,0.04999999999999999,uncertain,0.5
internvl3_8b,habit_cfx_0075,habit_test_01547,004959_01,004959,S6759,early,counterfactual,S8940,Airtight Container lid,mismatched,images/test_image_01547.jpg,mismatched,0.04999999999999999,uncertain,0.5
internvl3_8b,habit_cfx_0076,habit_test_01547,004959_01,004959,S6759,early,counterfactual,S8975,100 cm Hotel Towel,mismatched,images/test_image_01547.jpg,mismatched,0.04999999999999999,uncertain,0.5
internvl3_8b,habit_cfx_0077,habit_test_01548,004959_01,004959,S6759,ready,counterfactual,S7025,Organizing box,mismatched,images/test_image_01548.jpg,matched,0.975,not_ready,0.15000000000000002
internvl3_8b,habit_cfx_0078,habit_test_01548,004959_01,004959,S6759,ready,counterfactual,S7788,iced cup,mismatched,images/test_image_01548.jpg,mismatched,0.04999999999999999,not_ready,0.15000000000000002
internvl3_8b,habit_cfx_0079,habit_test_01548,004959_01,004959,S6759,ready,counterfactual,S8940,Airtight Container lid,mismatched,images/test_image_01548.jpg,matched,0.975,not_ready,0.15000000000000002
internvl3_8b,habit_cfx_0080,habit_test_01548,004959_01,004959,S6759,ready,counterfactual,S8975,100 cm Hotel Towel,mismatched,images/test_image_01548.jpg,mismatched,0.04999999999999999,not_ready,0.15000000000000002
internvl3_8b,habit_cfx_0081,habit_test_00001,000124_01,000124,S7025,early,counterfactual,S7414,Paper to-go box,mismatched,images/test_image_00001.jpg,mismatched,0.04999999999999999,uncertain,0.5
internvl3_8b,habit_cfx_0082,habit_test_00001,000124_01,000124,S7025,early,counterfactual,S7788,iced cup,mismatched,images/test_image_00001.jpg,mismatched,0.04999999999999999,not_ready,0.15000000000000002
internvl3_8b,habit_cfx_0083,habit_test_00001,000124_01,000124,S7025,early,counterfactual,S8940,Airtight Container lid,mismatched,images/test_image_00001.jpg,matched,0.975,not_ready,0.15000000000000002
internvl3_8b,habit_cfx_0084,habit_test_00001,000124_01,000124,S7025,early,counterfactual,S8975,100 cm Hotel Towel,mismatched,images/test_image_00001.jpg,mismatched,0.04999999999999999,not_ready,0.15000000000000002
internvl3_8b,habit_cfx_0085,habit_test_00002,000124_01,000124,S7025,ready,counterfactual,S7414,Paper to-go box,mismatched,images/test_image_00002.jpg,mismatched,0.04999999999999999,not_ready,0.15000000000000002
internvl3_8b,habit_cfx_0086,habit_test_00002,000124_01,000124,S7025,ready,counterfactual,S7788,iced cup,mismatched,images/test_image_00002.jpg,matched,0.975,ready,0.975
internvl3_8b,habit_cfx_0087,habit_test_00002,000124_01,000124,S7025,ready,counterfactual,S8940,Airtight Container lid,mismatched,images/test_image_00002.jpg,matched,0.975,ready,0.975
internvl3_8b,habit_cfx_0088,habit_test_00002,000124_01,000124,S7025,ready,counterfactual,S8975,100 cm Hotel Towel,mismatched,images/test_image_00002.jpg,mismatched,0.04999999999999999,not_ready,0.15000000000000002
internvl3_8b,habit_cfx_0089,habit_test_00005,000126_01,000126,S7025,early,counterfactual,S7414,Paper to-go box,mismatched,images/test_image_00005.jpg,mismatched,0.04999999999999999,not_ready,0.15000000000000002
internvl3_8b,habit_cfx_0090,habit_test_00005,000126_01,000126,S7025,early,counterfactual,S7788,iced cup,mismatched,images/test_image_00005.jpg,mismatched,0.04999999999999999,not_ready,0.15000000000000002
internvl3_8b,habit_cfx_0091,habit_test_00005,000126_01,000126,S7025,early,counterfactual,S8940,Airtight Container lid,mismatched,images/test_image_00005.jpg,matched,0.975,not_ready,0.15000000000000002
internvl3_8b,habit_cfx_0092,habit_test_00005,000126_01,000126,S7025,early,counterfactual,S8975,100 cm Hotel Towel,mismatched,images/test_image_00005.jpg,mismatched,0.04999999999999999,not_ready,0.15000000000000002
internvl3_8b,habit_cfx_0093,habit_test_00006,000126_01,000126,S7025,ready,counterfactual,S7414,Paper to-go box,mismatched,images/test_image_00006.jpg,mismatched,0.04999999999999999,not_ready,0.15000000000000002
internvl3_8b,habit_cfx_0094,habit_test_00006,000126_01,000126,S7025,ready,counterfactual,S7788,iced cup,mismatched,images/test_image_00006.jpg,matched,0.975,ready,0.975
internvl3_8b,habit_cfx_0095,habit_test_00006,000126_01,000126,S7025,ready,counterfactual,S8940,Airtight Container lid,mismatched,images/test_image_00006.jpg,matched,0.975,ready,0.975
internvl3_8b,habit_cfx_0096,habit_test_00006,000126_01,000126,S7025,ready,counterfactual,S8975,100 cm Hotel Towel,mismatched,images/test_image_00006.jpg,matched,0.975,ready,0.975
internvl3_8b,habit_cfx_0097,habit_test_00009,000128_01,000128,S7025,early,counterfactual,S7414,Paper to-go box,mismatched,images/test_image_00009.jpg,mismatched,0.04999999999999999,uncertain,0.5
internvl3_8b,habit_cfx_0098,habit_test_00009,000128_01,000128,S7025,early,counterfactual,S7788,iced cup,mismatched,images/test_image_00009.jpg,matched,0.975,not_ready,0.15000000000000002
internvl3_8b,habit_cfx_0099,habit_test_00009,000128_01,000128,S7025,early,counterfactual,S8940,Airtight Container lid,mismatched,images/test_image_00009.jpg,matched,0.975,not_ready,0.15000000000000002
internvl3_8b,habit_cfx_0100,habit_test_00009,000128_01,000128,S7025,early,counterfactual,S8975,100 cm Hotel Towel,mismatched,images/test_image_00009.jpg,mismatched,0.04999999999999999,not_ready,0.15000000000000002
internvl3_8b,habit_cfx_0101,habit_test_00010,000128_01,000128,S7025,ready,counterfactual,S7414,Paper to-go box,mismatched,images/test_image_00010.jpg,mismatched,0.04999999999999999,not_ready,0.15000000000000002
internvl3_8b,habit_cfx_0102,habit_test_00010,000128_01,000128,S7025,ready,counterfactual,S7788,iced cup,mismatched,images/test_image_00010.jpg,matched,0.975,ready,0.975
internvl3_8b,habit_cfx_0103,habit_test_00010,000128_01,000128,S7025,ready,counterfactual,S8940,Airtight Container lid,mismatched,images/test_image_00010.jpg,matched,0.975,ready,0.975
internvl3_8b,habit_cfx_0104,habit_test_00010,000128_01,000128,S7025,ready,counterfactual,S8975,100 cm Hotel Towel,mismatched,images/test_image_00010.jpg,mismatched,0.04999999999999999,not_ready,0.15000000000000002
internvl3_8b,habit_cfx_0105,habit_test_00013,000129_01,000129,S7025,early,counterfactual,S7414,Paper to-go box,mismatched,images/test_image_00013.jpg,mismatched,0.04999999999999999,uncertain,0.5
internvl3_8b,habit_cfx_0106,habit_test_00013,000129_01,000129,S7025,early,counterfactual,S7788,iced cup,mismatched,images/test_image_00013.jpg,mismatched,0.04999999999999999,not_ready,0.15000000000000002
internvl3_8b,habit_cfx_0107,habit_test_00013,000129_01,000129,S7025,early,counterfactual,S8940,Airtight Container lid,mismatched,images/test_image_00013.jpg,matched,0.975,not_ready,0.15000000000000002
internvl3_8b,habit_cfx_0108,habit_test_00013,000129_01,000129,S7025,early,counterfactual,S8975,100 cm Hotel Towel,mismatched,images/test_image_00013.jpg,mismatched,0.04999999999999999,not_ready,0.15000000000000002
internvl3_8b,habit_cfx_0109,habit_test_00014,000129_01,000129,S7025,ready,counterfactual,S7414,Paper to-go box,mismatched,images/test_image_00014.jpg,mismatched,0.04999999999999999,not_ready,0.15000000000000002
internvl3_8b,habit_cfx_0110,habit_test_00014,000129_01,000129,S7025,ready,counterfactual,S7788,iced cup,mismatched,images/test_image_00014.jpg,matched,0.975,ready,0.975
internvl3_8b,habit_cfx_0111,habit_test_00014,000129_01,000129,S7025,ready,counterfactual,S8940,Airtight Container lid,mismatched,images/test_image_00014.jpg,matched,0.975,ready,0.975
internvl3_8b,habit_cfx_0112,habit_test_00014,000129_01,000129,S7025,ready,counterfactual,S8975,100 cm Hotel Towel,mismatched,images/test_image_00014.jpg,mismatched,0.04999999999999999,not_ready,0.15000000000000002
internvl3_8b,habit_cfx_0113,habit_test_00017,000130_01,000130,S7025,early,counterfactual,S7414,Paper to-go box,mismatched,images/test_image_00017.jpg,mismatched,0.04999999999999999,uncertain,0.5
internvl3_8b,habit_cfx_0114,habit_test_00017,000130_01,000130,S7025,early,counterfactual,S7788,iced cup,mismatched,images/test_image_00017.jpg,matched,0.975,not_ready,0.15000000000000002
internvl3_8b,habit_cfx_0115,habit_test_00017,000130_01,000130,S7025,early,counterfactual,S8940,Airtight Container lid,mismatched,images/test_image_00017.jpg,matched,0.975,not_ready,0.15000000000000002
internvl3_8b,habit_cfx_0116,habit_test_00017,000130_01,000130,S7025,early,counterfactual,S8975,100 cm Hotel Towel,mismatched,images/test_image_00017.jpg,mismatched,0.04999999999999999,not_ready,0.15000000000000002
internvl3_8b,habit_cfx_0117,habit_test_00018,000130_01,000130,S7025,ready,counterfactual,S7414,Paper to-go box,mismatched,images/test_image_00018.jpg,mismatched,0.04999999999999999,not_ready,0.15000000000000002
internvl3_8b,habit_cfx_0118,habit_test_00018,000130_01,000130,S7025,ready,counterfactual,S7788,iced cup,mismatched,images/test_image_00018.jpg,matched,0.975,not_ready,0.15000000000000002
internvl3_8b,habit_cfx_0119,habit_test_00018,000130_01,000130,S7025,ready,counterfactual,S8940,Airtight Container lid,mismatched,images/test_image_00018.jpg,matched,0.975,not_ready,0.15000000000000002
internvl3_8b,habit_cfx_0120,habit_test_00018,000130_01,000130,S7025,ready,counterfactual,S8975,100 cm Hotel Towel,mismatched,images/test_image_00018.jpg,mismatched,0.04999999999999999,not_ready,0.15000000000000002
internvl3_8b,habit_cfx_0121,habit_test_00021,000131_01,000131,S7025,early,counterfactual,S7414,Paper to-go box,mismatched,images/test_image_00021.jpg,mismatched,0.04999999999999999,uncertain,0.5
internvl3_8b,habit_cfx_0122,habit_test_00021,000131_01,000131,S7025,early,counterfactual,S7788,iced cup,mismatched,images/test_image_00021.jpg,matched,0.975,not_ready,0.15000000000000002
internvl3_8b,habit_cfx_0123,habit_test_00021,000131_01,000131,S7025,early,counterfactual,S8940,Airtight Container lid,mismatched,images/test_image_00021.jpg,matched,0.975,not_ready,0.15000000000000002
internvl3_8b,habit_cfx_0124,habit_test_00021,000131_01,000131,S7025,early,counterfactual,S8975,100 cm Hotel Towel,mismatched,images/test_image_00021.jpg,mismatched,0.04999999999999999,not_ready,0.15000000000000002
internvl3_8b,habit_cfx_0125,habit_test_00022,000131_01,000131,S7025,ready,counterfactual,S7414,Paper to-go box,mismatched,images/test_image_00022.jpg,mismatched,0.04999999999999999,not_ready,0.15000000000000002
internvl3_8b,habit_cfx_0126,habit_test_00022,000131_01,000131,S7025,ready,counterfactual,S7788,iced cup,mismatched,images/test_image_00022.jpg,matched,0.975,ready,0.975
internvl3_8b,habit_cfx_0127,habit_test_00022,000131_01,000131,S7025,ready,counterfactual,S8940,Airtight Container lid,mismatched,images/test_image_00022.jpg,matched,0.975,ready,0.975
internvl3_8b,habit_cfx_0128,habit_test_00022,000131_01,000131,S7025,ready,counterfactual,S8975,100 cm Hotel Towel,mismatched,images/test_image_00022.jpg,matched,0.975,not_ready,0.15000000000000002
internvl3_8b,habit_cfx_0129,habit_test_00025,000132_01,000132,S7025,early,counterfactual,S7414,Paper to-go box,mismatched,images/test_image_00025.jpg,mismatched,0.04999999999999999,not_ready,0.15000000000000002
internvl3_8b,habit_cfx_0130,habit_test_00025,000132_01,000132,S7025,early,counterfactual,S7788,iced cup,mismatched,images/test_image_00025.jpg,mismatched,0.04999999999999999,not_ready,0.15000000000000002
internvl3_8b,habit_cfx_0131,habit_test_00025,000132_01,000132,S7025,early,counterfactual,S8940,Airtight Container lid,mismatched,images/test_image_00025.jpg,matched,0.975,not_ready,0.15000000000000002
internvl3_8b,habit_cfx_0132,habit_test_00025,000132_01,000132,S7025,early,counterfactual,S8975,100 cm Hotel Towel,mismatched,images/test_image_00025.jpg,mismatched,0.04999999999999999,not_ready,0.15000000000000002
internvl3_8b,habit_cfx_0133,habit_test_00026,000132_01,000132,S7025,ready,counterfactual,S7414,Paper to-go box,mismatched,images/test_image_00026.jpg,matched,0.975,not_ready,0.15000000000000002
internvl3_8b,habit_cfx_0134,habit_test_00026,000132_01,000132,S7025,ready,counterfactual,S7788,iced cup,mismatched,images/test_image_00026.jpg,matched,0.975,not_ready,0.15000000000000002
internvl3_8b,habit_cfx_0135,habit_test_00026,000132_01,000132,S7025,ready,counterfactual,S8940,Airtight Container lid,mismatched,images/test_image_00026.jpg,matched,0.975,not_ready,0.15000000000000002
internvl3_8b,habit_cfx_0136,habit_test_00026,000132_01,000132,S7025,ready,counterfactual,S8975,100 cm Hotel Towel,mismatched,images/test_image_00026.jpg,matched,0.975,not_ready,0.15000000000000002
internvl3_8b,habit_cfx_0137,habit_test_00029,000133_01,000133,S7025,early,counterfactual,S7414,Paper to-go box,mismatched,images/test_image_00029.jpg,mismatched,0.04999999999999999,uncertain,0.5
internvl3_8b,habit_cfx_0138,habit_test_00029,000133_01,000133,S7025,early,counterfactual,S7788,iced cup,mismatched,images/test_image_00029.jpg,matched,0.975,ready,0.975
internvl3_8b,habit_cfx_0139,habit_test_00029,000133_01,000133,S7025,early,counterfactual,S8940,Airtight Container lid,mismatched,images/test_image_00029.jpg,matched,0.975,not_ready,0.15000000000000002
internvl3_8b,habit_cfx_0140,habit_test_00029,000133_01,000133,S7025,early,counterfactual,S8975,100 cm Hotel Towel,mismatched,images/test_image_00029.jpg,mismatched,0.04999999999999999,not_ready,0.15000000000000002
internvl3_8b,habit_cfx_0141,habit_test_00030,000133_01,000133,S7025,ready,counterfactual,S7414,Paper to-go box,mismatched,images/test_image_00030.jpg,mismatched,0.04999999999999999,not_ready,0.15000000000000002
internvl3_8b,habit_cfx_0142,habit_test_00030,000133_01,000133,S7025,ready,counterfactual,S7788,iced cup,mismatched,images/test_image_00030.jpg,mismatched,0.04999999999999999,not_ready,0.15000000000000002
internvl3_8b,habit_cfx_0143,habit_test_00030,000133_01,000133,S7025,ready,counterfactual,S8940,Airtight Container lid,mismatched,images/test_image_00030.jpg,matched,0.975,not_ready,0.15000000000000002
internvl3_8b,habit_cfx_0144,habit_test_00030,000133_01,000133,S7025,ready,counterfactual,S8975,100 cm Hotel Towel,mismatched,images/test_image_00030.jpg,mismatched,0.04999999999999999,not_ready,0.15000000000000002
internvl3_8b,habit_cfx_0145,habit_test_00033,000135_01,000135,S7025,early,counterfactual,S7414,Paper to-go box,mismatched,images/test_image_00033.jpg,mismatched,0.04999999999999999,not_ready,0.15000000000000002
internvl3_8b,habit_cfx_0146,habit_test_00033,000135_01,000135,S7025,early,counterfactual,S7788,iced cup,mismatched,images/test_image_00033.jpg,mismatched,0.04999999999999999,not_ready,0.15000000000000002
internvl3_8b,habit_cfx_0147,habit_test_00033,000135_01,000135,S7025,early,counterfactual,S8940,Airtight Container lid,mismatched,images/test_image_00033.jpg,matched,0.975,not_ready,0.15000000000000002
internvl3_8b,habit_cfx_0148,habit_test_00033,000135_01,000135,S7025,early,counterfactual,S8975,100 cm Hotel Towel,mismatched,images/test_image_00033.jpg,mismatched,0.04999999999999999,not_ready,0.15000000000000002
internvl3_8b,habit_cfx_0149,habit_test_00034,000135_01,000135,S7025,ready,counterfactual,S7414,Paper to-go box,mismatched,images/test_image_00034.jpg,mismatched,0.04999999999999999,not_ready,0.15000000000000002
internvl3_8b,habit_cfx_0150,habit_test_00034,000135_01,000135,S7025,ready,counterfactual,S7788,iced cup,mismatched,images/test_image_00034.jpg,matched,0.975,ready,0.975
internvl3_8b,habit_cfx_0151,habit_test_00034,000135_01,000135,S7025,ready,counterfactual,S8940,Airtight Container lid,mismatched,images/test_image_00034.jpg,matched,0.975,ready,0.975
internvl3_8b,habit_cfx_0152,habit_test_00034,000135_01,000135,S7025,ready,counterfactual,S8975,100 cm Hotel Towel,mismatched,images/test_image_00034.jpg,mismatched,0.04999999999999999,not_ready,0.15000000000000002
internvl3_8b,habit_cfx_0153,habit_test_00037,000137_01,000137,S7025,early,counterfactual,S7414,Paper to-go box,mismatched,images/test_image_00037.jpg,mismatched,0.04999999999999999,not_ready,0.15000000000000002
internvl3_8b,habit_cfx_0154,habit_test_00037,000137_01,000137,S7025,early,counterfactual,S7788,iced cup,mismatched,images/test_image_00037.jpg,matched,0.975,not_ready,0.15000000000000002
internvl3_8b,habit_cfx_0155,habit_test_00037,000137_01,000137,S7025,early,counterfactual,S8940,Airtight Container lid,mismatched,images/test_image_00037.jpg,matched,0.975,not_ready,0.15000000000000002
internvl3_8b,habit_cfx_0156,habit_test_00037,000137_01,000137,S7025,early,counterfactual,S8975,100 cm Hotel Towel,mismatched,images/test_image_00037.jpg,mismatched,0.04999999999999999,not_ready,0.15000000000000002
internvl3_8b,habit_cfx_0157,habit_test_00038,000137_01,000137,S7025,ready,counterfactual,S7414,Paper to-go box,mismatched,images/test_image_00038.jpg,mismatched,0.04999999999999999,uncertain,0.5
internvl3_8b,habit_cfx_0158,habit_test_00038,000137_01,000137,S7025,ready,counterfactual,S7788,iced cup,mismatched,images/test_image_00038.jpg,matched,0.975,ready,0.975
internvl3_8b,habit_cfx_0159,habit_test_00038,000137_01,000137,S7025,ready,counterfactual,S8940,Airtight Container lid,mismatched,images/test_image_00038.jpg,matched,0.975,not_ready,0.15000000000000002
internvl3_8b,habit_cfx_0160,habit_test_00038,000137_01,000137,S7025,ready,counterfactual,S8975,100 cm Hotel Towel,mismatched,images/test_image_00038.jpg,mismatched,0.04999999999999999,not_ready,0.15000000000000002
internvl3_8b,habit_cfx_0161,habit_test_00469,002888_01,002888,S7414,early,counterfactual,S6759,Power Cable,mismatched,images/test_image_00469.jpg,mismatched,0.04999999999999999,not_ready,0.15000000000000002
internvl3_8b,habit_cfx_0162,habit_test_00469,002888_01,002888,S7414,early,counterfactual,S7025,Organizing box,mismatched,images/test_image_00469.jpg,matched,0.975,not_ready,0.15000000000000002
internvl3_8b,habit_cfx_0163,habit_test_00469,002888_01,002888,S7414,early,counterfactual,S7788,iced cup,mismatched,images/test_image_00469.jpg,mismatched,0.04999999999999999,not_ready,0.15000000000000002
internvl3_8b,habit_cfx_0164,habit_test_00469,002888_01,002888,S7414,early,counterfactual,S8940,Airtight Container lid,mismatched,images/test_image_00469.jpg,matched,0.975,not_ready,0.15000000000000002
internvl3_8b,habit_cfx_0165,habit_test_00470,002888_01,002888,S7414,ready,counterfactual,S6759,Power Cable,mismatched,images/test_image_00470.jpg,mismatched,0.04999999999999999,not_ready,0.15000000000000002
internvl3_8b,habit_cfx_0166,habit_test_00470,002888_01,002888,S7414,ready,counterfactual,S7025,Organizing box,mismatched,images/test_image_00470.jpg,matched,0.975,not_ready,0.15000000000000002
internvl3_8b,habit_cfx_0167,habit_test_00470,002888_01,002888,S7414,ready,counterfactual,S7788,iced cup,mismatched,images/test_image_00470.jpg,mismatched,0.04999999999999999,not_ready,0.15000000000000002
internvl3_8b,habit_cfx_0168,habit_test_00470,002888_01,002888,S7414,ready,counterfactual,S8940,Airtight Container lid,mismatched,images/test_image_00470.jpg,mismatched,0.04999999999999999,not_ready,0.15000000000000002
internvl3_8b,habit_cfx_0169,habit_test_00473,002889_01,002889,S7414,early,counterfactual,S6759,Power Cable,mismatched,images/test_image_00473.jpg,mismatched,0.04999999999999999,not_ready,0.15000000000000002
internvl3_8b,habit_cfx_0170,habit_test_00473,002889_01,002889,S7414,early,counterfactual,S7025,Organizing box,mismatched,images/test_image_00473.jpg,matched,0.975,not_ready,0.15000000000000002
internvl3_8b,habit_cfx_0171,habit_test_00473,002889_01,002889,S7414,early,counterfactual,S7788,iced cup,mismatched,images/test_image_00473.jpg,mismatched,0.04999999999999999,not_ready,0.15000000000000002
internvl3_8b,habit_cfx_0172,habit_test_00473,002889_01,002889,S7414,early,counterfactual,S8940,Airtight Container lid,mismatched,images/test_image_00473.jpg,matched,0.975,not_ready,0.15000000000000002
internvl3_8b,habit_cfx_0173,habit_test_00474,002889_01,002889,S7414,ready,counterfactual,S6759,Power Cable,mismatched,images/test_image_00474.jpg,mismatched,0.04999999999999999,not_ready,0.15000000000000002
internvl3_8b,habit_cfx_0174,habit_test_00474,002889_01,002889,S7414,ready,counterfactual,S7025,Organizing box,mismatched,images/test_image_00474.jpg,matched,0.975,not_ready,0.15000000000000002
internvl3_8b,habit_cfx_0175,habit_test_00474,002889_01,002889,S7414,ready,counterfactual,S7788,iced cup,mismatched,images/test_image_00474.jpg,matched,0.975,ready,0.975
internvl3_8b,habit_cfx_0176,habit_test_00474,002889_01,002889,S7414,ready,counterfactual,S8940,Airtight Container lid,mismatched,images/test_image_00474.jpg,matched,0.975,not_ready,0.15000000000000002
internvl3_8b,habit_cfx_0177,habit_test_00477,002890_01,002890,S7414,early,counterfactual,S6759,Power Cable,mismatched,images/test_image_00477.jpg,mismatched,0.04999999999999999,not_ready,0.15000000000000002
internvl3_8b,habit_cfx_0178,habit_test_00477,002890_01,002890,S7414,early,counterfactual,S7025,Organizing box,mismatched,images/test_image_00477.jpg,matched,0.975,not_ready,0.15000000000000002
internvl3_8b,habit_cfx_0179,habit_test_00477,002890_01,002890,S7414,early,counterfactual,S7788,iced cup,mismatched,images/test_image_00477.jpg,mismatched,0.04999999999999999,not_ready,0.15000000000000002
internvl3_8b,habit_cfx_0180,habit_test_00477,002890_01,002890,S7414,early,counterfactual,S8940,Airtight Container lid,mismatched,images/test_image_00477.jpg,matched,0.975,not_ready,0.15000000000000002
internvl3_8b,habit_cfx_0181,habit_test_00478,002890_01,002890,S7414,ready,counterfactual,S6759,Power Cable,mismatched,images/test_image_00478.jpg,mismatched,0.04999999999999999,not_ready,0.15000000000000002
internvl3_8b,habit_cfx_0182,habit_test_00478,002890_01,002890,S7414,ready,counterfactual,S7025,Organizing box,mismatched,images/test_image_00478.jpg,matched,0.975,not_ready,0.15000000000000002
internvl3_8b,habit_cfx_0183,habit_test_00478,002890_01,002890,S7414,ready,counterfactual,S7788,iced cup,mismatched,images/test_image_00478.jpg,matched,0.975,not_ready,0.15000000000000002
internvl3_8b,habit_cfx_0184,habit_test_00478,002890_01,002890,S7414,ready,counterfactual,S8940,Airtight Container lid,mismatched,images/test_image_00478.jpg,mismatched,0.04999999999999999,not_ready,0.15000000000000002
internvl3_8b,habit_cfx_0185,habit_test_00481,002891_01,002891,S7414,early,counterfactual,S6759,Power Cable,mismatched,images/test_image_00481.jpg,mismatched,0.04999999999999999,not_ready,0.15000000000000002
internvl3_8b,habit_cfx_0186,habit_test_00481,002891_01,002891,S7414,early,counterfactual,S7025,Organizing box,mismatched,images/test_image_00481.jpg,matched,0.975,not_ready,0.15000000000000002
internvl3_8b,habit_cfx_0187,habit_test_00481,002891_01,002891,S7414,early,counterfactual,S7788,iced cup,mismatched,images/test_image_00481.jpg,mismatched,0.04999999999999999,not_ready,0.15000000000000002
internvl3_8b,habit_cfx_0188,habit_test_00481,002891_01,002891,S7414,early,counterfactual,S8940,Airtight Container lid,mismatched,images/test_image_00481.jpg,matched,0.975,not_ready,0.15000000000000002
internvl3_8b,habit_cfx_0189,habit_test_00482,002891_01,002891,S7414,ready,counterfactual,S6759,Power Cable,mismatched,images/test_image_00482.jpg,mismatched,0.04999999999999999,not_ready,0.15000000000000002
internvl3_8b,habit_cfx_0190,habit_test_00482,002891_01,002891,S7414,ready,counterfactual,S7025,Organizing box,mismatched,images/test_image_00482.jpg,matched,0.975,not_ready,0.15000000000000002
internvl3_8b,habit_cfx_0191,habit_test_00482,002891_01,002891,S7414,ready,counterfactual,S7788,iced cup,mismatched,images/test_image_00482.jpg,matched,0.975,ready,0.975
internvl3_8b,habit_cfx_0192,habit_test_00482,002891_01,002891,S7414,ready,counterfactual,S8940,Airtight Container lid,mismatched,images/test_image_00482.jpg,mismatched,0.04999999999999999,not_ready,0.15000000000000002
internvl3_8b,habit_cfx_0193,habit_test_00485,002892_01,002892,S7414,early,counterfactual,S6759,Power Cable,mismatched,images/test_image_00485.jpg,mismatched,0.04999999999999999,not_ready,0.15000000000000002
internvl3_8b,habit_cfx_0194,habit_test_00485,002892_01,002892,S7414,early,counterfactual,S7025,Organizing box,mismatched,images/test_image_00485.jpg,matched,0.975,not_ready,0.15000000000000002
internvl3_8b,habit_cfx_0195,habit_test_00485,002892_01,002892,S7414,early,counterfactual,S7788,iced cup,mismatched,images/test_image_00485.jpg,mismatched,0.04999999999999999,not_ready,0.15000000000000002
internvl3_8b,habit_cfx_0196,habit_test_00485,002892_01,002892,S7414,early,counterfactual,S8940,Airtight Container lid,mismatched,images/test_image_00485.jpg,matched,0.975,not_ready,0.15000000000000002
internvl3_8b,habit_cfx_0197,habit_test_00486,002892_01,002892,S7414,ready,counterfactual,S6759,Power Cable,mismatched,images/test_image_00486.jpg,mismatched,0.04999999999999999,not_ready,0.15000000000000002
internvl3_8b,habit_cfx_0198,habit_test_00486,002892_01,002892,S7414,ready,counterfactual,S7025,Organizing box,mismatched,images/test_image_00486.jpg,matched,0.975,not_ready,0.15000000000000002
internvl3_8b,habit_cfx_0199,habit_test_00486,002892_01,002892,S7414,ready,counterfactual,S7788,iced cup,mismatched,images/test_image_00486.jpg,mismatched,0.04999999999999999,not_ready,0.15000000000000002
internvl3_8b,habit_cfx_0200,habit_test_00486,002892_01,002892,S7414,ready,counterfactual,S8940,Airtight Container lid,mismatched,images/test_image_00486.jpg,mismatched,0.04999999999999999,not_ready,0.15000000000000002
internvl3_8b,habit_cfx_0201,habit_test_00489,002894_01,002894,S7414,early,counterfactual,S6759,Power Cable,mismatched,images/test_image_00489.jpg,mismatched,0.04999999999999999,not_ready,0.15000000000000002
internvl3_8b,habit_cfx_0202,habit_test_00489,002894_01,002894,S7414,early,counterfactual,S7025,Organizing box,mismatched,images/test_image_00489.jpg,matched,0.975,not_ready,0.15000000000000002
internvl3_8b,habit_cfx_0203,habit_test_00489,002894_01,002894,S7414,early,counterfactual,S7788,iced cup,mismatched,images/test_image_00489.jpg,matched,0.975,not_ready,0.15000000000000002
internvl3_8b,habit_cfx_0204,habit_test_00489,002894_01,002894,S7414,early,counterfactual,S8940,Airtight Container lid,mismatched,images/test_image_00489.jpg,matched,0.975,not_ready,0.15000000000000002
internvl3_8b,habit_cfx_0205,habit_test_00490,002894_01,002894,S7414,ready,counterfactual,S6759,Power Cable,mismatched,images/test_image_00490.jpg,mismatched,0.04999999999999999,not_ready,0.15000000000000002
internvl3_8b,habit_cfx_0206,habit_test_00490,002894_01,002894,S7414,ready,counterfactual,S7025,Organizing box,mismatched,images/test_image_00490.jpg,matched,0.975,not_ready,0.15000000000000002
internvl3_8b,habit_cfx_0207,habit_test_00490,002894_01,002894,S7414,ready,counterfactual,S7788,iced cup,mismatched,images/test_image_00490.jpg,matched,0.975,ready,0.975
internvl3_8b,habit_cfx_0208,habit_test_00490,002894_01,002894,S7414,ready,counterfactual,S8940,Airtight Container lid,mismatched,images/test_image_00490.jpg,matched,0.975,not_ready,0.15000000000000002
internvl3_8b,habit_cfx_0209,habit_test_00493,002895_01,002895,S7414,early,counterfactual,S6759,Power Cable,mismatched,images/test_image_00493.jpg,mismatched,0.04999999999999999,not_ready,0.15000000000000002
internvl3_8b,habit_cfx_0210,habit_test_00493,002895_01,002895,S7414,early,counterfactual,S7025,Organizing box,mismatched,images/test_image_00493.jpg,matched,0.975,not_ready,0.15000000000000002
internvl3_8b,habit_cfx_0211,habit_test_00493,002895_01,002895,S7414,early,counterfactual,S7788,iced cup,mismatched,images/test_image_00493.jpg,mismatched,0.04999999999999999,not_ready,0.15000000000000002
internvl3_8b,habit_cfx_0212,habit_test_00493,002895_01,002895,S7414,early,counterfactual,S8940,Airtight Container lid,mismatched,images/test_image_00493.jpg,matched,0.975,not_ready,0.15000000000000002
internvl3_8b,habit_cfx_0213,habit_test_00494,002895_01,002895,S7414,ready,counterfactual,S6759,Power Cable,mismatched,images/test_image_00494.jpg,mismatched,0.04999999999999999,not_ready,0.15000000000000002
internvl3_8b,habit_cfx_0214,habit_test_00494,002895_01,002895,S7414,ready,counterfactual,S7025,Organizing box,mismatched,images/test_image_00494.jpg,matched,0.975,not_ready,0.15000000000000002
internvl3_8b,habit_cfx_0215,habit_test_00494,002895_01,002895,S7414,ready,counterfactual,S7788,iced cup,mismatched,images/test_image_00494.jpg,matched,0.975,ready,0.975
internvl3_8b,habit_cfx_0216,habit_test_00494,002895_01,002895,S7414,ready,counterfactual,S8940,Airtight Container lid,mismatched,images/test_image_00494.jpg,mismatched,0.04999999999999999,not_ready,0.15000000000000002
internvl3_8b,habit_cfx_0217,habit_test_00497,002896_01,002896,S7414,early,counterfactual,S6759,Power Cable,mismatched,images/test_image_00497.jpg,mismatched,0.04999999999999999,not_ready,0.15000000000000002
internvl3_8b,habit_cfx_0218,habit_test_00497,002896_01,002896,S7414,early,counterfactual,S7025,Organizing box,mismatched,images/test_image_00497.jpg,matched,0.975,not_ready,0.15000000000000002
internvl3_8b,habit_cfx_0219,habit_test_00497,002896_01,002896,S7414,early,counterfactual,S7788,iced cup,mismatched,images/test_image_00497.jpg,matched,0.975,not_ready,0.15000000000000002
internvl3_8b,habit_cfx_0220,habit_test_00497,002896_01,002896,S7414,early,counterfactual,S8940,Airtight Container lid,mismatched,images/test_image_00497.jpg,matched,0.975,not_ready,0.15000000000000002
internvl3_8b,habit_cfx_0221,habit_test_00498,002896_01,002896,S7414,ready,counterfactual,S6759,Power Cable,mismatched,images/test_image_00498.jpg,mismatched,0.04999999999999999,not_ready,0.15000000000000002
internvl3_8b,habit_cfx_0222,habit_test_00498,002896_01,002896,S7414,ready,counterfactual,S7025,Organizing box,mismatched,images/test_image_00498.jpg,matched,0.975,not_ready,0.15000000000000002
internvl3_8b,habit_cfx_0223,habit_test_00498,002896_01,002896,S7414,ready,counterfactual,S7788,iced cup,mismatched,images/test_image_00498.jpg,matched,0.975,ready,0.975
internvl3_8b,habit_cfx_0224,habit_test_00498,002896_01,002896,S7414,ready,counterfactual,S8940,Airtight Container lid,mismatched,images/test_image_00498.jpg,mismatched,0.04999999999999999,not_ready,0.15000000000000002
internvl3_8b,habit_cfx_0225,habit_test_00501,002898_01,002898,S7414,early,counterfactual,S6759,Power Cable,mismatched,images/test_image_00501.jpg,mismatched,0.04999999999999999,not_ready,0.15000000000000002
internvl3_8b,habit_cfx_0226,habit_test_00501,002898_01,002898,S7414,early,counterfactual,S7025,Organizing box,mismatched,images/test_image_00501.jpg,matched,0.975,not_ready,0.15000000000000002
internvl3_8b,habit_cfx_0227,habit_test_00501,002898_01,002898,S7414,early,counterfactual,S7788,iced cup,mismatched,images/test_image_00501.jpg,mismatched,0.04999999999999999,not_ready,0.15000000000000002
internvl3_8b,habit_cfx_0228,habit_test_00501,002898_01,002898,S7414,early,counterfactual,S8940,Airtight Container lid,mismatched,images/test_image_00501.jpg,matched,0.975,not_ready,0.15000000000000002
internvl3_8b,habit_cfx_0229,habit_test_00502,002898_01,002898,S7414,ready,counterfactual,S6759,Power Cable,mismatched,images/test_image_00502.jpg,mismatched,0.04999999999999999,not_ready,0.15000000000000002
internvl3_8b,habit_cfx_0230,habit_test_00502,002898_01,002898,S7414,ready,counterfactual,S7025,Organizing box,mismatched,images/test_image_00502.jpg,matched,0.975,not_ready,0.15000000000000002
internvl3_8b,habit_cfx_0231,habit_test_00502,002898_01,002898,S7414,ready,counterfactual,S7788,iced cup,mismatched,images/test_image_00502.jpg,matched,0.975,ready,0.975
internvl3_8b,habit_cfx_0232,habit_test_00502,002898_01,002898,S7414,ready,counterfactual,S8940,Airtight Container lid,mismatched,images/test_image_00502.jpg,mismatched,0.04999999999999999,not_ready,0.15000000000000002
internvl3_8b,habit_cfx_0233,habit_test_00505,002899_01,002899,S7414,early,counterfactual,S6759,Power Cable,mismatched,images/test_image_00505.jpg,mismatched,0.04999999999999999,not_ready,0.15000000000000002
internvl3_8b,habit_cfx_0234,habit_test_00505,002899_01,002899,S7414,early,counterfactual,S7025,Organizing box,mismatched,images/test_image_00505.jpg,matched,0.975,not_ready,0.15000000000000002
internvl3_8b,habit_cfx_0235,habit_test_00505,002899_01,002899,S7414,early,counterfactual,S7788,iced cup,mismatched,images/test_image_00505.jpg,matched,0.975,not_ready,0.15000000000000002
internvl3_8b,habit_cfx_0236,habit_test_00505,002899_01,002899,S7414,early,counterfactual,S8940,Airtight Container lid,mismatched,images/test_image_00505.jpg,matched,0.975,not_ready,0.15000000000000002
internvl3_8b,habit_cfx_0237,habit_test_00506,002899_01,002899,S7414,ready,counterfactual,S6759,Power Cable,mismatched,images/test_image_00506.jpg,mismatched,0.04999999999999999,not_ready,0.15000000000000002
internvl3_8b,habit_cfx_0238,habit_test_00506,002899_01,002899,S7414,ready,counterfactual,S7025,Organizing box,mismatched,images/test_image_00506.jpg,matched,0.975,not_ready,0.15000000000000002
internvl3_8b,habit_cfx_0239,habit_test_00506,002899_01,002899,S7414,ready,counterfactual,S7788,iced cup,mismatched,images/test_image_00506.jpg,matched,1.0,ready,1.0
internvl3_8b,habit_cfx_0240,habit_test_00506,002899_01,002899,S7414,ready,counterfactual,S8940,Airtight Container lid,mismatched,images/test_image_00506.jpg,matched,0.975,not_ready,0.15000000000000002
internvl3_8b,habit_cfx_0241,habit_test_02013,008354_01,008354,S7788,early,counterfactual,S6759,Power Cable,mismatched,images/test_image_02013.jpg,mismatched,0.04999999999999999,not_ready,0.15000000000000002
internvl3_8b,habit_cfx_0242,habit_test_02013,008354_01,008354,S7788,early,counterfactual,S7025,Organizing box,mismatched,images/test_image_02013.jpg,matched,0.975,not_ready,0.15000000000000002
internvl3_8b,habit_cfx_0243,habit_test_02013,008354_01,008354,S7788,early,counterfactual,S7414,Paper to-go box,mismatched,images/test_image_02013.jpg,mismatched,0.04999999999999999,not_ready,0.15000000000000002
internvl3_8b,habit_cfx_0244,habit_test_02013,008354_01,008354,S7788,early,counterfactual,S8975,100 cm Hotel Towel,mismatched,images/test_image_02013.jpg,matched,0.975,not_ready,0.15000000000000002
internvl3_8b,habit_cfx_0245,habit_test_02014,008354_01,008354,S7788,ready,counterfactual,S6759,Power Cable,mismatched,images/test_image_02014.jpg,mismatched,0.04999999999999999,not_ready,0.15000000000000002
internvl3_8b,habit_cfx_0246,habit_test_02014,008354_01,008354,S7788,ready,counterfactual,S7025,Organizing box,mismatched,images/test_image_02014.jpg,matched,0.975,not_ready,0.15000000000000002
internvl3_8b,habit_cfx_0247,habit_test_02014,008354_01,008354,S7788,ready,counterfactual,S7414,Paper to-go box,mismatched,images/test_image_02014.jpg,mismatched,0.04999999999999999,not_ready,0.15000000000000002
internvl3_8b,habit_cfx_0248,habit_test_02014,008354_01,008354,S7788,ready,counterfactual,S8975,100 cm Hotel Towel,mismatched,images/test_image_02014.jpg,mismatched,0.04999999999999999,not_ready,0.15000000000000002
internvl3_8b,habit_cfx_0249,habit_test_02015,008364_01,008364,S7788,early,counterfactual,S6759,Power Cable,mismatched,images/test_image_02015.jpg,mismatched,0.04999999999999999,not_ready,0.15000000000000002
internvl3_8b,habit_cfx_0250,habit_test_02015,008364_01,008364,S7788,early,counterfactual,S7025,Organizing box,mismatched,images/test_image_02015.jpg,matched,0.975,not_ready,0.15000000000000002
internvl3_8b,habit_cfx_0251,habit_test_02015,008364_01,008364,S7788,early,counterfactual,S7414,Paper to-go box,mismatched,images/test_image_02015.jpg,mismatched,0.04999999999999999,not_ready,0.15000000000000002
internvl3_8b,habit_cfx_0252,habit_test_02015,008364_01,008364,S7788,early,counterfactual,S8975,100 cm Hotel Towel,mismatched,images/test_image_02015.jpg,mismatched,0.04999999999999999,not_ready,0.15000000000000002
internvl3_8b,habit_cfx_0253,habit_test_02016,008364_01,008364,S7788,ready,counterfactual,S6759,Power Cable,mismatched,images/test_image_02016.jpg,mismatched,0.04999999999999999,not_ready,0.15000000000000002
internvl3_8b,habit_cfx_0254,habit_test_02016,008364_01,008364,S7788,ready,counterfactual,S7025,Organizing box,mismatched,images/test_image_02016.jpg,matched,0.975,ready,0.975
internvl3_8b,habit_cfx_0255,habit_test_02016,008364_01,008364,S7788,ready,counterfactual,S7414,Paper to-go box,mismatched,images/test_image_02016.jpg,mismatched,0.04999999999999999,not_ready,0.15000000000000002
internvl3_8b,habit_cfx_0256,habit_test_02016,008364_01,008364,S7788,ready,counterfactual,S8975,100 cm Hotel Towel,mismatched,images/test_image_02016.jpg,mismatched,0.04999999999999999,not_ready,0.15000000000000002
internvl3_8b,habit_cfx_0257,habit_test_02019,008372_02,008372,S7788,early,counterfactual,S6759,Power Cable,mismatched,images/test_image_02019.jpg,mismatched,0.04999999999999999,not_ready,0.15000000000000002
internvl3_8b,habit_cfx_0258,habit_test_02019,008372_02,008372,S7788,early,counterfactual,S7025,Organizing box,mismatched,images/test_image_02019.jpg,matched,1.0,ready,1.0
internvl3_8b,habit_cfx_0259,habit_test_02019,008372_02,008372,S7788,early,counterfactual,S7414,Paper to-go box,mismatched,images/test_image_02019.jpg,mismatched,0.04999999999999999,not_ready,0.15000000000000002
internvl3_8b,habit_cfx_0260,habit_test_02019,008372_02,008372,S7788,early,counterfactual,S8975,100 cm Hotel Towel,mismatched,images/test_image_02019.jpg,matched,0.975,ready,0.975
internvl3_8b,habit_cfx_0261,habit_test_02020,008372_02,008372,S7788,ready,counterfactual,S6759,Power Cable,mismatched,images/test_image_02020.jpg,mismatched,0.04999999999999999,not_ready,0.15000000000000002
internvl3_8b,habit_cfx_0262,habit_test_02020,008372_02,008372,S7788,ready,counterfactual,S7025,Organizing box,mismatched,images/test_image_02020.jpg,matched,0.975,not_ready,0.15000000000000002
internvl3_8b,habit_cfx_0263,habit_test_02020,008372_02,008372,S7788,ready,counterfactual,S7414,Paper to-go box,mismatched,images/test_image_02020.jpg,mismatched,0.04999999999999999,not_ready,0.15000000000000002
internvl3_8b,habit_cfx_0264,habit_test_02020,008372_02,008372,S7788,ready,counterfactual,S8975,100 cm Hotel Towel,mismatched,images/test_image_02020.jpg,matched,0.975,ready,0.95
internvl3_8b,habit_cfx_0265,habit_test_02021,008462_01,008462,S7788,early,counterfactual,S6759,Power Cable,mismatched,images/test_image_02021.jpg,mismatched,0.04999999999999999,not_ready,0.15000000000000002
internvl3_8b,habit_cfx_0266,habit_test_02021,008462_01,008462,S7788,early,counterfactual,S7025,Organizing box,mismatched,images/test_image_02021.jpg,matched,0.975,not_ready,0.15000000000000002
internvl3_8b,habit_cfx_0267,habit_test_02021,008462_01,008462,S7788,early,counterfactual,S7414,Paper to-go box,mismatched,images/test_image_02021.jpg,mismatched,0.04999999999999999,not_ready,0.15000000000000002
internvl3_8b,habit_cfx_0268,habit_test_02021,008462_01,008462,S7788,early,counterfactual,S8975,100 cm Hotel Towel,mismatched,images/test_image_02021.jpg,mismatched,0.04999999999999999,not_ready,0.15000000000000002
internvl3_8b,habit_cfx_0269,habit_test_02022,008462_01,008462,S7788,ready,counterfactual,S6759,Power Cable,mismatched,images/test_image_02022.jpg,mismatched,0.04999999999999999,not_ready,0.15000000000000002
internvl3_8b,habit_cfx_0270,habit_test_02022,008462_01,008462,S7788,ready,counterfactual,S7025,Organizing box,mismatched,images/test_image_02022.jpg,matched,0.975,ready,0.975
internvl3_8b,habit_cfx_0271,habit_test_02022,008462_01,008462,S7788,ready,counterfactual,S7414,Paper to-go box,mismatched,images/test_image_02022.jpg,mismatched,0.04999999999999999,not_ready,0.15000000000000002
internvl3_8b,habit_cfx_0272,habit_test_02022,008462_01,008462,S7788,ready,counterfactual,S8975,100 cm Hotel Towel,mismatched,images/test_image_02022.jpg,mismatched,0.04999999999999999,not_ready,0.15000000000000002
internvl3_8b,habit_cfx_0273,habit_test_02023,008475_01,008475,S7788,early,counterfactual,S6759,Power Cable,mismatched,images/test_image_02023.jpg,mismatched,0.04999999999999999,not_ready,0.15000000000000002
internvl3_8b,habit_cfx_0274,habit_test_02023,008475_01,008475,S7788,early,counterfactual,S7025,Organizing box,mismatched,images/test_image_02023.jpg,matched,0.975,not_ready,0.15000000000000002
internvl3_8b,habit_cfx_0275,habit_test_02023,008475_01,008475,S7788,early,counterfactual,S7414,Paper to-go box,mismatched,images/test_image_02023.jpg,mismatched,0.04999999999999999,not_ready,0.15000000000000002
internvl3_8b,habit_cfx_0276,habit_test_02023,008475_01,008475,S7788,early,counterfactual,S8975,100 cm Hotel Towel,mismatched,images/test_image_02023.jpg,mismatched,0.04999999999999999,not_ready,0.15000000000000002
internvl3_8b,habit_cfx_0277,habit_test_02024,008475_01,008475,S7788,ready,counterfactual,S6759,Power Cable,mismatched,images/test_image_02024.jpg,mismatched,0.04999999999999999,not_ready,0.15000000000000002
internvl3_8b,habit_cfx_0278,habit_test_02024,008475_01,008475,S7788,ready,counterfactual,S7025,Organizing box,mismatched,images/test_image_02024.jpg,matched,0.975,not_ready,0.15000000000000002
internvl3_8b,habit_cfx_0279,habit_test_02024,008475_01,008475,S7788,ready,counterfactual,S7414,Paper to-go box,mismatched,images/test_image_02024.jpg,mismatched,0.04999999999999999,not_ready,0.15000000000000002
internvl3_8b,habit_cfx_0280,habit_test_02024,008475_01,008475,S7788,ready,counterfactual,S8975,100 cm Hotel Towel,mismatched,images/test_image_02024.jpg,matched,0.975,ready,0.95
internvl3_8b,habit_cfx_0281,habit_test_02025,008495_02,008495,S7788,early,counterfactual,S6759,Power Cable,mismatched,images/test_image_02025.jpg,mismatched,0.04999999999999999,not_ready,0.15000000000000002
internvl3_8b,habit_cfx_0282,habit_test_02025,008495_02,008495,S7788,early,counterfactual,S7025,Organizing box,mismatched,images/test_image_02025.jpg,matched,0.975,not_ready,0.15000000000000002
internvl3_8b,habit_cfx_0283,habit_test_02025,008495_02,008495,S7788,early,counterfactual,S7414,Paper to-go box,mismatched,images/test_image_02025.jpg,mismatched,0.04999999999999999,not_ready,0.15000000000000002
internvl3_8b,habit_cfx_0284,habit_test_02025,008495_02,008495,S7788,early,counterfactual,S8975,100 cm Hotel Towel,mismatched,images/test_image_02025.jpg,mismatched,0.04999999999999999,not_ready,0.15000000000000002
internvl3_8b,habit_cfx_0285,habit_test_02026,008495_02,008495,S7788,ready,counterfactual,S6759,Power Cable,mismatched,images/test_image_02026.jpg,mismatched,0.04999999999999999,not_ready,0.15000000000000002
internvl3_8b,habit_cfx_0286,habit_test_02026,008495_02,008495,S7788,ready,counterfactual,S7025,Organizing box,mismatched,images/test_image_02026.jpg,matched,0.975,ready,0.975
internvl3_8b,habit_cfx_0287,habit_test_02026,008495_02,008495,S7788,ready,counterfactual,S7414,Paper to-go box,mismatched,images/test_image_02026.jpg,mismatched,0.04999999999999999,not_ready,0.15000000000000002
internvl3_8b,habit_cfx_0288,habit_test_02026,008495_02,008495,S7788,ready,counterfactual,S8975,100 cm Hotel Towel,mismatched,images/test_image_02026.jpg,mismatched,0.04999999999999999,not_ready,0.15000000000000002
internvl3_8b,habit_cfx_0289,habit_test_02027,008524_02,008524,S7788,early,counterfactual,S6759,Power Cable,mismatched,images/test_image_02027.jpg,mismatched,0.04999999999999999,not_ready,0.15000000000000002
internvl3_8b,habit_cfx_0290,habit_test_02027,008524_02,008524,S7788,early,counterfactual,S7025,Organizing box,mismatched,images/test_image_02027.jpg,matched,0.975,not_ready,0.15000000000000002
internvl3_8b,habit_cfx_0291,habit_test_02027,008524_02,008524,S7788,early,counterfactual,S7414,Paper to-go box,mismatched,images/test_image_02027.jpg,mismatched,0.04999999999999999,not_ready,0.15000000000000002
internvl3_8b,habit_cfx_0292,habit_test_02027,008524_02,008524,S7788,early,counterfactual,S8975,100 cm Hotel Towel,mismatched,images/test_image_02027.jpg,matched,0.975,ready,0.975
internvl3_8b,habit_cfx_0293,habit_test_02028,008524_02,008524,S7788,ready,counterfactual,S6759,Power Cable,mismatched,images/test_image_02028.jpg,mismatched,0.04999999999999999,not_ready,0.15000000000000002
internvl3_8b,habit_cfx_0294,habit_test_02028,008524_02,008524,S7788,ready,counterfactual,S7025,Organizing box,mismatched,images/test_image_02028.jpg,matched,0.975,not_ready,0.15000000000000002
internvl3_8b,habit_cfx_0295,habit_test_02028,008524_02,008524,S7788,ready,counterfactual,S7414,Paper to-go box,mismatched,images/test_image_02028.jpg,mismatched,0.04999999999999999,not_ready,0.15000000000000002
internvl3_8b,habit_cfx_0296,habit_test_02028,008524_02,008524,S7788,ready,counterfactual,S8975,100 cm Hotel Towel,mismatched,images/test_image_02028.jpg,mismatched,0.04999999999999999,not_ready,0.15000000000000002
internvl3_8b,habit_cfx_0297,habit_test_02029,009796_02,009796,S7788,early,counterfactual,S6759,Power Cable,mismatched,images/test_image_02029.jpg,mismatched,0.04999999999999999,not_ready,0.15000000000000002
internvl3_8b,habit_cfx_0298,habit_test_02029,009796_02,009796,S7788,early,counterfactual,S7025,Organizing box,mismatched,images/test_image_02029.jpg,matched,0.975,not_ready,0.15000000000000002
internvl3_8b,habit_cfx_0299,habit_test_02029,009796_02,009796,S7788,early,counterfactual,S7414,Paper to-go box,mismatched,images/test_image_02029.jpg,mismatched,0.04999999999999999,not_ready,0.15000000000000002
internvl3_8b,habit_cfx_0300,habit_test_02029,009796_02,009796,S7788,early,counterfactual,S8975,100 cm Hotel Towel,mismatched,images/test_image_02029.jpg,matched,0.975,ready,0.975
internvl3_8b,habit_cfx_0301,habit_test_02030,009796_02,009796,S7788,ready,counterfactual,S6759,Power Cable,mismatched,images/test_image_02030.jpg,mismatched,0.04999999999999999,not_ready,0.15000000000000002
internvl3_8b,habit_cfx_0302,habit_test_02030,009796_02,009796,S7788,ready,counterfactual,S7025,Organizing box,mismatched,images/test_image_02030.jpg,matched,1.0,ready,1.0
internvl3_8b,habit_cfx_0303,habit_test_02030,009796_02,009796,S7788,ready,counterfactual,S7414,Paper to-go box,mismatched,images/test_image_02030.jpg,mismatched,0.04999999999999999,not_ready,0.15000000000000002
internvl3_8b,habit_cfx_0304,habit_test_02030,009796_02,009796,S7788,ready,counterfactual,S8975,100 cm Hotel Towel,mismatched,images/test_image_02030.jpg,matched,0.975,ready,0.975
internvl3_8b,habit_cfx_0305,habit_test_02031,009797_02,009797,S7788,early,counterfactual,S6759,Power Cable,mismatched,images/test_image_02031.jpg,mismatched,0.04999999999999999,not_ready,0.15000000000000002
internvl3_8b,habit_cfx_0306,habit_test_02031,009797_02,009797,S7788,early,counterfactual,S7025,Organizing box,mismatched,images/test_image_02031.jpg,matched,0.975,not_ready,0.15000000000000002
internvl3_8b,habit_cfx_0307,habit_test_02031,009797_02,009797,S7788,early,counterfactual,S7414,Paper to-go box,mismatched,images/test_image_02031.jpg,mismatched,0.04999999999999999,not_ready,0.15000000000000002
internvl3_8b,habit_cfx_0308,habit_test_02031,009797_02,009797,S7788,early,counterfactual,S8975,100 cm Hotel Towel,mismatched,images/test_image_02031.jpg,matched,0.975,not_ready,0.15000000000000002
internvl3_8b,habit_cfx_0309,habit_test_02032,009797_02,009797,S7788,ready,counterfactual,S6759,Power Cable,mismatched,images/test_image_02032.jpg,mismatched,0.04999999999999999,not_ready,0.15000000000000002
internvl3_8b,habit_cfx_0310,habit_test_02032,009797_02,009797,S7788,ready,counterfactual,S7025,Organizing box,mismatched,images/test_image_02032.jpg,matched,0.975,not_ready,0.15000000000000002
internvl3_8b,habit_cfx_0311,habit_test_02032,009797_02,009797,S7788,ready,counterfactual,S7414,Paper to-go box,mismatched,images/test_image_02032.jpg,mismatched,0.04999999999999999,not_ready,0.15000000000000002
internvl3_8b,habit_cfx_0312,habit_test_02032,009797_02,009797,S7788,ready,counterfactual,S8975,100 cm Hotel Towel,mismatched,images/test_image_02032.jpg,matched,0.975,ready,0.95
internvl3_8b,habit_cfx_0313,habit_test_02033,009801_02,009801,S7788,early,counterfactual,S6759,Power Cable,mismatched,images/test_image_02033.jpg,mismatched,0.04999999999999999,not_ready,0.15000000000000002
internvl3_8b,habit_cfx_0314,habit_test_02033,009801_02,009801,S7788,early,counterfactual,S7025,Organizing box,mismatched,images/test_image_02033.jpg,matched,0.975,not_ready,0.15000000000000002
internvl3_8b,habit_cfx_0315,habit_test_02033,009801_02,009801,S7788,early,counterfactual,S7414,Paper to-go box,mismatched,images/test_image_02033.jpg,mismatched,0.04999999999999999,not_ready,0.15000000000000002
internvl3_8b,habit_cfx_0316,habit_test_02033,009801_02,009801,S7788,early,counterfactual,S8975,100 cm Hotel Towel,mismatched,images/test_image_02033.jpg,matched,0.975,not_ready,0.15000000000000002
internvl3_8b,habit_cfx_0317,habit_test_02034,009801_02,009801,S7788,ready,counterfactual,S6759,Power Cable,mismatched,images/test_image_02034.jpg,mismatched,0.04999999999999999,not_ready,0.15000000000000002
internvl3_8b,habit_cfx_0318,habit_test_02034,009801_02,009801,S7788,ready,counterfactual,S7025,Organizing box,mismatched,images/test_image_02034.jpg,matched,0.975,not_ready,0.15000000000000002
internvl3_8b,habit_cfx_0319,habit_test_02034,009801_02,009801,S7788,ready,counterfactual,S7414,Paper to-go box,mismatched,images/test_image_02034.jpg,mismatched,0.04999999999999999,not_ready,0.15000000000000002
internvl3_8b,habit_cfx_0320,habit_test_02034,009801_02,009801,S7788,ready,counterfactual,S8975,100 cm Hotel Towel,mismatched,images/test_image_02034.jpg,matched,0.975,not_ready,0.15000000000000002
internvl3_8b,habit_cfx_0321,habit_test_01933,007309_01,007309,S8940,early,counterfactual,S6759,Power Cable,mismatched,images/test_image_01933.jpg,mismatched,0.04999999999999999,not_ready,0.15000000000000002
internvl3_8b,habit_cfx_0322,habit_test_01933,007309_01,007309,S8940,early,counterfactual,S7414,Paper to-go box,mismatched,images/test_image_01933.jpg,mismatched,0.04999999999999999,not_ready,0.15000000000000002
internvl3_8b,habit_cfx_0323,habit_test_01933,007309_01,007309,S8940,early,counterfactual,S7788,iced cup,mismatched,images/test_image_01933.jpg,mismatched,0.04999999999999999,not_ready,0.15000000000000002
internvl3_8b,habit_cfx_0324,habit_test_01933,007309_01,007309,S8940,early,counterfactual,S8975,100 cm Hotel Towel,mismatched,images/test_image_01933.jpg,matched,0.975,not_ready,0.15000000000000002
internvl3_8b,habit_cfx_0325,habit_test_01934,007309_01,007309,S8940,ready,counterfactual,S6759,Power Cable,mismatched,images/test_image_01934.jpg,matched,0.975,not_ready,0.15000000000000002
internvl3_8b,habit_cfx_0326,habit_test_01934,007309_01,007309,S8940,ready,counterfactual,S7414,Paper to-go box,mismatched,images/test_image_01934.jpg,matched,0.975,not_ready,0.15000000000000002
internvl3_8b,habit_cfx_0327,habit_test_01934,007309_01,007309,S8940,ready,counterfactual,S7788,iced cup,mismatched,images/test_image_01934.jpg,mismatched,0.04999999999999999,not_ready,0.15000000000000002
internvl3_8b,habit_cfx_0328,habit_test_01934,007309_01,007309,S8940,ready,counterfactual,S8975,100 cm Hotel Towel,mismatched,images/test_image_01934.jpg,mismatched,0.04999999999999999,not_ready,0.15000000000000002
internvl3_8b,habit_cfx_0329,habit_test_01937,007310_01,007310,S8940,early,counterfactual,S6759,Power Cable,mismatched,images/test_image_01937.jpg,mismatched,0.04999999999999999,not_ready,0.15000000000000002
internvl3_8b,habit_cfx_0330,habit_test_01937,007310_01,007310,S8940,early,counterfactual,S7414,Paper to-go box,mismatched,images/test_image_01937.jpg,matched,0.975,not_ready,0.15000000000000002
internvl3_8b,habit_cfx_0331,habit_test_01937,007310_01,007310,S8940,early,counterfactual,S7788,iced cup,mismatched,images/test_image_01937.jpg,mismatched,0.04999999999999999,not_ready,0.15000000000000002
internvl3_8b,habit_cfx_0332,habit_test_01937,007310_01,007310,S8940,early,counterfactual,S8975,100 cm Hotel Towel,mismatched,images/test_image_01937.jpg,mismatched,0.04999999999999999,not_ready,0.15000000000000002
internvl3_8b,habit_cfx_0333,habit_test_01938,007310_01,007310,S8940,ready,counterfactual,S6759,Power Cable,mismatched,images/test_image_01938.jpg,mismatched,0.04999999999999999,not_ready,0.15000000000000002
internvl3_8b,habit_cfx_0334,habit_test_01938,007310_01,007310,S8940,ready,counterfactual,S7414,Paper to-go box,mismatched,images/test_image_01938.jpg,matched,0.975,not_ready,0.15000000000000002
internvl3_8b,habit_cfx_0335,habit_test_01938,007310_01,007310,S8940,ready,counterfactual,S7788,iced cup,mismatched,images/test_image_01938.jpg,mismatched,0.04999999999999999,not_ready,0.15000000000000002
internvl3_8b,habit_cfx_0336,habit_test_01938,007310_01,007310,S8940,ready,counterfactual,S8975,100 cm Hotel Towel,mismatched,images/test_image_01938.jpg,matched,0.975,not_ready,0.15000000000000002
internvl3_8b,habit_cfx_0337,habit_test_01941,007312_01,007312,S8940,early,counterfactual,S6759,Power Cable,mismatched,images/test_image_01941.jpg,mismatched,0.04999999999999999,not_ready,0.15000000000000002
internvl3_8b,habit_cfx_0338,habit_test_01941,007312_01,007312,S8940,early,counterfactual,S7414,Paper to-go box,mismatched,images/test_image_01941.jpg,mismatched,0.04999999999999999,uncertain,0.5
internvl3_8b,habit_cfx_0339,habit_test_01941,007312_01,007312,S8940,early,counterfactual,S7788,iced cup,mismatched,images/test_image_01941.jpg,mismatched,0.04999999999999999,not_ready,0.15000000000000002
internvl3_8b,habit_cfx_0340,habit_test_01941,007312_01,007312,S8940,early,counterfactual,S8975,100 cm Hotel Towel,mismatched,images/test_image_01941.jpg,mismatched,0.04999999999999999,not_ready,0.15000000000000002
internvl3_8b,habit_cfx_0341,habit_test_01942,007312_01,007312,S8940,ready,counterfactual,S6759,Power Cable,mismatched,images/test_image_01942.jpg,mismatched,0.04999999999999999,not_ready,0.15000000000000002
internvl3_8b,habit_cfx_0342,habit_test_01942,007312_01,007312,S8940,ready,counterfactual,S7414,Paper to-go box,mismatched,images/test_image_01942.jpg,matched,0.975,not_ready,0.15000000000000002
internvl3_8b,habit_cfx_0343,habit_test_01942,007312_01,007312,S8940,ready,counterfactual,S7788,iced cup,mismatched,images/test_image_01942.jpg,mismatched,0.04999999999999999,not_ready,0.15000000000000002
internvl3_8b,habit_cfx_0344,habit_test_01942,007312_01,007312,S8940,ready,counterfactual,S8975,100 cm Hotel Towel,mismatched,images/test_image_01942.jpg,mismatched,0.04999999999999999,not_ready,0.15000000000000002
internvl3_8b,habit_cfx_0345,habit_test_01945,007313_01,007313,S8940,early,counterfactual,S6759,Power Cable,mismatched,images/test_image_01945.jpg,mismatched,0.04999999999999999,not_ready,0.15000000000000002
internvl3_8b,habit_cfx_0346,habit_test_01945,007313_01,007313,S8940,early,counterfactual,S7414,Paper to-go box,mismatched,images/test_image_01945.jpg,mismatched,0.04999999999999999,uncertain,0.5
internvl3_8b,habit_cfx_0347,habit_test_01945,007313_01,007313,S8940,early,counterfactual,S7788,iced cup,mismatched,images/test_image_01945.jpg,mismatched,0.04999999999999999,not_ready,0.15000000000000002
internvl3_8b,habit_cfx_0348,habit_test_01945,007313_01,007313,S8940,early,counterfactual,S8975,100 cm Hotel Towel,mismatched,images/test_image_01945.jpg,mismatched,0.04999999999999999,not_ready,0.15000000000000002
internvl3_8b,habit_cfx_0349,habit_test_01946,007313_01,007313,S8940,ready,counterfactual,S6759,Power Cable,mismatched,images/test_image_01946.jpg,matched,0.975,ready,0.975
internvl3_8b,habit_cfx_0350,habit_test_01946,007313_01,007313,S8940,ready,counterfactual,S7414,Paper to-go box,mismatched,images/test_image_01946.jpg,matched,0.975,not_ready,0.15000000000000002
internvl3_8b,habit_cfx_0351,habit_test_01946,007313_01,007313,S8940,ready,counterfactual,S7788,iced cup,mismatched,images/test_image_01946.jpg,matched,0.975,not_ready,0.15000000000000002
internvl3_8b,habit_cfx_0352,habit_test_01946,007313_01,007313,S8940,ready,counterfactual,S8975,100 cm Hotel Towel,mismatched,images/test_image_01946.jpg,matched,0.975,not_ready,0.15000000000000002
internvl3_8b,habit_cfx_0353,habit_test_01949,007314_01,007314,S8940,early,counterfactual,S6759,Power Cable,mismatched,images/test_image_01949.jpg,mismatched,0.04999999999999999,not_ready,0.15000000000000002
internvl3_8b,habit_cfx_0354,habit_test_01949,007314_01,007314,S8940,early,counterfactual,S7414,Paper to-go box,mismatched,images/test_image_01949.jpg,mismatched,0.04999999999999999,uncertain,0.5
internvl3_8b,habit_cfx_0355,habit_test_01949,007314_01,007314,S8940,early,counterfactual,S7788,iced cup,mismatched,images/test_image_01949.jpg,mismatched,0.04999999999999999,not_ready,0.15000000000000002
internvl3_8b,habit_cfx_0356,habit_test_01949,007314_01,007314,S8940,early,counterfactual,S8975,100 cm Hotel Towel,mismatched,images/test_image_01949.jpg,matched,0.975,not_ready,0.15000000000000002
internvl3_8b,habit_cfx_0357,habit_test_01950,007314_01,007314,S8940,ready,counterfactual,S6759,Power Cable,mismatched,images/test_image_01950.jpg,mismatched,0.04999999999999999,not_ready,0.15000000000000002
internvl3_8b,habit_cfx_0358,habit_test_01950,007314_01,007314,S8940,ready,counterfactual,S7414,Paper to-go box,mismatched,images/test_image_01950.jpg,matched,0.975,not_ready,0.15000000000000002
internvl3_8b,habit_cfx_0359,habit_test_01950,007314_01,007314,S8940,ready,counterfactual,S7788,iced cup,mismatched,images/test_image_01950.jpg,mismatched,0.04999999999999999,not_ready,0.15000000000000002
internvl3_8b,habit_cfx_0360,habit_test_01950,007314_01,007314,S8940,ready,counterfactual,S8975,100 cm Hotel Towel,mismatched,images/test_image_01950.jpg,mismatched,0.04999999999999999,not_ready,0.15000000000000002
internvl3_8b,habit_cfx_0361,habit_test_01953,007315_01,007315,S8940,early,counterfactual,S6759,Power Cable,mismatched,images/test_image_01953.jpg,mismatched,0.04999999999999999,uncertain,0.5
internvl3_8b,habit_cfx_0362,habit_test_01953,007315_01,007315,S8940,early,counterfactual,S7414,Paper to-go box,mismatched,images/test_image_01953.jpg,mismatched,0.04999999999999999,uncertain,0.5
internvl3_8b,habit_cfx_0363,habit_test_01953,007315_01,007315,S8940,early,counterfactual,S7788,iced cup,mismatched,images/test_image_01953.jpg,mismatched,0.04999999999999999,not_ready,0.15000000000000002
internvl3_8b,habit_cfx_0364,habit_test_01953,007315_01,007315,S8940,early,counterfactual,S8975,100 cm Hotel Towel,mismatched,images/test_image_01953.jpg,mismatched,0.04999999999999999,not_ready,0.15000000000000002
internvl3_8b,habit_cfx_0365,habit_test_01954,007315_01,007315,S8940,ready,counterfactual,S6759,Power Cable,mismatched,images/test_image_01954.jpg,mismatched,0.04999999999999999,not_ready,0.15000000000000002
internvl3_8b,habit_cfx_0366,habit_test_01954,007315_01,007315,S8940,ready,counterfactual,S7414,Paper to-go box,mismatched,images/test_image_01954.jpg,matched,0.975,not_ready,0.15000000000000002
internvl3_8b,habit_cfx_0367,habit_test_01954,007315_01,007315,S8940,ready,counterfactual,S7788,iced cup,mismatched,images/test_image_01954.jpg,mismatched,0.04999999999999999,not_ready,0.15000000000000002
internvl3_8b,habit_cfx_0368,habit_test_01954,007315_01,007315,S8940,ready,counterfactual,S8975,100 cm Hotel Towel,mismatched,images/test_image_01954.jpg,mismatched,0.04999999999999999,not_ready,0.15000000000000002
internvl3_8b,habit_cfx_0369,habit_test_01957,007316_01,007316,S8940,early,counterfactual,S6759,Power Cable,mismatched,images/test_image_01957.jpg,mismatched,0.04999999999999999,uncertain,0.5
internvl3_8b,habit_cfx_0370,habit_test_01957,007316_01,007316,S8940,early,counterfactual,S7414,Paper to-go box,mismatched,images/test_image_01957.jpg,mismatched,0.04999999999999999,uncertain,0.5
internvl3_8b,habit_cfx_0371,habit_test_01957,007316_01,007316,S8940,early,counterfactual,S7788,iced cup,mismatched,images/test_image_01957.jpg,mismatched,0.04999999999999999,not_ready,0.15000000000000002
internvl3_8b,habit_cfx_0372,habit_test_01957,007316_01,007316,S8940,early,counterfactual,S8975,100 cm Hotel Towel,mismatched,images/test_image_01957.jpg,mismatched,0.04999999999999999,not_ready,0.15000000000000002
internvl3_8b,habit_cfx_0373,habit_test_01958,007316_01,007316,S8940,ready,counterfactual,S6759,Power Cable,mismatched,images/test_image_01958.jpg,mismatched,0.04999999999999999,not_ready,0.15000000000000002
internvl3_8b,habit_cfx_0374,habit_test_01958,007316_01,007316,S8940,ready,counterfactual,S7414,Paper to-go box,mismatched,images/test_image_01958.jpg,matched,0.975,not_ready,0.15000000000000002
internvl3_8b,habit_cfx_0375,habit_test_01958,007316_01,007316,S8940,ready,counterfactual,S7788,iced cup,mismatched,images/test_image_01958.jpg,mismatched,0.04999999999999999,uncertain,0.5
internvl3_8b,habit_cfx_0376,habit_test_01958,007316_01,007316,S8940,ready,counterfactual,S8975,100 cm Hotel Towel,mismatched,images/test_image_01958.jpg,mismatched,0.04999999999999999,not_ready,0.09999999999999998
internvl3_8b,habit_cfx_0377,habit_test_01961,007317_01,007317,S8940,early,counterfactual,S6759,Power Cable,mismatched,images/test_image_01961.jpg,mismatched,0.04999999999999999,not_ready,0.15000000000000002
internvl3_8b,habit_cfx_0378,habit_test_01961,007317_01,007317,S8940,early,counterfactual,S7414,Paper to-go box,mismatched,images/test_image_01961.jpg,mismatched,0.04999999999999999,uncertain,0.5
internvl3_8b,habit_cfx_0379,habit_test_01961,007317_01,007317,S8940,early,counterfactual,S7788,iced cup,mismatched,images/test_image_01961.jpg,mismatched,0.04999999999999999,uncertain,0.5
internvl3_8b,habit_cfx_0380,habit_test_01961,007317_01,007317,S8940,early,counterfactual,S8975,100 cm Hotel Towel,mismatched,images/test_image_01961.jpg,matched,0.975,not_ready,0.15000000000000002
internvl3_8b,habit_cfx_0381,habit_test_01962,007317_01,007317,S8940,ready,counterfactual,S6759,Power Cable,mismatched,images/test_image_01962.jpg,mismatched,0.04999999999999999,not_ready,0.15000000000000002
internvl3_8b,habit_cfx_0382,habit_test_01962,007317_01,007317,S8940,ready,counterfactual,S7414,Paper to-go box,mismatched,images/test_image_01962.jpg,matched,0.975,not_ready,0.15000000000000002
internvl3_8b,habit_cfx_0383,habit_test_01962,007317_01,007317,S8940,ready,counterfactual,S7788,iced cup,mismatched,images/test_image_01962.jpg,mismatched,0.04999999999999999,not_ready,0.15000000000000002
internvl3_8b,habit_cfx_0384,habit_test_01962,007317_01,007317,S8940,ready,counterfactual,S8975,100 cm Hotel Towel,mismatched,images/test_image_01962.jpg,mismatched,0.04999999999999999,not_ready,0.15000000000000002
internvl3_8b,habit_cfx_0385,habit_test_01965,007321_01,007321,S8940,early,counterfactual,S6759,Power Cable,mismatched,images/test_image_01965.jpg,mismatched,0.04999999999999999,not_ready,0.15000000000000002
internvl3_8b,habit_cfx_0386,habit_test_01965,007321_01,007321,S8940,early,counterfactual,S7414,Paper to-go box,mismatched,images/test_image_01965.jpg,mismatched,0.04999999999999999,uncertain,0.5
internvl3_8b,habit_cfx_0387,habit_test_01965,007321_01,007321,S8940,early,counterfactual,S7788,iced cup,mismatched,images/test_image_01965.jpg,mismatched,0.04999999999999999,uncertain,0.5
internvl3_8b,habit_cfx_0388,habit_test_01965,007321_01,007321,S8940,early,counterfactual,S8975,100 cm Hotel Towel,mismatched,images/test_image_01965.jpg,mismatched,0.04999999999999999,not_ready,0.09999999999999998
internvl3_8b,habit_cfx_0389,habit_test_01966,007321_01,007321,S8940,ready,counterfactual,S6759,Power Cable,mismatched,images/test_image_01966.jpg,matched,0.975,ready,0.975
internvl3_8b,habit_cfx_0390,habit_test_01966,007321_01,007321,S8940,ready,counterfactual,S7414,Paper to-go box,mismatched,images/test_image_01966.jpg,matched,0.975,not_ready,0.15000000000000002
internvl3_8b,habit_cfx_0391,habit_test_01966,007321_01,007321,S8940,ready,counterfactual,S7788,iced cup,mismatched,images/test_image_01966.jpg,matched,0.975,not_ready,0.15000000000000002
internvl3_8b,habit_cfx_0392,habit_test_01966,007321_01,007321,S8940,ready,counterfactual,S8975,100 cm Hotel Towel,mismatched,images/test_image_01966.jpg,matched,0.975,not_ready,0.15000000000000002
internvl3_8b,habit_cfx_0393,habit_test_01969,007322_01,007322,S8940,early,counterfactual,S6759,Power Cable,mismatched,images/test_image_01969.jpg,mismatched,0.04999999999999999,uncertain,0.5
internvl3_8b,habit_cfx_0394,habit_test_01969,007322_01,007322,S8940,early,counterfactual,S7414,Paper to-go box,mismatched,images/test_image_01969.jpg,mismatched,0.04999999999999999,uncertain,0.5
internvl3_8b,habit_cfx_0395,habit_test_01969,007322_01,007322,S8940,early,counterfactual,S7788,iced cup,mismatched,images/test_image_01969.jpg,mismatched,0.04999999999999999,uncertain,0.5
internvl3_8b,habit_cfx_0396,habit_test_01969,007322_01,007322,S8940,early,counterfactual,S8975,100 cm Hotel Towel,mismatched,images/test_image_01969.jpg,mismatched,0.04999999999999999,not_ready,0.15000000000000002
internvl3_8b,habit_cfx_0397,habit_test_01970,007322_01,007322,S8940,ready,counterfactual,S6759,Power Cable,mismatched,images/test_image_01970.jpg,matched,0.975,not_ready,0.15000000000000002
internvl3_8b,habit_cfx_0398,habit_test_01970,007322_01,007322,S8940,ready,counterfactual,S7414,Paper to-go box,mismatched,images/test_image_01970.jpg,matched,0.975,not_ready,0.15000000000000002
internvl3_8b,habit_cfx_0399,habit_test_01970,007322_01,007322,S8940,ready,counterfactual,S7788,iced cup,mismatched,images/test_image_01970.jpg,mismatched,0.04999999999999999,not_ready,0.15000000000000002
internvl3_8b,habit_cfx_0400,habit_test_01970,007322_01,007322,S8940,ready,counterfactual,S8975,100 cm Hotel Towel,mismatched,images/test_image_01970.jpg,mismatched,0.04999999999999999,not_ready,0.15000000000000002
internvl3_8b,habit_cfx_0401,habit_test_01715,005687_01,005687,S8975,early,counterfactual,S6759,Power Cable,mismatched,images/test_image_01715.jpg,mismatched,0.04999999999999999,not_ready,0.15000000000000002
internvl3_8b,habit_cfx_0402,habit_test_01715,005687_01,005687,S8975,early,counterfactual,S7025,Organizing box,mismatched,images/test_image_01715.jpg,matched,0.975,not_ready,0.15000000000000002
internvl3_8b,habit_cfx_0403,habit_test_01715,005687_01,005687,S8975,early,counterfactual,S7414,Paper to-go box,mismatched,images/test_image_01715.jpg,mismatched,0.04999999999999999,not_ready,0.15000000000000002
internvl3_8b,habit_cfx_0404,habit_test_01715,005687_01,005687,S8975,early,counterfactual,S8940,Airtight Container lid,mismatched,images/test_image_01715.jpg,mismatched,0.04999999999999999,not_ready,0.15000000000000002
internvl3_8b,habit_cfx_0405,habit_test_01716,005687_01,005687,S8975,ready,counterfactual,S6759,Power Cable,mismatched,images/test_image_01716.jpg,mismatched,0.04999999999999999,not_ready,0.15000000000000002
internvl3_8b,habit_cfx_0406,habit_test_01716,005687_01,005687,S8975,ready,counterfactual,S7025,Organizing box,mismatched,images/test_image_01716.jpg,matched,0.975,not_ready,0.15000000000000002
internvl3_8b,habit_cfx_0407,habit_test_01716,005687_01,005687,S8975,ready,counterfactual,S7414,Paper to-go box,mismatched,images/test_image_01716.jpg,mismatched,0.04999999999999999,not_ready,0.15000000000000002
internvl3_8b,habit_cfx_0408,habit_test_01716,005687_01,005687,S8975,ready,counterfactual,S8940,Airtight Container lid,mismatched,images/test_image_01716.jpg,matched,0.975,not_ready,0.15000000000000002
internvl3_8b,habit_cfx_0409,habit_test_01717,005688_01,005688,S8975,early,counterfactual,S6759,Power Cable,mismatched,images/test_image_01717.jpg,mismatched,0.04999999999999999,not_ready,0.15000000000000002
internvl3_8b,habit_cfx_0410,habit_test_01717,005688_01,005688,S8975,early,counterfactual,S7025,Organizing box,mismatched,images/test_image_01717.jpg,matched,0.975,not_ready,0.15000000000000002
internvl3_8b,habit_cfx_0411,habit_test_01717,005688_01,005688,S8975,early,counterfactual,S7414,Paper to-go box,mismatched,images/test_image_01717.jpg,mismatched,0.04999999999999999,not_ready,0.15000000000000002
internvl3_8b,habit_cfx_0412,habit_test_01717,005688_01,005688,S8975,early,counterfactual,S8940,Airtight Container lid,mismatched,images/test_image_01717.jpg,mismatched,0.04999999999999999,not_ready,0.15000000000000002
internvl3_8b,habit_cfx_0413,habit_test_01718,005688_01,005688,S8975,ready,counterfactual,S6759,Power Cable,mismatched,images/test_image_01718.jpg,mismatched,0.04999999999999999,not_ready,0.15000000000000002
internvl3_8b,habit_cfx_0414,habit_test_01718,005688_01,005688,S8975,ready,counterfactual,S7025,Organizing box,mismatched,images/test_image_01718.jpg,matched,0.975,not_ready,0.15000000000000002
internvl3_8b,habit_cfx_0415,habit_test_01718,005688_01,005688,S8975,ready,counterfactual,S7414,Paper to-go box,mismatched,images/test_image_01718.jpg,mismatched,0.04999999999999999,not_ready,0.15000000000000002
internvl3_8b,habit_cfx_0416,habit_test_01718,005688_01,005688,S8975,ready,counterfactual,S8940,Airtight Container lid,mismatched,images/test_image_01718.jpg,matched,0.975,not_ready,0.15000000000000002
internvl3_8b,habit_cfx_0417,habit_test_01719,005691_01,005691,S8975,early,counterfactual,S6759,Power Cable,mismatched,images/test_image_01719.jpg,mismatched,0.04999999999999999,not_ready,0.15000000000000002
internvl3_8b,habit_cfx_0418,habit_test_01719,005691_01,005691,S8975,early,counterfactual,S7025,Organizing box,mismatched,images/test_image_01719.jpg,matched,0.975,not_ready,0.15000000000000002
internvl3_8b,habit_cfx_0419,habit_test_01719,005691_01,005691,S8975,early,counterfactual,S7414,Paper to-go box,mismatched,images/test_image_01719.jpg,mismatched,0.04999999999999999,not_ready,0.15000000000000002
internvl3_8b,habit_cfx_0420,habit_test_01719,005691_01,005691,S8975,early,counterfactual,S8940,Airtight Container lid,mismatched,images/test_image_01719.jpg,mismatched,0.04999999999999999,not_ready,0.15000000000000002
internvl3_8b,habit_cfx_0421,habit_test_01720,005691_01,005691,S8975,ready,counterfactual,S6759,Power Cable,mismatched,images/test_image_01720.jpg,matched,0.975,ready,0.975
internvl3_8b,habit_cfx_0422,habit_test_01720,005691_01,005691,S8975,ready,counterfactual,S7025,Organizing box,mismatched,images/test_image_01720.jpg,matched,0.975,not_ready,0.15000000000000002
internvl3_8b,habit_cfx_0423,habit_test_01720,005691_01,005691,S8975,ready,counterfactual,S7414,Paper to-go box,mismatched,images/test_image_01720.jpg,matched,0.975,not_ready,0.15000000000000002
internvl3_8b,habit_cfx_0424,habit_test_01720,005691_01,005691,S8975,ready,counterfactual,S8940,Airtight Container lid,mismatched,images/test_image_01720.jpg,matched,0.975,not_ready,0.15000000000000002
internvl3_8b,habit_cfx_0425,habit_test_01721,005692_01,005692,S8975,early,counterfactual,S6759,Power Cable,mismatched,images/test_image_01721.jpg,mismatched,0.04999999999999999,not_ready,0.15000000000000002
internvl3_8b,habit_cfx_0426,habit_test_01721,005692_01,005692,S8975,early,counterfactual,S7025,Organizing box,mismatched,images/test_image_01721.jpg,matched,0.975,not_ready,0.15000000000000002
internvl3_8b,habit_cfx_0427,habit_test_01721,005692_01,005692,S8975,early,counterfactual,S7414,Paper to-go box,mismatched,images/test_image_01721.jpg,mismatched,0.04999999999999999,not_ready,0.15000000000000002
internvl3_8b,habit_cfx_0428,habit_test_01721,005692_01,005692,S8975,early,counterfactual,S8940,Airtight Container lid,mismatched,images/test_image_01721.jpg,mismatched,0.04999999999999999,not_ready,0.15000000000000002
internvl3_8b,habit_cfx_0429,habit_test_01722,005692_01,005692,S8975,ready,counterfactual,S6759,Power Cable,mismatched,images/test_image_01722.jpg,matched,0.975,not_ready,0.15000000000000002
internvl3_8b,habit_cfx_0430,habit_test_01722,005692_01,005692,S8975,ready,counterfactual,S7025,Organizing box,mismatched,images/test_image_01722.jpg,matched,0.975,not_ready,0.15000000000000002
internvl3_8b,habit_cfx_0431,habit_test_01722,005692_01,005692,S8975,ready,counterfactual,S7414,Paper to-go box,mismatched,images/test_image_01722.jpg,mismatched,0.04999999999999999,not_ready,0.15000000000000002
internvl3_8b,habit_cfx_0432,habit_test_01722,005692_01,005692,S8975,ready,counterfactual,S8940,Airtight Container lid,mismatched,images/test_image_01722.jpg,matched,0.975,not_ready,0.15000000000000002
internvl3_8b,habit_cfx_0433,habit_test_01723,005693_01,005693,S8975,early,counterfactual,S6759,Power Cable,mismatched,images/test_image_01723.jpg,mismatched,0.04999999999999999,not_ready,0.15000000000000002
internvl3_8b,habit_cfx_0434,habit_test_01723,005693_01,005693,S8975,early,counterfactual,S7025,Organizing box,mismatched,images/test_image_01723.jpg,matched,0.975,not_ready,0.15000000000000002
internvl3_8b,habit_cfx_0435,habit_test_01723,005693_01,005693,S8975,early,counterfactual,S7414,Paper to-go box,mismatched,images/test_image_01723.jpg,mismatched,0.04999999999999999,not_ready,0.15000000000000002
internvl3_8b,habit_cfx_0436,habit_test_01723,005693_01,005693,S8975,early,counterfactual,S8940,Airtight Container lid,mismatched,images/test_image_01723.jpg,mismatched,0.04999999999999999,not_ready,0.15000000000000002
internvl3_8b,habit_cfx_0437,habit_test_01724,005693_01,005693,S8975,ready,counterfactual,S6759,Power Cable,mismatched,images/test_image_01724.jpg,matched,0.975,not_ready,0.15000000000000002
internvl3_8b,habit_cfx_0438,habit_test_01724,005693_01,005693,S8975,ready,counterfactual,S7025,Organizing box,mismatched,images/test_image_01724.jpg,matched,0.975,not_ready,0.15000000000000002
internvl3_8b,habit_cfx_0439,habit_test_01724,005693_01,005693,S8975,ready,counterfactual,S7414,Paper to-go box,mismatched,images/test_image_01724.jpg,mismatched,0.04999999999999999,not_ready,0.15000000000000002
internvl3_8b,habit_cfx_0440,habit_test_01724,005693_01,005693,S8975,ready,counterfactual,S8940,Airtight Container lid,mismatched,images/test_image_01724.jpg,matched,0.975,not_ready,0.15000000000000002
internvl3_8b,habit_cfx_0441,habit_test_01725,005694_01,005694,S8975,early,counterfactual,S6759,Power Cable,mismatched,images/test_image_01725.jpg,mismatched,0.04999999999999999,not_ready,0.15000000000000002
internvl3_8b,habit_cfx_0442,habit_test_01725,005694_01,005694,S8975,early,counterfactual,S7025,Organizing box,mismatched,images/test_image_01725.jpg,matched,0.975,not_ready,0.15000000000000002
internvl3_8b,habit_cfx_0443,habit_test_01725,005694_01,005694,S8975,early,counterfactual,S7414,Paper to-go box,mismatched,images/test_image_01725.jpg,mismatched,0.04999999999999999,not_ready,0.15000000000000002
internvl3_8b,habit_cfx_0444,habit_test_01725,005694_01,005694,S8975,early,counterfactual,S8940,Airtight Container lid,mismatched,images/test_image_01725.jpg,mismatched,0.04999999999999999,not_ready,0.15000000000000002
internvl3_8b,habit_cfx_0445,habit_test_01726,005694_01,005694,S8975,ready,counterfactual,S6759,Power Cable,mismatched,images/test_image_01726.jpg,matched,0.975,not_ready,0.15000000000000002
internvl3_8b,habit_cfx_0446,habit_test_01726,005694_01,005694,S8975,ready,counterfactual,S7025,Organizing box,mismatched,images/test_image_01726.jpg,matched,0.975,not_ready,0.15000000000000002
internvl3_8b,habit_cfx_0447,habit_test_01726,005694_01,005694,S8975,ready,counterfactual,S7414,Paper to-go box,mismatched,images/test_image_01726.jpg,mismatched,0.04999999999999999,not_ready,0.15000000000000002
internvl3_8b,habit_cfx_0448,habit_test_01726,005694_01,005694,S8975,ready,counterfactual,S8940,Airtight Container lid,mismatched,images/test_image_01726.jpg,matched,0.975,ready,0.975
internvl3_8b,habit_cfx_0449,habit_test_01727,005695_01,005695,S8975,early,counterfactual,S6759,Power Cable,mismatched,images/test_image_01727.jpg,mismatched,0.04999999999999999,not_ready,0.15000000000000002
internvl3_8b,habit_cfx_0450,habit_test_01727,005695_01,005695,S8975,early,counterfactual,S7025,Organizing box,mismatched,images/test_image_01727.jpg,matched,0.975,not_ready,0.15000000000000002
internvl3_8b,habit_cfx_0451,habit_test_01727,005695_01,005695,S8975,early,counterfactual,S7414,Paper to-go box,mismatched,images/test_image_01727.jpg,mismatched,0.04999999999999999,not_ready,0.15000000000000002
internvl3_8b,habit_cfx_0452,habit_test_01727,005695_01,005695,S8975,early,counterfactual,S8940,Airtight Container lid,mismatched,images/test_image_01727.jpg,mismatched,0.04999999999999999,not_ready,0.15000000000000002
internvl3_8b,habit_cfx_0453,habit_test_01728,005695_01,005695,S8975,ready,counterfactual,S6759,Power Cable,mismatched,images/test_image_01728.jpg,matched,0.975,not_ready,0.15000000000000002
internvl3_8b,habit_cfx_0454,habit_test_01728,005695_01,005695,S8975,ready,counterfactual,S7025,Organizing box,mismatched,images/test_image_01728.jpg,matched,0.975,not_ready,0.15000000000000002
internvl3_8b,habit_cfx_0455,habit_test_01728,005695_01,005695,S8975,ready,counterfactual,S7414,Paper to-go box,mismatched,images/test_image_01728.jpg,matched,0.975,not_ready,0.15000000000000002
internvl3_8b,habit_cfx_0456,habit_test_01728,005695_01,005695,S8975,ready,counterfactual,S8940,Airtight Container lid,mismatched,images/test_image_01728.jpg,matched,0.975,not_ready,0.15000000000000002
internvl3_8b,habit_cfx_0457,habit_test_01729,005696_01,005696,S8975,early,counterfactual,S6759,Power Cable,mismatched,images/test_image_01729.jpg,mismatched,0.04999999999999999,not_ready,0.15000000000000002
internvl3_8b,habit_cfx_0458,habit_test_01729,005696_01,005696,S8975,early,counterfactual,S7025,Organizing box,mismatched,images/test_image_01729.jpg,matched,0.975,not_ready,0.15000000000000002
internvl3_8b,habit_cfx_0459,habit_test_01729,005696_01,005696,S8975,early,counterfactual,S7414,Paper to-go box,mismatched,images/test_image_01729.jpg,mismatched,0.04999999999999999,not_ready,0.15000000000000002
internvl3_8b,habit_cfx_0460,habit_test_01729,005696_01,005696,S8975,early,counterfactual,S8940,Airtight Container lid,mismatched,images/test_image_01729.jpg,mismatched,0.04999999999999999,not_ready,0.15000000000000002
internvl3_8b,habit_cfx_0461,habit_test_01730,005696_01,005696,S8975,ready,counterfactual,S6759,Power Cable,mismatched,images/test_image_01730.jpg,matched,0.975,not_ready,0.15000000000000002
internvl3_8b,habit_cfx_0462,habit_test_01730,005696_01,005696,S8975,ready,counterfactual,S7025,Organizing box,mismatched,images/test_image_01730.jpg,matched,0.975,not_ready,0.15000000000000002
internvl3_8b,habit_cfx_0463,habit_test_01730,005696_01,005696,S8975,ready,counterfactual,S7414,Paper to-go box,mismatched,images/test_image_01730.jpg,matched,0.975,not_ready,0.15000000000000002
internvl3_8b,habit_cfx_0464,habit_test_01730,005696_01,005696,S8975,ready,counterfactual,S8940,Airtight Container lid,mismatched,images/test_image_01730.jpg,matched,0.975,not_ready,0.15000000000000002
internvl3_8b,habit_cfx_0465,habit_test_01731,005697_01,005697,S8975,early,counterfactual,S6759,Power Cable,mismatched,images/test_image_01731.jpg,mismatched,0.04999999999999999,not_ready,0.15000000000000002
internvl3_8b,habit_cfx_0466,habit_test_01731,005697_01,005697,S8975,early,counterfactual,S7025,Organizing box,mismatched,images/test_image_01731.jpg,matched,0.975,not_ready,0.15000000000000002
internvl3_8b,habit_cfx_0467,habit_test_01731,005697_01,005697,S8975,early,counterfactual,S7414,Paper to-go box,mismatched,images/test_image_01731.jpg,mismatched,0.04999999999999999,not_ready,0.15000000000000002
internvl3_8b,habit_cfx_0468,habit_test_01731,005697_01,005697,S8975,early,counterfactual,S8940,Airtight Container lid,mismatched,images/test_image_01731.jpg,mismatched,0.04999999999999999,not_ready,0.15000000000000002
internvl3_8b,habit_cfx_0469,habit_test_01732,005697_01,005697,S8975,ready,counterfactual,S6759,Power Cable,mismatched,images/test_image_01732.jpg,matched,0.975,ready,0.975
internvl3_8b,habit_cfx_0470,habit_test_01732,005697_01,005697,S8975,ready,counterfactual,S7025,Organizing box,mismatched,images/test_image_01732.jpg,matched,0.975,not_ready,0.15000000000000002
internvl3_8b,habit_cfx_0471,habit_test_01732,005697_01,005697,S8975,ready,counterfactual,S7414,Paper to-go box,mismatched,images/test_image_01732.jpg,matched,0.975,not_ready,0.15000000000000002
internvl3_8b,habit_cfx_0472,habit_test_01732,005697_01,005697,S8975,ready,counterfactual,S8940,Airtight Container lid,mismatched,images/test_image_01732.jpg,matched,0.975,not_ready,0.15000000000000002
internvl3_8b,habit_cfx_0473,habit_test_01733,005698_01,005698,S8975,early,counterfactual,S6759,Power Cable,mismatched,images/test_image_01733.jpg,mismatched,0.04999999999999999,not_ready,0.15000000000000002
internvl3_8b,habit_cfx_0474,habit_test_01733,005698_01,005698,S8975,early,counterfactual,S7025,Organizing box,mismatched,images/test_image_01733.jpg,matched,0.975,not_ready,0.15000000000000002
internvl3_8b,habit_cfx_0475,habit_test_01733,005698_01,005698,S8975,early,counterfactual,S7414,Paper to-go box,mismatched,images/test_image_01733.jpg,mismatched,0.04999999999999999,not_ready,0.15000000000000002
internvl3_8b,habit_cfx_0476,habit_test_01733,005698_01,005698,S8975,early,counterfactual,S8940,Airtight Container lid,mismatched,images/test_image_01733.jpg,mismatched,0.04999999999999999,not_ready,0.15000000000000002
internvl3_8b,habit_cfx_0477,habit_test_01734,005698_01,005698,S8975,ready,counterfactual,S6759,Power Cable,mismatched,images/test_image_01734.jpg,matched,0.975,ready,0.975
internvl3_8b,habit_cfx_0478,habit_test_01734,005698_01,005698,S8975,ready,counterfactual,S7025,Organizing box,mismatched,images/test_image_01734.jpg,matched,0.975,not_ready,0.15000000000000002
internvl3_8b,habit_cfx_0479,habit_test_01734,005698_01,005698,S8975,ready,counterfactual,S7414,Paper to-go box,mismatched,images/test_image_01734.jpg,matched,0.975,not_ready,0.15000000000000002
internvl3_8b,habit_cfx_0480,habit_test_01734,005698_01,005698,S8975,ready,counterfactual,S8940,Airtight Container lid,mismatched,images/test_image_01734.jpg,matched,0.975,ready,0.975
