setting_id,language_pmax,dirichlet_kappa,quality_multiplier,conflict_multiplier,occlusion_strength,records,dirichlet_projection_fallbacks,nested_naurc,registered_naurc,naurc_gain,ranking_preserved,nested_coverage,nested_wrong_all,nested_wrong_admitted,nested_correct_all,nested_clean_coverage,registered_coverage,registered_wrong_all,registered_wrong_admitted,registered_correct_all,registered_clean_coverage,copy_mass_max_abs_drift,unoccluded_runtime_sha256,nested_clean_none_coverage,nested_clean_none_correct_all,nested_clean_none_wrong_all,nested_clean_partial_coverage,nested_clean_partial_correct_all,nested_clean_partial_wrong_all
0,0.65,50.0,0.811791753768921,0.9199897181242704,1.0,31200,0,0.17555560288753871,0.24417203553990832,0.06861643265236961,True,0.13115384615384615,0.009647435897435898,0.07355816226783969,0.12150641025641026,0.8533333333333334,0.1314423076923077,0.016666666666666666,0.12679834186783712,0.11477564102564103,0.7016666666666667,1.4210854715202004e-14,0a8c5dadaaed96d2d5771ba472713c940a07d80e69def29e3a38d4e311c51b21,0.9683333333333334,0.8916666666666667,0.07666666666666666,0.7383333333333333,0.675,0.06333333333333334
1,0.9,100.0,1.1829387303441763,1.1969638090580703,1.0,31200,0,0.11780808203424291,0.20728485469322985,0.08947677265898694,True,0.13147435897435897,0.0,0.0,0.13147435897435897,0.83625,0.13125,0.01044871794871795,0.0796092796092796,0.12080128205128206,0.76125,1.4210854715202004e-14,785dffaa43e6dcfaaeb5513cd853bc0de8fd60cf76d267c7e521831b2ae11f0b,0.9708333333333333,0.9708333333333333,0.0,0.7016666666666667,0.7016666666666667,0.0
2,0.95,50.0,0.9726037811487913,0.8790825732052326,1.0,31200,0,0.11683561695179102,0.20407531095060566,0.08723969399881464,True,0.13163461538461538,9.615384615384615e-05,0.0007304601899196494,0.13153846153846155,0.8745833333333334,0.1308974358974359,0.010384615384615384,0.07933398628795299,0.12051282051282051,0.7545833333333334,1.4210854715202004e-14,8ebcd6f3eaf42020dcb370c98d8df635faaf5d4d4e473b0812991b28691e7d12,0.9683333333333334,0.9675,0.0008333333333333334,0.7808333333333334,0.7808333333333334,0.0
3,0.85,200.0,1.0451675221323968,1.0005459524691105,1.0,31200,0,0.11437982474330309,0.20131438616913938,0.08693456142583629,True,0.13118589743589743,6.41025641025641e-05,0.0004886391399951136,0.13112179487179487,0.8529166666666667,0.1308653846153846,0.010544871794871794,0.08057800636786676,0.12032051282051281,0.7608333333333334,1.4210854715202004e-14,4c9d1056ce249eaf13f293c39ba1be9af09bfa9d494de3d48e3651b124e8ad34,0.9675,0.9658333333333333,0.0016666666666666668,0.7383333333333333,0.7383333333333333,0.0
4,0.75,100.0,1.1091954145580531,1.09845175370574,1.0,31200,0,0.1327525280412843,0.21892978821021902,0.08617726016893473,True,0.13112179487179487,0.002692307692307692,0.02053287704717673,0.12842948717948718,0.8433333333333334,0.13105769230769232,0.011858974358974358,0.0904866715578381,0.11919871794871795,0.7541666666666667,1.4210854715202004e-14,59250455c2527cc74f5384038254f3c56cc72bfc3270956e7ad41a1261319ace,0.9691666666666666,0.95,0.019166666666666665,0.7175,0.7066666666666667,0.010833333333333334
5,0.95,200.0,0.8867052994668484,0.8215317897498609,1.0,31200,0,0.11093872560151781,0.19114697324709345,0.08020824764557564,True,0.13150641025641024,6.41025641025641e-05,0.0004874482086278333,0.1314423076923077,0.8670833333333333,0.1308653846153846,0.010576923076923078,0.08082292432035268,0.12028846153846154,0.7520833333333333,1.4210854715202004e-14,2c4d890a42068c31113b743cdc34df3ed6251ad08a63751c0f51dee9015891a1,0.9625,0.9625,0.0,0.7716666666666666,0.7716666666666666,0.0
6,0.85,50.0,1.0689331747591497,1.1020853962749244,1.0,31200,0,0.12132825656833048,0.21562088248283817,0.0942926259145077,True,0.13134615384615383,0.0004487179487179487,0.003416300634455832,0.1308974358974359,0.8475,0.13118589743589743,0.010833333333333334,0.0825800146591742,0.1203525641025641,0.7670833333333333,1.4210854715202004e-14,999c3d7bf3689bb92e7a4a70e2b148a13ce7d79456cc31ec3b0d56ef36b1c213,0.9591666666666666,0.9591666666666666,0.0,0.7358333333333333,0.7358333333333333,0.0
7,0.65,200.0,0.9476645130664111,0.9805678065866232,1.0,31200,0,0.1527895775334599,0.22842918023353448,0.07563960270007458,True,0.13076923076923078,0.005993589743589743,0.04583333333333333,0.12477564102564102,0.8508333333333333,0.13105769230769232,0.013044871794871795,0.09953533871362191,0.11801282051282051,0.7304166666666667,1.4210854715202004e-14,d13aff5f7d1f0d0e3372a8f76e8b0f07ba6b50b97e59705f18480535acbddbea,0.9675,0.9166666666666666,0.050833333333333335,0.7341666666666666,0.7058333333333333,0.028333333333333332
8,0.65,100.0,1.0920993205159903,0.83953175842762,1.0,31200,0,0.18152121447977984,0.25174873128803826,0.07022751680825842,True,0.13096153846153846,0.010128205128205128,0.07733724914341654,0.12083333333333333,0.86,0.13112179487179487,0.01701923076923077,0.1297971156196529,0.1141025641025641,0.6941666666666667,1.4210854715202004e-14,f4319636875bf07e53581d489e4400564262404a6267a4fffa37c0c6413c3aa4,0.9741666666666666,0.905,0.06916666666666667,0.7458333333333333,0.6641666666666667,0.08166666666666667
9,0.85,200.0,0.9131764650344849,1.0680264294147492,1.0,31200,0,0.10941858948173498,0.1885587197323104,0.07914013025057541,True,0.13163461538461538,3.205128205128205e-05,0.00024348672997321646,0.1316025641025641,0.8479166666666667,0.13115384615384615,0.010608974358974359,0.08088954056695992,0.12054487179487179,0.765,1.4210854715202004e-14,a0500f1e699f8a9d839e5b4a0803a355bd2ad302e69fa97ea330080ade3cb1ed,0.9708333333333333,0.9708333333333333,0.0,0.725,0.725,0.0
10,0.9,50.0,1.1297675177454949,0.9611029658466578,1.0,31200,0,0.12152745096775297,0.2118467952452297,0.09031934427747673,True,0.1307051282051282,0.0003525641025641026,0.002697400686611084,0.1303525641025641,0.85,0.13105769230769232,0.01044871794871795,0.0797260943996087,0.12060897435897436,0.7633333333333333,1.4210854715202004e-14,67c4ccaea2c8c0bb82313c24b805728eff4f0f9eac83f07f507aa04bba377db5,0.9475,0.9466666666666667,0.0008333333333333334,0.7525,0.7508333333333334,0.0016666666666666668
11,0.75,100.0,0.8524552416056395,1.134170848503709,1.0,31200,0,0.11969113290727483,0.2104240289781512,0.09073289607087638,True,0.13099358974358974,0.001314102564102564,0.010031808172253487,0.12967948717948719,0.8354166666666667,0.13121794871794873,0.011121794871794871,0.0847581827063996,0.12009615384615385,0.7620833333333333,1.4210854715202004e-14,2f9dc4d00ca681b924dde02a07f35b98c7dfba1890f75dbec8742ca5b0985650,0.9683333333333334,0.9525,0.015833333333333335,0.7025,0.7,0.0025
12,0.85,50.0,0.9884332858026028,1.1664408314973116,1.0,31200,0,0.12180719336235266,0.21661913270971742,0.09481193934736476,True,0.13112179487179487,0.0004807692307692308,0.0036665851869958446,0.13064102564102564,0.835,0.13112179487179487,0.010993589743589743,0.08384258127597165,0.12012820512820513,0.7591666666666667,1.4210854715202004e-14,57f7983d300cacd51dc5e204928de4af9732f58dd0c03ab3cfa666ecf8afec19,0.9533333333333334,0.95,0.0033333333333333335,0.7166666666666667,0.7091666666666666,0.0075
13,0.95,100.0,1.0156719360500575,0.9378920335322619,1.0,31200,0,0.11226732982582958,0.19391055309621708,0.08164322327038749,True,0.13134615384615383,0.0,0.0,0.13134615384615383,0.8558333333333333,0.13105769230769232,0.010384615384615384,0.07923697725605282,0.12067307692307692,0.7566666666666667,1.4210854715202004e-14,b984184ce8c138867a80b7b85c84ff4e05bae7166416f90f1c0a8a38d609d00c,0.9566666666666667,0.9566666666666667,0.0,0.755,0.755,0.0
14,0.9,100.0,0.8271757502108813,1.0325337514281274,1.0,31200,0,0.1110609925689523,0.1905322688342498,0.07947127626529751,True,0.13141025641025642,0.00022435897435897436,0.0017073170731707317,0.13118589743589743,0.8491666666666666,0.1308653846153846,0.010608974358974359,0.0810678422728386,0.12025641025641026,0.7554166666666666,1.4210854715202004e-14,fdbc09fda26e0a329358452cdc31e5692a3485baeb0526169d29359cd9bd9948,0.9608333333333333,0.9608333333333333,0.0,0.7375,0.7375,0.0
15,0.75,200.0,1.1562202908098698,0.8595200791954994,1.0,31200,0,0.12667335318061163,0.21856959092658806,0.09189623774597644,True,0.1308974358974359,0.0014423076923076924,0.011018609206660137,0.1294551282051282,0.86125,0.13080128205128205,0.010993589743589743,0.08404802744425385,0.11980769230769231,0.7516666666666667,1.4210854715202004e-14,07feacab6c82ba7848ecaf548ba0aea1d697d799f2318e16799f66ea8f2f909d,0.97,0.9525,0.0175,0.7525,0.7408333333333333,0.011666666666666667
16,0.65,100.0,0.9029996026307345,1.1224213145673276,1.0,31200,0,0.17253494846304512,0.2418799047345164,0.06934495627147128,True,0.13067307692307692,0.009647435897435898,0.07382879568310032,0.12102564102564102,0.8366666666666667,0.13115384615384615,0.01580128205128205,0.12047898338220919,0.1153525641025641,0.72,1.4210854715202004e-14,fcc633e20793b1ace807e4d8bc6cd10c7cf33c5da37587c7c781e7ef56cafa95,0.9775,0.9041666666666667,0.07333333333333333,0.6958333333333333,0.635,0.060833333333333336
17,0.9,200.0,1.0803965575993062,0.9947026126086712,1.0,31200,0,0.11426136852158755,0.1979626638087417,0.08370129528715414,True,0.13121794871794873,0.0,0.0,0.13121794871794873,0.84875,0.13115384615384615,0.010608974358974359,0.08088954056695992,0.12054487179487179,0.76375,1.4210854715202004e-14,f0951474c7edbdb0b7ccda2daef99cde979d1bacc78dbb4dd48c984f4b857cee,0.9608333333333333,0.9608333333333333,0.0,0.7366666666666667,0.7366666666666667,0.0
18,0.95,50.0,0.8626458458602428,1.0750884082168342,1.0,31200,0,0.11684079679003782,0.2058688260236848,0.08902802923364699,True,0.13067307692307692,0.0003525641025641026,0.002698062300711307,0.13032051282051282,0.8358333333333333,0.13125,0.010512820512820513,0.0800976800976801,0.12073717948717949,0.77,1.4210854715202004e-14,c71ef143dabd09df14fc51639abd696f368a66b99161dd2ab4d4a11b3ab7fb9e,0.9533333333333334,0.9533333333333334,0.0,0.7183333333333334,0.7175,0.0008333333333333334
19,0.75,200.0,1.1414595905691387,0.8043696757405997,1.0,31200,0,0.1228652515974362,0.217868846211913,0.09500359461447679,True,0.13121794871794873,0.0011217948717948717,0.008549096238397655,0.13009615384615383,0.86875,0.13115384615384615,0.011185897435897436,0.08528836754643206,0.11996794871794872,0.7508333333333334,1.4210854715202004e-14,7aed2820ad3b50efd59ebba44004e69c8bc1f47a0284e8aae8881b3f1d6610f0,0.9725,0.9658333333333333,0.006666666666666667,0.765,0.7608333333333334,0.004166666666666667
20,0.75,50.0,1.0054813817143442,0.8961962293833494,1.0,31200,0,0.14583891132345883,0.23488462792401327,0.08904571660055444,True,0.1314423076923077,0.00407051282051282,0.030968056571567912,0.12737179487179487,0.8666666666666667,0.13121794871794873,0.01391025641025641,0.10600879335613092,0.11730769230769231,0.7391666666666666,1.4210854715202004e-14,9bda8bd71fad1d6b8471c8c2d927dda8be2db33412ca6406e90baeca0e7eb2c4,0.9633333333333334,0.935,0.028333333333333332,0.77,0.73,0.04
21,0.95,100.0,0.9767412584275008,1.0239584725350142,1.0,31200,0,0.1130941418571569,0.19311996705833867,0.08002582520118177,True,0.13099358974358974,0.0,0.0,0.13099358974358974,0.84625,0.13102564102564102,0.01044871794871795,0.07974559686888454,0.12057692307692308,0.7708333333333334,1.4210854715202004e-14,40705805d2db505dfe42fb1e75156ad34576937268a04b96c1ccac2756891464,0.9633333333333334,0.9633333333333334,0.0,0.7291666666666666,0.7291666666666666,0.0
22,0.9,100.0,1.1663971092551948,0.9059033460915089,1.0,31200,0,0.12061137431828628,0.2070251281634594,0.08641375384517311,True,0.13150641025641024,0.0002564102564102564,0.0019497928345113332,0.13125,0.8529166666666667,0.13125,0.01044871794871795,0.0796092796092796,0.12080128205128206,0.7616666666666667,1.4210854715202004e-14,7cd83ef6d820ef44701349916605a9c7aa945f08be36913356927e3769116580,0.9658333333333333,0.9641666666666666,0.0016666666666666668,0.74,0.7391666666666666,0.0008333333333333334
23,0.65,200.0,0.8388784617185593,1.1765786446630955,1.0,31200,0,0.14369815365734614,0.22127969644245324,0.0775815427851071,True,0.13141025641025642,0.005160256410256411,0.03926829268292683,0.12625,0.8370833333333333,0.1307371794871795,0.011826923076923077,0.09046334886001471,0.1189102564102564,0.74625,1.4210854715202004e-14,929e6b3fd35ebde421324880d55371a36fc09d0cc6300e640de137d9ca373195,0.9758333333333333,0.9341666666666667,0.041666666666666664,0.6983333333333334,0.6791666666666667,0.019166666666666665
24,0.65,50.0,1.1946353681385518,1.0435454774647952,1.0,31200,0,0.2457004670435388,0.2748557326920351,0.029155265648496326,True,0.13153846153846155,0.01955128205128205,0.148635477582846,0.11198717948717948,0.8445833333333334,0.1309294871794872,0.024294871794871796,0.18555691554467565,0.10663461538461538,0.6304166666666666,1.4210854715202004e-14,94174c1e54a620e7d177b0d26dc73d9f18130573603643019ee0d0f35fa92c66,0.9725,0.8275,0.145,0.7166666666666667,0.5925,0.12416666666666666
25,0.85,200.0,0.8219625342637301,0.8642329413443804,1.0,31200,0,0.11000240108099286,0.1902927129963078,0.08029031191531492,True,0.13150641025641024,9.615384615384615e-05,0.00073117231294175,0.13141025641025642,0.865,0.13112179487179487,0.010608974358974359,0.08090931312637496,0.12051282051282051,0.7641666666666667,1.4210854715202004e-14,d8cf4aeca660adc99a9373bf00a664d8ab9497f3fa439c23a7dc4be8d4cd2c26,0.9675,0.9675,0.0,0.7625,0.7625,0.0
26,0.95,100.0,1.0334815565496684,1.1586518213152885,1.0,31200,0,0.11408253147889251,0.2004495352247533,0.0863670037458608,True,0.13076923076923078,3.205128205128205e-05,0.00024509803921568627,0.1307371794871795,0.83625,0.13096153846153846,0.010192307692307691,0.07782672540381791,0.12076923076923077,0.76375,1.4210854715202004e-14,c6d48b9d7ae10a66b307158dfb14c366417ff5f5816801183e70289a39563c2f,0.97,0.97,0.0,0.7025,0.7025,0.0
27,0.75,200.0,0.9624192766845227,0.936401815712452,1.0,31200,0,0.12138248155008681,0.20861716532310523,0.08723468377301842,True,0.1308653846153846,0.0011217948717948717,0.008572128337007103,0.12974358974358974,0.8554166666666667,0.1310897435897436,0.010673076923076922,0.08141809290953546,0.12041666666666667,0.765,1.4210854715202004e-14,9726660a3e2461c7972b6575c891e3167b92dd45f4663bfe5ed5361851ed8f3e,0.9725,0.9583333333333334,0.014166666666666666,0.7383333333333333,0.7358333333333333,0.0025
28,0.85,50.0,0.8983912151306868,0.9626416653394699,1.0,31200,0,0.11887851223294349,0.21459868650301459,0.0957201742700711,True,0.13131410256410256,0.0001923076923076923,0.001464486209421528,0.13112179487179487,0.8575,0.13076923076923078,0.010833333333333334,0.08284313725490196,0.11993589743589744,0.7483333333333333,1.4210854715202004e-14,a473d124860c2590f915fcc3aa9cfa0efd7f64efea9cbf5c126925a88826b83c,0.9725,0.9716666666666667,0.0008333333333333334,0.7425,0.7425,0.0
29,0.95,200.0,1.11937987357378,1.1419106602668763,1.0,31200,0,0.11402895746707728,0.19861361530854044,0.08458465784146316,True,0.13137820512820514,0.0,0.0,0.13137820512820514,0.84125,0.13118589743589743,0.009935897435897435,0.07573906669924262,0.12125,0.7658333333333334,1.4210854715202004e-14,64c02db9a8141b181e5ccd5051035c5c944d422b2fa6b4696e9250b679e2e9db,0.9791666666666666,0.9791666666666666,0.0,0.7033333333333334,0.7033333333333334,0.0
30,0.9,50.0,0.9359679192304612,0.8347704861313106,1.0,31200,0,0.12226187584055438,0.2119226610742674,0.08966078523371303,True,0.1305769230769231,0.0004166666666666667,0.0031909671084928816,0.13016025641025641,0.8645833333333334,0.13096153846153846,0.010608974358974359,0.08100832109642682,0.1203525641025641,0.76125,1.4210854715202004e-14,84a8de85beeaee7b9e8a1da1f1102a466ce5f8216d4765a7273fd3d60b157dc6,0.9633333333333334,0.9616666666666667,0.0016666666666666668,0.7658333333333334,0.7608333333333334,0.005
31,0.65,100.0,1.0587624456733467,1.057063925638795,1.0,31200,0,0.18152062249971224,0.23736976804369542,0.05584914554398318,True,0.13105769230769232,0.01,0.07630227439471754,0.12105769230769231,0.8479166666666667,0.1314423076923077,0.015512820512820514,0.1180199951231407,0.11592948717948717,0.715,1.4210854715202004e-14,c1828611344aad4584e61f4a1b31faf4c2d316f642a2223e271626ea5f5d8d41,0.9783333333333334,0.9075,0.07083333333333333,0.7175,0.6466666666666666,0.07083333333333333
32,0.65,50.0,1.1328145418316127,1.1840053666383028,1.0,31200,0,0.19954261399433015,0.2538089020651432,0.054266288070813073,True,0.13121794871794873,0.013237179487179488,0.10087933561309233,0.11798076923076924,0.8329166666666666,0.13080128205128205,0.01891025641025641,0.1445724087233521,0.11189102564102564,0.6958333333333333,1.4210854715202004e-14,aa7a04bc5a3680865c68318f1de5c7f725c47e955412d189258465a3d6d1e0af,0.98,0.8608333333333333,0.11916666666666667,0.6858333333333333,0.6208333333333333,0.065
33,0.9,200.0,0.8619082890450955,0.910979487374425,1.0,31200,0,0.11081262089133342,0.1876118152355494,0.07679919434421598,True,0.13137820512820514,3.205128205128205e-05,0.00024396194193705782,0.13134615384615383,0.86375,0.13102564102564102,0.010608974358974359,0.08096868884540118,0.12041666666666667,0.7591666666666667,1.4210854715202004e-14,09fa03f5d3e4d2555e440b4e05cf9b7bc6142fea16e3caa4d91b2169ef999ee2,0.965,0.965,0.0,0.7625,0.7625,0.0
34,0.95,50.0,1.0952927805483341,1.0180942162871363,1.0,31200,0,0.11918366799423505,0.20835739835183645,0.0891737303576014,True,0.13105769230769232,0.0,0.0,0.13105769230769232,0.8520833333333333,0.13096153846153846,0.010096153846153847,0.07709251101321586,0.12086538461538461,0.7633333333333333,1.4210854715202004e-14,01dbcadac0f9509de41342c0d4589ba5fd588a494c770346d2c5d989884eb455,0.9466666666666667,0.9466666666666667,0.0,0.7575,0.7575,0.0
35,0.85,100.0,0.9224829811602832,0.8895576253533364,1.0,31200,0,0.11464662995595944,0.19929265845233307,0.08464602849637363,True,0.13125,0.00022435897435897436,0.0017094017094017094,0.13102564102564102,0.8558333333333333,0.13166666666666665,0.010608974358974359,0.0805744888023369,0.12105769230769231,0.7629166666666667,1.4210854715202004e-14,dad7dc3295ed74b168d4343b806d7c747e7be8343d9d15ece7efef3476212a89,0.9625,0.9575,0.005,0.7491666666666666,0.7491666666666666,0.0
36,0.75,50.0,0.8365795135498048,0.8094373732805252,1.0,31200,0,0.13175457667570276,0.2256228244563102,0.09386824778060746,True,0.1309294871794872,0.002692307692307692,0.020563035495716035,0.1282371794871795,0.8679166666666667,0.13112179487179487,0.012756410256410257,0.09728672696162308,0.11836538461538462,0.7379166666666667,1.4210854715202004e-14,643db53a3b91f1c6a01a0193f618bc0ee904dd928bea123ecc4991e13fd845ce,0.9691666666666666,0.955,0.014166666666666666,0.7666666666666667,0.7475,0.019166666666666665
37,0.95,200.0,1.1593164559453726,1.0825174629688263,1.0,31200,0,0.11582518510085428,0.19997658305242538,0.0841513979515711,True,0.13096153846153846,0.0,0.0,0.13096153846153846,0.8416666666666667,0.13099358974358974,0.010032051282051282,0.07658429165647174,0.12096153846153847,0.7654166666666666,1.4210854715202004e-14,b5acbeaac6c53f3ceb1653b404ae3100a82827fe0174a175bca29d6f8f88dabe,0.9733333333333334,0.9733333333333334,0.0,0.71,0.71,0.0
38,0.85,100.0,0.9977882694453002,0.9880723509937526,1.0,31200,0,0.1178318735585719,0.2103891530617361,0.09255727950316421,True,0.13134615384615383,3.205128205128205e-05,0.0002440214738897023,0.13131410256410256,0.8558333333333333,0.13131410256410256,0.010608974358974359,0.08079082255308763,0.1207051282051282,0.7654166666666666,1.4210854715202004e-14,a15a4eec48a29036842716103acd4ca2c150d686ba51ec3bf19ce2d32eaee591,0.9658333333333333,0.9658333333333333,0.0,0.7458333333333333,0.7458333333333333,0.0
39,0.65,200.0,1.018816976249218,1.1165548149496318,1.0,31200,0,0.15441685041739073,0.22661241420706307,0.07219556378967235,True,0.13118589743589743,0.006762820512820513,0.051551429269484486,0.12442307692307693,0.8375,0.13147435897435897,0.013173076923076923,0.10019502681618722,0.11830128205128206,0.7383333333333333,1.4210854715202004e-14,0957491a6d536f5626151c1f948b7f9d98783ebc2799aabc3e7c7388a8ee7987,0.975,0.9091666666666667,0.06583333333333333,0.7,0.6583333333333333,0.041666666666666664
40,0.65,50.0,0.9632457457482815,1.0504184685647489,1.0,31200,0,0.19278902282739555,0.25233712181257284,0.059548098985177295,True,0.13102564102564102,0.012467948717948717,0.09515655577299413,0.11855769230769231,0.8458333333333333,0.1310897435897436,0.01842948717948718,0.14058679706601468,0.11266025641025641,0.6908333333333333,1.4210854715202004e-14,d37cdd7f02ae5f6c54df9542f1cffbb02d45744ce6befce52e3afd5343fba9b0,0.9716666666666667,0.8733333333333333,0.09833333333333333,0.72,0.66,0.06
41,0.9,100.0,1.0420255336910487,0.8289130859076977,1.0,31200,0,0.11648758946794022,0.20023414471243914,0.08374655524449892,True,0.1316025641025641,6.41025641025641e-05,0.0004870920603994155,0.13153846153846155,0.8520833333333333,0.13105769230769232,0.010544871794871794,0.08045977011494253,0.12051282051282051,0.7520833333333333,1.4210854715202004e-14,e077c2101aec01a18add43612a83a8d264280014a170f60abd06a854d04e26ed,0.9541666666666667,0.9533333333333334,0.0008333333333333334,0.75,0.75,0.0
42,0.9,100.0,0.802384938672185,1.1469936814159156,1.0,31200,0,0.11030411596167132,0.19013241194632874,0.07982829598465742,True,0.13112179487179487,0.0003525641025641026,0.002688829137130286,0.13076923076923078,0.8375,0.1308653846153846,0.010608974358974359,0.0810678422728386,0.12025641025641026,0.7583333333333333,1.4210854715202004e-14,aeb8051d22aba0f4386eaf705cc298df4843a7508827782314ed5abf90a3cb71,0.965,0.9641666666666666,0.0008333333333333334,0.71,0.71,0.0
43,0.75,200.0,1.1798456169664862,0.9700615104287863,1.0,31200,0,0.12195558676570746,0.215883273586803,0.09392768682109555,True,0.13099358974358974,0.0010897435897435897,0.008319060435527282,0.12990384615384615,0.8533333333333334,0.13096153846153846,0.011121794871794871,0.08492413117963779,0.11983974358974359,0.7508333333333334,1.4210854715202004e-14,fbb192cf9b408dba9b2bc4dd1ddd287344c680c8450f66dfc0a9031c3b60f611,0.9766666666666667,0.9683333333333334,0.008333333333333333,0.73,0.7225,0.0075
44,0.75,100.0,1.0657427664846182,0.9305528532713652,1.0,31200,0,0.1250395081249965,0.21904690851996955,0.09400740039497305,True,0.1308653846153846,0.0013782051282051281,0.010531471956894441,0.1294871794871795,0.86,0.13115384615384615,0.011506410256410256,0.08773216031280548,0.1196474358974359,0.7591666666666667,1.4210854715202004e-14,b4e40645b4ec134b9fa465d6faeee64dfbe4e82affc0e4438f9414e67ccae1da,0.9741666666666666,0.9558333333333333,0.018333333333333333,0.7458333333333333,0.7425,0.0033333333333333335
45,0.95,200.0,0.9383549451828004,1.1520040255039932,1.0,31200,0,0.11013804310467494,0.1870941428355302,0.07695609973085525,True,0.13131410256410256,3.205128205128205e-05,0.000244081034903588,0.13128205128205128,0.8429166666666666,0.1307051282051282,0.010384615384615384,0.07945071113290829,0.12032051282051281,0.7645833333333333,1.4210854715202004e-14,ebb2449b160256a8a552bd9111d3a2525391f4d8ba887e90c4b6b3690280fd3c,0.9675,0.9675,0.0,0.7183333333333334,0.7183333333333334,0.0
46,0.9,50.0,1.1061514422297478,0.871644438058138,1.0,31200,0,0.12397558714467546,0.21376085260136035,0.08978526545668489,True,0.1307051282051282,0.0003525641025641026,0.002697400686611084,0.1303525641025641,0.8691666666666666,0.1310897435897436,0.010544871794871794,0.080440097799511,0.12054487179487179,0.7520833333333333,1.4210854715202004e-14,a6644a83192396edfe228d71d1975496b93cd6fdc5b62ece7d1a9b710e495275,0.9625,0.9608333333333333,0.0016666666666666668,0.7758333333333334,0.7725,0.0033333333333333335
47,0.75,100.0,0.87724920026958,1.0486307360231877,1.0,31200,0,0.12410310579970295,0.21523368367678633,0.09113057787708338,True,0.13112179487179487,0.0015705128205128205,0.011977511610853092,0.12955128205128205,0.8491666666666666,0.1314423076923077,0.011506410256410256,0.0875396244818337,0.11993589743589744,0.75125,1.4210854715202004e-14,8b2602151c5cd066496fd69eb5478c18de7560362f25724db37fc0f6924221c1,0.9691666666666666,0.9491666666666667,0.02,0.7291666666666666,0.7183333333333334,0.010833333333333334
48,0.75,50.0,1.0302785828709604,0.9864376038312912,1.0,31200,0,0.1469073631430284,0.2331696546739035,0.08626229153087508,True,0.13153846153846155,0.004294871794871795,0.032651072124756333,0.12724358974358974,0.8604166666666667,0.13121794871794873,0.013173076923076923,0.10039081582804103,0.11804487179487179,0.7366666666666667,1.4210854715202004e-14,1071ca053af741868a3af10d360ad0c895ac205d45f3232372cabe4732b33a87,0.9558333333333333,0.9266666666666666,0.029166666666666667,0.765,0.7341666666666666,0.030833333333333334
49,0.9,100.0,0.9531223218888045,1.1087188363075258,1.0,31200,0,0.11298801341938132,0.19698616106611488,0.08399814764673356,True,0.13128205128205128,0.0,0.0,0.13128205128205128,0.8404166666666667,0.13096153846153846,0.010608974358974359,0.08100832109642682,0.1203525641025641,0.75375,1.4210854715202004e-14,55cf3cc3e26822c0fa654f5b9d4d00485da9086a9c8ebe57f6396d063d2c0998,0.97,0.97,0.0,0.7108333333333333,0.7108333333333333,0.0
50,0.95,100.0,1.191578831896186,0.8140995476394892,1.0,31200,0,0.1180712026444897,0.2072981321712513,0.08922692952676159,True,0.13121794871794873,0.0,0.0,0.13121794871794873,0.86,0.13064102564102564,0.009935897435897435,0.0760549558390579,0.1207051282051282,0.75875,1.4210854715202004e-14,669a8a8dfb91b101288d89a735c3a59d9efaff4a4fdeb0f4b49a147cc2658bc4,0.9633333333333334,0.9633333333333334,0.0,0.7566666666666667,0.7566666666666667,0.0
51,0.85,200.0,0.812519046664238,1.0933807495981456,1.0,31200,0,0.10857161470306255,0.18695467404454488,0.07838305934148233,True,0.13099358974358974,0.0002564102564102564,0.0019574259848299485,0.1307371794871795,0.83875,0.13131410256410256,0.010608974358974359,0.08079082255308763,0.1207051282051282,0.7591666666666667,1.4210854715202004e-14,3c1610dd748a95cbe1cea357a602cbd8dde1298ab9e6b0bab98a05721430f52d,0.9691666666666666,0.9691666666666666,0.0,0.7083333333333334,0.7083333333333334,0.0
52,0.75,50.0,0.9266216862946749,1.0071817327290775,1.0,31200,0,0.13528360053260627,0.22652573957589212,0.09124213904328585,True,0.1310897435897436,0.002692307692307692,0.020537897310513448,0.1283974358974359,0.85375,0.13128205128205128,0.012371794871794873,0.09423828125,0.1189102564102564,0.7466666666666667,1.4210854715202004e-14,1638279ddb177d962c8958bf05938e4c307d308e7a647cbb14e52d0b4917c70d,0.97,0.9566666666666667,0.013333333333333334,0.7375,0.725,0.0125
53,0.9,200.0,1.055608607083559,0.8849439341574907,1.0,31200,0,0.11068004470236663,0.19157960172691912,0.0808995570245525,True,0.13121794871794873,0.0,0.0,0.13121794871794873,0.8575,0.1309294871794872,0.010608974358974359,0.0810281517747858,0.12032051282051281,0.7570833333333333,1.4210854715202004e-14,c81876af89e069bf8a881b4503a455038c08418fd3ab4e6498e8f8002886ec93,0.965,0.965,0.0,0.75,0.75,0.0
54,0.85,50.0,0.8889962010085584,1.1918905660510064,1.0,31200,0,0.12063940450159263,0.2137878462889593,0.09314844178736667,True,0.13121794871794873,0.0008012820512820513,0.006106497313141182,0.13041666666666665,0.8354166666666667,0.13121794871794873,0.010737179487179487,0.08182706399609184,0.12048076923076922,0.77875,1.4210854715202004e-14,76f8ac98ca3bfbba1d6dfafd3eae6a44a8307f4492228c716171ff57aabd440f,0.97,0.9658333333333333,0.004166666666666667,0.7008333333333333,0.7,0.0008333333333333334
55,0.65,100.0,1.1162749115377666,0.9125658228993416,1.0,31200,0,0.17220657428379632,0.2438746303865281,0.07166805610273178,True,0.1309294871794872,0.008717948717948718,0.06658506731946144,0.12221153846153845,0.8545833333333334,0.13147435897435897,0.016025641025641024,0.12189176011701609,0.11544871794871794,0.7029166666666666,1.4210854715202004e-14,6a8976c4fdc17c02ad23d82cfa94c4dd9d12266d129fb704ad7160db04cf7964,0.98,0.9183333333333333,0.06166666666666667,0.7291666666666666,0.6675,0.06166666666666667
56,0.65,100.0,0.8720378082245589,0.8544315408915282,1.0,31200,0,0.16285674906559172,0.23187292036766724,0.06901617130207552,True,0.1308974358974359,0.008237179487179487,0.0629285014691479,0.12266025641025641,0.87125,0.13112179487179487,0.01439102564102564,0.10975311659740894,0.11673076923076924,0.7054166666666667,1.4210854715202004e-14,a47e032ecfaa82e350da0603101972b3ff221fc30a8808ea8c555d85aa0d9162,0.9725,0.9083333333333333,0.06416666666666666,0.77,0.7325,0.0375
57,0.85,200.0,1.1445676043629647,1.025119046494365,1.0,31200,0,0.11450343609351832,0.20346921970768572,0.0889657836141674,True,0.13131410256410256,0.0001923076923076923,0.001464486209421528,0.13112179487179487,0.8558333333333333,0.1310897435897436,0.010608974358974359,0.08092909535452322,0.12048076923076922,0.7654166666666666,1.4210854715202004e-14,f7537cf72b49e5de51c38f57c18a77d07bda6b84ceb0ee18b01a77892a2f7efe,0.9783333333333334,0.9783333333333334,0.0,0.7333333333333333,0.7333333333333333,0.0
58,0.95,50.0,0.9123427838087083,0.9445430345833302,1.0,31200,0,0.11677064930996862,0.20423499059820963,0.087464341288241,True,0.13112179487179487,0.00016025641025641026,0.0012221950623319481,0.13096153846153846,0.8566666666666667,0.13112179487179487,0.010416666666666666,0.07944267905157663,0.1207051282051282,0.7666666666666667,1.4210854715202004e-14,0f1783cd72b91fffdcac98c4408318de0a987161f12287bc0b108ae6f01efe1b,0.9666666666666667,0.9666666666666667,0.0,0.7466666666666667,0.7441666666666666,0.0025
59,0.75,200.0,1.0835534479469062,1.1722930707037449,1.0,31200,0,0.12357479243021083,0.2123119153082351,0.08873712287802427,True,0.13131410256410256,0.0016025641025641025,0.0122040517451794,0.12971153846153846,0.8375,0.13134615384615383,0.010737179487179487,0.08174719375305027,0.12060897435897436,0.7620833333333333,1.4210854715202004e-14,e3fd3a778c6d275b8207c29822d2576f528dd0944a1c4bd09000040e814d77cd,0.9783333333333334,0.97,0.008333333333333333,0.6966666666666667,0.6908333333333333,0.005833333333333334
60,0.85,50.0,1.169456697255373,1.1267538093030454,1.0,31200,0,0.1319596403784737,0.22776762466578077,0.09580798428730705,True,0.1310897435897436,0.0015705128205128205,0.011980440097799512,0.12951923076923078,0.8404166666666667,0.1309294871794872,0.010993589743589743,0.08396572827417381,0.11993589743589744,0.7604166666666666,1.4210854715202004e-14,8731faae4ba41b3884c0b40e6636c21c6bec137077e0ae6179c8ed851698bb71,0.9783333333333334,0.9608333333333333,0.0175,0.7025,0.6966666666666667,0.005833333333333334
61,0.95,100.0,0.8483188975602389,0.9560228697955608,1.0,31200,0,0.11223183773871656,0.191462859461726,0.07923102172300944,True,0.13099358974358974,0.00022435897435897436,0.0017127477367262051,0.13076923076923078,0.8520833333333333,0.13121794871794873,0.010608974358974359,0.08085002442598925,0.12060897435897436,0.7566666666666667,1.4210854715202004e-14,fff6312fb5ef17f33486a7ad8bff849e4aa47601f215c614e6080a7e161f5a94,0.9533333333333334,0.9533333333333334,0.0,0.7508333333333334,0.7508333333333334,0.0
62,0.9,50.0,1.0086874071508647,1.0738809134811165,1.0,31200,0,0.11828656441509756,0.21081347115719312,0.09252690674209556,True,0.13105769230769232,6.41025641025641e-05,0.0004891171435558817,0.13099358974358974,0.8408333333333333,0.13128205128205128,0.010576923076923078,0.08056640625,0.1207051282051282,0.7633333333333333,1.4210854715202004e-14,bf95c6bb9549fe2132aed6a3e5c20d4a2e20f0e034e4db5a9eafd445aa287ec0,0.9608333333333333,0.9608333333333333,0.0,0.7208333333333333,0.7208333333333333,0.0
63,0.65,200.0,0.9860351614654065,0.84617441855371,1.0,31200,0,0.15919468802729397,0.2310099999581275,0.07181531193083351,True,0.1308653846153846,0.007083333333333333,0.05412686749938771,0.12378205128205128,0.8641666666666666,0.13131410256410256,0.014166666666666666,0.1078838174273859,0.1171474358974359,0.72625,1.4210854715202004e-14,2d0162df38cbad6cd52a364234cc1a6fc2d20c05a5cd750b9f929b373b5f3ba0,0.9741666666666666,0.9083333333333333,0.06583333333333333,0.7541666666666667,0.7091666666666666,0.045
64,0.65,100.0,1.0155743811279536,1.0311851248145105,1.0,31200,0,0.1717915929292018,0.2384978064296031,0.06670621350040132,True,0.13096153846153846,0.009102564102564102,0.06950562897699461,0.12185897435897436,0.84875,0.13128205128205128,0.014935897435897436,0.11376953125,0.11634615384615385,0.7116666666666667,1.4210854715202004e-14,eba4aa09888235d414ff8848bcf803c916b7834d03967ce36b05273cdda1b407,0.9766666666666667,0.9141666666666667,0.0625,0.7208333333333333,0.6608333333333334,0.06
65,0.9,200.0,0.99282790645957,0.8518604174256326,1.0,31200,0,0.11322933568918221,0.1931432846755776,0.07991394898639538,True,0.13083333333333333,0.0,0.0,0.13083333333333333,0.86,0.13121794871794873,0.010608974358974359,0.08085002442598925,0.12060897435897436,0.755,1.4210854715202004e-14,95ce046f840eed97fd4244be0ea569be74b80bfa10cd9f0f298733b05f4d22a0,0.9575,0.9575,0.0,0.7625,0.7625,0.0
66,0.95,50.0,1.150068036466837,1.1713051069527864,1.0,31200,0,0.12083904891871947,0.20881087744374846,0.087971828525029,True,0.13134615384615383,6.41025641025641e-05,0.0004880429477794046,0.13128205128205128,0.8470833333333333,0.13125,0.00971153846153846,0.073992673992674,0.12153846153846154,0.78,1.4210854715202004e-14,0b835877f604e78d612057dbb7dc69ce4210eacfacd0ce860977af6111f3582a,0.9816666666666667,0.9816666666666667,0.0,0.7125,0.7116666666666667,0.0008333333333333334
67,0.85,200.0,0.8290313202887774,0.9490673441439867,1.0,31200,0,0.10938344769136879,0.1873847582518494,0.0780013105604806,True,0.13121794871794873,0.00022435897435897436,0.001709819247679531,0.13099358974358974,0.8529166666666667,0.13115384615384615,0.010608974358974359,0.08088954056695992,0.12054487179487179,0.7616666666666667,1.4210854715202004e-14,1d97f0f50e5a8e221ab6f6fb4db52140670328d4bbfbd152c59188b819c0d58a,0.9625,0.9625,0.0,0.7433333333333333,0.7433333333333333,0.0
68,0.75,50.0,0.9181568443775178,0.9503667507320643,1.0,31200,0,0.1397066931183822,0.22570083390065718,0.08599414078227496,True,0.13096153846153846,0.003653846153846154,0.027900146842878122,0.12730769230769232,0.85,0.13115384615384615,0.012435897435897436,0.09481915933528837,0.11871794871794872,0.7429166666666667,1.4210854715202004e-14,2fffc588b6dd3b8c4a19a3443d2f9b6910cf4d895f7a31ae6bca87c235c437bc,0.9583333333333334,0.9308333333333333,0.0275,0.7416666666666667,0.7158333333333333,0.025833333333333333
69,0.95,100.0,1.0890718754380941,1.1296480122953654,1.0,31200,0,0.11544685061763153,0.1999776253641597,0.08453077474652816,True,0.1310897435897436,0.0,0.0,0.1310897435897436,0.8445833333333334,0.13099358974358974,0.010096153846153847,0.07707364815267922,0.1208974358974359,0.7670833333333333,1.4210854715202004e-14,813572aa34dd2a390078c093d26f1495ee4cb676905cdae8ddacebbcdc9d8850,0.9733333333333334,0.9733333333333334,0.0,0.7158333333333333,0.7158333333333333,0.0
70,0.85,50.0,0.8537246715277433,0.8475336223840714,1.0,31200,0,0.11782065109357429,0.20939324339068033,0.09157259229710604,True,0.13125,0.000576923076923077,0.004395604395604396,0.13067307692307692,0.8654166666666666,0.13128205128205128,0.010705128205128206,0.08154296875,0.12057692307692308,0.75875,1.4210854715202004e-14,ada77226d2d0112a56e1ee373a49d1d3e7c53fe30b0568d2ed4ffb612df793c6,0.9541666666666667,0.9541666666666667,0.0,0.7766666666666666,0.7716666666666666,0.005
71,0.65,200.0,1.1265447720885278,1.0698149144649507,1.0,31200,0,0.1599400766182541,0.2367656028275379,0.07682552620928379,True,0.13115384615384615,0.006858974358974359,0.05229716520039101,0.1242948717948718,0.8391666666666666,0.13112179487179487,0.014487179487179487,0.11048643363480812,0.11663461538461538,0.7204166666666667,1.4210854715202004e-14,1ce91789a0cef379158a80860ceecad9d7331e245595e1813137610458799c28,0.9808333333333333,0.9283333333333333,0.0525,0.6975,0.6566666666666666,0.04083333333333333
72,0.65,50.0,0.8821155451238156,1.1100746478885413,1.0,31200,0,0.18704937769743896,0.25180686015269416,0.0647574824552552,True,0.13112179487179487,0.011121794871794871,0.0848203373258372,0.12,0.8429166666666666,0.13125,0.018621794871794873,0.14188034188034188,0.11262820512820512,0.6979166666666666,1.4210854715202004e-14,995abd9d68ec9f58fb6a28fdf5c531ca845d1355e62e6557f0ff72f0a72fd8cd,0.9616666666666667,0.9008333333333334,0.060833333333333336,0.7241666666666666,0.6416666666666667,0.0825
73,0.85,100.0,1.1094884846359492,0.9823680933564902,1.0,31200,0,0.11886795927824989,0.20872447623039356,0.08985651695214367,True,0.13118589743589743,9.615384615384615e-05,0.0007329587099926704,0.1310897435897436,0.85,0.13102564102564102,0.010608974358974359,0.08096868884540118,0.12041666666666667,0.755,1.4210854715202004e-14,250186b1156ef63ac230cc0738bb5e8453e287312441e02a8c92cb4f9adb0a9f,0.9658333333333333,0.9641666666666666,0.0016666666666666668,0.7341666666666666,0.7341666666666666,0.0
74,0.9,100.0,0.9460044581443072,1.0877281032502653,1.0,31200,0,0.11578436232553964,0.2032485042023118,0.08746414187677216,True,0.13147435897435897,3.205128205128205e-05,0.00024378352023403217,0.1314423076923077,0.845,0.13112179487179487,0.010608974358974359,0.08090931312637496,0.12051282051282051,0.7558333333333334,1.4210854715202004e-14,1f543565e93823021fb39f25efa541b0ef6dd6c4518e9ff9cc9041a9838fa5dd,0.9716666666666667,0.9716666666666667,0.0,0.7183333333333334,0.7183333333333334,0.0
75,0.75,200.0,1.0748902954161168,0.816997104138136,1.0,31200,0,0.120635092530219,0.21155054553956015,0.09091545300934115,True,0.13134615384615383,0.0009294871794871795,0.007076622742801367,0.13041666666666665,0.86375,0.13134615384615383,0.010705128205128206,0.08150317227916057,0.12064102564102563,0.7541666666666667,1.4210854715202004e-14,86841ffcef287a55a78501f22314257ca8b2a8a41aa83a1dfbabde841d1cd077,0.9633333333333334,0.9558333333333333,0.0075,0.7641666666666667,0.7566666666666667,0.0075
76,0.85,100.0,1.1857706602662803,0.8839594133198262,1.0,31200,0,0.12128586950414931,0.21614219854502964,0.09485632904088033,True,0.13102564102564102,0.0003205128205128205,0.002446183953033268,0.1307051282051282,0.86375,0.13102564102564102,0.010705128205128206,0.08170254403131115,0.12032051282051281,0.7575,1.4210854715202004e-14,c37ef42e95a3bb229f4a33b51fb73a0ca18df4ca8ba17cae70be441325ec28e7,0.9675,0.9666666666666667,0.0008333333333333334,0.76,0.7566666666666667,0.0033333333333333335
77,0.95,200.0,0.8070065081119537,1.011709413677454,1.0,31200,0,0.10721276493296125,0.18001996455653113,0.07280719962356988,True,0.1308653846153846,0.0002884615384615385,0.002204261572373255,0.1305769230769231,0.8479166666666667,0.13118589743589743,0.010608974358974359,0.0808697776691913,0.12057692307692308,0.7566666666666667,1.4210854715202004e-14,c1c30296aee47d4bb579d3050b95121e38fd1dedbec360c807ff3b6933ccb6a5,0.9641666666666666,0.9641666666666666,0.0,0.7316666666666667,0.7316666666666667,0.0
78,0.9,50.0,1.0485854014754297,0.9186284791678191,1.0,31200,0,0.11728764241130665,0.20728428751401262,0.08999664510270597,True,0.1308974358974359,0.0002884615384615385,0.0022037218413320275,0.13060897435897437,0.8566666666666667,0.13131410256410256,0.010608974358974359,0.08079082255308763,0.1207051282051282,0.7670833333333333,1.4210854715202004e-14,2d143ca70fbf3662bc58c8373e01eeccd1ab678dfbb4bdea0a7ba119960f524e,0.9533333333333334,0.9516666666666667,0.0016666666666666668,0.76,0.7591666666666667,0.0008333333333333334
79,0.75,100.0,0.9711388360708952,1.1893159490078689,1.0,31200,0,0.12065267931614827,0.2163506979956763,0.09569801867952803,True,0.13067307692307692,0.0004166666666666667,0.003188619082658818,0.13025641025641024,0.8279166666666666,0.13118589743589743,0.010833333333333334,0.0825800146591742,0.1203525641025641,0.7566666666666667,1.4210854715202004e-14,a13a869e0915652ff28d991eb933c159780c747e8db3affb17d7afc3ea7a7c4e,0.9658333333333333,0.9608333333333333,0.005,0.69,0.6883333333333334,0.0016666666666666668
80,0.75,50.0,1.1243604317307474,0.8271957729011774,1.0,31200,0,0.147036415031904,0.2355472367924093,0.08851082176050529,True,0.13115384615384615,0.004230769230769231,0.03225806451612903,0.12692307692307692,0.8595833333333334,0.1308974358974359,0.013173076923076923,0.10063663075416258,0.11772435897435897,0.7341666666666666,1.4210854715202004e-14,2f030e29ed5eae1476272fd44bd366e0112e9a5e06ddbc356b69ce97d55bc9d4,0.955,0.9366666666666666,0.018333333333333333,0.7641666666666667,0.7341666666666666,0.03
81,0.9,100.0,0.8953639727085829,1.055678177252412,1.0,31200,0,0.11280007481083626,0.19635032461456764,0.08355024980373138,True,0.13105769230769232,9.615384615384615e-05,0.0007336757153338225,0.13096153846153846,0.845,0.13115384615384615,0.010608974358974359,0.08088954056695992,0.12054487179487179,0.7645833333333333,1.4210854715202004e-14,a6172a955f1921c7fb9cdb18d8a962d1505ddd5adb4c72ab64c4fe5290a5935d,0.96,0.9591666666666666,0.0008333333333333334,0.73,0.73,0.0
82,0.95,50.0,1.0600320782512427,0.9737319797277451,1.0,31200,0,0.11925572721276029,0.20973276033489432,0.09047703312213404,True,0.13118589743589743,0.0001923076923076923,0.0014659174199853407,0.13099358974358974,0.8608333333333333,0.1308974358974359,0.010032051282051282,0.07664054848188051,0.12086538461538461,0.7658333333333334,1.4210854715202004e-14,0a8dae817548607706f7457db079c4028b50bb1e4c1905706c1007d873cdc03a,0.9566666666666667,0.9525,0.004166666666666667,0.765,0.765,0.0
83,0.75,200.0,0.9327453523874283,1.1468120098114014,1.0,31200,0,0.11670838894870866,0.20559347816934959,0.08888508922064092,True,0.13112179487179487,0.0005448717948717948,0.004155463211928624,0.1305769230769231,0.8379166666666666,0.1310897435897436,0.01064102564102564,0.08117359413202933,0.12044871794871795,0.7641666666666667,1.4210854715202004e-14,d1bc0f4a7846963c8f1a208278c5eacd05f84b590a6ec0deda7bff89815c3af3,0.9691666666666666,0.9608333333333333,0.008333333333333333,0.7066666666666667,0.7066666666666667,0.0
84,0.75,100.0,0.821864776685834,1.154190282523632,1.0,31200,0,0.11988602416856332,0.21063598446951945,0.09074996030095613,True,0.13118589743589743,0.0016025641025641025,0.01221597849987784,0.12958333333333333,0.8375,0.13096153846153846,0.011474358974358974,0.08761625061184533,0.11948717948717949,0.7491666666666666,1.4210854715202004e-14,8c96e39f705534d942b2a6f952d6f1f1769153c921d10464d9a8b50e0d361dae,0.9691666666666666,0.9483333333333334,0.020833333333333332,0.7058333333333333,0.7025,0.0033333333333333335
85,0.9,200.0,1.1990298099815846,0.9256536558270455,1.0,31200,0,0.1171159543776118,0.20518137898714772,0.08806542460953592,True,0.1310897435897436,3.205128205128205e-05,0.00024449877750611245,0.13105769230769232,0.85625,0.13102564102564102,0.010512820512820513,0.08023483365949119,0.12051282051282051,0.7591666666666667,1.4210854715202004e-14,22d27a7a0734fd8e3c215087a8fb887a5331338a329cb751bb29a7d4ed16ec45,0.97,0.9691666666666666,0.0008333333333333334,0.7425,0.7425,0.0
86,0.9,50.0,0.9562668435275555,1.0452726174145939,1.0,31200,0,0.11860338581869358,0.21287797679702702,0.09427459097833345,True,0.13105769230769232,9.615384615384615e-05,0.0007336757153338225,0.13096153846153846,0.8533333333333334,0.13134615384615383,0.010608974358974359,0.08077110785749146,0.12073717948717949,0.7683333333333333,1.4210854715202004e-14,f2d006f7a5d9209867e88d9fbacfce6fd78d5062178290ec71c67b4d05fe0684,0.9625,0.9625,0.0,0.7441666666666666,0.7433333333333333,0.0008333333333333334
87,0.65,200.0,1.0353369239717722,0.872246702387929,1.0,31200,0,0.1590169293993644,0.22922252847117217,0.07020559907180776,True,0.13112179487179487,0.006826923076923077,0.05206550965534099,0.1242948717948718,0.8591666666666666,0.13128205128205128,0.013782051282051282,0.10498046875,0.1175,0.7133333333333334,1.4210854715202004e-14,f05509ee190a9224f0c4560c86a9fe96d3112d57fd9e46b2c2603ddd739fe4ec,0.975,0.9266666666666666,0.04833333333333333,0.7433333333333333,0.6966666666666667,0.04666666666666667
88,0.65,50.0,0.9795733910053969,0.9076186843216419,1.0,31200,0,0.21363798346532684,0.25773201099405907,0.04409402752873223,True,0.13115384615384615,0.01548076923076923,0.11803519061583578,0.11567307692307692,0.8620833333333333,0.13076923076923078,0.01942307692307692,0.14852941176470588,0.11134615384615384,0.6854166666666667,1.4210854715202004e-14,26c0a99dc3b89b132eb04db43382f6a18b328d69aa14a5e9e8a334454cf01860,0.9741666666666666,0.8575,0.11666666666666667,0.75,0.6458333333333334,0.10416666666666667
89,0.85,200.0,1.0006963148713113,1.1846050180494787,1.0,31200,0,0.11306861492200941,0.20034437895689608,0.08727576403488667,True,0.13118589743589743,6.41025641025641e-05,0.0004886391399951136,0.13112179487179487,0.8358333333333333,0.1308974358974359,0.010608974358974359,0.08104799216454456,0.12028846153846154,0.7625,1.4210854715202004e-14,bca5ba251d30f3e5df560aaee421ed8182077ac222d0af17bd6927198c0b234f,0.9733333333333334,0.9725,0.0008333333333333334,0.6983333333333334,0.6983333333333334,0.0
90,0.95,50.0,0.8422965198755265,0.8917465399950744,1.0,31200,0,0.11548212087313815,0.20077831440155494,0.08529619352841679,True,0.13105769230769232,0.00022435897435897436,0.0017119100024455857,0.13083333333333333,0.8583333333333333,0.13099358974358974,0.010544871794871794,0.08049914362613164,0.12044871794871795,0.7583333333333333,1.4210854715202004e-14,a6283e43c3fb788332370e81d073942e19949a119809d17d3ef7563ee857f42c,0.95,0.95,0.0,0.7666666666666667,0.7666666666666667,0.0
91,0.75,100.0,1.1649323668330909,1.013197747990489,1.0,31200,0,0.1352206037825114,0.22378495677313007,0.08856435299061866,True,0.13102564102564102,0.002948717948717949,0.022504892367906065,0.1280769230769231,0.8529166666666667,0.1310897435897436,0.011666666666666667,0.08899755501222494,0.11942307692307692,0.7475,1.4210854715202004e-14,3a127f6e830afae4d5d7bfd6e2e0be3b8c7d84964851c123499d01cfc8d01608,0.9808333333333333,0.9566666666666667,0.024166666666666666,0.725,0.71,0.015
92,0.85,50.0,1.075806624442339,1.0861905720084906,1.0,31200,0,0.12492342613330795,0.21533688866538672,0.09041346253207877,True,0.13128205128205128,0.0009935897435897436,0.007568359375,0.13028846153846155,0.84125,0.1310897435897436,0.010865384615384615,0.08288508557457212,0.12022435897435897,0.75625,1.4210854715202004e-14,aa2b78823b65c1caf31377725bb9d393ceb48d1f0041aa8f4d0006bca98d1165,0.97,0.9625,0.0075,0.7125,0.705,0.0075
93,0.95,200.0,0.9032924700528384,0.8092584606260061,1.0,31200,0,0.11115502608167362,0.1920892593835037,0.0809342333018301,True,0.1307371794871795,3.205128205128205e-05,0.00024515812699190976,0.1307051282051282,0.8620833333333333,0.1308653846153846,0.010544871794871794,0.08057800636786676,0.12032051282051281,0.7595833333333334,1.4210854715202004e-14,779431ee86ce61c21e35d080f11073d624c32a4e1d937a3b4af9afe9290c699a,0.9633333333333334,0.9633333333333334,0.0,0.7608333333333334,0.7608333333333334,0.0
94,0.9,100.0,1.1397993329912426,1.114834799617529,1.0,31200,0,0.11773344873381095,0.2083235809074931,0.09059013217368214,True,0.13134615384615383,3.205128205128205e-05,0.0002440214738897023,0.13131410256410256,0.8404166666666667,0.1307051282051282,0.010416666666666666,0.07969592937714566,0.12028846153846154,0.7570833333333333,1.4210854715202004e-14,2807d869f33599b450330f0337b53f2d6e408f891764d1d2029fb85895e9b335,0.975,0.9741666666666666,0.0008333333333333334,0.7058333333333333,0.7058333333333333,0.0
95,0.65,200.0,0.8686027877032757,0.9933294765651226,1.0,31200,0,0.14326085813398773,0.22166502563540327,0.07840416750141554,True,0.1309294871794872,0.00532051282051282,0.040636474908200736,0.12560897435897436,0.8520833333333333,0.13102564102564102,0.012564102564102564,0.0958904109589041,0.11846153846153847,0.72375,1.4210854715202004e-14,a48e88ed43b241ae0740f4563f034d67710c19ce4d15f89712fc144c1cfbe2ae,0.975,0.9425,0.0325,0.7291666666666666,0.6833333333333333,0.04583333333333333
96,0.65,50.0,0.9429448902606965,0.8671704061329365,1.0,31200,0,0.1946233092374336,0.2586082481983469,0.06398493896091328,True,0.1309294871794872,0.012275641025641026,0.0937576499388005,0.11865384615384615,0.865,0.13099358974358974,0.020192307692307693,0.15414729630535845,0.11080128205128205,0.6625,1.4210854715202004e-14,bb0e4d48aee15f6c165ef089956d191af122f852117b30926ffc247688aa6ffd,0.9666666666666667,0.8641666666666666,0.1025,0.7633333333333333,0.7,0.06333333333333334
97,0.9,200.0,1.0654498871415854,1.0378456689417364,1.0,31200,0,0.11391015327385344,0.19886087236506866,0.08495071909121522,True,0.13128205128205128,0.0,0.0,0.13128205128205128,0.8516666666666667,0.13102564102564102,0.010576923076923078,0.08072407045009784,0.12044871794871795,0.7604166666666666,1.4210854715202004e-14,46e6aeebb942bd08be8bb34e02cf7112f5dff017c5ff894ce82f64b111c6fd6f,0.97,0.97,0.0,0.7333333333333333,0.7333333333333333,0.0
98,0.95,100.0,0.8789094459265471,0.9322924863547087,1.0,31200,0,0.11355927060295566,0.1973291029414332,0.08376983233847753,True,0.1308974358974359,0.0001282051282051282,0.0009794319294809011,0.13076923076923078,0.8579166666666667,0.1310897435897436,0.010576923076923078,0.08068459657701711,0.12051282051282051,0.7666666666666667,1.4210854715202004e-14,c38c036b53df2a7e5b45e1cf3b1544b4ec53ec39e6be52d78cf91fb64e151955,0.9616666666666667,0.96,0.0016666666666666668,0.7541666666666667,0.7541666666666667,0.0
99,0.85,200.0,1.100194512307644,1.1600546937435867,1.0,31200,0,0.11339705909635361,0.1997403943083517,0.08634333521199808,True,0.13121794871794873,6.41025641025641e-05,0.0004885197850512946,0.13115384615384615,0.835,0.13076923076923078,0.010608974358974359,0.08112745098039216,0.1201602564102564,0.7541666666666667,1.4210854715202004e-14,067c4dcd1aa872af8dd42328f77b11269a341c02cc026fa799d0227969fa0407,0.975,0.9741666666666666,0.0008333333333333334,0.695,0.695,0.0
100,0.75,50.0,1.0391934130340816,1.1393828239291908,1.0,31200,0,0.14155000439940144,0.22986435558918644,0.088314351189785,True,0.13121794871794873,0.003942307692307692,0.030043966780654616,0.127275641025641,0.8379166666666666,0.13131410256410256,0.012948717948717948,0.09860873810104955,0.11836538461538462,0.7383333333333333,1.4210854715202004e-14,3d4a2c25de00aa6697dd58eff88de918205b45287255f1009ddf3523c567af9a,0.9766666666666667,0.9391666666666667,0.0375,0.6991666666666667,0.6866666666666666,0.0125
101,0.95,200.0,0.9680308006703854,0.9686640318483115,1.0,31200,0,0.11108482071647581,0.19030812090451796,0.07922330018804215,True,0.13076923076923078,0.0,0.0,0.13076923076923078,0.8529166666666667,0.13115384615384615,0.010384615384615384,0.07917888563049853,0.12076923076923077,0.7625,1.4210854715202004e-14,dc6e8ccdf6fa39169f852b720f159613059a0a0316ca736466648a360cef52d9,0.9666666666666667,0.9666666666666667,0.0,0.7391666666666666,0.7391666666666666,0.0
102,0.85,50.0,1.1764275468885899,1.0615449272096158,1.0,31200,0,0.12905810639018425,0.22912820454718638,0.10007009815700213,True,0.13157051282051282,0.000673076923076923,0.005115712545676005,0.1308974358974359,0.84875,0.13083333333333333,0.010961538461538462,0.08378245957863792,0.11987179487179488,0.7545833333333334,1.4210854715202004e-14,3d836c6209af73c1bc16eb10c3313501af9e4fcdf41c4009e831a416a703fe7c,0.9641666666666666,0.9566666666666667,0.0075,0.7333333333333333,0.7275,0.005833333333333334
103,0.65,100.0,0.8038496930152178,0.8338261656463146,1.0,31200,0,0.15952177063570738,0.2324494826927464,0.07292771205703902,True,0.13118589743589743,0.007692307692307693,0.058636696799413635,0.12349358974358975,0.8679166666666667,0.13150641025641024,0.01467948717948718,0.11162563977577382,0.11682692307692308,0.7079166666666666,1.4210854715202004e-14,c23e55562f5b33565651172b2a71875ac1b3bdca8e4ac375e337aafc280a5cbf,0.9691666666666666,0.9225,0.04666666666666667,0.7666666666666667,0.7091666666666666,0.0575
104,0.65,100.0,1.1594142016023399,0.999187007918954,1.0,31200,0,0.19245650277709198,0.25310547730320226,0.06064897452611029,True,0.13121794871794873,0.012307692307692308,0.09379579872984856,0.1189102564102564,0.8491666666666666,0.13102564102564102,0.019006410256410255,0.1450587084148728,0.11201923076923077,0.6916666666666667,1.4210854715202004e-14,4b3d6fd77561f42652e02a01d0eef277b027288201bf337f8968eb7d54157e98,0.9775,0.8691666666666666,0.10833333333333334,0.7208333333333333,0.6475,0.07333333333333333
105,0.9,200.0,0.8321850836277008,1.1214805070310832,1.0,31200,0,0.10842625167409921,0.18484551248618641,0.0764192608120872,True,0.13147435897435897,0.00022435897435897436,0.0017064846416382253,0.13125,0.8483333333333334,0.1309294871794872,0.010608974358974359,0.0810281517747858,0.12032051282051281,0.7608333333333334,1.4210854715202004e-14,cf915fdf7aa182480fdfa44afef620f0facf007d1ba5cd7af5f6667d44e48357,0.97,0.97,0.0,0.7266666666666667,0.7266666666666667,0.0
106,0.95,50.0,1.024969421327114,0.8018383651971818,1.0,31200,0,0.12104551017110772,0.2140080583317492,0.09296254816064149,True,0.13083333333333333,0.00016025641025641026,0.001224889759921607,0.13067307692307692,0.8529166666666667,0.13131410256410256,0.010352564102564103,0.07883817427385892,0.12096153846153847,0.7633333333333333,1.4210854715202004e-14,400c26c441cbed7d194d28c56f332f7101a60636e675b7fcd62b2966c205f495,0.9541666666666667,0.9525,0.0016666666666666668,0.7516666666666667,0.7508333333333334,0.0008333333333333334
107,0.75,100.0,0.9959328901022673,1.081107419729233,1.0,31200,0,0.12491881248533496,0.21365379869166537,0.08873498620633041,True,0.13105769230769232,0.0015705128205128205,0.0119833700171191,0.1294871794871795,0.8445833333333334,0.13115384615384615,0.010897435897435897,0.08308895405669599,0.12025641025641026,0.7579166666666667,1.4210854715202004e-14,a2844d77bce44b69089bf85ed4be7555121d14ffe9c2ea2346a3b0de2cea7bd6,0.9691666666666666,0.9491666666666667,0.02,0.72,0.7175,0.0025
108,0.75,50.0,0.8569277189671993,1.019845698773861,1.0,31200,0,0.12710193302762499,0.21920216735107995,0.09210023432345496,True,0.13105769230769232,0.002307692307692308,0.01760821716801174,0.12875,0.8533333333333334,0.13112179487179487,0.011666666666666667,0.08897580053776583,0.1194551282051282,0.7570833333333333,1.4210854715202004e-14,39d5c54700f57789d46691cb03181c8497d063bbaddce3afaecbc2401372d66f,0.975,0.9658333333333333,0.009166666666666667,0.7316666666666667,0.72,0.011666666666666667
109,0.95,100.0,1.1358417961746454,0.8975957289338112,1.0,31200,0,0.1193641292298268,0.20578617648338055,0.08642204725355375,True,0.1308653846153846,3.205128205128205e-05,0.0002449179524859172,0.13083333333333333,0.86,0.13131410256410256,0.010096153846153847,0.07688552599463022,0.12121794871794872,0.7666666666666667,1.4210854715202004e-14,fa5d6f40506c5d76bfc6a3132161f953930229c45f33bc14334cb913379e82af,0.97,0.97,0.0,0.75,0.75,0.0
110,0.9,100.0,0.9212133605033159,1.179519532993436,1.0,31200,0,0.11168304094938894,0.19329072136324382,0.08160768041385488,True,0.13105769230769232,0.0,0.0,0.13105769230769232,0.8383333333333334,0.13102564102564102,0.010608974358974359,0.08096868884540118,0.12041666666666667,0.7708333333333334,1.4210854715202004e-14,dcb00fefc3bb46c8fb601e00eec26e0797c24098ed9e3b6249c8d77f5adf5f1c,0.97,0.97,0.0,0.7066666666666667,0.7066666666666667,0.0
111,0.65,200.0,1.098515335470438,0.900207032635808,1.0,31200,0,0.15982785941848926,0.23346906363352662,0.07364120421503736,True,0.13121794871794873,0.00733974358974359,0.05593551538837323,0.12387820512820513,0.8583333333333333,0.13105769230769232,0.013814102564102563,0.1054047444362925,0.11724358974358974,0.7266666666666667,1.4210854715202004e-14,ac756cb01c7603dfd3a3b189957785a74edac6886f47a0131fa0ee6582c6d8c1,0.9791666666666666,0.93,0.049166666666666664,0.7375,0.6933333333333334,0.04416666666666667
112,0.75,100.0,0.845486955717206,1.0631816055625678,1.0,31200,0,0.12541194247585935,0.2168616010667788,0.09144965859091944,True,0.13115384615384615,0.0015705128205128205,0.011974584555229716,0.12958333333333333,0.8516666666666667,0.13125,0.011506410256410256,0.08766788766788766,0.11974358974358974,0.7520833333333333,1.4210854715202004e-14,9806fae5fffda9afcbf64ebd450e4574523350b700165aa1dac9dcb808043db7,0.9708333333333333,0.945,0.025833333333333333,0.7325,0.7283333333333334,0.004166666666666667
113,0.9,200.0,1.1742419548332692,0.8416640754789114,1.0,31200,0,0.11744968777469753,0.20402007992156973,0.0865703921468722,True,0.13121794871794873,0.0,0.0,0.13121794871794873,0.8625,0.13128205128205128,0.010352564102564103,0.078857421875,0.12092948717948718,0.7679166666666667,1.4210854715202004e-14,97f8cb4e8d34e86f879e1892a6d81af1e7bf25cb1bd29896672092fe18912df9,0.9683333333333334,0.9683333333333334,0.0,0.7566666666666667,0.7566666666666667,0.0
114,0.95,50.0,0.9826172940433026,1.134718766063452,1.0,31200,0,0.11857203932999708,0.20885855005390982,0.09028651072391275,True,0.13112179487179487,0.0001282051282051282,0.0009777560498655585,0.13099358974358974,0.8445833333333334,0.13076923076923078,0.010416666666666666,0.07965686274509803,0.1203525641025641,0.7779166666666667,1.4210854715202004e-14,1020ae2986619d5d1d1c580d5f18578f819d11a5bf87cf93989d7f2db2907a51,0.975,0.975,0.0,0.7141666666666666,0.7116666666666667,0.0025
115,0.85,100.0,1.0101523403078319,0.9577988617122174,1.0,31200,0,0.11775754174384569,0.20649595980363597,0.08873841805979028,True,0.13096153846153846,0.0002564102564102564,0.0019579050416054823,0.1307051282051282,0.8566666666666667,0.1310897435897436,0.010608974358974359,0.08092909535452322,0.12048076923076922,0.7558333333333334,1.4210854715202004e-14,56370da3408e3de0725c0a5880d6f90a2886be8e871a3b8ffac02c9a783a1610,0.9608333333333333,0.9591666666666666,0.0016666666666666668,0.7525,0.7491666666666666,0.0033333333333333335
116,0.75,50.0,1.1491573467850686,0.943206138163805,1.0,31200,0,0.15305364659401496,0.2368191855712052,0.08376553897719025,True,0.13083333333333333,0.005288461538461539,0.04042136207741303,0.12554487179487178,0.8554166666666667,0.13134615384615383,0.014070512820512821,0.10712542703757931,0.11727564102564103,0.72625,1.4210854715202004e-14,61e32fba0a53b32a91d8952e32615f1cef9c397cd89590360a1533b1f7326ed6,0.9658333333333333,0.9133333333333333,0.0525,0.745,0.7191666666666666,0.025833333333333333
117,0.9,200.0,0.8717447500675917,1.1646695531904698,1.0,31200,0,0.10935752635258715,0.1861725100751532,0.07681498372256605,True,0.13125,6.41025641025641e-05,0.0004884004884004884,0.13118589743589743,0.8391666666666666,0.13112179487179487,0.010608974358974359,0.08090931312637496,0.12051282051282051,0.7654166666666666,1.4210854715202004e-14,bf0571ce948952b6a9a569cb39662d4d970a2dc56531e56fcd14d89c986a88c3,0.9691666666666666,0.9691666666666666,0.0,0.7091666666666666,0.7091666666666666,0.0
118,0.85,100.0,1.085213514789939,0.8592840861529112,1.0,31200,0,0.11739155600494,0.20541471567953343,0.08802315967459343,True,0.13121794871794873,0.0001923076923076923,0.0014655593551538837,0.13102564102564102,0.8695833333333334,0.1310897435897436,0.010576923076923078,0.08068459657701711,0.12051282051282051,0.7654166666666666,1.4210854715202004e-14,935e349d3340b9c3246f038273ab7b399e9df7e479cef8e2646a0e63974a0dca,0.9708333333333333,0.9708333333333333,0.0,0.7683333333333333,0.7658333333333334,0.0025
119,0.65,200.0,0.9063856512308122,1.036258212849498,1.0,31200,0,0.1494844970377102,0.22635493888383304,0.07687044184612285,True,0.13080128205128205,0.00608974358974359,0.04655721636853712,0.12471153846153846,0.8470833333333333,0.13125,0.013141025641025641,0.10012210012210013,0.11810897435897436,0.7325,1.4210854715202004e-14,fd572f1e7985ec5f14e5715388603e52ea3bff9b4b8e6929978673bc2ed2dd6a,0.9766666666666667,0.9316666666666666,0.045,0.7175,0.6791666666666667,0.03833333333333333
120,0.65,50.0,1.0506282396614552,1.196730498969555,1.0,31200,0,0.19691751336930172,0.2570731883275155,0.060155674958213806,True,0.13099358974358974,0.012403846153846154,0.09469048201614877,0.11858974358974358,0.8275,0.13118589743589743,0.020224358974358973,0.15416564866845833,0.11096153846153846,0.67875,1.4210854715202004e-14,ff7505ee5879bef3689d904522c977d244016cf471546836d02e6cb54ae1f225,0.9725,0.8841666666666667,0.08833333333333333,0.6825,0.5991666666666666,0.08333333333333333
121,0.85,100.0,0.9296491194516421,0.9237167909741402,1.0,31200,0,0.11671589614368064,0.20018924551703918,0.08347334937335854,True,0.1307371794871795,0.0003205128205128205,0.002451581269919098,0.13041666666666665,0.8575,0.13105769230769232,0.010608974358974359,0.08094888725849841,0.12044871794871795,0.7604166666666666,1.4210854715202004e-14,f50418ee7f4fe9b8de2e39d58adf25a5589ad1794904f1e4d822af3407110c4b,0.9566666666666667,0.9508333333333333,0.005833333333333334,0.7583333333333333,0.7583333333333333,0.0
122,0.95,50.0,1.1150054696947338,1.005857400968671,1.0,31200,0,0.11757151692710276,0.2087125376691723,0.09114102074206955,True,0.1314423076923077,0.0,0.0,0.1314423076923077,0.8479166666666667,0.13118589743589743,0.009903846153846154,0.07549474712924505,0.12128205128205129,0.7704166666666666,1.4210854715202004e-14,77c18d129816245ccc7704cec59e14a303247961409ab1175bad7694e93a15d6,0.9716666666666667,0.9716666666666667,0.0,0.7241666666666666,0.7241666666666666,0.0
123,0.75,200.0,0.8922189585864544,0.8773085672408343,1.0,31200,0,0.11565375169804283,0.20331813220941083,0.087664380511368,True,0.13134615384615383,0.0005128205128205128,0.003904343582235237,0.13083333333333333,0.8654166666666666,0.13137820512820514,0.01064102564102564,0.0809953647231032,0.12073717948717949,0.7708333333333334,1.4210854715202004e-14,6a24f71348fd22eb84e66ba04bff1fe2d14025d1376874313a1083dfe3e87f92,0.9708333333333333,0.9675,0.0033333333333333335,0.76,0.7583333333333333,0.0016666666666666668
124,0.85,100.0,0.9532198887318373,0.8220770690590143,1.0,31200,0,0.12030835246734349,0.21012308845588418,0.08981473598854069,True,0.13105769230769232,0.0001923076923076923,0.001467351430667645,0.1308653846153846,0.8620833333333333,0.13134615384615383,0.010608974358974359,0.08077110785749146,0.12073717948717949,0.7570833333333333,1.4210854715202004e-14,4cd853f7fdfb94f652093378b4029c8b05b7799792ad26972c83064169363023,0.9475,0.945,0.0025,0.7766666666666666,0.7766666666666666,0.0
125,0.95,200.0,1.0258839502930641,1.0951448921114206,1.0,31200,0,0.11262198219152282,0.1949393764992485,0.08231739430772568,True,0.13153846153846155,0.0,0.0,0.13153846153846155,0.8458333333333333,0.13105769230769232,0.010288461538461538,0.07850330154071901,0.12076923076923077,0.7591666666666667,1.4210854715202004e-14,6a3dfbc519e7e814829f01ab83a64e2be962ebc470cc14b29c1b390730301169,0.9641666666666666,0.9641666666666666,0.0,0.7275,0.7275,0.0
126,0.9,50.0,0.8186712890863419,0.9757256835699082,1.0,31200,0,0.11393230055066535,0.2001862301027935,0.08625392955212814,True,0.1309294871794872,0.000576923076923077,0.004406364749082008,0.1303525641025641,0.8520833333333333,0.13131410256410256,0.01064102564102564,0.08103490358799122,0.12067307692307692,0.7691666666666667,1.4210854715202004e-14,793df27e72975876cf41089838abeacd552850267f0df197371fa38bc9f49af5,0.9641666666666666,0.9591666666666666,0.005,0.74,0.74,0.0
127,0.65,200.0,1.1897232737392187,1.1042202949523927,1.0,31200,0,0.17881133963850587,0.24599920018622579,0.06718786054771991,True,0.13163461538461538,0.009903846153846154,0.07523739956172389,0.12173076923076923,0.84,0.13125,0.0175,0.13333333333333333,0.11375,0.70625,1.4210854715202004e-14,dd7dfb86004ece6e404969f6e5d4d2999707a2148214af37c90d6e3c282eb730,0.9875,0.9075,0.08,0.6925,0.6416666666666667,0.050833333333333335
128,0.65,100.0,0.957997889444232,0.9600195292383433,1.0,31200,0,0.16093472869732045,0.2348258199370838,0.07389109123976334,True,0.13076923076923078,0.0071794871794871795,0.054901960784313725,0.12358974358974359,0.8520833333333333,0.13121794871794873,0.015256410256410256,0.1162677088422081,0.11596153846153846,0.71,1.4210854715202004e-14,80052c0a75be1112ebfc18b5a8b3c69afeeb74b3590c3e87d07b22e08d49d45a,0.9766666666666667,0.915,0.06166666666666667,0.7275,0.685,0.0425
129,0.9,200.0,1.0367250367999077,1.132300016656518,1.0,31200,0,0.11287916550804318,0.19556040495238014,0.08268123944433696,True,0.13134615384615383,0.0,0.0,0.13134615384615383,0.8416666666666667,0.13105769230769232,0.010576923076923078,0.08070432868672046,0.12048076923076922,0.7579166666666667,1.4210854715202004e-14,c8323761794c0a4369f6fd8e6619d84ee9af1bb0067ee2934fb50b3ad6418e8d,0.9758333333333333,0.9758333333333333,0.0,0.7075,0.7075,0.0
130,0.95,50.0,0.8201343178749085,0.8378808856010438,1.0,31200,0,0.11858786750717945,0.20954585605828194,0.09095798855110249,True,0.13134615384615383,0.0005448717948717948,0.004148365056124939,0.13080128205128205,0.8666666666666667,0.13067307692307692,0.010608974358974359,0.08118714741231298,0.12006410256410256,0.7541666666666667,1.4210854715202004e-14,9c48132850cda9ef20e59f5a2d05b706cf54b8757393814803586ddedf654108,0.9466666666666667,0.9466666666666667,0.0,0.7866666666666666,0.7866666666666666,0.0
131,0.85,100.0,1.1976415392011406,1.0671628683805467,1.0,31200,0,0.11872932292363807,0.2138972023238658,0.09516787940022774,True,0.1309294871794872,0.0001923076923076923,0.0014687882496940024,0.1307371794871795,0.8458333333333333,0.13102564102564102,0.010608974358974359,0.08096868884540118,0.12041666666666667,0.7508333333333334,1.4210854715202004e-14,b9d9212a56fc202ca94c35ae0b74f791a74ccc89f014e6afb75bf327c6f4e3cb,0.9758333333333333,0.9741666666666666,0.0016666666666666668,0.7158333333333333,0.7133333333333334,0.0025
132,0.75,50.0,1.0616652108728886,1.033794064819813,1.0,31200,0,0.14215742607011667,0.2314139815713772,0.08925655550126052,True,0.13150641025641024,0.00375,0.028515720204728246,0.12775641025641027,0.8466666666666667,0.13105769230769232,0.012980769230769231,0.09904622157006603,0.11807692307692308,0.7479166666666667,1.4210854715202004e-14,f080243d782584f17f3bce17affae838ab0e271c1c19ccabc867e7dc98f7d658,0.9691666666666666,0.9425,0.02666666666666667,0.7241666666666666,0.7041666666666667,0.02
133,0.95,100.0,0.9342308539897204,0.8615554973483086,1.0,31200,0,0.111562022243952,0.1916421528911997,0.08008013064724771,True,0.13102564102564102,0.0,0.0,0.13102564102564102,0.8625,0.13121794871794873,0.010544871794871794,0.08036150464093796,0.12067307692307692,0.7583333333333333,1.4210854715202004e-14,102705c8639c4c809a96a9be280f3d3ed0082f0ddb6ad5d90d2586d851483230,0.9491666666666667,0.9491666666666667,0.0,0.7758333333333334,0.7758333333333334,0.0
134,0.85,100.0,1.122727468982339,1.1686962086707355,1.0,31200,0,0.11813086505800685,0.20348780710040404,0.08535694204239719,True,0.13118589743589743,9.615384615384615e-05,0.0007329587099926704,0.1310897435897436,0.8375,0.13121794871794873,0.010512820512820513,0.08011724474841231,0.1207051282051282,0.7633333333333333,1.4210854715202004e-14,de33c496977139c2170489cac76d6831ec2998db3c30ba8e52f2f10bb41324ee,0.9733333333333334,0.9708333333333333,0.0025,0.7016666666666667,0.7016666666666667,0.0
135,0.65,200.0,0.8938778720796109,0.9393722224980593,1.0,31200,0,0.14988467862774266,0.22103241823825356,0.07114773961051091,True,0.1305448717948718,0.005929487179487179,0.04542106555364596,0.12461538461538461,0.85375,0.1310897435897436,0.0125,0.09535452322738386,0.11858974358974358,0.71625,1.4210854715202004e-14,a9f98746295bb35123959b704b5a1424fe14af9e004b10b8f32ada2f3a808316,0.9691666666666666,0.9108333333333334,0.058333333333333334,0.7383333333333333,0.7025,0.035833333333333335
136,0.65,50.0,1.138111226260662,0.8811425723135472,1.0,31200,0,0.21931083374785595,0.26399412820454354,0.04468329445668759,True,0.13096153846153846,0.01564102564102564,0.1194322075379344,0.11532051282051282,0.8641666666666666,0.1310897435897436,0.021538461538461538,0.16430317848410758,0.10955128205128205,0.6675,1.4210854715202004e-14,17d27ac06123af07c5006831e4fe637e7bc7add6e56818e5cc662ab827f6b9ee,0.9691666666666666,0.8825,0.08666666666666667,0.7591666666666667,0.6458333333333334,0.11333333333333333
137,0.85,100.0,0.8671599578112364,1.0018308468163015,1.0,31200,0,0.11506228623298463,0.20107432176320827,0.08601203553022364,True,0.1308974358974359,0.0001923076923076923,0.0014691478942213516,0.1307051282051282,0.8408333333333333,0.13099358974358974,0.010608974358974359,0.08098850012233913,0.12038461538461538,0.7479166666666667,1.4210854715202004e-14,3a3db86343888108dff40cd94253ea3a2a8ad1426c5caf4089235c88adaae318,0.9525,0.9525,0.0,0.7291666666666666,0.7291666666666666,0.0
138,0.9,50.0,1.0774945732206107,0.9214452784508467,1.0,31200,0,0.11881007268872099,0.2082186347849724,0.08940856209625142,True,0.13118589743589743,0.0003525641025641026,0.0026875152699731247,0.13083333333333333,0.8629166666666667,0.1308974358974359,0.010512820512820513,0.08031341821743389,0.12038461538461538,0.7625,1.4210854715202004e-14,ce27a95348b0b3a2cf46d0246991cace046e0ec49646b31ac54f137001cc9575,0.9625,0.9616666666666667,0.0008333333333333334,0.7633333333333333,0.7625,0.0008333333333333334
139,0.75,200.0,0.9047358870506287,1.199194557592273,1.0,31200,0,0.11930959272898523,0.20620364441938158,0.08689405169039635,True,0.1316025641025641,0.0008974358974358974,0.006819288845591817,0.1307051282051282,0.8366666666666667,0.13112179487179487,0.01064102564102564,0.08115375213884136,0.12048076923076922,0.7608333333333334,1.4210854715202004e-14,35416217959526e9b5867ce50f891012f6df96b4087195f72087986bdab04a53,0.9725,0.96,0.0125,0.7008333333333333,0.7,0.0008333333333333334
140,0.85,100.0,0.8407058972865343,1.100239145383239,1.0,31200,0,0.11118970483352837,0.1964103498463531,0.08522064501282474,True,0.13112179487179487,0.0001923076923076923,0.0014666340747983377,0.1309294871794872,0.8445833333333334,0.13102564102564102,0.010608974358974359,0.08096868884540118,0.12041666666666667,0.7675,1.4210854715202004e-14,ed5b61afb88f770fb1d9b5e09ac0794331874cffaa9e0b5c0128b790ffc055f7,0.97,0.9691666666666666,0.0008333333333333334,0.7191666666666666,0.7191666666666666,0.0
141,0.95,200.0,1.1633917190134526,0.9795089509338141,1.0,31200,0,0.11373790015078171,0.19595526906627966,0.08221736891549795,True,0.13115384615384615,0.0,0.0,0.13115384615384615,0.8554166666666667,0.13112179487179487,0.010064102564102563,0.07675384991444635,0.12105769230769231,0.7670833333333333,1.4210854715202004e-14,554093b08f88310ec15761f9e34fb03a380d41ce1dbf29e323bb619c45d0c851,0.97,0.97,0.0,0.7408333333333333,0.7408333333333333,0.0
142,0.9,50.0,0.9811634145677091,1.0975635640323163,1.0,31200,0,0.1200841967734478,0.21414183672200313,0.09405763994855533,True,0.13064102564102564,0.0001923076923076923,0.0014720314033366045,0.13044871794871796,0.84625,0.13105769230769232,0.010608974358974359,0.08094888725849841,0.12044871794871795,0.7629166666666667,1.4210854715202004e-14,b428b3aa3fd5ba6a5f05b0c7a06a89908e739f43d343248ced5ad4f8c8aefc05,0.9675,0.9675,0.0,0.725,0.725,0.0
143,0.75,200.0,1.0022371325641872,0.8198562882840634,1.0,31200,0,0.12158083553628508,0.21186105820348938,0.0902802226672043,True,0.13147435897435897,0.001346153846153846,0.010238907849829351,0.13012820512820514,0.87,0.13128205128205128,0.010865384615384615,0.082763671875,0.12041666666666667,0.7554166666666666,1.4210854715202004e-14,fcb682830f0324f27e4a9fb28db8062d8916ba8695d9005bbef68cd96ea6946c,0.9733333333333334,0.9608333333333333,0.0125,0.7666666666666667,0.755,0.011666666666666667
144,0.75,50.0,0.8554618291556836,1.1577821269631388,1.0,31200,0,0.12744869989086932,0.21175278068162326,0.08430408079075394,True,0.1310897435897436,0.0022756410256410254,0.017359413202933986,0.12881410256410256,0.8383333333333334,0.1310897435897436,0.011282051282051283,0.08606356968215159,0.11980769230769231,0.7475,1.4210854715202004e-14,7e2512a9bef00da98091a05cd005397ce2fe1bb3fd8f7e922e53c4087f1d2d56,0.97,0.955,0.015,0.7066666666666667,0.7008333333333333,0.005833333333333334
145,0.9,200.0,1.1279389802366495,0.9347570285201073,1.0,31200,0,0.11313091405478459,0.1990817327675435,0.08595081871275892,True,0.1309294871794872,0.0,0.0,0.1309294871794872,0.8541666666666666,0.13131410256410256,0.010544871794871794,0.08030266048328046,0.12076923076923077,0.75,1.4210854715202004e-14,ea76854e98ce34c3344d98ceab3a92be6261f5743f2e4735711d6df01b380c61,0.9716666666666667,0.9716666666666667,0.0,0.7366666666666667,0.7366666666666667,0.0
146,0.95,100.0,0.916420291736722,1.041680719330907,1.0,31200,0,0.11129188467172095,0.18926553946950928,0.07797365479778832,True,0.13157051282051282,0.0,0.0,0.13157051282051282,0.8508333333333333,0.13102564102564102,0.010544871794871794,0.08047945205479452,0.12048076923076922,0.7645833333333333,1.4210854715202004e-14,da3b6d9a3ca2eaf35a8d097db7d4d907e8f549cbe6c593e6b81cb62e9e913f30,0.9675,0.9675,0.0,0.7341666666666666,0.7341666666666666,0.0
147,0.75,200.0,1.0876774914562704,0.8631433833390475,1.0,31200,0,0.12391874919370796,0.21355320123548002,0.08963445204177206,True,0.13131410256410256,0.001282051282051282,0.00976324139614352,0.13003205128205128,0.8616666666666667,0.1309294871794872,0.010961538461538462,0.08372093023255814,0.11996794871794872,0.7566666666666667,1.4210854715202004e-14,0d24f377c4a978f152d3ab009852b5d7504073d8a26c2a4838a63a74a946556c,0.9708333333333333,0.9566666666666667,0.014166666666666666,0.7525,0.7491666666666666,0.0033333333333333335
148,0.75,50.0,1.1517072703689337,0.8362445417791605,1.0,31200,0,0.15830117955520517,0.24267185075765543,0.08437067120245026,True,0.1308653846153846,0.005833333333333334,0.04457506735243694,0.12503205128205128,0.8629166666666667,0.13131410256410256,0.01532051282051282,0.11667073468391506,0.11599358974358974,0.7229166666666667,1.4210854715202004e-14,6d8d5b5d2d3b21a613a58bfdf5a41f646890b026c9779d22a037b9baaadd7abd,0.9675,0.9308333333333333,0.03666666666666667,0.7583333333333333,0.7125,0.04583333333333333
149,0.9,200.0,0.8305229276418686,1.0593253884464504,1.0,31200,0,0.10880822850016393,0.18575315853057545,0.07694493003041152,True,0.13153846153846155,0.0001923076923076923,0.0014619883040935672,0.13134615384615383,0.8504166666666667,0.13080128205128205,0.010608974358974359,0.08110757167360941,0.1201923076923077,0.76375,1.4210854715202004e-14,742df2ea7d66b58668d4d4f2bf1cea1ea6cf08305887e543032da53cc14bec24,0.97,0.97,0.0,0.7308333333333333,0.7308333333333333,0.0
150,0.9,50.0,1.01393531113863,0.9646831572055817,1.0,31200,0,0.11918269382579948,0.2072305060480227,0.08804781222222323,True,0.13147435897435897,0.0003525641025641026,0.002681618722574354,0.13112179487179487,0.8570833333333333,0.13115384615384615,0.010608974358974359,0.08088954056695992,0.12054487179487179,0.7529166666666667,1.4210854715202004e-14,336e09b7e9d00e8aa30f5b1b540c555be910882d26fbaf5021742c58c7095605,0.9725,0.9725,0.0,0.7416666666666667,0.7383333333333333,0.0033333333333333335
151,0.65,100.0,0.9913357060402632,1.1431648522615434,1.0,31200,0,0.17189555393815495,0.23438551745009162,0.06248996351193667,True,0.13099358974358974,0.008301282051282052,0.06337166625886959,0.1226923076923077,0.8404166666666667,0.13141025641025642,0.015,0.11414634146341464,0.11641025641025642,0.7170833333333333,1.4210854715202004e-14,acdc94926f47b828d392a427b9969e03cbbf5a4a2379e2cf9aa6c1b5299e5e0c,0.9783333333333334,0.9091666666666667,0.06916666666666667,0.7025,0.6608333333333334,0.041666666666666664
152,0.65,100.0,1.0469033900648357,1.077325290068984,1.0,31200,0,0.17623296211564102,0.2394956483942104,0.06326268627856937,True,0.13099358974358974,0.009967948717948719,0.07609493516026425,0.12102564102564102,0.8441666666666666,0.1310897435897436,0.01564102564102564,0.11931540342298289,0.11544871794871794,0.7116666666666667,1.4210854715202004e-14,6cd5ac597838daa245b78a87a097423c13cad142ef4827c20c13b219301d3e7d,0.9741666666666666,0.9175,0.056666666666666664,0.7141666666666666,0.6533333333333333,0.060833333333333336
153,0.85,200.0,0.9697021178901196,0.8058191504329444,1.0,31200,0,0.11357348253048419,0.19889654262377515,0.08532306009329096,True,0.13076923076923078,6.41025641025641e-05,0.0004901960784313725,0.1307051282051282,0.865,0.13118589743589743,0.010608974358974359,0.0808697776691913,0.12057692307692308,0.7604166666666666,1.4210854715202004e-14,1bb9fdda7e8c7473aee9b90628ff9278c42bdee1dac5d5e6efc0c825209a9460,0.9616666666666667,0.96,0.0016666666666666668,0.7683333333333333,0.7683333333333333,0.0
154,0.95,50.0,1.1874524958431723,1.123700135201216,1.0,31200,0,0.11742111201715444,0.20351134982557176,0.08609023780841732,True,0.13169871794871796,0.0,0.0,0.13169871794871796,0.8420833333333333,0.13128205128205128,0.009807692307692307,0.07470703125,0.12147435897435897,0.7654166666666666,1.4210854715202004e-14,a0db6a892b8204dfd26be86be664701f1f832ca18012e85500be811ce76022e4,0.9675,0.9675,0.0,0.7166666666666667,0.7166666666666667,0.0
155,0.75,100.0,0.8084438312798738,0.9967687331140042,1.0,31200,0,0.11728785856344821,0.20673939812978126,0.08945153956633305,True,0.13102564102564102,0.0008012820512820513,0.00611545988258317,0.13022435897435897,0.8483333333333334,0.1309294871794872,0.010833333333333334,0.08274173806609547,0.12009615384615385,0.7470833333333333,1.4210854715202004e-14,50b813a99107393f94a22a2e9f526a3d003bcdddd624d128fe97fad82340edef,0.9658333333333333,0.9641666666666666,0.0016666666666666668,0.7308333333333333,0.7283333333333334,0.0025
156,0.85,50.0,0.9444199413061143,0.9042339779436589,1.0,31200,0,0.12105409583310506,0.2175717848604955,0.09651768902739044,True,0.13083333333333333,0.0002564102564102564,0.0019598236158745713,0.1305769230769231,0.855,0.1309294871794872,0.010897435897435897,0.0832313341493268,0.12003205128205129,0.7529166666666667,1.4210854715202004e-14,123af181004613cfb769f87bb4e862863d829865147a005d68dbbe52625d4129,0.9625,0.9625,0.0,0.7475,0.7458333333333333,0.0016666666666666668
157,0.95,100.0,1.0733557488769294,1.1756843693554402,1.0,31200,0,0.11283284555318014,0.19749065717307043,0.08465781161989029,True,0.13147435897435897,0.0,0.0,0.13147435897435897,0.835,0.13121794871794873,0.010128205128205128,0.07718612603810454,0.12108974358974359,0.7720833333333333,1.4210854715202004e-14,f264398978103fe28636a26d3290429a6ba41cfa0f5bdfb727a3d87f6dc92963,0.9733333333333334,0.9733333333333334,0.0,0.6966666666666667,0.6966666666666667,0.0
158,0.9,50.0,0.883699468895793,0.8951313000172377,1.0,31200,0,0.11678894644736586,0.20736540637909284,0.09057645993172699,True,0.13125,9.615384615384615e-05,0.0007326007326007326,0.13115384615384615,0.8670833333333333,0.13105769230769232,0.010608974358974359,0.08094888725849841,0.12044871794871795,0.7583333333333333,1.4210854715202004e-14,81f69e4a9628791a88f15ec4268850d39572cedb7f7b40f8e5c9388f7adc35ec,0.9575,0.9558333333333333,0.0016666666666666668,0.7766666666666666,0.7766666666666666,0.0
159,0.65,200.0,1.1110231950879097,1.022118343040347,1.0,31200,0,0.15887059282232976,0.23316111569572776,0.07429052287339799,True,0.13099358974358974,0.007115384615384615,0.054318571079031076,0.12387820512820513,0.8483333333333334,0.13121794871794873,0.014038461538461538,0.10698583292623351,0.11717948717948717,0.72625,1.4210854715202004e-14,bbb13e0dd104c77605558639383e0e9038a193e8defd4fa70c703845f62cfc53,0.9766666666666667,0.9275,0.049166666666666664,0.72,0.6716666666666666,0.04833333333333333
160,0.65,50.0,1.0868529416620731,1.149035369977355,1.0,31200,0,0.18805303116254973,0.25459871196049116,0.06654568079794143,True,0.13115384615384615,0.011762820512820512,0.0896871945259042,0.11939102564102565,0.82875,0.13096153846153846,0.018044871794871794,0.1377875673029858,0.11291666666666667,0.6891666666666667,1.4210854715202004e-14,fb042b7f408e06514cec5ddced5f97383bc234e922b2e087af7bf386ebabc1b2,0.9666666666666667,0.895,0.07166666666666667,0.6908333333333333,0.6008333333333333,0.09
161,0.9,100.0,0.9078774470835924,0.9713158871978522,1.0,31200,0,0.11339547332188776,0.1967318303997542,0.08333635707786644,True,0.13121794871794873,6.41025641025641e-05,0.0004885197850512946,0.13115384615384615,0.8579166666666667,0.1310897435897436,0.010576923076923078,0.08068459657701711,0.12051282051282051,0.7645833333333333,1.4210854715202004e-14,42301fdeb4d9ef555cd8023c583cf61f278d0e2478565cbc35e2411c97841b7f,0.9708333333333333,0.9708333333333333,0.0,0.745,0.745,0.0
162,0.95,100.0,1.1475184712558986,1.0518923394382,1.0,31200,0,0.11701058343844707,0.20311502979189539,0.08610444635344831,True,0.13076923076923078,0.0,0.0,0.13076923076923078,0.8479166666666667,0.13125,0.01,0.0761904761904762,0.12125,0.7675,1.4210854715202004e-14,062574f22d1931ba91b20c03b2dc8269440f6444c3551f2d36fa45d03547de43,0.9625,0.9625,0.0,0.7333333333333333,0.7333333333333333,0.0
163,0.85,200.0,0.870252736657858,0.8311743520200253,1.0,31200,0,0.11192894372145766,0.19659160058956127,0.0846626568681036,True,0.13096153846153846,0.0001282051282051282,0.0009789525208027412,0.13083333333333333,0.8691666666666666,0.13115384615384615,0.010608974358974359,0.08088954056695992,0.12054487179487179,0.7616666666666667,1.4210854715202004e-14,ed121b3580d5f426e095b5d6a7e959e92fe4f27c1585f4f393ca9a6700e46017,0.9641666666666666,0.9641666666666666,0.0,0.7741666666666667,0.7741666666666667,0.0
164,0.75,100.0,0.9843542527407408,0.8697798766195775,1.0,31200,0,0.12667675155457722,0.2198717338430406,0.09319498228846337,True,0.13125,0.0015384615384615385,0.011721611721611722,0.12971153846153846,0.8591666666666666,0.13131410256410256,0.011794871794871795,0.08982182084452038,0.11951923076923077,0.7529166666666667,1.4210854715202004e-14,4d3cee598fe4acbbbf919c20323ad67233e8f8580f2e38970bf0490c9a874dfa,0.9683333333333334,0.9558333333333333,0.0125,0.75,0.7416666666666667,0.008333333333333333
165,0.95,200.0,1.011546365916729,1.0475413627922536,1.0,31200,0,0.11078337703453998,0.18751594624858428,0.0767325692140443,True,0.13099358974358974,0.0,0.0,0.13099358974358974,0.8420833333333333,0.13076923076923078,0.010288461538461538,0.07867647058823529,0.12048076923076922,0.7695833333333333,1.4210854715202004e-14,bf4c140bf0f81bd29173332585c1ef439c6174e7a475e0a8e5bb7131cb396cf4,0.96,0.96,0.0,0.7241666666666666,0.7241666666666666,0.0
166,0.85,50.0,0.8437502026557923,0.9296829741448165,1.0,31200,0,0.11806241026253003,0.20508628302922075,0.08702387276669071,True,0.13102564102564102,0.0008012820512820513,0.00611545988258317,0.13022435897435897,0.8633333333333333,0.13083333333333333,0.010673076923076922,0.08157765801077903,0.1201602564102564,0.7633333333333333,1.4210854715202004e-14,59ad0a42314211cf665a47f43d011e652f7064140aba62265f30d265909c98c8,0.9708333333333333,0.9641666666666666,0.006666666666666667,0.7558333333333334,0.7516666666666667,0.004166666666666667
167,0.65,100.0,1.1728473898023368,1.1503590416163207,1.0,31200,0,0.19655731153925649,0.2503862927245151,0.05382898118525864,True,0.13125,0.012564102564102564,0.09572649572649573,0.11868589743589744,0.83875,0.13121794871794873,0.016666666666666666,0.1270151441133366,0.11455128205128205,0.7058333333333333,1.4210854715202004e-14,7eea956860b366752605d30ad2f422a75a70ff2c88b6044cc3a778f703a2e8d0,0.9883333333333333,0.9041666666666667,0.08416666666666667,0.6891666666666667,0.6216666666666667,0.0675
168,0.65,50.0,0.817086960747838,1.0170290902256967,1.0,31200,0,0.19037954860511358,0.25357764310513387,0.06319809450002029,True,0.13112179487179487,0.012243589743589743,0.09337570276216084,0.11887820512820513,0.8520833333333333,0.13147435897435897,0.018365384615384617,0.13968795709410045,0.11310897435897437,0.6891666666666667,1.4210854715202004e-14,81dd2211d5e4911681ef3f714580e3401316257c6b88d16ed4e31c0a2bedbda9,0.9691666666666666,0.8691666666666666,0.1,0.735,0.6766666666666666,0.058333333333333334
169,0.9,200.0,1.1881889201700688,0.8877173110842705,1.0,31200,0,0.114819869891737,0.2009583563511854,0.0861384864594484,True,0.13131410256410256,0.0,0.0,0.13131410256410256,0.85625,0.1308653846153846,0.010512820512820513,0.08033308841538085,0.1203525641025641,0.7545833333333334,1.4210854715202004e-14,d39d292000839225891bc36ca5c048b9eb99a07655ad52e16caec8e595f92d5a,0.9658333333333333,0.9658333333333333,0.0,0.7466666666666667,0.7466666666666667,0.0
170,0.9,50.0,0.9548039995133877,1.1823361832648516,1.0,31200,0,0.11740660658305192,0.21262414846672886,0.09521754188367694,True,0.1308653846153846,0.0001282051282051282,0.0009796718099436689,0.1307371794871795,0.83375,0.13118589743589743,0.010576923076923078,0.08062545809919375,0.12060897435897436,0.7658333333333334,1.4210854715202004e-14,4dad0c35217fbe3e9e9e880b8c7e110f5ae3bf41af3f5205097a28629680fec4,0.9541666666666667,0.9541666666666667,0.0,0.7133333333333334,0.7133333333333334,0.0
171,0.75,100.0,1.0274188552051784,0.9100854087620974,1.0,31200,0,0.1293236036658294,0.22106249812785855,0.09173889446202915,True,0.13105769230769232,0.0016666666666666668,0.012717045732452923,0.12939102564102564,0.8704166666666666,0.13102564102564102,0.011762820512820512,0.08977495107632094,0.11926282051282051,0.755,1.4210854715202004e-14,ca0d89093cd92080acf9305802ac728bddf3bb9956b124c248386abc5ce93218,0.9691666666666666,0.9525,0.016666666666666666,0.7716666666666666,0.7591666666666667,0.0125
172,0.75,50.0,1.1133232757449152,0.989350974932313,1.0,31200,0,0.15245727115885546,0.23530556757877208,0.08284829641991662,True,0.1307371794871795,0.004391025641025641,0.03358666339789164,0.12634615384615386,0.84625,0.13121794871794873,0.014134615384615384,0.10771861260381045,0.11708333333333333,0.7216666666666667,1.4210854715202004e-14,076942d894e4d8012879873cf8ac9d9385c495d31c7486d2291681924911316b,0.965,0.9333333333333333,0.03166666666666667,0.7275,0.7,0.0275
173,0.95,200.0,0.8907820414751768,1.1186207506805659,1.0,31200,0,0.10802385076360653,0.18369677811854315,0.07567292735493662,True,0.13153846153846155,0.0,0.0,0.13153846153846155,0.8445833333333334,0.13128205128205128,0.010576923076923078,0.08056640625,0.1207051282051282,0.7658333333333334,1.4210854715202004e-14,1e9e36d6e94a8c0294672027184b17491ce74c47a8f1f890c49f2a21f485a606,0.9675,0.9675,0.0,0.7216666666666667,0.7216666666666667,0.0
174,0.9,100.0,1.0523098941892386,0.811674439907074,1.0,31200,0,0.11814845882945493,0.2064624473283026,0.08831398849884767,True,0.1308974358974359,0.0,0.0,0.1308974358974359,0.8575,0.13080128205128205,0.010512820512820513,0.0803724577309483,0.12028846153846154,0.7625,1.4210854715202004e-14,44ef162fc3e0ad68c5f448b2e7ab837065185f6a6fd8933b03a8a5f733a86cfb,0.9558333333333333,0.9558333333333333,0.0,0.7591666666666667,0.7591666666666667,0.0
175,0.75,200.0,0.9310862421989441,1.0839671343564987,1.0,31200,0,0.11420249260683547,0.2029884917076686,0.08878599910083314,True,0.13125,0.0002884615384615385,0.002197802197802198,0.13096153846153846,0.8425,0.13118589743589743,0.010673076923076922,0.08135841680918642,0.12051282051282051,0.7591666666666667,1.4210854715202004e-14,0592793751a54b701c69866dceb1b4ddbca9c9c91b64aa2bd01568db3e88bf0b,0.975,0.9708333333333333,0.004166666666666667,0.71,0.71,0.0
176,0.75,100.0,1.178060868009925,0.9467982269823552,1.0,31200,0,0.13516039157160914,0.23178534280341645,0.09662495123180731,True,0.13128205128205128,0.002403846153846154,0.018310546875,0.12887820512820514,0.8583333333333333,0.13112179487179487,0.012467948717948717,0.09508677584942557,0.11865384615384615,0.7433333333333333,1.4210854715202004e-14,fabba05c5df1f55f99f91da2752ded6981b2419f6834b9cb2cb28c906598025e,0.98,0.9625,0.0175,0.7366666666666667,0.7308333333333333,0.005833333333333334
177,0.9,200.0,0.8053353875875473,1.1737730629742147,1.0,31200,0,0.10836717356896264,0.18336316259660912,0.07499598902764648,True,0.1310897435897436,0.0002884615384615385,0.002200488997555012,0.13080128205128205,0.8366666666666667,0.13105769230769232,0.010608974358974359,0.08094888725849841,0.12044871794871795,0.7533333333333333,1.4210854715202004e-14,77e6bb099962376a2dbad831bd39573e32842c78b1c14928db436eed36f03487,0.9716666666666667,0.9716666666666667,0.0,0.7016666666666667,0.7016666666666667,0.0
178,0.95,50.0,1.0375606372952462,0.8556920509785414,1.0,31200,0,0.12115663555177977,0.21106134286331193,0.08990470731153216,True,0.13118589743589743,0.0001282051282051282,0.0009772782799902272,0.13105769230769232,0.8654166666666666,0.13121794871794873,0.010224358974358975,0.07791890571568148,0.12099358974358974,0.7683333333333333,1.4210854715202004e-14,aa7f31612cf76846acf40d901838381d98fec0f85e5da128812ce2c29f34de16,0.9491666666666667,0.9491666666666667,0.0,0.7816666666666666,0.7808333333333334,0.0008333333333333334
179,0.85,200.0,0.9665448945015669,1.0271546494215729,1.0,31200,0,0.11148914470302361,0.19533420293322895,0.08384505823020534,True,0.13096153846153846,3.205128205128205e-05,0.0002447381302006853,0.1309294871794872,0.8445833333333334,0.13102564102564102,0.010608974358974359,0.08096868884540118,0.12041666666666667,0.7629166666666667,1.4210854715202004e-14,1209aa2286903a3767bd982e34368857bae5ba43806c9edb32a9359884f1c0bc,0.97,0.97,0.0,0.7191666666666666,0.7183333333333334,0.0008333333333333334
180,0.75,50.0,0.880640309303999,1.0722298558801413,1.0,31200,0,0.1359194189633929,0.22552015465527633,0.08960073569188343,True,0.13147435897435897,0.003237179487179487,0.02462213554363725,0.1282371794871795,0.85125,0.13131410256410256,0.012211538461538461,0.09299487429826703,0.1191025641025641,0.7558333333333334,1.4210854715202004e-14,9dead06fa1187d41b8a0d3a3b5c44fa6e1604956833d41c246383472a38466e3,0.975,0.95,0.025,0.7275,0.7216666666666667,0.005833333333333334
181,0.9,100.0,1.1015824262052776,0.8453106608241797,1.0,31200,0,0.11843788031327035,0.20423623812746086,0.08579835781419051,True,0.13105769230769232,0.0003525641025641026,0.002690144289557349,0.1307051282051282,0.8554166666666667,0.1308974358974359,0.010544871794871794,0.08055827619980412,0.1203525641025641,0.7554166666666666,1.4210854715202004e-14,1bfb75266fe3349d883b5b8dc6de483bb1615b47acaf392b57e3bd334c166c33,0.9591666666666666,0.9591666666666666,0.0,0.7516666666666667,0.745,0.006666666666666667
182,0.85,50.0,0.9412142504006624,1.1256705693900586,1.0,31200,0,0.11835560174318224,0.2058914006816382,0.08753579893845595,True,0.13182692307692306,0.0004166666666666667,0.003160709944079747,0.13141025641025642,0.8404166666666667,0.13121794871794873,0.010576923076923078,0.0806057645334636,0.12064102564102563,0.765,1.4210854715202004e-14,fc05ce35258ac92d9fe6e5a85ed7a34e83b8ca33c5c302e9831f50973eb2ef97,0.9691666666666666,0.9641666666666666,0.005,0.7116666666666667,0.7108333333333333,0.0008333333333333334
183,0.65,200.0,1.0640614159405233,0.9541522227227688,1.0,31200,0,0.16181527688332206,0.2307762725843925,0.06896099570107045,True,0.1308653846153846,0.008012820512820512,0.061229488121479304,0.12285256410256411,0.85,0.13102564102564102,0.013717948717948718,0.10469667318982387,0.11730769230769231,0.72125,1.4210854715202004e-14,0642edc1891284cff90a98c930257ab93891711e5446878b82d8252700cf8571,0.97,0.8916666666666667,0.07833333333333334,0.73,0.6925,0.0375
184,0.65,50.0,0.9196229308843613,0.8132115427404643,1.0,31200,0,0.20027067144180793,0.2610750702187663,0.06080439877695837,True,0.13118589743589743,0.012948717948717948,0.09870510627901295,0.11823717948717949,0.8679166666666667,0.13105769230769232,0.020833333333333332,0.15896307165566154,0.11022435897435898,0.6720833333333334,1.4210854715202004e-14,bfcb621fe82bef24a0cfde432aea77dee39723f7ad99d87770e4a397b5f28a47,0.9533333333333334,0.8825,0.07083333333333333,0.7825,0.6725,0.11
185,0.85,200.0,1.096974876150489,1.091705444827676,1.0,31200,0,0.11442998574390735,0.20065624797001433,0.08622626222610698,True,0.13118589743589743,0.00016025641025641026,0.001221597849987784,0.13102564102564102,0.8391666666666666,0.1308653846153846,0.010608974358974359,0.0810678422728386,0.12025641025641026,0.7591666666666667,1.4210854715202004e-14,6612d710bd335dc12b88e0685587f04777d59a8164a7535c008340ddc2bf9fc8,0.9691666666666666,0.9675,0.0016666666666666668,0.7091666666666666,0.7083333333333334,0.0008333333333333334
186,0.95,100.0,0.858517936989665,0.984591156244278,1.0,31200,0,0.11070680011826167,0.19138166844409102,0.08067486832582935,True,0.1309294871794872,0.00022435897435897436,0.0017135862913096695,0.1307051282051282,0.8483333333333334,0.13125,0.010544871794871794,0.08034188034188035,0.1207051282051282,0.7625,1.4210854715202004e-14,0671ac9699cb9569bb508aae5367137119f5660581e5eaf1f18cfb02c9df0be7,0.9541666666666667,0.9541666666666667,0.0,0.7425,0.7425,0.0
187,0.75,200.0,1.1373828008770943,1.1076597958803178,1.0,31200,0,0.1249418556002747,0.21745398023849424,0.09251212463821955,True,0.13150641025641024,0.0015384615384615385,0.011698757007068,0.12996794871794873,0.8470833333333333,0.13112179487179487,0.010769230769230769,0.08213150818870692,0.1203525641025641,0.7554166666666666,1.4210854715202004e-14,4b6503ae005ce05b09f3a588cb41fdb1e4d4861e5badabd9cbc7072a7f3693c3,0.9758333333333333,0.9583333333333334,0.0175,0.7183333333333334,0.7141666666666666,0.004166666666666667
188,0.85,50.0,1.023281115666032,1.1933463111519815,1.0,31200,0,0.12118754292742477,0.21103101923029421,0.08984347630286944,True,0.1305769230769231,0.0004166666666666667,0.0031909671084928816,0.13016025641025641,0.8308333333333333,0.13115384615384615,0.010769230769230769,0.08211143695014662,0.12038461538461538,0.7670833333333333,1.4210854715202004e-14,4b8d3d998f20b0c8b7bebd10af92d77108931eae0a3a27c7f91321c7287633a3,0.9533333333333334,0.9475,0.005833333333333334,0.7083333333333334,0.7083333333333334,0.0
189,0.95,200.0,0.9944898776710034,0.914796768128872,1.0,31200,0,0.11252888072777617,0.19557331179289075,0.08304443106511458,True,0.13118589743589743,0.0,0.0,0.13118589743589743,0.8566666666666667,0.13125,0.010384615384615384,0.07912087912087912,0.12086538461538461,0.7645833333333333,1.4210854715202004e-14,aa2d6d46375f25e4cbcdc93e47201c5110d5d410f3676c87d928080519d570be,0.9616666666666667,0.9616666666666667,0.0,0.7516666666666667,0.7516666666666667,0.0
190,0.9,50.0,1.1611019499599935,1.0092415351420643,1.0,31200,0,0.12021877230530476,0.21363665629040693,0.09341788398510217,True,0.1308974358974359,0.0004487179487179487,0.0034280117531831538,0.13044871794871796,0.85,0.13128205128205128,0.010512820512820513,0.080078125,0.12076923076923077,0.7695833333333333,1.4210854715202004e-14,344d34603b0f95614d1b637286d7c201880c5b495961219b90c1055e89ab8636,0.965,0.9633333333333334,0.0016666666666666668,0.735,0.7333333333333333,0.0016666666666666668
191,0.65,100.0,0.8336283195763827,0.8862286437302829,1.0,31200,0,0.1550091945233647,0.22807625993773945,0.07306706541437474,True,0.13112179487179487,0.006891025641025641,0.05255438768027377,0.12423076923076923,0.8608333333333333,0.13105769230769232,0.01358974358974359,0.1036928344338469,0.11746794871794872,0.7195833333333334,1.4210854715202004e-14,fc05565e073c570280c9b417c445a6cb4afaac19835cf75cb432bcded7f5197f,0.9616666666666667,0.915,0.04666666666666667,0.76,0.7175,0.0425
192,0.65,50.0,1.1677863396704198,1.0895987264811993,1.0,31200,0,0.22522302326292049,0.26835512906510495,0.04313210580218446,True,0.13153846153846155,0.016378205128205127,0.12451267056530214,0.11516025641025641,0.8354166666666667,0.13147435897435897,0.02205128205128205,0.16772306192101413,0.10942307692307693,0.62125,1.4210854715202004e-14,3870006c824253b08f8642d155b11a4ef1513d14a8db04dcb08a2a9b9ae7c83c,0.9791666666666666,0.8766666666666667,0.1025,0.6916666666666667,0.5708333333333333,0.12083333333333333
193,0.9,100.0,0.8406083423644305,0.8180804155766964,1.0,31200,0,0.11165008760216219,0.18947506808829945,0.07782498048613726,True,0.13099358974358974,0.0002564102564102564,0.0019574259848299485,0.1307371794871795,0.8620833333333333,0.13134615384615383,0.010608974358974359,0.08077110785749146,0.12073717948717949,0.76,1.4210854715202004e-14,4470feffcd4f036896e6ecdb676de5e42af984bf05940b1eb79805fa1770e4b9,0.955,0.9533333333333334,0.0016666666666666668,0.7691666666666667,0.7691666666666667,0.0
194,0.95,100.0,1.0040927026420832,1.1109383817762137,1.0,31200,0,0.1124344383911774,0.19156394647620792,0.07912950808503053,True,0.13121794871794873,0.00016025641025641026,0.0012212994626282364,0.13105769230769232,0.85875,0.1308653846153846,0.010320512820512821,0.07886358070046534,0.12054487179487179,0.7645833333333333,1.4210854715202004e-14,a50520b660f4b5e0dc7e691259b00a06828e71ef0ab0444b2848c8527b1919e3,0.97,0.9666666666666667,0.0033333333333333335,0.7475,0.7475,0.0
195,0.85,200.0,0.9750111602246762,0.984019222483039,1.0,31200,0,0.11353664380899721,0.19907457322996613,0.08553792942096893,True,0.13115384615384615,3.205128205128205e-05,0.00024437927663734115,0.13112179487179487,0.8545833333333334,0.13112179487179487,0.010608974358974359,0.08090931312637496,0.12051282051282051,0.7579166666666667,1.4210854715202004e-14,d62b962ca963ca2179edcaa6578abc37ea9c038e1532fb1eaad7256cf53b4bc1,0.9633333333333334,0.9625,0.0008333333333333334,0.7458333333333333,0.7458333333333333,0.0
196,0.75,100.0,0.8641325127333404,0.9165928523987532,1.0,31200,0,0.12633681630448326,0.2141644739970825,0.08782765769259923,True,0.1308974358974359,0.0020192307692307693,0.015426052889324192,0.12887820512820514,0.8533333333333334,0.13118589743589743,0.011185897435897436,0.08526752992914732,0.12,0.73875,1.4210854715202004e-14,4c939cfe9c38a873af20e8c5678e7cb6c878ab3bc2550abeb87cc1b51b73aada,0.9691666666666666,0.95,0.019166666666666665,0.7375,0.7208333333333333,0.016666666666666666
197,0.95,200.0,1.143091605603695,1.1880555104464294,1.0,31200,0,0.11366345763083359,0.19446712774633412,0.08080367011550053,True,0.13137820512820514,0.0,0.0,0.13137820512820514,0.8341666666666666,0.13118589743589743,0.01,0.07622770583923773,0.12118589743589743,0.76125,1.4210854715202004e-14,bfeed899e59c98a2866dc4970471148eea52f990a28ca308947e772afdbe1a1f,0.9716666666666667,0.9716666666666667,0.0,0.6966666666666667,0.6966666666666667,0.0
198,0.85,50.0,0.9015131413936616,0.8824793972074986,1.0,31200,0,0.11905414283501074,0.2162860137952896,0.09723187096027887,True,0.13112179487179487,0.0004166666666666667,0.0031777071620630653,0.1307051282051282,0.8645833333333334,0.13112179487179487,0.010673076923076922,0.08139819115130775,0.12044871794871795,0.7616666666666667,1.4210854715202004e-14,a1e177823f2b634dfc0a5fff6d7d2eaa4b8afff16ec8d2cf9297b5e2d573f2ce,0.9658333333333333,0.9591666666666666,0.006666666666666667,0.7633333333333333,0.7633333333333333,0.0
199,0.65,100.0,1.0787640031427146,1.009454292804003,1.0,31200,0,0.17181044934750844,0.23925195868007465,0.06744150933256621,True,0.13147435897435897,0.008717948717948718,0.06630911750365676,0.12275641025641025,0.8495833333333334,0.13128205128205128,0.015416666666666667,0.117431640625,0.11586538461538462,0.7029166666666666,1.4210854715202004e-14,f97727e90fa59395767cb599250951cdf88884329e80868d24eb601ea4eb13cc,0.9783333333333334,0.9225,0.05583333333333333,0.7208333333333333,0.6616666666666666,0.059166666666666666
200,0.65,100.0,0.9345239240676165,1.1700204212218523,1.0,31200,0,0.16533283427782278,0.23899161132739002,0.07365877704956725,True,0.13121794871794873,0.008814102564102564,0.067171470444553,0.12240384615384615,0.8404166666666667,0.1309294871794872,0.014358974358974359,0.10966952264381885,0.11657051282051283,0.7345833333333334,1.4210854715202004e-14,e7e4b7cd2980523d93df56f5d561fd6528c6c38f91ca3c1e36f7a7a77f46cf7c,0.9791666666666666,0.925,0.05416666666666667,0.7016666666666667,0.6508333333333334,0.050833333333333335
201,0.85,200.0,1.057075456529856,0.9470074702054263,1.0,31200,0,0.11426236932419115,0.19652833729499392,0.08226596797080277,True,0.13083333333333333,0.0,0.0,0.13083333333333333,0.8529166666666667,0.13141025641025642,0.010608974358974359,0.08073170731707317,0.12080128205128206,0.7629166666666667,1.4210854715202004e-14,912cb9aab7ff768a96823df71cfaf9c4ef50aac9fbca2f8b3c76c037bfd2e447,0.965,0.965,0.0,0.7408333333333333,0.7408333333333333,0.0
202,0.9,50.0,0.8998349927365781,1.028954203426838,1.0,31200,0,0.11681418014738738,0.20598414707280605,0.08916996692541866,True,0.13173076923076923,0.0003205128205128205,0.0024330900243309003,0.13141025641025642,0.8608333333333333,0.13099358974358974,0.010608974358974359,0.08098850012233913,0.12038461538461538,0.76375,1.4210854715202004e-14,a0037d9544391424e9637d56974f4a1cf09bd958ceca28394cd130ebf28b04ed,0.9725,0.9725,0.0,0.7491666666666666,0.7491666666666666,0.0
203,0.75,200.0,1.121067414060235,0.8504046007990838,1.0,31200,0,0.12224452097198399,0.21463931347156545,0.09239479249958146,True,0.13134615384615383,0.00125,0.00951683748169839,0.13009615384615383,0.8625,0.1314423076923077,0.010737179487179487,0.08168739331870276,0.1207051282051282,0.7625,1.4210854715202004e-14,aa446cdd159c4688163f7053cb11b1fbea945c7bc7e201be1bb069d17e21d2f8,0.97,0.9566666666666667,0.013333333333333334,0.755,0.7475,0.0075
204,0.85,50.0,1.0319397911429407,0.8485926866531373,1.0,31200,0,0.12513931171977594,0.21850295745633427,0.09336364573655834,True,0.13131410256410256,0.0010256410256410256,0.007810593116914816,0.13028846153846155,0.8691666666666666,0.13134615384615383,0.010833333333333334,0.08247925817471938,0.12051282051282051,0.7558333333333334,1.4210854715202004e-14,7cfba489e25c32a0478e0778c52346c9f36a84a5090033560638cb62cf84f75d,0.9575,0.9475,0.01,0.7808333333333334,0.7775,0.0033333333333333335
205,0.95,100.0,0.9608298193663359,1.0716612905263903,1.0,31200,0,0.11558987184165077,0.2015595359791454,0.08596966413749461,True,0.13102564102564102,3.205128205128205e-05,0.0002446183953033268,0.13099358974358974,0.8458333333333333,0.13112179487179487,0.010480769230769231,0.07993155707650941,0.12064102564102563,0.7620833333333333,1.4210854715202004e-14,092a2127e8f43c0d35c60e93d5cc10629c329ec44fd2cc1bb4a33838f0197553,0.9591666666666666,0.9583333333333334,0.0008333333333333334,0.7325,0.7325,0.0
206,0.9,50.0,1.1961765941232443,0.9520420793443919,1.0,31200,0,0.12622690922424065,0.21589863087547503,0.08967172165123438,True,0.1305448717948718,0.001153846153846154,0.00883869383746624,0.12939102564102564,0.84875,0.13128205128205128,0.010480769230769231,0.079833984375,0.12080128205128206,0.7629166666666667,1.4210854715202004e-14,dc3f0e318be83fe5206fa41f45bf721c45bdbc9d0b513f2a68d105478eab9a27,0.9625,0.9458333333333333,0.016666666666666666,0.735,0.7333333333333333,0.0016666666666666668
207,0.75,200.0,0.8235521972179414,1.1305359456688167,1.0,31200,0,0.11188959150254153,0.19946844105099384,0.08757884954845231,True,0.13096153846153846,0.0003525641025641026,0.0026921194322075378,0.13060897435897437,0.8404166666666667,0.13099358974358974,0.010705128205128206,0.08172253486665035,0.12028846153846154,0.755,1.4210854715202004e-14,35c6eeb58ba7ae62d8dcccdcc82f8a3935573d861ba9da48593922d759960a5b,0.9708333333333333,0.9675,0.0033333333333333335,0.71,0.71,0.0
208,0.75,50.0,1.0703285064548256,0.8933915477246046,1.0,31200,0,0.1477337017618129,0.23129061585443145,0.08355691409261853,True,0.13099358974358974,0.004391025641025641,0.03352091999021287,0.1266025641025641,0.8704166666666666,0.13134615384615383,0.013397435897435897,0.10200097608589556,0.11794871794871795,0.7508333333333334,1.4210854715202004e-14,462f72fa33caf75c8f9b0c0e6d133aa27e8cb5f27de37ba8372d6d7f8e06bf4b,0.9616666666666667,0.9358333333333333,0.025833333333333333,0.7791666666666667,0.7433333333333333,0.035833333333333335
209,0.9,200.0,0.9494004994630814,1.0140675555914642,1.0,31200,0,0.11161812723608033,0.19165847972138153,0.0800403524853012,True,0.13141025641025642,0.0,0.0,0.13141025641025642,0.85,0.13102564102564102,0.010608974358974359,0.08096868884540118,0.12041666666666667,0.7583333333333333,1.4210854715202004e-14,d52419ce647b1dc0fb625bb03ae9bf1fd0448a417a00970f3724570fba5ab0ba,0.96,0.96,0.0,0.74,0.74,0.0
210,0.95,50.0,1.107800628244877,0.908708081394434,1.0,31200,0,0.12296850670859676,0.2123654347428988,0.08939692803430203,True,0.1308974358974359,0.00022435897435897436,0.0017140058765915769,0.13067307692307692,0.8504166666666667,0.13118589743589743,0.009967948717948719,0.07598338626924017,0.12121794871794872,0.7633333333333333,1.4210854715202004e-14,0a1f76edda0d8416b81a965c9afdae2cd1d69a9375e36ebe375afbb243188af4,0.9541666666666667,0.9516666666666667,0.0025,0.7466666666666667,0.745,0.0016666666666666668
211,0.75,100.0,0.8849691014736891,1.1864695079624654,1.0,31200,0,0.1219141040818531,0.21474862704476166,0.09283452296290856,True,0.1308653846153846,0.0010256410256410256,0.007837374479549351,0.1298397435897436,0.8366666666666667,0.13105769230769232,0.010993589743589743,0.0838835901198337,0.12006410256410256,0.7508333333333334,1.4210854715202004e-14,96b5a93f5ee2ea579811c49f9a831515cd79a87b4a7a7cda8b44ff7bbfff4217,0.9725,0.9625,0.01,0.7008333333333333,0.6975,0.0033333333333333335
212,0.75,50.0,0.9740965597331525,1.1125735573470594,1.0,31200,0,0.13956388436346254,0.2279080476834396,0.08834416331997708,True,0.13118589743589743,0.003237179487179487,0.024676276569753238,0.12794871794871795,0.84,0.13115384615384615,0.012467948717948717,0.09506353861192571,0.11868589743589744,0.7233333333333334,1.4210854715202004e-14,ebe8fe7514d935252c65418a4633e623376498b9405689797f4c73e4ae5c952d,0.9658333333333333,0.9375,0.028333333333333332,0.7141666666666666,0.6991666666666667,0.015
213,0.9,200.0,1.0468056324869395,0.9918555341660977,1.0,31200,0,0.11143273194763764,0.19377176466659443,0.08233903271895679,True,0.13118589743589743,0.0,0.0,0.13118589743589743,0.8533333333333334,0.13096153846153846,0.010544871794871794,0.08051884483602545,0.12041666666666667,0.7608333333333334,1.4210854715202004e-14,ac5fe6eded822d34e2c235079bb25314dc29088b90d349c0a391023135b426f8,0.9708333333333333,0.9708333333333333,0.0,0.7358333333333333,0.7358333333333333,0.0
214,0.9,100.0,0.8102991987019778,1.0849362190812828,1.0,31200,0,0.11023108644719869,0.1891360290961525,0.07890494264895383,True,0.13157051282051282,0.0002564102564102564,0.00194884287454324,0.13131410256410256,0.8445833333333334,0.13118589743589743,0.010608974358974359,0.0808697776691913,0.12057692307692308,0.7708333333333334,1.4210854715202004e-14,345ba3d153fa8ff76456ab273cf0705eca5f2e3f18596a5da677feeb6e977c6f,0.9666666666666667,0.9666666666666667,0.0,0.7225,0.7225,0.0
215,0.65,200.0,1.181300062686205,0.807216700538993,1.0,31200,0,0.18142054570158592,0.2464051510019319,0.06498460530034597,True,0.13134615384615383,0.009455128205128204,0.07198633479746218,0.12189102564102564,0.87,0.13112179487179487,0.016794871794871796,0.12808604253238817,0.11432692307692308,0.6916666666666667,1.4210854715202004e-14,e892768d44105ab8cb89770e9e52f8af2ab34fed36f0d1f4c0b906aa8dd3daca,0.9725,0.9041666666666667,0.06833333333333333,0.7675,0.6916666666666667,0.07583333333333334
216,0.65,50.0,0.8257378607988358,0.9722822844982147,1.0,31200,0,0.186893563661117,0.2528159705785364,0.06592240691741938,True,0.13064102564102564,0.011346153846153846,0.08684985279685967,0.11929487179487179,0.8441666666666666,0.13121794871794873,0.019102564102564102,0.14557889594528578,0.11211538461538462,0.6641666666666667,1.4210854715202004e-14,1192522ed75a0c6272fb545c87afada52bb2c07c3f4778c8aa38d3773ab59913,0.9533333333333334,0.875,0.07833333333333334,0.735,0.6516666666666666,0.08333333333333333
217,0.85,100.0,1.1545394029468299,1.1445750147104263,1.0,31200,0,0.11619316790127276,0.20951629739622846,0.09332312949495569,True,0.13083333333333333,6.41025641025641e-05,0.0004899559039686428,0.13076923076923078,0.8345833333333333,0.13134615384615383,0.010801282051282052,0.08223523670082968,0.12054487179487179,0.7670833333333333,1.4210854715202004e-14,d00c457d0e556be002ce3de0466dfbfaa805bfb6d58f3d43089dd2551997fec5,0.9741666666666666,0.9725,0.0016666666666666668,0.695,0.695,0.0
218,0.95,100.0,0.9898709636181593,0.8251298133283854,1.0,31200,0,0.11398391698275348,0.1948260808726023,0.08084216388984883,True,0.13102564102564102,3.205128205128205e-05,0.0002446183953033268,0.13099358974358974,0.8645833333333334,0.1308974358974359,0.010320512820512821,0.07884427032321253,0.12057692307692308,0.75875,1.4210854715202004e-14,f9237be9c4d78de78c9ab85245433ac5613b49772131c68d310bb59b62886653,0.9641666666666666,0.9641666666666666,0.0,0.765,0.765,0.0
219,0.75,200.0,1.0173533692955972,1.0543996248394252,1.0,31200,0,0.11990918670330315,0.20659957781484986,0.08669039111154671,True,0.13099358974358974,0.0009935897435897436,0.007585025691216051,0.13,0.8416666666666667,0.13105769230769232,0.010769230769230769,0.08217168011738811,0.12028846153846154,0.7608333333333334,1.4210854715202004e-14,3ea6fd1565cbb1f03b6f7b2014cef56e31d1e79ac97518eef452a2134e633241,0.97,0.9591666666666666,0.010833333333333334,0.7133333333333334,0.7133333333333334,0.0
220,0.85,100.0,1.1282318476587534,1.0461666721850635,1.0,31200,0,0.12117921305862564,0.2128517849790151,0.09167257192038947,True,0.13131410256410256,0.0004487179487179487,0.003417134488650232,0.1308653846153846,0.8495833333333334,0.13115384615384615,0.010673076923076922,0.0813782991202346,0.12048076923076922,0.7641666666666667,1.4210854715202004e-14,2fe290340b3e4e6f65670e9a46585172023e9f454e02ac4c538cf87a595d8ca4,0.9716666666666667,0.9708333333333333,0.0008333333333333334,0.7275,0.7216666666666667,0.005833333333333334
221,0.95,200.0,0.8508718959987164,0.8739159572869539,1.0,31200,0,0.10895374197648051,0.18410686204377918,0.07515312006729867,True,0.13102564102564102,0.00016025641025641026,0.001223091976516634,0.1308653846153846,0.8645833333333334,0.1310897435897436,0.010608974358974359,0.08092909535452322,0.12048076923076922,0.7629166666666667,1.4210854715202004e-14,e23296229592bb2a5c7a1d881ca9fd8c6cfa9963890166c359d092d6fe36a85f,0.9616666666666667,0.9616666666666667,0.0,0.7675,0.7675,0.0
222,0.9,50.0,1.093634433299303,1.15603057295084,1.0,31200,0,0.12220277576669066,0.20928007120542963,0.08707729543873897,True,0.13147435897435897,0.0002884615384615385,0.0021940516821062897,0.13118589743589743,0.8516666666666667,0.13099358974358974,0.010512820512820513,0.0802544653780279,0.12048076923076922,0.7525,1.4210854715202004e-14,690b16d62100cd7287d4fb5b973fb145b3b8a2fd8dfa2d13aa03ce26d474bff7,0.9516666666666667,0.945,0.006666666666666667,0.7516666666666667,0.7516666666666667,0.0
223,0.65,200.0,0.9147600341588259,0.9267188534140587,1.0,31200,0,0.15014126435411163,0.22923863338612135,0.07909736903200973,True,0.13099358974358974,0.006057692307692307,0.046244188891607536,0.12493589743589743,0.8595833333333334,0.13121794871794873,0.012884615384615385,0.09819247679531021,0.11833333333333333,0.73625,1.4210854715202004e-14,954a100ffc30f3633711686dedfdabc6a137b7ed78e72a6f228511445e7e0a1d,0.9758333333333333,0.9283333333333333,0.0475,0.7433333333333333,0.7025,0.04083333333333333
224,0.65,100.0,0.890489162132144,0.8005841970443726,1.0,31200,0,0.16505232059710567,0.23897006068235133,0.07391774008524565,True,0.1308653846153846,0.007564102564102564,0.05780063678667646,0.12330128205128205,0.8720833333333333,0.1308653846153846,0.015384615384615385,0.11756061719324026,0.11548076923076923,0.7120833333333333,1.4210854715202004e-14,db8f60eadfe31a43040e4bfc34eaf38d7ec097234bfd47002f4f04f493b48c84,0.9666666666666667,0.9233333333333333,0.043333333333333335,0.7775,0.7216666666666667,0.05583333333333333
225,0.9,200.0,1.1179132208228113,1.0790658563375475,1.0,31200,0,0.11470160915828254,0.19888605164949036,0.08418444249120782,True,0.13147435897435897,0.0,0.0,0.13147435897435897,0.8525,0.13137820512820514,0.010576923076923078,0.08050744083922907,0.12080128205128206,0.7670833333333333,1.4210854715202004e-14,ef190625a4a918609bec0e4f82fb8b11767f290f6bfbffbe1c0bf1239031f457,0.9725,0.9725,0.0,0.7325,0.7325,0.0
226,0.95,50.0,0.9251293122768403,0.9969255689531565,1.0,31200,0,0.1178730671741547,0.20744699557902294,0.08957392840486823,True,0.1305448717948718,0.0002564102564102564,0.001964154186103609,0.13028846153846155,0.855,0.13125,0.010384615384615384,0.07912087912087912,0.12086538461538461,0.7704166666666666,1.4210854715202004e-14,47d3ab83db64e8d3df85a24b1943527084a29248bfdeec7c49cf7ec67da7454c,0.9541666666666667,0.9541666666666667,0.0,0.7558333333333334,0.7541666666666667,0.0016666666666666668
227,0.85,100.0,1.0539701398462058,1.1200063798576594,1.0,31200,0,0.11876132454072438,0.20589935163043377,0.08713802708970939,True,0.13128205128205128,0.0004166666666666667,0.003173828125,0.1308653846153846,0.84375,0.1308974358974359,0.01064102564102564,0.08129285014691479,0.12025641025641026,0.7583333333333333,1.4210854715202004e-14,444a68d162f24651a9b281c83661a025c9a1280a1fa2df619a7de1aa8f0fc53d,0.9666666666666667,0.96,0.006666666666666667,0.7208333333333333,0.7208333333333333,0.0
228,0.75,50.0,1.1929739750921726,1.1806091148406268,1.0,31200,0,0.15979733145157163,0.2391793664786231,0.07938203502705146,True,0.13115384615384615,0.00608974358974359,0.04643206256109482,0.12506410256410255,0.8345833333333333,0.13134615384615383,0.014711538461538462,0.11200585651537336,0.11663461538461538,0.7241666666666666,1.4210854715202004e-14,7d8c3a9adc7355bdf5170b566e0e8939798f9df0c928ae963bcffc12ab4d68b7,0.9875,0.9658333333333333,0.021666666666666667,0.6816666666666666,0.6391666666666667,0.0425
229,0.95,100.0,0.8142548400908709,0.9020717192441225,1.0,31200,0,0.11114655703402866,0.1891369501958995,0.07799039316187083,True,0.13096153846153846,0.0002884615384615385,0.0022026431718061676,0.13067307692307692,0.8545833333333334,0.13121794871794873,0.010576923076923078,0.0806057645334636,0.12064102564102563,0.7620833333333333,1.4210854715202004e-14,c930ee5a57eab63d5593a89687b168da069426865fbf8bc67ae22b976bc6e381,0.9508333333333333,0.9508333333333333,0.0,0.7583333333333333,0.7583333333333333,0.0
230,0.85,100.0,1.0288836095482112,1.0214905098080636,1.0,31200,0,0.11816219768330195,0.21097323800480106,0.0928110403214991,True,0.1308653846153846,0.00016025641025641026,0.0012245897624295861,0.1307051282051282,0.84875,0.13112179487179487,0.010608974358974359,0.08090931312637496,0.12051282051282051,0.7679166666666667,1.4210854715202004e-14,b8ff53f59cb696e427aa6bd01f0260b3b0934bfbf9d0aac926fa97aff3a12a8e,0.9658333333333333,0.9658333333333333,0.0,0.7316666666666667,0.7316666666666667,0.0
231,0.65,200.0,0.9513859294354916,0.8984653517603874,1.0,31200,0,0.1484969963082154,0.22568035798135125,0.07718336167313586,True,0.13099358974358974,0.006025641025641026,0.04599951064350379,0.12496794871794872,0.8620833333333333,0.13121794871794873,0.013076923076923076,0.09965803615046409,0.11814102564102565,0.7225,1.4210854715202004e-14,4aa096857353ff73cca69dbcca59f4424bf5c2e27ccb75eb8c10f7b62e917268,0.9766666666666667,0.9241666666666667,0.0525,0.7475,0.7183333333333334,0.029166666666666667
232,0.65,50.0,1.0071519359946253,0.9341325920075179,1.0,31200,0,0.20375675587516276,0.26047351340663993,0.056716757531477174,True,0.13076923076923078,0.013493589743589744,0.10318627450980392,0.11727564102564103,0.85,0.13118589743589743,0.02076923076923077,0.1583190813584168,0.11041666666666666,0.675,1.4210854715202004e-14,dc8273a3c06aef3784f8f91fa141dcb4135f4060cbd87f2f0f28b71019b6232e,0.9466666666666667,0.8658333333333333,0.08083333333333333,0.7533333333333333,0.6625,0.09083333333333334
233,0.85,200.0,0.984451998397708,1.1611196946352722,1.0,31200,0,0.11131701007375501,0.19343633198090057,0.08211932190714556,True,0.13163461538461538,0.0,0.0,0.13163461538461538,0.84125,0.13115384615384615,0.010608974358974359,0.08088954056695992,0.12054487179487179,0.76375,1.4210854715202004e-14,64da50e7cc5ee49c5b56a5b7c8460e1638ddb9c514f3b3c144e0f1b04f8be739,0.975,0.975,0.0,0.7075,0.7075,0.0
234,0.95,100.0,1.170992010459304,0.868064657598734,1.0,31200,0,0.11568467914026467,0.20211247070527766,0.08642779156501298,True,0.1308653846153846,0.0,0.0,0.1308653846153846,0.8645833333333334,0.13096153846153846,0.009807692307692307,0.07488986784140969,0.12115384615384615,0.7741666666666667,1.4210854715202004e-14,ed6c01b97f84c1c1ffa2b5859c9a859041310e6301de40f102bcb9e18b690946,0.9683333333333334,0.9683333333333334,0.0,0.7608333333333334,0.7608333333333334,0.0
235,0.75,200.0,0.8499026477336884,1.0395151086151602,1.0,31200,0,0.11214142627021649,0.19713392925941678,0.08499250298920029,True,0.13131410256410256,0.0004807692307692308,0.00366121552355382,0.13083333333333333,0.8458333333333333,0.13125,0.01064102564102564,0.08107448107448108,0.12060897435897436,0.7545833333333334,1.4210854715202004e-14,7bfeee1cfe79318197edd634818e2c6ae979d7d3801240124777402daf992b6f,0.9733333333333334,0.9683333333333334,0.005,0.7183333333333334,0.7175,0.0008333333333333334
236,0.85,50.0,0.9109047014266253,1.059478782862425,1.0,31200,0,0.1172970655980126,0.21291856976735782,0.09562150416934521,True,0.13112179487179487,0.0004166666666666667,0.0031777071620630653,0.1307051282051282,0.85375,0.13112179487179487,0.010833333333333334,0.0826203862136397,0.12028846153846154,0.7779166666666667,1.4210854715202004e-14,3c00eb222a78cfdb43b97e400264d2c783907ee030cc889e2dbca126fa06c0d2,0.9666666666666667,0.9641666666666666,0.0025,0.7408333333333333,0.7408333333333333,0.0
237,0.95,200.0,1.0818723715841772,0.8325474165380001,1.0,31200,0,0.11084410888880104,0.1914386162179423,0.08059450732914127,True,0.1307371794871795,0.0,0.0,0.1307371794871795,0.8654166666666666,0.1308974358974359,0.01016025641025641,0.07761998041136141,0.12073717948717949,0.7604166666666666,1.4210854715202004e-14,e8c32470c611b91ddff6429125b281921c33eedd023b769c02ed760c4dc0b37d,0.9666666666666667,0.9666666666666667,0.0,0.7641666666666667,0.7641666666666667,0.0
238,0.9,50.0,0.8734752915799618,1.1379333253949881,1.0,31200,0,0.11610323750594113,0.20508422605992566,0.08898098855398452,True,0.1310897435897436,0.00022435897435897436,0.0017114914425427872,0.1308653846153846,0.8383333333333334,0.13125,0.010608974358974359,0.08083028083028083,0.12064102564102563,0.7670833333333333,1.4210854715202004e-14,c7e8611911ba8911b5cc54e242b0f2bb0a75147d4a7a1628a0533632151bd798,0.9591666666666666,0.9591666666666666,0.0,0.7175,0.7175,0.0
239,0.65,100.0,1.1462488505989314,0.9664272215217352,1.0,31200,0,0.18296971561270722,0.24521023876405504,0.062240523151347815,True,0.13102564102564102,0.01064102564102564,0.0812133072407045,0.12038461538461538,0.85125,0.1310897435897436,0.016217948717948717,0.12371638141809291,0.11487179487179487,0.70375,1.4210854715202004e-14,25f47fa72f4bdfc54c5420c319ccd8ae055e5af5e81e67bf4d5d2731916f8877,0.9825,0.8941666666666667,0.08833333333333333,0.72,0.6533333333333333,0.06666666666666667
240,0.75,50.0,0.9992751352488995,1.0043771881610155,1.0,31200,0,0.13805726016067163,0.2311629403834955,0.09310568022282387,True,0.13096153846153846,0.0034294871794871796,0.026186979931473325,0.12753205128205128,0.8529166666666667,0.1310897435897436,0.013173076923076923,0.10048899755501223,0.11791666666666667,0.7370833333333333,1.4210854715202004e-14,ae524030192842c5eb1f6a2969268fb08db96aee677acbe6a4112b125c3a62fe,0.9708333333333333,0.9391666666666667,0.03166666666666667,0.735,0.7108333333333333,0.024166666666666666
241,0.9,100.0,1.020449173822999,0.8750532615929842,1.0,31200,0,0.11596734195756576,0.20351437890317114,0.08754703694560538,True,0.13115384615384615,0.0001282051282051282,0.0009775171065493646,0.13102564102564102,0.85625,0.13128205128205128,0.010576923076923078,0.08056640625,0.1207051282051282,0.7641666666666667,1.4210854715202004e-14,1b68be9a92f1692a8a314cf28a7eb7a6e5cdc7b3d5b7df5b80c086a3bd8af043,0.9616666666666667,0.9583333333333334,0.0033333333333333335,0.7508333333333334,0.7508333333333334,0.0
242,0.95,50.0,0.8350932527333499,1.194695056974888,1.0,31200,0,0.11212892325155838,0.1972121866989773,0.08508326344741893,True,0.13115384615384615,0.0002564102564102564,0.0019550342130987292,0.1308974358974359,0.8354166666666667,0.1310897435897436,0.010512820512820513,0.08019559902200489,0.12057692307692308,0.7629166666666667,1.4210854715202004e-14,40db06e01b12d02709131b6715e87dc2f3af442bde3899c0091301c1568be976,0.9675,0.9675,0.0,0.7033333333333334,0.7033333333333334,0.0
243,0.85,200.0,1.1576840825378896,0.9224565491080284,1.0,31200,0,0.11681435701401702,0.20451481277600608,0.08770045576198907,True,0.13099358974358974,9.615384615384615e-05,0.0007340347443112308,0.1308974358974359,0.8570833333333333,0.13076923076923078,0.010576923076923078,0.08088235294117647,0.1201923076923077,0.76125,1.4210854715202004e-14,f344f06950dc2115aa97769d7ff82f7e9777b4034921bfb82204592ee8f56e8b,0.9683333333333334,0.9683333333333334,0.0,0.7458333333333333,0.7441666666666666,0.0016666666666666668
244,0.75,100.0,1.0966818179935218,0.9765892207622529,1.0,31200,0,0.12793640872638753,0.22122555490577078,0.09328914617938325,True,0.13102564102564102,0.0015705128205128205,0.011986301369863013,0.1294551282051282,0.8520833333333333,0.13125,0.011794871794871795,0.08986568986568987,0.1194551282051282,0.7445833333333334,1.4210854715202004e-14,944eded0dd92dc7c2e99376d0cb0251c768b7dfc1f7ada794856cd9c94469838,0.98,0.96,0.02,0.7241666666666666,0.7158333333333333,0.008333333333333333
245,0.9,200.0,0.9242126733064652,1.1058712393045427,1.0,31200,0,0.11071847178306377,0.19030886538075337,0.0795903935976896,True,0.13121794871794873,0.0,0.0,0.13121794871794873,0.8416666666666667,0.13096153846153846,0.010608974358974359,0.08100832109642682,0.1203525641025641,0.7616666666666667,1.4210854715202004e-14,6b1a82f130a6956e3ac54a4584cdf030348e09fca485d8b42162d4ba7a880187,0.9691666666666666,0.9691666666666666,0.0,0.7141666666666666,0.7141666666666666,0.0
246,0.85,50.0,1.1314256682991983,0.8239478770643474,1.0,31200,0,0.13178352205258317,0.2223082269423481,0.09052470488976494,True,0.1309294871794872,0.0017948717948717949,0.013708690330477356,0.12913461538461538,0.8654166666666666,0.13118589743589743,0.011282051282051283,0.08600048863913999,0.11990384615384615,0.7675,1.4210854715202004e-14,542ddb4e6b5476db703d5f37394668b0d3eadc96d2c99a60a2fdda9365a8162c,0.9691666666666666,0.9683333333333334,0.0008333333333333334,0.7616666666666667,0.7375,0.024166666666666666
247,0.65,200.0,0.8601780038326979,1.0962284002453089,1.0,31200,0,0.1425422421976638,0.22163870123672968,0.0790964590390659,True,0.13112179487179487,0.005,0.03813248594475678,0.12612179487179487,0.8425,0.13153846153846155,0.012307692307692308,0.0935672514619883,0.11923076923076924,0.7354166666666667,1.4210854715202004e-14,e3d9582f05de363868ef5a31dcb4d0a41c01fad102a8acc7f47ede855196583b,0.97,0.9183333333333333,0.051666666666666666,0.715,0.6925,0.0225
248,0.65,50.0,1.1046098593622447,1.1363942913711071,1.0,31200,0,0.21302294877325198,0.26104927693995494,0.048026328166702964,True,0.13121794871794873,0.014807692307692308,0.11284807034684904,0.11641025641025642,0.8454166666666667,0.13125,0.020032051282051284,0.15262515262515264,0.11121794871794871,0.68375,1.4210854715202004e-14,b838b62ec0cd6c8f1387d139d213ec6ed917aac3bcd92fa658857e02a51162a3,0.9716666666666667,0.8491666666666666,0.1225,0.7191666666666666,0.6383333333333333,0.08083333333333333
249,0.85,200.0,0.8756599418818951,0.9586869798600675,1.0,31200,0,0.10957129435208164,0.18931236659637007,0.07974107224428843,True,0.13099358974358974,3.205128205128205e-05,0.00024467824810374357,0.13096153846153846,0.8508333333333333,0.1314423076923077,0.010608974358974359,0.08071202145818093,0.12083333333333333,0.7629166666666667,1.4210854715202004e-14,71be56e8495b6b8a5e5d345c84bef2778635de27c36120068e6dc4f5045bc338,0.965,0.965,0.0,0.7366666666666667,0.7366666666666667,0.0
250,0.95,50.0,1.0672841735184193,1.064240485057235,1.0,31200,0,0.11721654192174512,0.2037200809058825,0.08650353898413739,True,0.13163461538461538,0.0001282051282051282,0.0009739469198928658,0.13150641025641024,0.8595833333333334,0.13112179487179487,0.009935897435897435,0.07577609386458078,0.12118589743589743,0.7775,1.4210854715202004e-14,05d9350e584e4b1ba9160e1df2526e14a8e5578efa87d06684cd004cced50477,0.9733333333333334,0.9716666666666667,0.0016666666666666668,0.7458333333333333,0.745,0.0008333333333333334
251,0.75,100.0,0.9399448085576296,0.8435102548450232,1.0,31200,0,0.12554675252924496,0.21282791778417595,0.08728116525493099,True,0.1307371794871795,0.0013782051282051281,0.01054179946065212,0.12935897435897437,0.8691666666666666,0.1314423076923077,0.011378205128205128,0.08656425262131187,0.12006410256410256,0.7541666666666667,1.4210854715202004e-14,067c7f0233ebaef7a92cf5d9d7092a2ffb6c1a8242c790ba87dbc6547a9c412c,0.9675,0.955,0.0125,0.7708333333333334,0.7616666666666667,0.009166666666666667
252,0.85,50.0,0.8009407550096512,0.8570533614605665,1.0,31200,0,0.11659311308909104,0.2073530074188133,0.09075989432972226,True,0.13102564102564102,0.0007371794871794872,0.005626223091976516,0.13028846153846155,0.8641666666666666,0.13118589743589743,0.010737179487179487,0.08184705594918153,0.12044871794871795,0.7675,1.4210854715202004e-14,a5a28b2b9b6cc4f87e2fcb501ef4abd4e1727d11fa813d366ecc27f989d7729d,0.9675,0.9641666666666666,0.0033333333333333335,0.7608333333333334,0.7608333333333334,0.0
253,0.95,100.0,1.178158434852958,1.034802580997348,1.0,31200,0,0.11821046315203766,0.2036003566933563,0.08538989354131864,True,0.13112179487179487,9.615384615384615e-05,0.0007333170373991689,0.13102564102564102,0.85,0.13112179487179487,0.010128205128205128,0.07724272793937913,0.12099358974358974,0.7620833333333333,1.4210854715202004e-14,a476cf3bc3c2c25da1c56cb2db12e83bb03797dc7c7ad04cf4670682baf4a23f,0.9683333333333334,0.9658333333333333,0.0025,0.7316666666666667,0.7316666666666667,0.0
254,0.9,100.0,0.9646893363445997,0.9419212676584721,1.0,31200,0,0.11595150857582706,0.20193066103479898,0.08597915245897192,True,0.13118589743589743,0.0,0.0,0.13118589743589743,0.8541666666666666,0.13112179487179487,0.010576923076923078,0.08066487411390857,0.12054487179487179,0.7579166666666667,1.4210854715202004e-14,5920c5a1e66fbaea7d2a228a970175187ff75752f029435bafb5b6f8b099eef6,0.9591666666666666,0.9591666666666666,0.0,0.7491666666666666,0.7491666666666666,0.0
255,0.65,200.0,1.04371287971735,1.1626094825565816,1.0,31200,0,0.15490748391679343,0.22533084576046922,0.07042336184367579,True,0.1307051282051282,0.0064423076923076925,0.049288867091711625,0.12426282051282052,0.835,0.13118589743589743,0.012788461538461538,0.09748350842902516,0.1183974358974359,0.72875,1.4210854715202004e-14,afbe02308fb5e01b69a4f61dca615bce58bb1abdb4ca5368aa51caf37fb545c6,0.9783333333333334,0.925,0.05333333333333334,0.6916666666666667,0.66,0.03166666666666667
