id,event_id,episode_id,sid,task_id,task_instruction,object_label,window,reference_ready,setting,image,prompt_text_sha256
habit_test_00001,000124_01,000124,S7025,task_03,Release the Organizing box you were holding.,Organizing box,early,0,all_five,images/test_image_00001.jpg,208ce7277c66155db7a367ab0d989a18b7df68cba97890474eadec1a33ef30a9
habit_test_00002,000124_01,000124,S7025,task_03,Release the Organizing box you were holding.,Organizing box,ready,1,all_five,images/test_image_00002.jpg,208ce7277c66155db7a367ab0d989a18b7df68cba97890474eadec1a33ef30a9
habit_test_00003,000124_02,000124,S7025,task_03,Release the Organizing box you were holding.,Organizing box,early,0,all_five,images/test_image_00003.jpg,208ce7277c66155db7a367ab0d989a18b7df68cba97890474eadec1a33ef30a9
habit_test_00004,000124_02,000124,S7025,task_03,Release the Organizing box you were holding.,Organizing box,ready,1,all_five,images/test_image_00004.jpg,208ce7277c66155db7a367ab0d989a18b7df68cba97890474eadec1a33ef30a9
habit_test_00005,000126_01,000126,S7025,task_03,Release the Organizing box you were holding.,Organizing box,early,0,all_five,images/test_image_00005.jpg,208ce7277c66155db7a367ab0d989a18b7df68cba97890474eadec1a33ef30a9
habit_test_00006,000126_01,000126,S7025,task_03,Release the Organizing box you were holding.,Organizing box,ready,1,all_five,images/test_image_00006.jpg,208ce7277c66155db7a367ab0d989a18b7df68cba97890474eadec1a33ef30a9
habit_test_00007,000126_02,000126,S7025,task_03,Release the Organizing box you were holding.,Organizing box,early,0,all_five,images/test_image_00007.jpg,208ce7277c66155db7a367ab0d989a18b7df68cba97890474eadec1a33ef30a9
habit_test_00008,000126_02,000126,S7025,task_03,Release the Organizing box you were holding.,Organizing box,ready,1,all_five,images/test_image_00008.jpg,208ce7277c66155db7a367ab0d989a18b7df68cba97890474eadec1a33ef30a9
habit_test_00009,000128_01,000128,S7025,task_03,Release the Organizing box you were holding.,Organizing box,early,0,all_five,images/test_image_00009.jpg,208ce7277c66155db7a367ab0d989a18b7df68cba97890474eadec1a33ef30a9
habit_test_00010,000128_01,000128,S7025,task_03,Release the Organizing box you were holding.,Organizing box,ready,1,all_five,images/test_image_00010.jpg,208ce7277c66155db7a367ab0d989a18b7df68cba97890474eadec1a33ef30a9
habit_test_00011,000128_02,000128,S7025,task_03,Release the Organizing box you were holding.,Organizing box,early,0,all_five,images/test_image_00011.jpg,208ce7277c66155db7a367ab0d989a18b7df68cba97890474eadec1a33ef30a9
habit_test_00012,000128_02,000128,S7025,task_03,Release the Organizing box you were holding.,Organizing box,ready,1,all_five,images/test_image_00012.jpg,208ce7277c66155db7a367ab0d989a18b7df68cba97890474eadec1a33ef30a9
habit_test_00013,000129_01,000129,S7025,task_03,Release the Organizing box you were holding.,Organizing box,early,0,all_five,images/test_image_00013.jpg,208ce7277c66155db7a367ab0d989a18b7df68cba97890474eadec1a33ef30a9
habit_test_00014,000129_01,000129,S7025,task_03,Release the Organizing box you were holding.,Organizing box,ready,1,all_five,images/test_image_00014.jpg,208ce7277c66155db7a367ab0d989a18b7df68cba97890474eadec1a33ef30a9
habit_test_00015,000129_02,000129,S7025,task_03,Release the Organizing box you were holding.,Organizing box,early,0,all_five,images/test_image_00015.jpg,208ce7277c66155db7a367ab0d989a18b7df68cba97890474eadec1a33ef30a9
habit_test_00016,000129_02,000129,S7025,task_03,Release the Organizing box you were holding.,Organizing box,ready,1,all_five,images/test_image_00016.jpg,208ce7277c66155db7a367ab0d989a18b7df68cba97890474eadec1a33ef30a9
habit_test_00017,000130_01,000130,S7025,task_03,Release the Organizing box you were holding.,Organizing box,early,0,all_five,images/test_image_00017.jpg,208ce7277c66155db7a367ab0d989a18b7df68cba97890474eadec1a33ef30a9
habit_test_00018,000130_01,000130,S7025,task_03,Release the Organizing box you were holding.,Organizing box,ready,1,all_five,images/test_image_00018.jpg,208ce7277c66155db7a367ab0d989a18b7df68cba97890474eadec1a33ef30a9
habit_test_00019,000130_02,000130,S7025,task_03,Release the Organizing box you were holding.,Organizing box,early,0,all_five,images/test_image_00019.jpg,208ce7277c66155db7a367ab0d989a18b7df68cba97890474eadec1a33ef30a9
habit_test_00020,000130_02,000130,S7025,task_03,Release the Organizing box you were holding.,Organizing box,ready,1,all_five,images/test_image_00020.jpg,208ce7277c66155db7a367ab0d989a18b7df68cba97890474eadec1a33ef30a9
habit_test_00021,000131_01,000131,S7025,task_03,Release the Organizing box you were holding.,Organizing box,early,0,all_five,images/test_image_00021.jpg,208ce7277c66155db7a367ab0d989a18b7df68cba97890474eadec1a33ef30a9
habit_test_00022,000131_01,000131,S7025,task_03,Release the Organizing box you were holding.,Organizing box,ready,1,all_five,images/test_image_00022.jpg,208ce7277c66155db7a367ab0d989a18b7df68cba97890474eadec1a33ef30a9
habit_test_00023,000131_02,000131,S7025,task_03,Release the Organizing box you were holding.,Organizing box,early,0,all_five,images/test_image_00023.jpg,208ce7277c66155db7a367ab0d989a18b7df68cba97890474eadec1a33ef30a9
habit_test_00024,000131_02,000131,S7025,task_03,Release the Organizing box you were holding.,Organizing box,ready,1,all_five,images/test_image_00024.jpg,208ce7277c66155db7a367ab0d989a18b7df68cba97890474eadec1a33ef30a9
habit_test_00025,000132_01,000132,S7025,task_03,Release the Organizing box you were holding.,Organizing box,early,0,all_five,images/test_image_00025.jpg,208ce7277c66155db7a367ab0d989a18b7df68cba97890474eadec1a33ef30a9
habit_test_00026,000132_01,000132,S7025,task_03,Release the Organizing box you were holding.,Organizing box,ready,1,all_five,images/test_image_00026.jpg,208ce7277c66155db7a367ab0d989a18b7df68cba97890474eadec1a33ef30a9
habit_test_00027,000132_02,000132,S7025,task_03,Release the Organizing box you were holding.,Organizing box,early,0,all_five,images/test_image_00027.jpg,208ce7277c66155db7a367ab0d989a18b7df68cba97890474eadec1a33ef30a9
habit_test_00028,000132_02,000132,S7025,task_03,Release the Organizing box you were holding.,Organizing box,ready,1,all_five,images/test_image_00028.jpg,208ce7277c66155db7a367ab0d989a18b7df68cba97890474eadec1a33ef30a9
habit_test_00029,000133_01,000133,S7025,task_03,Release the Organizing box you were holding.,Organizing box,early,0,all_five,images/test_image_00029.jpg,208ce7277c66155db7a367ab0d989a18b7df68cba97890474eadec1a33ef30a9
habit_test_00030,000133_01,000133,S7025,task_03,Release the Organizing box you were holding.,Organizing box,ready,1,all_five,images/test_image_00030.jpg,208ce7277c66155db7a367ab0d989a18b7df68cba97890474eadec1a33ef30a9
habit_test_00031,000133_02,000133,S7025,task_03,Release the Organizing box you were holding.,Organizing box,early,0,all_five,images/test_image_00031.jpg,208ce7277c66155db7a367ab0d989a18b7df68cba97890474eadec1a33ef30a9
habit_test_00032,000133_02,000133,S7025,task_03,Release the Organizing box you were holding.,Organizing box,ready,1,all_five,images/test_image_00032.jpg,208ce7277c66155db7a367ab0d989a18b7df68cba97890474eadec1a33ef30a9
habit_test_00033,000135_01,000135,S7025,task_03,Release the Organizing box you were holding.,Organizing box,early,0,all_five,images/test_image_00033.jpg,208ce7277c66155db7a367ab0d989a18b7df68cba97890474eadec1a33ef30a9
habit_test_00034,000135_01,000135,S7025,task_03,Release the Organizing box you were holding.,Organizing box,ready,1,all_five,images/test_image_00034.jpg,208ce7277c66155db7a367ab0d989a18b7df68cba97890474eadec1a33ef30a9
habit_test_00035,000135_02,000135,S7025,task_03,Release the Organizing box you were holding.,Organizing box,early,0,all_five,images/test_image_00035.jpg,208ce7277c66155db7a367ab0d989a18b7df68cba97890474eadec1a33ef30a9
habit_test_00036,000135_02,000135,S7025,task_03,Release the Organizing box you were holding.,Organizing box,ready,1,all_five,images/test_image_00036.jpg,208ce7277c66155db7a367ab0d989a18b7df68cba97890474eadec1a33ef30a9
habit_test_00037,000137_01,000137,S7025,task_03,Release the Organizing box you were holding.,Organizing box,early,0,all_five,images/test_image_00037.jpg,208ce7277c66155db7a367ab0d989a18b7df68cba97890474eadec1a33ef30a9
habit_test_00038,000137_01,000137,S7025,task_03,Release the Organizing box you were holding.,Organizing box,ready,1,all_five,images/test_image_00038.jpg,208ce7277c66155db7a367ab0d989a18b7df68cba97890474eadec1a33ef30a9
habit_test_00039,000137_02,000137,S7025,task_03,Release the Organizing box you were holding.,Organizing box,early,0,all_five,images/test_image_00039.jpg,208ce7277c66155db7a367ab0d989a18b7df68cba97890474eadec1a33ef30a9
habit_test_00040,000137_02,000137,S7025,task_03,Release the Organizing box you were holding.,Organizing box,ready,1,all_five,images/test_image_00040.jpg,208ce7277c66155db7a367ab0d989a18b7df68cba97890474eadec1a33ef30a9
habit_test_00041,000138_01,000138,S7025,task_03,Release the Organizing box you were holding.,Organizing box,early,0,all_five,images/test_image_00041.jpg,208ce7277c66155db7a367ab0d989a18b7df68cba97890474eadec1a33ef30a9
habit_test_00042,000138_01,000138,S7025,task_03,Release the Organizing box you were holding.,Organizing box,ready,1,all_five,images/test_image_00042.jpg,208ce7277c66155db7a367ab0d989a18b7df68cba97890474eadec1a33ef30a9
habit_test_00043,000138_02,000138,S7025,task_03,Release the Organizing box you were holding.,Organizing box,early,0,all_five,images/test_image_00043.jpg,208ce7277c66155db7a367ab0d989a18b7df68cba97890474eadec1a33ef30a9
habit_test_00044,000138_02,000138,S7025,task_03,Release the Organizing box you were holding.,Organizing box,ready,1,all_five,images/test_image_00044.jpg,208ce7277c66155db7a367ab0d989a18b7df68cba97890474eadec1a33ef30a9
habit_test_00045,000141_01,000141,S7025,task_03,Release the Organizing box you were holding.,Organizing box,early,0,all_five,images/test_image_00045.jpg,208ce7277c66155db7a367ab0d989a18b7df68cba97890474eadec1a33ef30a9
habit_test_00046,000141_01,000141,S7025,task_03,Release the Organizing box you were holding.,Organizing box,ready,1,all_five,images/test_image_00046.jpg,208ce7277c66155db7a367ab0d989a18b7df68cba97890474eadec1a33ef30a9
habit_test_00047,000141_02,000141,S7025,task_03,Release the Organizing box you were holding.,Organizing box,early,0,all_five,images/test_image_00047.jpg,208ce7277c66155db7a367ab0d989a18b7df68cba97890474eadec1a33ef30a9
habit_test_00048,000141_02,000141,S7025,task_03,Release the Organizing box you were holding.,Organizing box,ready,1,all_five,images/test_image_00048.jpg,208ce7277c66155db7a367ab0d989a18b7df68cba97890474eadec1a33ef30a9
habit_test_00049,000142_01,000142,S7025,task_03,Release the Organizing box you were holding.,Organizing box,early,0,all_five,images/test_image_00049.jpg,208ce7277c66155db7a367ab0d989a18b7df68cba97890474eadec1a33ef30a9
habit_test_00050,000142_01,000142,S7025,task_03,Release the Organizing box you were holding.,Organizing box,ready,1,all_five,images/test_image_00050.jpg,208ce7277c66155db7a367ab0d989a18b7df68cba97890474eadec1a33ef30a9
habit_test_00051,000142_02,000142,S7025,task_03,Release the Organizing box you were holding.,Organizing box,early,0,all_five,images/test_image_00051.jpg,208ce7277c66155db7a367ab0d989a18b7df68cba97890474eadec1a33ef30a9
habit_test_00052,000142_02,000142,S7025,task_03,Release the Organizing box you were holding.,Organizing box,ready,1,all_five,images/test_image_00052.jpg,208ce7277c66155db7a367ab0d989a18b7df68cba97890474eadec1a33ef30a9
habit_test_00053,000143_01,000143,S7025,task_03,Release the Organizing box you were holding.,Organizing box,early,0,all_five,images/test_image_00053.jpg,208ce7277c66155db7a367ab0d989a18b7df68cba97890474eadec1a33ef30a9
habit_test_00054,000143_01,000143,S7025,task_03,Release the Organizing box you were holding.,Organizing box,ready,1,all_five,images/test_image_00054.jpg,208ce7277c66155db7a367ab0d989a18b7df68cba97890474eadec1a33ef30a9
habit_test_00055,000143_02,000143,S7025,task_03,Release the Organizing box you were holding.,Organizing box,early,0,all_five,images/test_image_00055.jpg,208ce7277c66155db7a367ab0d989a18b7df68cba97890474eadec1a33ef30a9
habit_test_00056,000143_02,000143,S7025,task_03,Release the Organizing box you were holding.,Organizing box,ready,1,all_five,images/test_image_00056.jpg,208ce7277c66155db7a367ab0d989a18b7df68cba97890474eadec1a33ef30a9
habit_test_00057,000144_01,000144,S7025,task_03,Release the Organizing box you were holding.,Organizing box,early,0,all_five,images/test_image_00057.jpg,208ce7277c66155db7a367ab0d989a18b7df68cba97890474eadec1a33ef30a9
habit_test_00058,000144_01,000144,S7025,task_03,Release the Organizing box you were holding.,Organizing box,ready,1,all_five,images/test_image_00058.jpg,208ce7277c66155db7a367ab0d989a18b7df68cba97890474eadec1a33ef30a9
habit_test_00059,000144_02,000144,S7025,task_03,Release the Organizing box you were holding.,Organizing box,early,0,all_five,images/test_image_00059.jpg,208ce7277c66155db7a367ab0d989a18b7df68cba97890474eadec1a33ef30a9
habit_test_00060,000144_02,000144,S7025,task_03,Release the Organizing box you were holding.,Organizing box,ready,1,all_five,images/test_image_00060.jpg,208ce7277c66155db7a367ab0d989a18b7df68cba97890474eadec1a33ef30a9
habit_test_00061,000146_01,000146,S7025,task_03,Release the Organizing box you were holding.,Organizing box,early,0,all_five,images/test_image_00061.jpg,208ce7277c66155db7a367ab0d989a18b7df68cba97890474eadec1a33ef30a9
habit_test_00062,000146_01,000146,S7025,task_03,Release the Organizing box you were holding.,Organizing box,ready,1,all_five,images/test_image_00062.jpg,208ce7277c66155db7a367ab0d989a18b7df68cba97890474eadec1a33ef30a9
habit_test_00063,000146_02,000146,S7025,task_03,Release the Organizing box you were holding.,Organizing box,early,0,all_five,images/test_image_00063.jpg,208ce7277c66155db7a367ab0d989a18b7df68cba97890474eadec1a33ef30a9
habit_test_00064,000146_02,000146,S7025,task_03,Release the Organizing box you were holding.,Organizing box,ready,1,all_five,images/test_image_00064.jpg,208ce7277c66155db7a367ab0d989a18b7df68cba97890474eadec1a33ef30a9
habit_test_00065,000147_01,000147,S7025,task_03,Release the Organizing box you were holding.,Organizing box,early,0,all_five,images/test_image_00065.jpg,208ce7277c66155db7a367ab0d989a18b7df68cba97890474eadec1a33ef30a9
habit_test_00066,000147_01,000147,S7025,task_03,Release the Organizing box you were holding.,Organizing box,ready,1,all_five,images/test_image_00066.jpg,208ce7277c66155db7a367ab0d989a18b7df68cba97890474eadec1a33ef30a9
habit_test_00067,000147_02,000147,S7025,task_03,Release the Organizing box you were holding.,Organizing box,early,0,all_five,images/test_image_00067.jpg,208ce7277c66155db7a367ab0d989a18b7df68cba97890474eadec1a33ef30a9
habit_test_00068,000147_02,000147,S7025,task_03,Release the Organizing box you were holding.,Organizing box,ready,1,all_five,images/test_image_00068.jpg,208ce7277c66155db7a367ab0d989a18b7df68cba97890474eadec1a33ef30a9
habit_test_00069,000149_01,000149,S7025,task_03,Release the Organizing box you were holding.,Organizing box,early,0,all_five,images/test_image_00069.jpg,208ce7277c66155db7a367ab0d989a18b7df68cba97890474eadec1a33ef30a9
habit_test_00070,000149_01,000149,S7025,task_03,Release the Organizing box you were holding.,Organizing box,ready,1,all_five,images/test_image_00070.jpg,208ce7277c66155db7a367ab0d989a18b7df68cba97890474eadec1a33ef30a9
habit_test_00071,000149_02,000149,S7025,task_03,Release the Organizing box you were holding.,Organizing box,early,0,all_five,images/test_image_00071.jpg,208ce7277c66155db7a367ab0d989a18b7df68cba97890474eadec1a33ef30a9
habit_test_00072,000149_02,000149,S7025,task_03,Release the Organizing box you were holding.,Organizing box,ready,1,all_five,images/test_image_00072.jpg,208ce7277c66155db7a367ab0d989a18b7df68cba97890474eadec1a33ef30a9
habit_test_00073,000150_01,000150,S7025,task_03,Release the Organizing box you were holding.,Organizing box,early,0,all_five,images/test_image_00073.jpg,208ce7277c66155db7a367ab0d989a18b7df68cba97890474eadec1a33ef30a9
habit_test_00074,000150_01,000150,S7025,task_03,Release the Organizing box you were holding.,Organizing box,ready,1,all_five,images/test_image_00074.jpg,208ce7277c66155db7a367ab0d989a18b7df68cba97890474eadec1a33ef30a9
habit_test_00075,000150_02,000150,S7025,task_03,Release the Organizing box you were holding.,Organizing box,early,0,all_five,images/test_image_00075.jpg,208ce7277c66155db7a367ab0d989a18b7df68cba97890474eadec1a33ef30a9
habit_test_00076,000150_02,000150,S7025,task_03,Release the Organizing box you were holding.,Organizing box,ready,1,all_five,images/test_image_00076.jpg,208ce7277c66155db7a367ab0d989a18b7df68cba97890474eadec1a33ef30a9
habit_test_00077,000151_01,000151,S7025,task_03,Release the Organizing box you were holding.,Organizing box,early,0,all_five,images/test_image_00077.jpg,208ce7277c66155db7a367ab0d989a18b7df68cba97890474eadec1a33ef30a9
habit_test_00078,000151_01,000151,S7025,task_03,Release the Organizing box you were holding.,Organizing box,ready,1,all_five,images/test_image_00078.jpg,208ce7277c66155db7a367ab0d989a18b7df68cba97890474eadec1a33ef30a9
habit_test_00079,000151_02,000151,S7025,task_03,Release the Organizing box you were holding.,Organizing box,early,0,all_five,images/test_image_00079.jpg,208ce7277c66155db7a367ab0d989a18b7df68cba97890474eadec1a33ef30a9
habit_test_00080,000151_02,000151,S7025,task_03,Release the Organizing box you were holding.,Organizing box,ready,1,all_five,images/test_image_00080.jpg,208ce7277c66155db7a367ab0d989a18b7df68cba97890474eadec1a33ef30a9
habit_test_00081,000152_01,000152,S7025,task_03,Release the Organizing box you were holding.,Organizing box,early,0,all_five,images/test_image_00081.jpg,208ce7277c66155db7a367ab0d989a18b7df68cba97890474eadec1a33ef30a9
habit_test_00082,000152_01,000152,S7025,task_03,Release the Organizing box you were holding.,Organizing box,ready,1,all_five,images/test_image_00082.jpg,208ce7277c66155db7a367ab0d989a18b7df68cba97890474eadec1a33ef30a9
habit_test_00083,000152_02,000152,S7025,task_03,Release the Organizing box you were holding.,Organizing box,early,0,all_five,images/test_image_00083.jpg,208ce7277c66155db7a367ab0d989a18b7df68cba97890474eadec1a33ef30a9
habit_test_00084,000152_02,000152,S7025,task_03,Release the Organizing box you were holding.,Organizing box,ready,1,all_five,images/test_image_00084.jpg,208ce7277c66155db7a367ab0d989a18b7df68cba97890474eadec1a33ef30a9
habit_test_00085,000154_01,000154,S7025,task_03,Release the Organizing box you were holding.,Organizing box,early,0,all_five,images/test_image_00085.jpg,208ce7277c66155db7a367ab0d989a18b7df68cba97890474eadec1a33ef30a9
habit_test_00086,000154_01,000154,S7025,task_03,Release the Organizing box you were holding.,Organizing box,ready,1,all_five,images/test_image_00086.jpg,208ce7277c66155db7a367ab0d989a18b7df68cba97890474eadec1a33ef30a9
habit_test_00087,000154_02,000154,S7025,task_03,Release the Organizing box you were holding.,Organizing box,early,0,all_five,images/test_image_00087.jpg,208ce7277c66155db7a367ab0d989a18b7df68cba97890474eadec1a33ef30a9
habit_test_00088,000154_02,000154,S7025,task_03,Release the Organizing box you were holding.,Organizing box,ready,1,all_five,images/test_image_00088.jpg,208ce7277c66155db7a367ab0d989a18b7df68cba97890474eadec1a33ef30a9
habit_test_00089,000155_01,000155,S7025,task_03,Release the Organizing box you were holding.,Organizing box,early,0,all_five,images/test_image_00089.jpg,208ce7277c66155db7a367ab0d989a18b7df68cba97890474eadec1a33ef30a9
habit_test_00090,000155_01,000155,S7025,task_03,Release the Organizing box you were holding.,Organizing box,ready,1,all_five,images/test_image_00090.jpg,208ce7277c66155db7a367ab0d989a18b7df68cba97890474eadec1a33ef30a9
habit_test_00091,000155_02,000155,S7025,task_03,Release the Organizing box you were holding.,Organizing box,early,0,all_five,images/test_image_00091.jpg,208ce7277c66155db7a367ab0d989a18b7df68cba97890474eadec1a33ef30a9
habit_test_00092,000155_02,000155,S7025,task_03,Release the Organizing box you were holding.,Organizing box,ready,1,all_five,images/test_image_00092.jpg,208ce7277c66155db7a367ab0d989a18b7df68cba97890474eadec1a33ef30a9
habit_test_00093,000156_01,000156,S7025,task_03,Release the Organizing box you were holding.,Organizing box,early,0,all_five,images/test_image_00093.jpg,208ce7277c66155db7a367ab0d989a18b7df68cba97890474eadec1a33ef30a9
habit_test_00094,000156_01,000156,S7025,task_03,Release the Organizing box you were holding.,Organizing box,ready,1,all_five,images/test_image_00094.jpg,208ce7277c66155db7a367ab0d989a18b7df68cba97890474eadec1a33ef30a9
habit_test_00095,000156_02,000156,S7025,task_03,Release the Organizing box you were holding.,Organizing box,early,0,all_five,images/test_image_00095.jpg,208ce7277c66155db7a367ab0d989a18b7df68cba97890474eadec1a33ef30a9
habit_test_00096,000156_02,000156,S7025,task_03,Release the Organizing box you were holding.,Organizing box,ready,1,all_five,images/test_image_00096.jpg,208ce7277c66155db7a367ab0d989a18b7df68cba97890474eadec1a33ef30a9
habit_test_00097,000157_01,000157,S7025,task_03,Release the Organizing box you were holding.,Organizing box,early,0,all_five,images/test_image_00097.jpg,208ce7277c66155db7a367ab0d989a18b7df68cba97890474eadec1a33ef30a9
habit_test_00098,000157_01,000157,S7025,task_03,Release the Organizing box you were holding.,Organizing box,ready,1,all_five,images/test_image_00098.jpg,208ce7277c66155db7a367ab0d989a18b7df68cba97890474eadec1a33ef30a9
habit_test_00099,000157_02,000157,S7025,task_03,Release the Organizing box you were holding.,Organizing box,early,0,all_five,images/test_image_00099.jpg,208ce7277c66155db7a367ab0d989a18b7df68cba97890474eadec1a33ef30a9
habit_test_00100,000157_02,000157,S7025,task_03,Release the Organizing box you were holding.,Organizing box,ready,1,all_five,images/test_image_00100.jpg,208ce7277c66155db7a367ab0d989a18b7df68cba97890474eadec1a33ef30a9
habit_test_00101,000158_01,000158,S7025,task_03,Release the Organizing box you were holding.,Organizing box,early,0,all_five,images/test_image_00101.jpg,208ce7277c66155db7a367ab0d989a18b7df68cba97890474eadec1a33ef30a9
habit_test_00102,000158_01,000158,S7025,task_03,Release the Organizing box you were holding.,Organizing box,ready,1,all_five,images/test_image_00102.jpg,208ce7277c66155db7a367ab0d989a18b7df68cba97890474eadec1a33ef30a9
habit_test_00103,000158_02,000158,S7025,task_03,Release the Organizing box you were holding.,Organizing box,early,0,all_five,images/test_image_00103.jpg,208ce7277c66155db7a367ab0d989a18b7df68cba97890474eadec1a33ef30a9
habit_test_00104,000158_02,000158,S7025,task_03,Release the Organizing box you were holding.,Organizing box,ready,1,all_five,images/test_image_00104.jpg,208ce7277c66155db7a367ab0d989a18b7df68cba97890474eadec1a33ef30a9
habit_test_00105,000159_01,000159,S7025,task_03,Release the Organizing box you were holding.,Organizing box,early,0,all_five,images/test_image_00105.jpg,208ce7277c66155db7a367ab0d989a18b7df68cba97890474eadec1a33ef30a9
habit_test_00106,000159_01,000159,S7025,task_03,Release the Organizing box you were holding.,Organizing box,ready,1,all_five,images/test_image_00106.jpg,208ce7277c66155db7a367ab0d989a18b7df68cba97890474eadec1a33ef30a9
habit_test_00107,000159_02,000159,S7025,task_03,Release the Organizing box you were holding.,Organizing box,early,0,all_five,images/test_image_00107.jpg,208ce7277c66155db7a367ab0d989a18b7df68cba97890474eadec1a33ef30a9
habit_test_00108,000159_02,000159,S7025,task_03,Release the Organizing box you were holding.,Organizing box,ready,1,all_five,images/test_image_00108.jpg,208ce7277c66155db7a367ab0d989a18b7df68cba97890474eadec1a33ef30a9
habit_test_00109,000160_01,000160,S7025,task_03,Release the Organizing box you were holding.,Organizing box,early,0,all_five,images/test_image_00109.jpg,208ce7277c66155db7a367ab0d989a18b7df68cba97890474eadec1a33ef30a9
habit_test_00110,000160_01,000160,S7025,task_03,Release the Organizing box you were holding.,Organizing box,ready,1,all_five,images/test_image_00110.jpg,208ce7277c66155db7a367ab0d989a18b7df68cba97890474eadec1a33ef30a9
habit_test_00111,000160_02,000160,S7025,task_03,Release the Organizing box you were holding.,Organizing box,early,0,all_five,images/test_image_00111.jpg,208ce7277c66155db7a367ab0d989a18b7df68cba97890474eadec1a33ef30a9
habit_test_00112,000160_02,000160,S7025,task_03,Release the Organizing box you were holding.,Organizing box,ready,1,all_five,images/test_image_00112.jpg,208ce7277c66155db7a367ab0d989a18b7df68cba97890474eadec1a33ef30a9
habit_test_00113,000161_01,000161,S7025,task_03,Release the Organizing box you were holding.,Organizing box,early,0,all_five,images/test_image_00113.jpg,208ce7277c66155db7a367ab0d989a18b7df68cba97890474eadec1a33ef30a9
habit_test_00114,000161_01,000161,S7025,task_03,Release the Organizing box you were holding.,Organizing box,ready,1,all_five,images/test_image_00114.jpg,208ce7277c66155db7a367ab0d989a18b7df68cba97890474eadec1a33ef30a9
habit_test_00115,000161_02,000161,S7025,task_03,Release the Organizing box you were holding.,Organizing box,early,0,all_five,images/test_image_00115.jpg,208ce7277c66155db7a367ab0d989a18b7df68cba97890474eadec1a33ef30a9
habit_test_00116,000161_02,000161,S7025,task_03,Release the Organizing box you were holding.,Organizing box,ready,1,all_five,images/test_image_00116.jpg,208ce7277c66155db7a367ab0d989a18b7df68cba97890474eadec1a33ef30a9
habit_test_00117,000163_01,000163,S7025,task_03,Release the Organizing box you were holding.,Organizing box,early,0,all_five,images/test_image_00117.jpg,208ce7277c66155db7a367ab0d989a18b7df68cba97890474eadec1a33ef30a9
habit_test_00118,000163_01,000163,S7025,task_03,Release the Organizing box you were holding.,Organizing box,ready,1,all_five,images/test_image_00118.jpg,208ce7277c66155db7a367ab0d989a18b7df68cba97890474eadec1a33ef30a9
habit_test_00119,000163_02,000163,S7025,task_03,Release the Organizing box you were holding.,Organizing box,early,0,all_five,images/test_image_00119.jpg,208ce7277c66155db7a367ab0d989a18b7df68cba97890474eadec1a33ef30a9
habit_test_00120,000163_02,000163,S7025,task_03,Release the Organizing box you were holding.,Organizing box,ready,1,all_five,images/test_image_00120.jpg,208ce7277c66155db7a367ab0d989a18b7df68cba97890474eadec1a33ef30a9
habit_test_00121,000165_01,000165,S7025,task_03,Release the Organizing box you were holding.,Organizing box,early,0,all_five,images/test_image_00121.jpg,208ce7277c66155db7a367ab0d989a18b7df68cba97890474eadec1a33ef30a9
habit_test_00122,000165_01,000165,S7025,task_03,Release the Organizing box you were holding.,Organizing box,ready,1,all_five,images/test_image_00122.jpg,208ce7277c66155db7a367ab0d989a18b7df68cba97890474eadec1a33ef30a9
habit_test_00123,000165_02,000165,S7025,task_03,Release the Organizing box you were holding.,Organizing box,early,0,all_five,images/test_image_00123.jpg,208ce7277c66155db7a367ab0d989a18b7df68cba97890474eadec1a33ef30a9
habit_test_00124,000165_02,000165,S7025,task_03,Release the Organizing box you were holding.,Organizing box,ready,1,all_five,images/test_image_00124.jpg,208ce7277c66155db7a367ab0d989a18b7df68cba97890474eadec1a33ef30a9
habit_test_00125,000166_01,000166,S7025,task_03,Release the Organizing box you were holding.,Organizing box,early,0,all_five,images/test_image_00125.jpg,208ce7277c66155db7a367ab0d989a18b7df68cba97890474eadec1a33ef30a9
habit_test_00126,000166_01,000166,S7025,task_03,Release the Organizing box you were holding.,Organizing box,ready,1,all_five,images/test_image_00126.jpg,208ce7277c66155db7a367ab0d989a18b7df68cba97890474eadec1a33ef30a9
habit_test_00127,000166_02,000166,S7025,task_03,Release the Organizing box you were holding.,Organizing box,early,0,all_five,images/test_image_00127.jpg,208ce7277c66155db7a367ab0d989a18b7df68cba97890474eadec1a33ef30a9
habit_test_00128,000166_02,000166,S7025,task_03,Release the Organizing box you were holding.,Organizing box,ready,1,all_five,images/test_image_00128.jpg,208ce7277c66155db7a367ab0d989a18b7df68cba97890474eadec1a33ef30a9
habit_test_00129,000167_01,000167,S7025,task_03,Release the Organizing box you were holding.,Organizing box,early,0,all_five,images/test_image_00129.jpg,208ce7277c66155db7a367ab0d989a18b7df68cba97890474eadec1a33ef30a9
habit_test_00130,000167_01,000167,S7025,task_03,Release the Organizing box you were holding.,Organizing box,ready,1,all_five,images/test_image_00130.jpg,208ce7277c66155db7a367ab0d989a18b7df68cba97890474eadec1a33ef30a9
habit_test_00131,000167_02,000167,S7025,task_03,Release the Organizing box you were holding.,Organizing box,early,0,all_five,images/test_image_00131.jpg,208ce7277c66155db7a367ab0d989a18b7df68cba97890474eadec1a33ef30a9
habit_test_00132,000167_02,000167,S7025,task_03,Release the Organizing box you were holding.,Organizing box,ready,1,all_five,images/test_image_00132.jpg,208ce7277c66155db7a367ab0d989a18b7df68cba97890474eadec1a33ef30a9
habit_test_00133,000168_01,000168,S7025,task_03,Release the Organizing box you were holding.,Organizing box,early,0,all_five,images/test_image_00133.jpg,208ce7277c66155db7a367ab0d989a18b7df68cba97890474eadec1a33ef30a9
habit_test_00134,000168_01,000168,S7025,task_03,Release the Organizing box you were holding.,Organizing box,ready,1,all_five,images/test_image_00134.jpg,208ce7277c66155db7a367ab0d989a18b7df68cba97890474eadec1a33ef30a9
habit_test_00135,000168_02,000168,S7025,task_03,Release the Organizing box you were holding.,Organizing box,early,0,all_five,images/test_image_00135.jpg,208ce7277c66155db7a367ab0d989a18b7df68cba97890474eadec1a33ef30a9
habit_test_00136,000168_02,000168,S7025,task_03,Release the Organizing box you were holding.,Organizing box,ready,1,all_five,images/test_image_00136.jpg,208ce7277c66155db7a367ab0d989a18b7df68cba97890474eadec1a33ef30a9
habit_test_00137,000169_01,000169,S7025,task_03,Release the Organizing box you were holding.,Organizing box,early,0,all_five,images/test_image_00137.jpg,208ce7277c66155db7a367ab0d989a18b7df68cba97890474eadec1a33ef30a9
habit_test_00138,000169_01,000169,S7025,task_03,Release the Organizing box you were holding.,Organizing box,ready,1,all_five,images/test_image_00138.jpg,208ce7277c66155db7a367ab0d989a18b7df68cba97890474eadec1a33ef30a9
habit_test_00139,000169_02,000169,S7025,task_03,Release the Organizing box you were holding.,Organizing box,early,0,all_five,images/test_image_00139.jpg,208ce7277c66155db7a367ab0d989a18b7df68cba97890474eadec1a33ef30a9
habit_test_00140,000169_02,000169,S7025,task_03,Release the Organizing box you were holding.,Organizing box,ready,1,all_five,images/test_image_00140.jpg,208ce7277c66155db7a367ab0d989a18b7df68cba97890474eadec1a33ef30a9
habit_test_00141,000170_01,000170,S7025,task_03,Release the Organizing box you were holding.,Organizing box,early,0,all_five,images/test_image_00141.jpg,208ce7277c66155db7a367ab0d989a18b7df68cba97890474eadec1a33ef30a9
habit_test_00142,000170_01,000170,S7025,task_03,Release the Organizing box you were holding.,Organizing box,ready,1,all_five,images/test_image_00142.jpg,208ce7277c66155db7a367ab0d989a18b7df68cba97890474eadec1a33ef30a9
habit_test_00143,000170_02,000170,S7025,task_03,Release the Organizing box you were holding.,Organizing box,early,0,all_five,images/test_image_00143.jpg,208ce7277c66155db7a367ab0d989a18b7df68cba97890474eadec1a33ef30a9
habit_test_00144,000170_02,000170,S7025,task_03,Release the Organizing box you were holding.,Organizing box,ready,1,all_five,images/test_image_00144.jpg,208ce7277c66155db7a367ab0d989a18b7df68cba97890474eadec1a33ef30a9
habit_test_00145,000171_01,000171,S7025,task_03,Release the Organizing box you were holding.,Organizing box,early,0,all_five,images/test_image_00145.jpg,208ce7277c66155db7a367ab0d989a18b7df68cba97890474eadec1a33ef30a9
habit_test_00146,000171_01,000171,S7025,task_03,Release the Organizing box you were holding.,Organizing box,ready,1,all_five,images/test_image_00146.jpg,208ce7277c66155db7a367ab0d989a18b7df68cba97890474eadec1a33ef30a9
habit_test_00147,000171_02,000171,S7025,task_03,Release the Organizing box you were holding.,Organizing box,early,0,all_five,images/test_image_00147.jpg,208ce7277c66155db7a367ab0d989a18b7df68cba97890474eadec1a33ef30a9
habit_test_00148,000171_02,000171,S7025,task_03,Release the Organizing box you were holding.,Organizing box,ready,1,all_five,images/test_image_00148.jpg,208ce7277c66155db7a367ab0d989a18b7df68cba97890474eadec1a33ef30a9
habit_test_00149,000172_01,000172,S7025,task_03,Release the Organizing box you were holding.,Organizing box,early,0,all_five,images/test_image_00149.jpg,208ce7277c66155db7a367ab0d989a18b7df68cba97890474eadec1a33ef30a9
habit_test_00150,000172_01,000172,S7025,task_03,Release the Organizing box you were holding.,Organizing box,ready,1,all_five,images/test_image_00150.jpg,208ce7277c66155db7a367ab0d989a18b7df68cba97890474eadec1a33ef30a9
habit_test_00151,000172_02,000172,S7025,task_03,Release the Organizing box you were holding.,Organizing box,early,0,all_five,images/test_image_00151.jpg,208ce7277c66155db7a367ab0d989a18b7df68cba97890474eadec1a33ef30a9
habit_test_00152,000172_02,000172,S7025,task_03,Release the Organizing box you were holding.,Organizing box,ready,1,all_five,images/test_image_00152.jpg,208ce7277c66155db7a367ab0d989a18b7df68cba97890474eadec1a33ef30a9
habit_test_00153,000173_01,000173,S7025,task_03,Release the Organizing box you were holding.,Organizing box,early,0,all_five,images/test_image_00153.jpg,208ce7277c66155db7a367ab0d989a18b7df68cba97890474eadec1a33ef30a9
habit_test_00154,000173_01,000173,S7025,task_03,Release the Organizing box you were holding.,Organizing box,ready,1,all_five,images/test_image_00154.jpg,208ce7277c66155db7a367ab0d989a18b7df68cba97890474eadec1a33ef30a9
habit_test_00155,000173_02,000173,S7025,task_03,Release the Organizing box you were holding.,Organizing box,early,0,all_five,images/test_image_00155.jpg,208ce7277c66155db7a367ab0d989a18b7df68cba97890474eadec1a33ef30a9
habit_test_00156,000173_02,000173,S7025,task_03,Release the Organizing box you were holding.,Organizing box,ready,1,all_five,images/test_image_00156.jpg,208ce7277c66155db7a367ab0d989a18b7df68cba97890474eadec1a33ef30a9
habit_test_00157,000174_01,000174,S7025,task_03,Release the Organizing box you were holding.,Organizing box,early,0,all_five,images/test_image_00157.jpg,208ce7277c66155db7a367ab0d989a18b7df68cba97890474eadec1a33ef30a9
habit_test_00158,000174_01,000174,S7025,task_03,Release the Organizing box you were holding.,Organizing box,ready,1,all_five,images/test_image_00158.jpg,208ce7277c66155db7a367ab0d989a18b7df68cba97890474eadec1a33ef30a9
habit_test_00159,000174_02,000174,S7025,task_03,Release the Organizing box you were holding.,Organizing box,early,0,all_five,images/test_image_00159.jpg,208ce7277c66155db7a367ab0d989a18b7df68cba97890474eadec1a33ef30a9
habit_test_00160,000174_02,000174,S7025,task_03,Release the Organizing box you were holding.,Organizing box,ready,1,all_five,images/test_image_00160.jpg,208ce7277c66155db7a367ab0d989a18b7df68cba97890474eadec1a33ef30a9
habit_test_00161,000175_01,000175,S7025,task_03,Release the Organizing box you were holding.,Organizing box,early,0,all_five,images/test_image_00161.jpg,208ce7277c66155db7a367ab0d989a18b7df68cba97890474eadec1a33ef30a9
habit_test_00162,000175_01,000175,S7025,task_03,Release the Organizing box you were holding.,Organizing box,ready,1,all_five,images/test_image_00162.jpg,208ce7277c66155db7a367ab0d989a18b7df68cba97890474eadec1a33ef30a9
habit_test_00163,000175_02,000175,S7025,task_03,Release the Organizing box you were holding.,Organizing box,early,0,all_five,images/test_image_00163.jpg,208ce7277c66155db7a367ab0d989a18b7df68cba97890474eadec1a33ef30a9
habit_test_00164,000175_02,000175,S7025,task_03,Release the Organizing box you were holding.,Organizing box,ready,1,all_five,images/test_image_00164.jpg,208ce7277c66155db7a367ab0d989a18b7df68cba97890474eadec1a33ef30a9
habit_test_00165,000176_01,000176,S7025,task_03,Release the Organizing box you were holding.,Organizing box,early,0,all_five,images/test_image_00165.jpg,208ce7277c66155db7a367ab0d989a18b7df68cba97890474eadec1a33ef30a9
habit_test_00166,000176_01,000176,S7025,task_03,Release the Organizing box you were holding.,Organizing box,ready,1,all_five,images/test_image_00166.jpg,208ce7277c66155db7a367ab0d989a18b7df68cba97890474eadec1a33ef30a9
habit_test_00167,000176_02,000176,S7025,task_03,Release the Organizing box you were holding.,Organizing box,early,0,all_five,images/test_image_00167.jpg,208ce7277c66155db7a367ab0d989a18b7df68cba97890474eadec1a33ef30a9
habit_test_00168,000176_02,000176,S7025,task_03,Release the Organizing box you were holding.,Organizing box,ready,1,all_five,images/test_image_00168.jpg,208ce7277c66155db7a367ab0d989a18b7df68cba97890474eadec1a33ef30a9
habit_test_00169,000178_01,000178,S7025,task_03,Release the Organizing box you were holding.,Organizing box,early,0,all_five,images/test_image_00169.jpg,208ce7277c66155db7a367ab0d989a18b7df68cba97890474eadec1a33ef30a9
habit_test_00170,000178_01,000178,S7025,task_03,Release the Organizing box you were holding.,Organizing box,ready,1,all_five,images/test_image_00170.jpg,208ce7277c66155db7a367ab0d989a18b7df68cba97890474eadec1a33ef30a9
habit_test_00171,000178_02,000178,S7025,task_03,Release the Organizing box you were holding.,Organizing box,early,0,all_five,images/test_image_00171.jpg,208ce7277c66155db7a367ab0d989a18b7df68cba97890474eadec1a33ef30a9
habit_test_00172,000178_02,000178,S7025,task_03,Release the Organizing box you were holding.,Organizing box,ready,1,all_five,images/test_image_00172.jpg,208ce7277c66155db7a367ab0d989a18b7df68cba97890474eadec1a33ef30a9
habit_test_00173,000179_01,000179,S7025,task_03,Release the Organizing box you were holding.,Organizing box,early,0,all_five,images/test_image_00173.jpg,208ce7277c66155db7a367ab0d989a18b7df68cba97890474eadec1a33ef30a9
habit_test_00174,000179_01,000179,S7025,task_03,Release the Organizing box you were holding.,Organizing box,ready,1,all_five,images/test_image_00174.jpg,208ce7277c66155db7a367ab0d989a18b7df68cba97890474eadec1a33ef30a9
habit_test_00175,000179_02,000179,S7025,task_03,Release the Organizing box you were holding.,Organizing box,early,0,all_five,images/test_image_00175.jpg,208ce7277c66155db7a367ab0d989a18b7df68cba97890474eadec1a33ef30a9
habit_test_00176,000179_02,000179,S7025,task_03,Release the Organizing box you were holding.,Organizing box,ready,1,all_five,images/test_image_00176.jpg,208ce7277c66155db7a367ab0d989a18b7df68cba97890474eadec1a33ef30a9
habit_test_00177,000180_01,000180,S7025,task_03,Release the Organizing box you were holding.,Organizing box,early,0,all_five,images/test_image_00177.jpg,208ce7277c66155db7a367ab0d989a18b7df68cba97890474eadec1a33ef30a9
habit_test_00178,000180_01,000180,S7025,task_03,Release the Organizing box you were holding.,Organizing box,ready,1,all_five,images/test_image_00178.jpg,208ce7277c66155db7a367ab0d989a18b7df68cba97890474eadec1a33ef30a9
habit_test_00179,000180_02,000180,S7025,task_03,Release the Organizing box you were holding.,Organizing box,early,0,all_five,images/test_image_00179.jpg,208ce7277c66155db7a367ab0d989a18b7df68cba97890474eadec1a33ef30a9
habit_test_00180,000180_02,000180,S7025,task_03,Release the Organizing box you were holding.,Organizing box,ready,1,all_five,images/test_image_00180.jpg,208ce7277c66155db7a367ab0d989a18b7df68cba97890474eadec1a33ef30a9
habit_test_00181,000181_01,000181,S7025,task_03,Release the Organizing box you were holding.,Organizing box,early,0,all_five,images/test_image_00181.jpg,208ce7277c66155db7a367ab0d989a18b7df68cba97890474eadec1a33ef30a9
habit_test_00182,000181_01,000181,S7025,task_03,Release the Organizing box you were holding.,Organizing box,ready,1,all_five,images/test_image_00182.jpg,208ce7277c66155db7a367ab0d989a18b7df68cba97890474eadec1a33ef30a9
habit_test_00183,000181_02,000181,S7025,task_03,Release the Organizing box you were holding.,Organizing box,early,0,all_five,images/test_image_00183.jpg,208ce7277c66155db7a367ab0d989a18b7df68cba97890474eadec1a33ef30a9
habit_test_00184,000181_02,000181,S7025,task_03,Release the Organizing box you were holding.,Organizing box,ready,1,all_five,images/test_image_00184.jpg,208ce7277c66155db7a367ab0d989a18b7df68cba97890474eadec1a33ef30a9
habit_test_00185,000182_01,000182,S7025,task_03,Release the Organizing box you were holding.,Organizing box,early,0,all_five,images/test_image_00185.jpg,208ce7277c66155db7a367ab0d989a18b7df68cba97890474eadec1a33ef30a9
habit_test_00186,000182_01,000182,S7025,task_03,Release the Organizing box you were holding.,Organizing box,ready,1,all_five,images/test_image_00186.jpg,208ce7277c66155db7a367ab0d989a18b7df68cba97890474eadec1a33ef30a9
habit_test_00187,000182_02,000182,S7025,task_03,Release the Organizing box you were holding.,Organizing box,early,0,all_five,images/test_image_00187.jpg,208ce7277c66155db7a367ab0d989a18b7df68cba97890474eadec1a33ef30a9
habit_test_00188,000182_02,000182,S7025,task_03,Release the Organizing box you were holding.,Organizing box,ready,1,all_five,images/test_image_00188.jpg,208ce7277c66155db7a367ab0d989a18b7df68cba97890474eadec1a33ef30a9
habit_test_00189,000183_01,000183,S7025,task_03,Release the Organizing box you were holding.,Organizing box,early,0,all_five,images/test_image_00189.jpg,208ce7277c66155db7a367ab0d989a18b7df68cba97890474eadec1a33ef30a9
habit_test_00190,000183_01,000183,S7025,task_03,Release the Organizing box you were holding.,Organizing box,ready,1,all_five,images/test_image_00190.jpg,208ce7277c66155db7a367ab0d989a18b7df68cba97890474eadec1a33ef30a9
habit_test_00191,000183_02,000183,S7025,task_03,Release the Organizing box you were holding.,Organizing box,early,0,all_five,images/test_image_00191.jpg,208ce7277c66155db7a367ab0d989a18b7df68cba97890474eadec1a33ef30a9
habit_test_00192,000183_02,000183,S7025,task_03,Release the Organizing box you were holding.,Organizing box,ready,1,all_five,images/test_image_00192.jpg,208ce7277c66155db7a367ab0d989a18b7df68cba97890474eadec1a33ef30a9
habit_test_00193,000185_01,000185,S7025,task_03,Release the Organizing box you were holding.,Organizing box,early,0,all_five,images/test_image_00193.jpg,208ce7277c66155db7a367ab0d989a18b7df68cba97890474eadec1a33ef30a9
habit_test_00194,000185_01,000185,S7025,task_03,Release the Organizing box you were holding.,Organizing box,ready,1,all_five,images/test_image_00194.jpg,208ce7277c66155db7a367ab0d989a18b7df68cba97890474eadec1a33ef30a9
habit_test_00195,000185_02,000185,S7025,task_03,Release the Organizing box you were holding.,Organizing box,early,0,all_five,images/test_image_00195.jpg,208ce7277c66155db7a367ab0d989a18b7df68cba97890474eadec1a33ef30a9
habit_test_00196,000185_02,000185,S7025,task_03,Release the Organizing box you were holding.,Organizing box,ready,1,all_five,images/test_image_00196.jpg,208ce7277c66155db7a367ab0d989a18b7df68cba97890474eadec1a33ef30a9
habit_test_00197,000186_01,000186,S7025,task_03,Release the Organizing box you were holding.,Organizing box,early,0,all_five,images/test_image_00197.jpg,208ce7277c66155db7a367ab0d989a18b7df68cba97890474eadec1a33ef30a9
habit_test_00198,000186_01,000186,S7025,task_03,Release the Organizing box you were holding.,Organizing box,ready,1,all_five,images/test_image_00198.jpg,208ce7277c66155db7a367ab0d989a18b7df68cba97890474eadec1a33ef30a9
habit_test_00199,000186_02,000186,S7025,task_03,Release the Organizing box you were holding.,Organizing box,early,0,all_five,images/test_image_00199.jpg,208ce7277c66155db7a367ab0d989a18b7df68cba97890474eadec1a33ef30a9
habit_test_00200,000186_02,000186,S7025,task_03,Release the Organizing box you were holding.,Organizing box,ready,1,all_five,images/test_image_00200.jpg,208ce7277c66155db7a367ab0d989a18b7df68cba97890474eadec1a33ef30a9
habit_test_00201,000187_01,000187,S7025,task_03,Release the Organizing box you were holding.,Organizing box,early,0,all_five,images/test_image_00201.jpg,208ce7277c66155db7a367ab0d989a18b7df68cba97890474eadec1a33ef30a9
habit_test_00202,000187_01,000187,S7025,task_03,Release the Organizing box you were holding.,Organizing box,ready,1,all_five,images/test_image_00202.jpg,208ce7277c66155db7a367ab0d989a18b7df68cba97890474eadec1a33ef30a9
habit_test_00203,000187_02,000187,S7025,task_03,Release the Organizing box you were holding.,Organizing box,early,0,all_five,images/test_image_00203.jpg,208ce7277c66155db7a367ab0d989a18b7df68cba97890474eadec1a33ef30a9
habit_test_00204,000187_02,000187,S7025,task_03,Release the Organizing box you were holding.,Organizing box,ready,1,all_five,images/test_image_00204.jpg,208ce7277c66155db7a367ab0d989a18b7df68cba97890474eadec1a33ef30a9
habit_test_00205,000188_01,000188,S7025,task_03,Release the Organizing box you were holding.,Organizing box,early,0,all_five,images/test_image_00205.jpg,208ce7277c66155db7a367ab0d989a18b7df68cba97890474eadec1a33ef30a9
habit_test_00206,000188_01,000188,S7025,task_03,Release the Organizing box you were holding.,Organizing box,ready,1,all_five,images/test_image_00206.jpg,208ce7277c66155db7a367ab0d989a18b7df68cba97890474eadec1a33ef30a9
habit_test_00207,000188_02,000188,S7025,task_03,Release the Organizing box you were holding.,Organizing box,early,0,all_five,images/test_image_00207.jpg,208ce7277c66155db7a367ab0d989a18b7df68cba97890474eadec1a33ef30a9
habit_test_00208,000188_02,000188,S7025,task_03,Release the Organizing box you were holding.,Organizing box,ready,1,all_five,images/test_image_00208.jpg,208ce7277c66155db7a367ab0d989a18b7df68cba97890474eadec1a33ef30a9
habit_test_00209,000189_01,000189,S7025,task_03,Release the Organizing box you were holding.,Organizing box,early,0,all_five,images/test_image_00209.jpg,208ce7277c66155db7a367ab0d989a18b7df68cba97890474eadec1a33ef30a9
habit_test_00210,000189_01,000189,S7025,task_03,Release the Organizing box you were holding.,Organizing box,ready,1,all_five,images/test_image_00210.jpg,208ce7277c66155db7a367ab0d989a18b7df68cba97890474eadec1a33ef30a9
habit_test_00211,000189_02,000189,S7025,task_03,Release the Organizing box you were holding.,Organizing box,early,0,all_five,images/test_image_00211.jpg,208ce7277c66155db7a367ab0d989a18b7df68cba97890474eadec1a33ef30a9
habit_test_00212,000189_02,000189,S7025,task_03,Release the Organizing box you were holding.,Organizing box,ready,1,all_five,images/test_image_00212.jpg,208ce7277c66155db7a367ab0d989a18b7df68cba97890474eadec1a33ef30a9
habit_test_00213,000190_01,000190,S7025,task_03,Release the Organizing box you were holding.,Organizing box,early,0,all_five,images/test_image_00213.jpg,208ce7277c66155db7a367ab0d989a18b7df68cba97890474eadec1a33ef30a9
habit_test_00214,000190_01,000190,S7025,task_03,Release the Organizing box you were holding.,Organizing box,ready,1,all_five,images/test_image_00214.jpg,208ce7277c66155db7a367ab0d989a18b7df68cba97890474eadec1a33ef30a9
habit_test_00215,000190_02,000190,S7025,task_03,Release the Organizing box you were holding.,Organizing box,early,0,all_five,images/test_image_00215.jpg,208ce7277c66155db7a367ab0d989a18b7df68cba97890474eadec1a33ef30a9
habit_test_00216,000190_02,000190,S7025,task_03,Release the Organizing box you were holding.,Organizing box,ready,1,all_five,images/test_image_00216.jpg,208ce7277c66155db7a367ab0d989a18b7df68cba97890474eadec1a33ef30a9
habit_test_00217,000191_01,000191,S7025,task_03,Release the Organizing box you were holding.,Organizing box,early,0,all_five,images/test_image_00217.jpg,208ce7277c66155db7a367ab0d989a18b7df68cba97890474eadec1a33ef30a9
habit_test_00218,000191_01,000191,S7025,task_03,Release the Organizing box you were holding.,Organizing box,ready,1,all_five,images/test_image_00218.jpg,208ce7277c66155db7a367ab0d989a18b7df68cba97890474eadec1a33ef30a9
habit_test_00219,000191_02,000191,S7025,task_03,Release the Organizing box you were holding.,Organizing box,early,0,all_five,images/test_image_00219.jpg,208ce7277c66155db7a367ab0d989a18b7df68cba97890474eadec1a33ef30a9
habit_test_00220,000191_02,000191,S7025,task_03,Release the Organizing box you were holding.,Organizing box,ready,1,all_five,images/test_image_00220.jpg,208ce7277c66155db7a367ab0d989a18b7df68cba97890474eadec1a33ef30a9
habit_test_00221,000193_01,000193,S7025,task_03,Release the Organizing box you were holding.,Organizing box,early,0,all_five,images/test_image_00221.jpg,208ce7277c66155db7a367ab0d989a18b7df68cba97890474eadec1a33ef30a9
habit_test_00222,000193_01,000193,S7025,task_03,Release the Organizing box you were holding.,Organizing box,ready,1,all_five,images/test_image_00222.jpg,208ce7277c66155db7a367ab0d989a18b7df68cba97890474eadec1a33ef30a9
habit_test_00223,000193_02,000193,S7025,task_03,Release the Organizing box you were holding.,Organizing box,early,0,all_five,images/test_image_00223.jpg,208ce7277c66155db7a367ab0d989a18b7df68cba97890474eadec1a33ef30a9
habit_test_00224,000193_02,000193,S7025,task_03,Release the Organizing box you were holding.,Organizing box,ready,1,all_five,images/test_image_00224.jpg,208ce7277c66155db7a367ab0d989a18b7df68cba97890474eadec1a33ef30a9
habit_test_00225,000194_01,000194,S7025,task_03,Release the Organizing box you were holding.,Organizing box,early,0,all_five,images/test_image_00225.jpg,208ce7277c66155db7a367ab0d989a18b7df68cba97890474eadec1a33ef30a9
habit_test_00226,000194_01,000194,S7025,task_03,Release the Organizing box you were holding.,Organizing box,ready,1,all_five,images/test_image_00226.jpg,208ce7277c66155db7a367ab0d989a18b7df68cba97890474eadec1a33ef30a9
habit_test_00227,000194_02,000194,S7025,task_03,Release the Organizing box you were holding.,Organizing box,early,0,all_five,images/test_image_00227.jpg,208ce7277c66155db7a367ab0d989a18b7df68cba97890474eadec1a33ef30a9
habit_test_00228,000194_02,000194,S7025,task_03,Release the Organizing box you were holding.,Organizing box,ready,1,all_five,images/test_image_00228.jpg,208ce7277c66155db7a367ab0d989a18b7df68cba97890474eadec1a33ef30a9
habit_test_00229,000195_01,000195,S7025,task_03,Release the Organizing box you were holding.,Organizing box,early,0,all_five,images/test_image_00229.jpg,208ce7277c66155db7a367ab0d989a18b7df68cba97890474eadec1a33ef30a9
habit_test_00230,000195_01,000195,S7025,task_03,Release the Organizing box you were holding.,Organizing box,ready,1,all_five,images/test_image_00230.jpg,208ce7277c66155db7a367ab0d989a18b7df68cba97890474eadec1a33ef30a9
habit_test_00231,000195_02,000195,S7025,task_03,Release the Organizing box you were holding.,Organizing box,early,0,all_five,images/test_image_00231.jpg,208ce7277c66155db7a367ab0d989a18b7df68cba97890474eadec1a33ef30a9
habit_test_00232,000195_02,000195,S7025,task_03,Release the Organizing box you were holding.,Organizing box,ready,1,all_five,images/test_image_00232.jpg,208ce7277c66155db7a367ab0d989a18b7df68cba97890474eadec1a33ef30a9
habit_test_00233,000196_01,000196,S7025,task_03,Release the Organizing box you were holding.,Organizing box,early,0,all_five,images/test_image_00233.jpg,208ce7277c66155db7a367ab0d989a18b7df68cba97890474eadec1a33ef30a9
habit_test_00234,000196_01,000196,S7025,task_03,Release the Organizing box you were holding.,Organizing box,ready,1,all_five,images/test_image_00234.jpg,208ce7277c66155db7a367ab0d989a18b7df68cba97890474eadec1a33ef30a9
habit_test_00235,000196_02,000196,S7025,task_03,Release the Organizing box you were holding.,Organizing box,early,0,all_five,images/test_image_00235.jpg,208ce7277c66155db7a367ab0d989a18b7df68cba97890474eadec1a33ef30a9
habit_test_00236,000196_02,000196,S7025,task_03,Release the Organizing box you were holding.,Organizing box,ready,1,all_five,images/test_image_00236.jpg,208ce7277c66155db7a367ab0d989a18b7df68cba97890474eadec1a33ef30a9
habit_test_00237,000197_01,000197,S7025,task_03,Release the Organizing box you were holding.,Organizing box,early,0,all_five,images/test_image_00237.jpg,208ce7277c66155db7a367ab0d989a18b7df68cba97890474eadec1a33ef30a9
habit_test_00238,000197_01,000197,S7025,task_03,Release the Organizing box you were holding.,Organizing box,ready,1,all_five,images/test_image_00238.jpg,208ce7277c66155db7a367ab0d989a18b7df68cba97890474eadec1a33ef30a9
habit_test_00239,000197_02,000197,S7025,task_03,Release the Organizing box you were holding.,Organizing box,early,0,all_five,images/test_image_00239.jpg,208ce7277c66155db7a367ab0d989a18b7df68cba97890474eadec1a33ef30a9
habit_test_00240,000197_02,000197,S7025,task_03,Release the Organizing box you were holding.,Organizing box,ready,1,all_five,images/test_image_00240.jpg,208ce7277c66155db7a367ab0d989a18b7df68cba97890474eadec1a33ef30a9
habit_test_00241,000198_01,000198,S7025,task_03,Release the Organizing box you were holding.,Organizing box,early,0,all_five,images/test_image_00241.jpg,208ce7277c66155db7a367ab0d989a18b7df68cba97890474eadec1a33ef30a9
habit_test_00242,000198_01,000198,S7025,task_03,Release the Organizing box you were holding.,Organizing box,ready,1,all_five,images/test_image_00242.jpg,208ce7277c66155db7a367ab0d989a18b7df68cba97890474eadec1a33ef30a9
habit_test_00243,000198_02,000198,S7025,task_03,Release the Organizing box you were holding.,Organizing box,early,0,all_five,images/test_image_00243.jpg,208ce7277c66155db7a367ab0d989a18b7df68cba97890474eadec1a33ef30a9
habit_test_00244,000198_02,000198,S7025,task_03,Release the Organizing box you were holding.,Organizing box,ready,1,all_five,images/test_image_00244.jpg,208ce7277c66155db7a367ab0d989a18b7df68cba97890474eadec1a33ef30a9
habit_test_00245,000199_01,000199,S7025,task_03,Release the Organizing box you were holding.,Organizing box,early,0,all_five,images/test_image_00245.jpg,208ce7277c66155db7a367ab0d989a18b7df68cba97890474eadec1a33ef30a9
habit_test_00246,000199_01,000199,S7025,task_03,Release the Organizing box you were holding.,Organizing box,ready,1,all_five,images/test_image_00246.jpg,208ce7277c66155db7a367ab0d989a18b7df68cba97890474eadec1a33ef30a9
habit_test_00247,000199_02,000199,S7025,task_03,Release the Organizing box you were holding.,Organizing box,early,0,all_five,images/test_image_00247.jpg,208ce7277c66155db7a367ab0d989a18b7df68cba97890474eadec1a33ef30a9
habit_test_00248,000199_02,000199,S7025,task_03,Release the Organizing box you were holding.,Organizing box,ready,1,all_five,images/test_image_00248.jpg,208ce7277c66155db7a367ab0d989a18b7df68cba97890474eadec1a33ef30a9
habit_test_00249,000200_01,000200,S7025,task_03,Release the Organizing box you were holding.,Organizing box,early,0,all_five,images/test_image_00249.jpg,208ce7277c66155db7a367ab0d989a18b7df68cba97890474eadec1a33ef30a9
habit_test_00250,000200_01,000200,S7025,task_03,Release the Organizing box you were holding.,Organizing box,ready,1,all_five,images/test_image_00250.jpg,208ce7277c66155db7a367ab0d989a18b7df68cba97890474eadec1a33ef30a9
habit_test_00251,000200_02,000200,S7025,task_03,Release the Organizing box you were holding.,Organizing box,early,0,all_five,images/test_image_00251.jpg,208ce7277c66155db7a367ab0d989a18b7df68cba97890474eadec1a33ef30a9
habit_test_00252,000200_02,000200,S7025,task_03,Release the Organizing box you were holding.,Organizing box,ready,1,all_five,images/test_image_00252.jpg,208ce7277c66155db7a367ab0d989a18b7df68cba97890474eadec1a33ef30a9
habit_test_00253,000201_01,000201,S7025,task_03,Release the Organizing box you were holding.,Organizing box,early,0,all_five,images/test_image_00253.jpg,208ce7277c66155db7a367ab0d989a18b7df68cba97890474eadec1a33ef30a9
habit_test_00254,000201_01,000201,S7025,task_03,Release the Organizing box you were holding.,Organizing box,ready,1,all_five,images/test_image_00254.jpg,208ce7277c66155db7a367ab0d989a18b7df68cba97890474eadec1a33ef30a9
habit_test_00255,000201_02,000201,S7025,task_03,Release the Organizing box you were holding.,Organizing box,early,0,all_five,images/test_image_00255.jpg,208ce7277c66155db7a367ab0d989a18b7df68cba97890474eadec1a33ef30a9
habit_test_00256,000201_02,000201,S7025,task_03,Release the Organizing box you were holding.,Organizing box,ready,1,all_five,images/test_image_00256.jpg,208ce7277c66155db7a367ab0d989a18b7df68cba97890474eadec1a33ef30a9
habit_test_00257,000202_01,000202,S7025,task_03,Release the Organizing box you were holding.,Organizing box,early,0,all_five,images/test_image_00257.jpg,208ce7277c66155db7a367ab0d989a18b7df68cba97890474eadec1a33ef30a9
habit_test_00258,000202_01,000202,S7025,task_03,Release the Organizing box you were holding.,Organizing box,ready,1,all_five,images/test_image_00258.jpg,208ce7277c66155db7a367ab0d989a18b7df68cba97890474eadec1a33ef30a9
habit_test_00259,000202_02,000202,S7025,task_03,Release the Organizing box you were holding.,Organizing box,early,0,all_five,images/test_image_00259.jpg,208ce7277c66155db7a367ab0d989a18b7df68cba97890474eadec1a33ef30a9
habit_test_00260,000202_02,000202,S7025,task_03,Release the Organizing box you were holding.,Organizing box,ready,1,all_five,images/test_image_00260.jpg,208ce7277c66155db7a367ab0d989a18b7df68cba97890474eadec1a33ef30a9
habit_test_00261,000203_01,000203,S7025,task_03,Release the Organizing box you were holding.,Organizing box,early,0,all_five,images/test_image_00261.jpg,208ce7277c66155db7a367ab0d989a18b7df68cba97890474eadec1a33ef30a9
habit_test_00262,000203_01,000203,S7025,task_03,Release the Organizing box you were holding.,Organizing box,ready,1,all_five,images/test_image_00262.jpg,208ce7277c66155db7a367ab0d989a18b7df68cba97890474eadec1a33ef30a9
habit_test_00263,000203_02,000203,S7025,task_03,Release the Organizing box you were holding.,Organizing box,early,0,all_five,images/test_image_00263.jpg,208ce7277c66155db7a367ab0d989a18b7df68cba97890474eadec1a33ef30a9
habit_test_00264,000203_02,000203,S7025,task_03,Release the Organizing box you were holding.,Organizing box,ready,1,all_five,images/test_image_00264.jpg,208ce7277c66155db7a367ab0d989a18b7df68cba97890474eadec1a33ef30a9
habit_test_00265,000205_01,000205,S7025,task_03,Release the Organizing box you were holding.,Organizing box,early,0,all_five,images/test_image_00265.jpg,208ce7277c66155db7a367ab0d989a18b7df68cba97890474eadec1a33ef30a9
habit_test_00266,000205_01,000205,S7025,task_03,Release the Organizing box you were holding.,Organizing box,ready,1,all_five,images/test_image_00266.jpg,208ce7277c66155db7a367ab0d989a18b7df68cba97890474eadec1a33ef30a9
habit_test_00267,000205_02,000205,S7025,task_03,Release the Organizing box you were holding.,Organizing box,early,0,all_five,images/test_image_00267.jpg,208ce7277c66155db7a367ab0d989a18b7df68cba97890474eadec1a33ef30a9
habit_test_00268,000205_02,000205,S7025,task_03,Release the Organizing box you were holding.,Organizing box,ready,1,all_five,images/test_image_00268.jpg,208ce7277c66155db7a367ab0d989a18b7df68cba97890474eadec1a33ef30a9
habit_test_00269,000206_01,000206,S7025,task_03,Release the Organizing box you were holding.,Organizing box,early,0,all_five,images/test_image_00269.jpg,208ce7277c66155db7a367ab0d989a18b7df68cba97890474eadec1a33ef30a9
habit_test_00270,000206_01,000206,S7025,task_03,Release the Organizing box you were holding.,Organizing box,ready,1,all_five,images/test_image_00270.jpg,208ce7277c66155db7a367ab0d989a18b7df68cba97890474eadec1a33ef30a9
habit_test_00271,000206_02,000206,S7025,task_03,Release the Organizing box you were holding.,Organizing box,early,0,all_five,images/test_image_00271.jpg,208ce7277c66155db7a367ab0d989a18b7df68cba97890474eadec1a33ef30a9
habit_test_00272,000206_02,000206,S7025,task_03,Release the Organizing box you were holding.,Organizing box,ready,1,all_five,images/test_image_00272.jpg,208ce7277c66155db7a367ab0d989a18b7df68cba97890474eadec1a33ef30a9
habit_test_00273,000207_01,000207,S7025,task_03,Release the Organizing box you were holding.,Organizing box,early,0,all_five,images/test_image_00273.jpg,208ce7277c66155db7a367ab0d989a18b7df68cba97890474eadec1a33ef30a9
habit_test_00274,000207_01,000207,S7025,task_03,Release the Organizing box you were holding.,Organizing box,ready,1,all_five,images/test_image_00274.jpg,208ce7277c66155db7a367ab0d989a18b7df68cba97890474eadec1a33ef30a9
habit_test_00275,000207_02,000207,S7025,task_03,Release the Organizing box you were holding.,Organizing box,early,0,all_five,images/test_image_00275.jpg,208ce7277c66155db7a367ab0d989a18b7df68cba97890474eadec1a33ef30a9
habit_test_00276,000207_02,000207,S7025,task_03,Release the Organizing box you were holding.,Organizing box,ready,1,all_five,images/test_image_00276.jpg,208ce7277c66155db7a367ab0d989a18b7df68cba97890474eadec1a33ef30a9
habit_test_00277,000208_01,000208,S7025,task_03,Release the Organizing box you were holding.,Organizing box,early,0,all_five,images/test_image_00277.jpg,208ce7277c66155db7a367ab0d989a18b7df68cba97890474eadec1a33ef30a9
habit_test_00278,000208_01,000208,S7025,task_03,Release the Organizing box you were holding.,Organizing box,ready,1,all_five,images/test_image_00278.jpg,208ce7277c66155db7a367ab0d989a18b7df68cba97890474eadec1a33ef30a9
habit_test_00279,000208_02,000208,S7025,task_03,Release the Organizing box you were holding.,Organizing box,early,0,all_five,images/test_image_00279.jpg,208ce7277c66155db7a367ab0d989a18b7df68cba97890474eadec1a33ef30a9
habit_test_00280,000208_02,000208,S7025,task_03,Release the Organizing box you were holding.,Organizing box,ready,1,all_five,images/test_image_00280.jpg,208ce7277c66155db7a367ab0d989a18b7df68cba97890474eadec1a33ef30a9
habit_test_00281,000209_01,000209,S7025,task_03,Release the Organizing box you were holding.,Organizing box,early,0,all_five,images/test_image_00281.jpg,208ce7277c66155db7a367ab0d989a18b7df68cba97890474eadec1a33ef30a9
habit_test_00282,000209_01,000209,S7025,task_03,Release the Organizing box you were holding.,Organizing box,ready,1,all_five,images/test_image_00282.jpg,208ce7277c66155db7a367ab0d989a18b7df68cba97890474eadec1a33ef30a9
habit_test_00283,000209_02,000209,S7025,task_03,Release the Organizing box you were holding.,Organizing box,early,0,all_five,images/test_image_00283.jpg,208ce7277c66155db7a367ab0d989a18b7df68cba97890474eadec1a33ef30a9
habit_test_00284,000209_02,000209,S7025,task_03,Release the Organizing box you were holding.,Organizing box,ready,1,all_five,images/test_image_00284.jpg,208ce7277c66155db7a367ab0d989a18b7df68cba97890474eadec1a33ef30a9
habit_test_00285,000210_01,000210,S7025,task_03,Release the Organizing box you were holding.,Organizing box,early,0,all_five,images/test_image_00285.jpg,208ce7277c66155db7a367ab0d989a18b7df68cba97890474eadec1a33ef30a9
habit_test_00286,000210_01,000210,S7025,task_03,Release the Organizing box you were holding.,Organizing box,ready,1,all_five,images/test_image_00286.jpg,208ce7277c66155db7a367ab0d989a18b7df68cba97890474eadec1a33ef30a9
habit_test_00287,000210_02,000210,S7025,task_03,Release the Organizing box you were holding.,Organizing box,early,0,all_five,images/test_image_00287.jpg,208ce7277c66155db7a367ab0d989a18b7df68cba97890474eadec1a33ef30a9
habit_test_00288,000210_02,000210,S7025,task_03,Release the Organizing box you were holding.,Organizing box,ready,1,all_five,images/test_image_00288.jpg,208ce7277c66155db7a367ab0d989a18b7df68cba97890474eadec1a33ef30a9
habit_test_00289,000213_01,000213,S7025,task_03,Release the Organizing box you were holding.,Organizing box,early,0,all_five,images/test_image_00289.jpg,208ce7277c66155db7a367ab0d989a18b7df68cba97890474eadec1a33ef30a9
habit_test_00290,000213_01,000213,S7025,task_03,Release the Organizing box you were holding.,Organizing box,ready,1,all_five,images/test_image_00290.jpg,208ce7277c66155db7a367ab0d989a18b7df68cba97890474eadec1a33ef30a9
habit_test_00291,000213_02,000213,S7025,task_03,Release the Organizing box you were holding.,Organizing box,early,0,all_five,images/test_image_00291.jpg,208ce7277c66155db7a367ab0d989a18b7df68cba97890474eadec1a33ef30a9
habit_test_00292,000213_02,000213,S7025,task_03,Release the Organizing box you were holding.,Organizing box,ready,1,all_five,images/test_image_00292.jpg,208ce7277c66155db7a367ab0d989a18b7df68cba97890474eadec1a33ef30a9
habit_test_00293,000214_01,000214,S7025,task_03,Release the Organizing box you were holding.,Organizing box,early,0,all_five,images/test_image_00293.jpg,208ce7277c66155db7a367ab0d989a18b7df68cba97890474eadec1a33ef30a9
habit_test_00294,000214_01,000214,S7025,task_03,Release the Organizing box you were holding.,Organizing box,ready,1,all_five,images/test_image_00294.jpg,208ce7277c66155db7a367ab0d989a18b7df68cba97890474eadec1a33ef30a9
habit_test_00295,000214_02,000214,S7025,task_03,Release the Organizing box you were holding.,Organizing box,early,0,all_five,images/test_image_00295.jpg,208ce7277c66155db7a367ab0d989a18b7df68cba97890474eadec1a33ef30a9
habit_test_00296,000214_02,000214,S7025,task_03,Release the Organizing box you were holding.,Organizing box,ready,1,all_five,images/test_image_00296.jpg,208ce7277c66155db7a367ab0d989a18b7df68cba97890474eadec1a33ef30a9
habit_test_00297,000215_01,000215,S7025,task_03,Release the Organizing box you were holding.,Organizing box,early,0,all_five,images/test_image_00297.jpg,208ce7277c66155db7a367ab0d989a18b7df68cba97890474eadec1a33ef30a9
habit_test_00298,000215_01,000215,S7025,task_03,Release the Organizing box you were holding.,Organizing box,ready,1,all_five,images/test_image_00298.jpg,208ce7277c66155db7a367ab0d989a18b7df68cba97890474eadec1a33ef30a9
habit_test_00299,000215_02,000215,S7025,task_03,Release the Organizing box you were holding.,Organizing box,early,0,all_five,images/test_image_00299.jpg,208ce7277c66155db7a367ab0d989a18b7df68cba97890474eadec1a33ef30a9
habit_test_00300,000215_02,000215,S7025,task_03,Release the Organizing box you were holding.,Organizing box,ready,1,all_five,images/test_image_00300.jpg,208ce7277c66155db7a367ab0d989a18b7df68cba97890474eadec1a33ef30a9
habit_test_00301,000216_01,000216,S7025,task_03,Release the Organizing box you were holding.,Organizing box,early,0,all_five,images/test_image_00301.jpg,208ce7277c66155db7a367ab0d989a18b7df68cba97890474eadec1a33ef30a9
habit_test_00302,000216_01,000216,S7025,task_03,Release the Organizing box you were holding.,Organizing box,ready,1,all_five,images/test_image_00302.jpg,208ce7277c66155db7a367ab0d989a18b7df68cba97890474eadec1a33ef30a9
habit_test_00303,000216_02,000216,S7025,task_03,Release the Organizing box you were holding.,Organizing box,early,0,all_five,images/test_image_00303.jpg,208ce7277c66155db7a367ab0d989a18b7df68cba97890474eadec1a33ef30a9
habit_test_00304,000216_02,000216,S7025,task_03,Release the Organizing box you were holding.,Organizing box,ready,1,all_five,images/test_image_00304.jpg,208ce7277c66155db7a367ab0d989a18b7df68cba97890474eadec1a33ef30a9
habit_test_00305,000217_01,000217,S7025,task_03,Release the Organizing box you were holding.,Organizing box,early,0,all_five,images/test_image_00305.jpg,208ce7277c66155db7a367ab0d989a18b7df68cba97890474eadec1a33ef30a9
habit_test_00306,000217_01,000217,S7025,task_03,Release the Organizing box you were holding.,Organizing box,ready,1,all_five,images/test_image_00306.jpg,208ce7277c66155db7a367ab0d989a18b7df68cba97890474eadec1a33ef30a9
habit_test_00307,000217_02,000217,S7025,task_03,Release the Organizing box you were holding.,Organizing box,early,0,all_five,images/test_image_00307.jpg,208ce7277c66155db7a367ab0d989a18b7df68cba97890474eadec1a33ef30a9
habit_test_00308,000217_02,000217,S7025,task_03,Release the Organizing box you were holding.,Organizing box,ready,1,all_five,images/test_image_00308.jpg,208ce7277c66155db7a367ab0d989a18b7df68cba97890474eadec1a33ef30a9
habit_test_00309,000220_01,000220,S7025,task_03,Release the Organizing box you were holding.,Organizing box,early,0,all_five,images/test_image_00309.jpg,208ce7277c66155db7a367ab0d989a18b7df68cba97890474eadec1a33ef30a9
habit_test_00310,000220_01,000220,S7025,task_03,Release the Organizing box you were holding.,Organizing box,ready,1,all_five,images/test_image_00310.jpg,208ce7277c66155db7a367ab0d989a18b7df68cba97890474eadec1a33ef30a9
habit_test_00311,000220_02,000220,S7025,task_03,Release the Organizing box you were holding.,Organizing box,early,0,all_five,images/test_image_00311.jpg,208ce7277c66155db7a367ab0d989a18b7df68cba97890474eadec1a33ef30a9
habit_test_00312,000220_02,000220,S7025,task_03,Release the Organizing box you were holding.,Organizing box,ready,1,all_five,images/test_image_00312.jpg,208ce7277c66155db7a367ab0d989a18b7df68cba97890474eadec1a33ef30a9
habit_test_00313,000221_01,000221,S7025,task_03,Release the Organizing box you were holding.,Organizing box,early,0,all_five,images/test_image_00313.jpg,208ce7277c66155db7a367ab0d989a18b7df68cba97890474eadec1a33ef30a9
habit_test_00314,000221_01,000221,S7025,task_03,Release the Organizing box you were holding.,Organizing box,ready,1,all_five,images/test_image_00314.jpg,208ce7277c66155db7a367ab0d989a18b7df68cba97890474eadec1a33ef30a9
habit_test_00315,000221_02,000221,S7025,task_03,Release the Organizing box you were holding.,Organizing box,early,0,all_five,images/test_image_00315.jpg,208ce7277c66155db7a367ab0d989a18b7df68cba97890474eadec1a33ef30a9
habit_test_00316,000221_02,000221,S7025,task_03,Release the Organizing box you were holding.,Organizing box,ready,1,all_five,images/test_image_00316.jpg,208ce7277c66155db7a367ab0d989a18b7df68cba97890474eadec1a33ef30a9
habit_test_00317,000222_01,000222,S7025,task_03,Release the Organizing box you were holding.,Organizing box,early,0,all_five,images/test_image_00317.jpg,208ce7277c66155db7a367ab0d989a18b7df68cba97890474eadec1a33ef30a9
habit_test_00318,000222_01,000222,S7025,task_03,Release the Organizing box you were holding.,Organizing box,ready,1,all_five,images/test_image_00318.jpg,208ce7277c66155db7a367ab0d989a18b7df68cba97890474eadec1a33ef30a9
habit_test_00319,000222_02,000222,S7025,task_03,Release the Organizing box you were holding.,Organizing box,early,0,all_five,images/test_image_00319.jpg,208ce7277c66155db7a367ab0d989a18b7df68cba97890474eadec1a33ef30a9
habit_test_00320,000222_02,000222,S7025,task_03,Release the Organizing box you were holding.,Organizing box,ready,1,all_five,images/test_image_00320.jpg,208ce7277c66155db7a367ab0d989a18b7df68cba97890474eadec1a33ef30a9
habit_test_00321,000223_01,000223,S7025,task_03,Release the Organizing box you were holding.,Organizing box,early,0,all_five,images/test_image_00321.jpg,208ce7277c66155db7a367ab0d989a18b7df68cba97890474eadec1a33ef30a9
habit_test_00322,000223_01,000223,S7025,task_03,Release the Organizing box you were holding.,Organizing box,ready,1,all_five,images/test_image_00322.jpg,208ce7277c66155db7a367ab0d989a18b7df68cba97890474eadec1a33ef30a9
habit_test_00323,000223_02,000223,S7025,task_03,Release the Organizing box you were holding.,Organizing box,early,0,all_five,images/test_image_00323.jpg,208ce7277c66155db7a367ab0d989a18b7df68cba97890474eadec1a33ef30a9
habit_test_00324,000223_02,000223,S7025,task_03,Release the Organizing box you were holding.,Organizing box,ready,1,all_five,images/test_image_00324.jpg,208ce7277c66155db7a367ab0d989a18b7df68cba97890474eadec1a33ef30a9
habit_test_00325,000224_01,000224,S7025,task_03,Release the Organizing box you were holding.,Organizing box,early,0,all_five,images/test_image_00325.jpg,208ce7277c66155db7a367ab0d989a18b7df68cba97890474eadec1a33ef30a9
habit_test_00326,000224_01,000224,S7025,task_03,Release the Organizing box you were holding.,Organizing box,ready,1,all_five,images/test_image_00326.jpg,208ce7277c66155db7a367ab0d989a18b7df68cba97890474eadec1a33ef30a9
habit_test_00327,000224_02,000224,S7025,task_03,Release the Organizing box you were holding.,Organizing box,early,0,all_five,images/test_image_00327.jpg,208ce7277c66155db7a367ab0d989a18b7df68cba97890474eadec1a33ef30a9
habit_test_00328,000224_02,000224,S7025,task_03,Release the Organizing box you were holding.,Organizing box,ready,1,all_five,images/test_image_00328.jpg,208ce7277c66155db7a367ab0d989a18b7df68cba97890474eadec1a33ef30a9
habit_test_00329,000226_01,000226,S7025,task_03,Release the Organizing box you were holding.,Organizing box,early,0,all_five,images/test_image_00329.jpg,208ce7277c66155db7a367ab0d989a18b7df68cba97890474eadec1a33ef30a9
habit_test_00330,000226_01,000226,S7025,task_03,Release the Organizing box you were holding.,Organizing box,ready,1,all_five,images/test_image_00330.jpg,208ce7277c66155db7a367ab0d989a18b7df68cba97890474eadec1a33ef30a9
habit_test_00331,000226_02,000226,S7025,task_03,Release the Organizing box you were holding.,Organizing box,early,0,all_five,images/test_image_00331.jpg,208ce7277c66155db7a367ab0d989a18b7df68cba97890474eadec1a33ef30a9
habit_test_00332,000226_02,000226,S7025,task_03,Release the Organizing box you were holding.,Organizing box,ready,1,all_five,images/test_image_00332.jpg,208ce7277c66155db7a367ab0d989a18b7df68cba97890474eadec1a33ef30a9
habit_test_00333,000229_01,000229,S7025,task_03,Release the Organizing box you were holding.,Organizing box,early,0,all_five,images/test_image_00333.jpg,208ce7277c66155db7a367ab0d989a18b7df68cba97890474eadec1a33ef30a9
habit_test_00334,000229_01,000229,S7025,task_03,Release the Organizing box you were holding.,Organizing box,ready,1,all_five,images/test_image_00334.jpg,208ce7277c66155db7a367ab0d989a18b7df68cba97890474eadec1a33ef30a9
habit_test_00335,000229_02,000229,S7025,task_03,Release the Organizing box you were holding.,Organizing box,early,0,all_five,images/test_image_00335.jpg,208ce7277c66155db7a367ab0d989a18b7df68cba97890474eadec1a33ef30a9
habit_test_00336,000229_02,000229,S7025,task_03,Release the Organizing box you were holding.,Organizing box,ready,1,all_five,images/test_image_00336.jpg,208ce7277c66155db7a367ab0d989a18b7df68cba97890474eadec1a33ef30a9
habit_test_00337,000230_01,000230,S7025,task_03,Release the Organizing box you were holding.,Organizing box,early,0,all_five,images/test_image_00337.jpg,208ce7277c66155db7a367ab0d989a18b7df68cba97890474eadec1a33ef30a9
habit_test_00338,000230_01,000230,S7025,task_03,Release the Organizing box you were holding.,Organizing box,ready,1,all_five,images/test_image_00338.jpg,208ce7277c66155db7a367ab0d989a18b7df68cba97890474eadec1a33ef30a9
habit_test_00339,000230_02,000230,S7025,task_03,Release the Organizing box you were holding.,Organizing box,early,0,all_five,images/test_image_00339.jpg,208ce7277c66155db7a367ab0d989a18b7df68cba97890474eadec1a33ef30a9
habit_test_00340,000230_02,000230,S7025,task_03,Release the Organizing box you were holding.,Organizing box,ready,1,all_five,images/test_image_00340.jpg,208ce7277c66155db7a367ab0d989a18b7df68cba97890474eadec1a33ef30a9
habit_test_00341,000231_01,000231,S7025,task_03,Release the Organizing box you were holding.,Organizing box,early,0,all_five,images/test_image_00341.jpg,208ce7277c66155db7a367ab0d989a18b7df68cba97890474eadec1a33ef30a9
habit_test_00342,000231_01,000231,S7025,task_03,Release the Organizing box you were holding.,Organizing box,ready,1,all_five,images/test_image_00342.jpg,208ce7277c66155db7a367ab0d989a18b7df68cba97890474eadec1a33ef30a9
habit_test_00343,000231_02,000231,S7025,task_03,Release the Organizing box you were holding.,Organizing box,early,0,all_five,images/test_image_00343.jpg,208ce7277c66155db7a367ab0d989a18b7df68cba97890474eadec1a33ef30a9
habit_test_00344,000231_02,000231,S7025,task_03,Release the Organizing box you were holding.,Organizing box,ready,1,all_five,images/test_image_00344.jpg,208ce7277c66155db7a367ab0d989a18b7df68cba97890474eadec1a33ef30a9
habit_test_00345,000232_01,000232,S7025,task_03,Release the Organizing box you were holding.,Organizing box,early,0,all_five,images/test_image_00345.jpg,208ce7277c66155db7a367ab0d989a18b7df68cba97890474eadec1a33ef30a9
habit_test_00346,000232_01,000232,S7025,task_03,Release the Organizing box you were holding.,Organizing box,ready,1,all_five,images/test_image_00346.jpg,208ce7277c66155db7a367ab0d989a18b7df68cba97890474eadec1a33ef30a9
habit_test_00347,000232_02,000232,S7025,task_03,Release the Organizing box you were holding.,Organizing box,early,0,all_five,images/test_image_00347.jpg,208ce7277c66155db7a367ab0d989a18b7df68cba97890474eadec1a33ef30a9
habit_test_00348,000232_02,000232,S7025,task_03,Release the Organizing box you were holding.,Organizing box,ready,1,all_five,images/test_image_00348.jpg,208ce7277c66155db7a367ab0d989a18b7df68cba97890474eadec1a33ef30a9
habit_test_00349,000233_01,000233,S7025,task_03,Release the Organizing box you were holding.,Organizing box,early,0,all_five,images/test_image_00349.jpg,208ce7277c66155db7a367ab0d989a18b7df68cba97890474eadec1a33ef30a9
habit_test_00350,000233_01,000233,S7025,task_03,Release the Organizing box you were holding.,Organizing box,ready,1,all_five,images/test_image_00350.jpg,208ce7277c66155db7a367ab0d989a18b7df68cba97890474eadec1a33ef30a9
habit_test_00351,000233_02,000233,S7025,task_03,Release the Organizing box you were holding.,Organizing box,early,0,all_five,images/test_image_00351.jpg,208ce7277c66155db7a367ab0d989a18b7df68cba97890474eadec1a33ef30a9
habit_test_00352,000233_02,000233,S7025,task_03,Release the Organizing box you were holding.,Organizing box,ready,1,all_five,images/test_image_00352.jpg,208ce7277c66155db7a367ab0d989a18b7df68cba97890474eadec1a33ef30a9
habit_test_00353,000234_01,000234,S7025,task_03,Release the Organizing box you were holding.,Organizing box,early,0,all_five,images/test_image_00353.jpg,208ce7277c66155db7a367ab0d989a18b7df68cba97890474eadec1a33ef30a9
habit_test_00354,000234_01,000234,S7025,task_03,Release the Organizing box you were holding.,Organizing box,ready,1,all_five,images/test_image_00354.jpg,208ce7277c66155db7a367ab0d989a18b7df68cba97890474eadec1a33ef30a9
habit_test_00355,000234_02,000234,S7025,task_03,Release the Organizing box you were holding.,Organizing box,early,0,all_five,images/test_image_00355.jpg,208ce7277c66155db7a367ab0d989a18b7df68cba97890474eadec1a33ef30a9
habit_test_00356,000234_02,000234,S7025,task_03,Release the Organizing box you were holding.,Organizing box,ready,1,all_five,images/test_image_00356.jpg,208ce7277c66155db7a367ab0d989a18b7df68cba97890474eadec1a33ef30a9
habit_test_00357,000235_01,000235,S7025,task_03,Release the Organizing box you were holding.,Organizing box,early,0,all_five,images/test_image_00357.jpg,208ce7277c66155db7a367ab0d989a18b7df68cba97890474eadec1a33ef30a9
habit_test_00358,000235_01,000235,S7025,task_03,Release the Organizing box you were holding.,Organizing box,ready,1,all_five,images/test_image_00358.jpg,208ce7277c66155db7a367ab0d989a18b7df68cba97890474eadec1a33ef30a9
habit_test_00359,000235_02,000235,S7025,task_03,Release the Organizing box you were holding.,Organizing box,early,0,all_five,images/test_image_00359.jpg,208ce7277c66155db7a367ab0d989a18b7df68cba97890474eadec1a33ef30a9
habit_test_00360,000235_02,000235,S7025,task_03,Release the Organizing box you were holding.,Organizing box,ready,1,all_five,images/test_image_00360.jpg,208ce7277c66155db7a367ab0d989a18b7df68cba97890474eadec1a33ef30a9
habit_test_00361,000236_01,000236,S7025,task_03,Release the Organizing box you were holding.,Organizing box,early,0,all_five,images/test_image_00361.jpg,208ce7277c66155db7a367ab0d989a18b7df68cba97890474eadec1a33ef30a9
habit_test_00362,000236_01,000236,S7025,task_03,Release the Organizing box you were holding.,Organizing box,ready,1,all_five,images/test_image_00362.jpg,208ce7277c66155db7a367ab0d989a18b7df68cba97890474eadec1a33ef30a9
habit_test_00363,000236_02,000236,S7025,task_03,Release the Organizing box you were holding.,Organizing box,early,0,all_five,images/test_image_00363.jpg,208ce7277c66155db7a367ab0d989a18b7df68cba97890474eadec1a33ef30a9
habit_test_00364,000236_02,000236,S7025,task_03,Release the Organizing box you were holding.,Organizing box,ready,1,all_five,images/test_image_00364.jpg,208ce7277c66155db7a367ab0d989a18b7df68cba97890474eadec1a33ef30a9
habit_test_00365,000237_01,000237,S7025,task_03,Release the Organizing box you were holding.,Organizing box,early,0,all_five,images/test_image_00365.jpg,208ce7277c66155db7a367ab0d989a18b7df68cba97890474eadec1a33ef30a9
habit_test_00366,000237_01,000237,S7025,task_03,Release the Organizing box you were holding.,Organizing box,ready,1,all_five,images/test_image_00366.jpg,208ce7277c66155db7a367ab0d989a18b7df68cba97890474eadec1a33ef30a9
habit_test_00367,000237_02,000237,S7025,task_03,Release the Organizing box you were holding.,Organizing box,early,0,all_five,images/test_image_00367.jpg,208ce7277c66155db7a367ab0d989a18b7df68cba97890474eadec1a33ef30a9
habit_test_00368,000237_02,000237,S7025,task_03,Release the Organizing box you were holding.,Organizing box,ready,1,all_five,images/test_image_00368.jpg,208ce7277c66155db7a367ab0d989a18b7df68cba97890474eadec1a33ef30a9
habit_test_00369,000238_01,000238,S7025,task_03,Release the Organizing box you were holding.,Organizing box,early,0,all_five,images/test_image_00369.jpg,208ce7277c66155db7a367ab0d989a18b7df68cba97890474eadec1a33ef30a9
habit_test_00370,000238_01,000238,S7025,task_03,Release the Organizing box you were holding.,Organizing box,ready,1,all_five,images/test_image_00370.jpg,208ce7277c66155db7a367ab0d989a18b7df68cba97890474eadec1a33ef30a9
habit_test_00371,000238_02,000238,S7025,task_03,Release the Organizing box you were holding.,Organizing box,early,0,all_five,images/test_image_00371.jpg,208ce7277c66155db7a367ab0d989a18b7df68cba97890474eadec1a33ef30a9
habit_test_00372,000238_02,000238,S7025,task_03,Release the Organizing box you were holding.,Organizing box,ready,1,all_five,images/test_image_00372.jpg,208ce7277c66155db7a367ab0d989a18b7df68cba97890474eadec1a33ef30a9
habit_test_00373,000239_01,000239,S7025,task_03,Release the Organizing box you were holding.,Organizing box,early,0,all_five,images/test_image_00373.jpg,208ce7277c66155db7a367ab0d989a18b7df68cba97890474eadec1a33ef30a9
habit_test_00374,000239_01,000239,S7025,task_03,Release the Organizing box you were holding.,Organizing box,ready,1,all_five,images/test_image_00374.jpg,208ce7277c66155db7a367ab0d989a18b7df68cba97890474eadec1a33ef30a9
habit_test_00375,000239_02,000239,S7025,task_03,Release the Organizing box you were holding.,Organizing box,early,0,all_five,images/test_image_00375.jpg,208ce7277c66155db7a367ab0d989a18b7df68cba97890474eadec1a33ef30a9
habit_test_00376,000239_02,000239,S7025,task_03,Release the Organizing box you were holding.,Organizing box,ready,1,all_five,images/test_image_00376.jpg,208ce7277c66155db7a367ab0d989a18b7df68cba97890474eadec1a33ef30a9
habit_test_00377,000240_01,000240,S7025,task_03,Release the Organizing box you were holding.,Organizing box,early,0,all_five,images/test_image_00377.jpg,208ce7277c66155db7a367ab0d989a18b7df68cba97890474eadec1a33ef30a9
habit_test_00378,000240_01,000240,S7025,task_03,Release the Organizing box you were holding.,Organizing box,ready,1,all_five,images/test_image_00378.jpg,208ce7277c66155db7a367ab0d989a18b7df68cba97890474eadec1a33ef30a9
habit_test_00379,000240_02,000240,S7025,task_03,Release the Organizing box you were holding.,Organizing box,early,0,all_five,images/test_image_00379.jpg,208ce7277c66155db7a367ab0d989a18b7df68cba97890474eadec1a33ef30a9
habit_test_00380,000240_02,000240,S7025,task_03,Release the Organizing box you were holding.,Organizing box,ready,1,all_five,images/test_image_00380.jpg,208ce7277c66155db7a367ab0d989a18b7df68cba97890474eadec1a33ef30a9
habit_test_00381,000241_01,000241,S7025,task_03,Release the Organizing box you were holding.,Organizing box,early,0,all_five,images/test_image_00381.jpg,208ce7277c66155db7a367ab0d989a18b7df68cba97890474eadec1a33ef30a9
habit_test_00382,000241_01,000241,S7025,task_03,Release the Organizing box you were holding.,Organizing box,ready,1,all_five,images/test_image_00382.jpg,208ce7277c66155db7a367ab0d989a18b7df68cba97890474eadec1a33ef30a9
habit_test_00383,000241_02,000241,S7025,task_03,Release the Organizing box you were holding.,Organizing box,early,0,all_five,images/test_image_00383.jpg,208ce7277c66155db7a367ab0d989a18b7df68cba97890474eadec1a33ef30a9
habit_test_00384,000241_02,000241,S7025,task_03,Release the Organizing box you were holding.,Organizing box,ready,1,all_five,images/test_image_00384.jpg,208ce7277c66155db7a367ab0d989a18b7df68cba97890474eadec1a33ef30a9
habit_test_00385,000242_01,000242,S7025,task_03,Release the Organizing box you were holding.,Organizing box,early,0,all_five,images/test_image_00385.jpg,208ce7277c66155db7a367ab0d989a18b7df68cba97890474eadec1a33ef30a9
habit_test_00386,000242_01,000242,S7025,task_03,Release the Organizing box you were holding.,Organizing box,ready,1,all_five,images/test_image_00386.jpg,208ce7277c66155db7a367ab0d989a18b7df68cba97890474eadec1a33ef30a9
habit_test_00387,000242_02,000242,S7025,task_03,Release the Organizing box you were holding.,Organizing box,early,0,all_five,images/test_image_00387.jpg,208ce7277c66155db7a367ab0d989a18b7df68cba97890474eadec1a33ef30a9
habit_test_00388,000242_02,000242,S7025,task_03,Release the Organizing box you were holding.,Organizing box,ready,1,all_five,images/test_image_00388.jpg,208ce7277c66155db7a367ab0d989a18b7df68cba97890474eadec1a33ef30a9
habit_test_00389,000243_01,000243,S7025,task_03,Release the Organizing box you were holding.,Organizing box,early,0,all_five,images/test_image_00389.jpg,208ce7277c66155db7a367ab0d989a18b7df68cba97890474eadec1a33ef30a9
habit_test_00390,000243_01,000243,S7025,task_03,Release the Organizing box you were holding.,Organizing box,ready,1,all_five,images/test_image_00390.jpg,208ce7277c66155db7a367ab0d989a18b7df68cba97890474eadec1a33ef30a9
habit_test_00391,000243_02,000243,S7025,task_03,Release the Organizing box you were holding.,Organizing box,early,0,all_five,images/test_image_00391.jpg,208ce7277c66155db7a367ab0d989a18b7df68cba97890474eadec1a33ef30a9
habit_test_00392,000243_02,000243,S7025,task_03,Release the Organizing box you were holding.,Organizing box,ready,1,all_five,images/test_image_00392.jpg,208ce7277c66155db7a367ab0d989a18b7df68cba97890474eadec1a33ef30a9
habit_test_00393,000244_01,000244,S7025,task_03,Release the Organizing box you were holding.,Organizing box,early,0,all_five,images/test_image_00393.jpg,208ce7277c66155db7a367ab0d989a18b7df68cba97890474eadec1a33ef30a9
habit_test_00394,000244_01,000244,S7025,task_03,Release the Organizing box you were holding.,Organizing box,ready,1,all_five,images/test_image_00394.jpg,208ce7277c66155db7a367ab0d989a18b7df68cba97890474eadec1a33ef30a9
habit_test_00395,000244_02,000244,S7025,task_03,Release the Organizing box you were holding.,Organizing box,early,0,all_five,images/test_image_00395.jpg,208ce7277c66155db7a367ab0d989a18b7df68cba97890474eadec1a33ef30a9
habit_test_00396,000244_02,000244,S7025,task_03,Release the Organizing box you were holding.,Organizing box,ready,1,all_five,images/test_image_00396.jpg,208ce7277c66155db7a367ab0d989a18b7df68cba97890474eadec1a33ef30a9
habit_test_00397,000245_01,000245,S7025,task_03,Release the Organizing box you were holding.,Organizing box,early,0,all_five,images/test_image_00397.jpg,208ce7277c66155db7a367ab0d989a18b7df68cba97890474eadec1a33ef30a9
habit_test_00398,000245_01,000245,S7025,task_03,Release the Organizing box you were holding.,Organizing box,ready,1,all_five,images/test_image_00398.jpg,208ce7277c66155db7a367ab0d989a18b7df68cba97890474eadec1a33ef30a9
habit_test_00399,000245_02,000245,S7025,task_03,Release the Organizing box you were holding.,Organizing box,early,0,all_five,images/test_image_00399.jpg,208ce7277c66155db7a367ab0d989a18b7df68cba97890474eadec1a33ef30a9
habit_test_00400,000245_02,000245,S7025,task_03,Release the Organizing box you were holding.,Organizing box,ready,1,all_five,images/test_image_00400.jpg,208ce7277c66155db7a367ab0d989a18b7df68cba97890474eadec1a33ef30a9
habit_test_00401,000247_01,000247,S7025,task_03,Release the Organizing box you were holding.,Organizing box,early,0,all_five,images/test_image_00401.jpg,208ce7277c66155db7a367ab0d989a18b7df68cba97890474eadec1a33ef30a9
habit_test_00402,000247_01,000247,S7025,task_03,Release the Organizing box you were holding.,Organizing box,ready,1,all_five,images/test_image_00402.jpg,208ce7277c66155db7a367ab0d989a18b7df68cba97890474eadec1a33ef30a9
habit_test_00403,000247_02,000247,S7025,task_03,Release the Organizing box you were holding.,Organizing box,early,0,all_five,images/test_image_00403.jpg,208ce7277c66155db7a367ab0d989a18b7df68cba97890474eadec1a33ef30a9
habit_test_00404,000247_02,000247,S7025,task_03,Release the Organizing box you were holding.,Organizing box,ready,1,all_five,images/test_image_00404.jpg,208ce7277c66155db7a367ab0d989a18b7df68cba97890474eadec1a33ef30a9
habit_test_00405,000248_01,000248,S7025,task_03,Release the Organizing box you were holding.,Organizing box,early,0,all_five,images/test_image_00405.jpg,208ce7277c66155db7a367ab0d989a18b7df68cba97890474eadec1a33ef30a9
habit_test_00406,000248_01,000248,S7025,task_03,Release the Organizing box you were holding.,Organizing box,ready,1,all_five,images/test_image_00406.jpg,208ce7277c66155db7a367ab0d989a18b7df68cba97890474eadec1a33ef30a9
habit_test_00407,000248_02,000248,S7025,task_03,Release the Organizing box you were holding.,Organizing box,early,0,all_five,images/test_image_00407.jpg,208ce7277c66155db7a367ab0d989a18b7df68cba97890474eadec1a33ef30a9
habit_test_00408,000248_02,000248,S7025,task_03,Release the Organizing box you were holding.,Organizing box,ready,1,all_five,images/test_image_00408.jpg,208ce7277c66155db7a367ab0d989a18b7df68cba97890474eadec1a33ef30a9
habit_test_00409,000249_01,000249,S7025,task_03,Release the Organizing box you were holding.,Organizing box,early,0,all_five,images/test_image_00409.jpg,208ce7277c66155db7a367ab0d989a18b7df68cba97890474eadec1a33ef30a9
habit_test_00410,000249_01,000249,S7025,task_03,Release the Organizing box you were holding.,Organizing box,ready,1,all_five,images/test_image_00410.jpg,208ce7277c66155db7a367ab0d989a18b7df68cba97890474eadec1a33ef30a9
habit_test_00411,000249_02,000249,S7025,task_03,Release the Organizing box you were holding.,Organizing box,early,0,all_five,images/test_image_00411.jpg,208ce7277c66155db7a367ab0d989a18b7df68cba97890474eadec1a33ef30a9
habit_test_00412,000249_02,000249,S7025,task_03,Release the Organizing box you were holding.,Organizing box,ready,1,all_five,images/test_image_00412.jpg,208ce7277c66155db7a367ab0d989a18b7df68cba97890474eadec1a33ef30a9
habit_test_00413,000250_01,000250,S7025,task_03,Release the Organizing box you were holding.,Organizing box,early,0,all_five,images/test_image_00413.jpg,208ce7277c66155db7a367ab0d989a18b7df68cba97890474eadec1a33ef30a9
habit_test_00414,000250_01,000250,S7025,task_03,Release the Organizing box you were holding.,Organizing box,ready,1,all_five,images/test_image_00414.jpg,208ce7277c66155db7a367ab0d989a18b7df68cba97890474eadec1a33ef30a9
habit_test_00415,000250_02,000250,S7025,task_03,Release the Organizing box you were holding.,Organizing box,early,0,all_five,images/test_image_00415.jpg,208ce7277c66155db7a367ab0d989a18b7df68cba97890474eadec1a33ef30a9
habit_test_00416,000250_02,000250,S7025,task_03,Release the Organizing box you were holding.,Organizing box,ready,1,all_five,images/test_image_00416.jpg,208ce7277c66155db7a367ab0d989a18b7df68cba97890474eadec1a33ef30a9
habit_test_00417,000251_01,000251,S7025,task_03,Release the Organizing box you were holding.,Organizing box,early,0,all_five,images/test_image_00417.jpg,208ce7277c66155db7a367ab0d989a18b7df68cba97890474eadec1a33ef30a9
habit_test_00418,000251_01,000251,S7025,task_03,Release the Organizing box you were holding.,Organizing box,ready,1,all_five,images/test_image_00418.jpg,208ce7277c66155db7a367ab0d989a18b7df68cba97890474eadec1a33ef30a9
habit_test_00419,000251_02,000251,S7025,task_03,Release the Organizing box you were holding.,Organizing box,early,0,all_five,images/test_image_00419.jpg,208ce7277c66155db7a367ab0d989a18b7df68cba97890474eadec1a33ef30a9
habit_test_00420,000251_02,000251,S7025,task_03,Release the Organizing box you were holding.,Organizing box,ready,1,all_five,images/test_image_00420.jpg,208ce7277c66155db7a367ab0d989a18b7df68cba97890474eadec1a33ef30a9
habit_test_00421,000252_01,000252,S7025,task_03,Release the Organizing box you were holding.,Organizing box,early,0,all_five,images/test_image_00421.jpg,208ce7277c66155db7a367ab0d989a18b7df68cba97890474eadec1a33ef30a9
habit_test_00422,000252_01,000252,S7025,task_03,Release the Organizing box you were holding.,Organizing box,ready,1,all_five,images/test_image_00422.jpg,208ce7277c66155db7a367ab0d989a18b7df68cba97890474eadec1a33ef30a9
habit_test_00423,000252_02,000252,S7025,task_03,Release the Organizing box you were holding.,Organizing box,early,0,all_five,images/test_image_00423.jpg,208ce7277c66155db7a367ab0d989a18b7df68cba97890474eadec1a33ef30a9
habit_test_00424,000252_02,000252,S7025,task_03,Release the Organizing box you were holding.,Organizing box,ready,1,all_five,images/test_image_00424.jpg,208ce7277c66155db7a367ab0d989a18b7df68cba97890474eadec1a33ef30a9
habit_test_00425,000253_01,000253,S7025,task_03,Release the Organizing box you were holding.,Organizing box,early,0,all_five,images/test_image_00425.jpg,208ce7277c66155db7a367ab0d989a18b7df68cba97890474eadec1a33ef30a9
habit_test_00426,000253_01,000253,S7025,task_03,Release the Organizing box you were holding.,Organizing box,ready,1,all_five,images/test_image_00426.jpg,208ce7277c66155db7a367ab0d989a18b7df68cba97890474eadec1a33ef30a9
habit_test_00427,000253_02,000253,S7025,task_03,Release the Organizing box you were holding.,Organizing box,early,0,all_five,images/test_image_00427.jpg,208ce7277c66155db7a367ab0d989a18b7df68cba97890474eadec1a33ef30a9
habit_test_00428,000253_02,000253,S7025,task_03,Release the Organizing box you were holding.,Organizing box,ready,1,all_five,images/test_image_00428.jpg,208ce7277c66155db7a367ab0d989a18b7df68cba97890474eadec1a33ef30a9
habit_test_00429,000254_01,000254,S7025,task_03,Release the Organizing box you were holding.,Organizing box,early,0,all_five,images/test_image_00429.jpg,208ce7277c66155db7a367ab0d989a18b7df68cba97890474eadec1a33ef30a9
habit_test_00430,000254_01,000254,S7025,task_03,Release the Organizing box you were holding.,Organizing box,ready,1,all_five,images/test_image_00430.jpg,208ce7277c66155db7a367ab0d989a18b7df68cba97890474eadec1a33ef30a9
habit_test_00431,000254_02,000254,S7025,task_03,Release the Organizing box you were holding.,Organizing box,early,0,all_five,images/test_image_00431.jpg,208ce7277c66155db7a367ab0d989a18b7df68cba97890474eadec1a33ef30a9
habit_test_00432,000254_02,000254,S7025,task_03,Release the Organizing box you were holding.,Organizing box,ready,1,all_five,images/test_image_00432.jpg,208ce7277c66155db7a367ab0d989a18b7df68cba97890474eadec1a33ef30a9
habit_test_00433,000255_01,000255,S7025,task_03,Release the Organizing box you were holding.,Organizing box,early,0,all_five,images/test_image_00433.jpg,208ce7277c66155db7a367ab0d989a18b7df68cba97890474eadec1a33ef30a9
habit_test_00434,000255_01,000255,S7025,task_03,Release the Organizing box you were holding.,Organizing box,ready,1,all_five,images/test_image_00434.jpg,208ce7277c66155db7a367ab0d989a18b7df68cba97890474eadec1a33ef30a9
habit_test_00435,000255_02,000255,S7025,task_03,Release the Organizing box you were holding.,Organizing box,early,0,all_five,images/test_image_00435.jpg,208ce7277c66155db7a367ab0d989a18b7df68cba97890474eadec1a33ef30a9
habit_test_00436,000255_02,000255,S7025,task_03,Release the Organizing box you were holding.,Organizing box,ready,1,all_five,images/test_image_00436.jpg,208ce7277c66155db7a367ab0d989a18b7df68cba97890474eadec1a33ef30a9
habit_test_00437,000256_01,000256,S7025,task_03,Release the Organizing box you were holding.,Organizing box,early,0,all_five,images/test_image_00437.jpg,208ce7277c66155db7a367ab0d989a18b7df68cba97890474eadec1a33ef30a9
habit_test_00438,000256_01,000256,S7025,task_03,Release the Organizing box you were holding.,Organizing box,ready,1,all_five,images/test_image_00438.jpg,208ce7277c66155db7a367ab0d989a18b7df68cba97890474eadec1a33ef30a9
habit_test_00439,000256_02,000256,S7025,task_03,Release the Organizing box you were holding.,Organizing box,early,0,all_five,images/test_image_00439.jpg,208ce7277c66155db7a367ab0d989a18b7df68cba97890474eadec1a33ef30a9
habit_test_00440,000256_02,000256,S7025,task_03,Release the Organizing box you were holding.,Organizing box,ready,1,all_five,images/test_image_00440.jpg,208ce7277c66155db7a367ab0d989a18b7df68cba97890474eadec1a33ef30a9
habit_test_00441,000257_01,000257,S7025,task_03,Release the Organizing box you were holding.,Organizing box,early,0,all_five,images/test_image_00441.jpg,208ce7277c66155db7a367ab0d989a18b7df68cba97890474eadec1a33ef30a9
habit_test_00442,000257_01,000257,S7025,task_03,Release the Organizing box you were holding.,Organizing box,ready,1,all_five,images/test_image_00442.jpg,208ce7277c66155db7a367ab0d989a18b7df68cba97890474eadec1a33ef30a9
habit_test_00443,000257_02,000257,S7025,task_03,Release the Organizing box you were holding.,Organizing box,early,0,all_five,images/test_image_00443.jpg,208ce7277c66155db7a367ab0d989a18b7df68cba97890474eadec1a33ef30a9
habit_test_00444,000257_02,000257,S7025,task_03,Release the Organizing box you were holding.,Organizing box,ready,1,all_five,images/test_image_00444.jpg,208ce7277c66155db7a367ab0d989a18b7df68cba97890474eadec1a33ef30a9
habit_test_00445,000259_01,000259,S7025,task_03,Release the Organizing box you were holding.,Organizing box,early,0,all_five,images/test_image_00445.jpg,208ce7277c66155db7a367ab0d989a18b7df68cba97890474eadec1a33ef30a9
habit_test_00446,000259_01,000259,S7025,task_03,Release the Organizing box you were holding.,Organizing box,ready,1,all_five,images/test_image_00446.jpg,208ce7277c66155db7a367ab0d989a18b7df68cba97890474eadec1a33ef30a9
habit_test_00447,000259_02,000259,S7025,task_03,Release the Organizing box you were holding.,Organizing box,early,0,all_five,images/test_image_00447.jpg,208ce7277c66155db7a367ab0d989a18b7df68cba97890474eadec1a33ef30a9
habit_test_00448,000259_02,000259,S7025,task_03,Release the Organizing box you were holding.,Organizing box,ready,1,all_five,images/test_image_00448.jpg,208ce7277c66155db7a367ab0d989a18b7df68cba97890474eadec1a33ef30a9
habit_test_00449,000260_01,000260,S7025,task_03,Release the Organizing box you were holding.,Organizing box,early,0,all_five,images/test_image_00449.jpg,208ce7277c66155db7a367ab0d989a18b7df68cba97890474eadec1a33ef30a9
habit_test_00450,000260_01,000260,S7025,task_03,Release the Organizing box you were holding.,Organizing box,ready,1,all_five,images/test_image_00450.jpg,208ce7277c66155db7a367ab0d989a18b7df68cba97890474eadec1a33ef30a9
habit_test_00451,000260_02,000260,S7025,task_03,Release the Organizing box you were holding.,Organizing box,early,0,all_five,images/test_image_00451.jpg,208ce7277c66155db7a367ab0d989a18b7df68cba97890474eadec1a33ef30a9
habit_test_00452,000260_02,000260,S7025,task_03,Release the Organizing box you were holding.,Organizing box,ready,1,all_five,images/test_image_00452.jpg,208ce7277c66155db7a367ab0d989a18b7df68cba97890474eadec1a33ef30a9
habit_test_00453,000261_01,000261,S7025,task_03,Release the Organizing box you were holding.,Organizing box,early,0,all_five,images/test_image_00453.jpg,208ce7277c66155db7a367ab0d989a18b7df68cba97890474eadec1a33ef30a9
habit_test_00454,000261_01,000261,S7025,task_03,Release the Organizing box you were holding.,Organizing box,ready,1,all_five,images/test_image_00454.jpg,208ce7277c66155db7a367ab0d989a18b7df68cba97890474eadec1a33ef30a9
habit_test_00455,000261_02,000261,S7025,task_03,Release the Organizing box you were holding.,Organizing box,early,0,all_five,images/test_image_00455.jpg,208ce7277c66155db7a367ab0d989a18b7df68cba97890474eadec1a33ef30a9
habit_test_00456,000261_02,000261,S7025,task_03,Release the Organizing box you were holding.,Organizing box,ready,1,all_five,images/test_image_00456.jpg,208ce7277c66155db7a367ab0d989a18b7df68cba97890474eadec1a33ef30a9
habit_test_00457,000263_01,000263,S7025,task_03,Release the Organizing box you were holding.,Organizing box,early,0,all_five,images/test_image_00457.jpg,208ce7277c66155db7a367ab0d989a18b7df68cba97890474eadec1a33ef30a9
habit_test_00458,000263_01,000263,S7025,task_03,Release the Organizing box you were holding.,Organizing box,ready,1,all_five,images/test_image_00458.jpg,208ce7277c66155db7a367ab0d989a18b7df68cba97890474eadec1a33ef30a9
habit_test_00459,000263_02,000263,S7025,task_03,Release the Organizing box you were holding.,Organizing box,early,0,all_five,images/test_image_00459.jpg,208ce7277c66155db7a367ab0d989a18b7df68cba97890474eadec1a33ef30a9
habit_test_00460,000263_02,000263,S7025,task_03,Release the Organizing box you were holding.,Organizing box,ready,1,all_five,images/test_image_00460.jpg,208ce7277c66155db7a367ab0d989a18b7df68cba97890474eadec1a33ef30a9
habit_test_00461,000264_01,000264,S7025,task_03,Release the Organizing box you were holding.,Organizing box,early,0,all_five,images/test_image_00461.jpg,208ce7277c66155db7a367ab0d989a18b7df68cba97890474eadec1a33ef30a9
habit_test_00462,000264_01,000264,S7025,task_03,Release the Organizing box you were holding.,Organizing box,ready,1,all_five,images/test_image_00462.jpg,208ce7277c66155db7a367ab0d989a18b7df68cba97890474eadec1a33ef30a9
habit_test_00463,000264_02,000264,S7025,task_03,Release the Organizing box you were holding.,Organizing box,early,0,all_five,images/test_image_00463.jpg,208ce7277c66155db7a367ab0d989a18b7df68cba97890474eadec1a33ef30a9
habit_test_00464,000264_02,000264,S7025,task_03,Release the Organizing box you were holding.,Organizing box,ready,1,all_five,images/test_image_00464.jpg,208ce7277c66155db7a367ab0d989a18b7df68cba97890474eadec1a33ef30a9
habit_test_00465,000265_01,000265,S7025,task_03,Release the Organizing box you were holding.,Organizing box,early,0,all_five,images/test_image_00465.jpg,208ce7277c66155db7a367ab0d989a18b7df68cba97890474eadec1a33ef30a9
habit_test_00466,000265_01,000265,S7025,task_03,Release the Organizing box you were holding.,Organizing box,ready,1,all_five,images/test_image_00466.jpg,208ce7277c66155db7a367ab0d989a18b7df68cba97890474eadec1a33ef30a9
habit_test_00467,000265_02,000265,S7025,task_03,Release the Organizing box you were holding.,Organizing box,early,0,all_five,images/test_image_00467.jpg,208ce7277c66155db7a367ab0d989a18b7df68cba97890474eadec1a33ef30a9
habit_test_00468,000265_02,000265,S7025,task_03,Release the Organizing box you were holding.,Organizing box,ready,1,all_five,images/test_image_00468.jpg,208ce7277c66155db7a367ab0d989a18b7df68cba97890474eadec1a33ef30a9
habit_test_00469,002888_01,002888,S7414,task_02,Place the picked Paper togo box onto the Handle tray extended by the person.,Paper togo box,early,0,all_five,images/test_image_00469.jpg,7b1b55f87d1ad48674a87301d9b50f513670d7a32b05d93446571ac4eff6339a
habit_test_00470,002888_01,002888,S7414,task_02,Place the picked Paper togo box onto the Handle tray extended by the person.,Paper togo box,ready,1,all_five,images/test_image_00470.jpg,7b1b55f87d1ad48674a87301d9b50f513670d7a32b05d93446571ac4eff6339a
habit_test_00471,002888_02,002888,S7414,task_02,Place the picked Paper togo box onto the Handle tray extended by the person.,Paper togo box,early,0,all_five,images/test_image_00471.jpg,7b1b55f87d1ad48674a87301d9b50f513670d7a32b05d93446571ac4eff6339a
habit_test_00472,002888_02,002888,S7414,task_02,Place the picked Paper togo box onto the Handle tray extended by the person.,Paper togo box,ready,1,all_five,images/test_image_00472.jpg,7b1b55f87d1ad48674a87301d9b50f513670d7a32b05d93446571ac4eff6339a
habit_test_00473,002889_01,002889,S7414,task_02,Place the picked Paper togo box onto the Handle tray extended by the person.,Paper togo box,early,0,all_five,images/test_image_00473.jpg,7b1b55f87d1ad48674a87301d9b50f513670d7a32b05d93446571ac4eff6339a
habit_test_00474,002889_01,002889,S7414,task_02,Place the picked Paper togo box onto the Handle tray extended by the person.,Paper togo box,ready,1,all_five,images/test_image_00474.jpg,7b1b55f87d1ad48674a87301d9b50f513670d7a32b05d93446571ac4eff6339a
habit_test_00475,002889_02,002889,S7414,task_02,Place the picked Paper togo box onto the Handle tray extended by the person.,Paper togo box,early,0,all_five,images/test_image_00475.jpg,7b1b55f87d1ad48674a87301d9b50f513670d7a32b05d93446571ac4eff6339a
habit_test_00476,002889_02,002889,S7414,task_02,Place the picked Paper togo box onto the Handle tray extended by the person.,Paper togo box,ready,1,all_five,images/test_image_00476.jpg,7b1b55f87d1ad48674a87301d9b50f513670d7a32b05d93446571ac4eff6339a
habit_test_00477,002890_01,002890,S7414,task_02,Place the picked Paper togo box onto the Handle tray extended by the person.,Paper togo box,early,0,all_five,images/test_image_00477.jpg,7b1b55f87d1ad48674a87301d9b50f513670d7a32b05d93446571ac4eff6339a
habit_test_00478,002890_01,002890,S7414,task_02,Place the picked Paper togo box onto the Handle tray extended by the person.,Paper togo box,ready,1,all_five,images/test_image_00478.jpg,7b1b55f87d1ad48674a87301d9b50f513670d7a32b05d93446571ac4eff6339a
habit_test_00479,002890_02,002890,S7414,task_02,Place the picked Paper togo box onto the Handle tray extended by the person.,Paper togo box,early,0,all_five,images/test_image_00479.jpg,7b1b55f87d1ad48674a87301d9b50f513670d7a32b05d93446571ac4eff6339a
habit_test_00480,002890_02,002890,S7414,task_02,Place the picked Paper togo box onto the Handle tray extended by the person.,Paper togo box,ready,1,all_five,images/test_image_00480.jpg,7b1b55f87d1ad48674a87301d9b50f513670d7a32b05d93446571ac4eff6339a
habit_test_00481,002891_01,002891,S7414,task_02,Place the picked Paper togo box onto the Handle tray extended by the person.,Paper togo box,early,0,all_five,images/test_image_00481.jpg,7b1b55f87d1ad48674a87301d9b50f513670d7a32b05d93446571ac4eff6339a
habit_test_00482,002891_01,002891,S7414,task_02,Place the picked Paper togo box onto the Handle tray extended by the person.,Paper togo box,ready,1,all_five,images/test_image_00482.jpg,7b1b55f87d1ad48674a87301d9b50f513670d7a32b05d93446571ac4eff6339a
habit_test_00483,002891_02,002891,S7414,task_02,Place the picked Paper togo box onto the Handle tray extended by the person.,Paper togo box,early,0,all_five,images/test_image_00483.jpg,7b1b55f87d1ad48674a87301d9b50f513670d7a32b05d93446571ac4eff6339a
habit_test_00484,002891_02,002891,S7414,task_02,Place the picked Paper togo box onto the Handle tray extended by the person.,Paper togo box,ready,1,all_five,images/test_image_00484.jpg,7b1b55f87d1ad48674a87301d9b50f513670d7a32b05d93446571ac4eff6339a
habit_test_00485,002892_01,002892,S7414,task_02,Place the picked Paper togo box onto the Handle tray extended by the person.,Paper togo box,early,0,all_five,images/test_image_00485.jpg,7b1b55f87d1ad48674a87301d9b50f513670d7a32b05d93446571ac4eff6339a
habit_test_00486,002892_01,002892,S7414,task_02,Place the picked Paper togo box onto the Handle tray extended by the person.,Paper togo box,ready,1,all_five,images/test_image_00486.jpg,7b1b55f87d1ad48674a87301d9b50f513670d7a32b05d93446571ac4eff6339a
habit_test_00487,002892_02,002892,S7414,task_02,Place the picked Paper togo box onto the Handle tray extended by the person.,Paper togo box,early,0,all_five,images/test_image_00487.jpg,7b1b55f87d1ad48674a87301d9b50f513670d7a32b05d93446571ac4eff6339a
habit_test_00488,002892_02,002892,S7414,task_02,Place the picked Paper togo box onto the Handle tray extended by the person.,Paper togo box,ready,1,all_five,images/test_image_00488.jpg,7b1b55f87d1ad48674a87301d9b50f513670d7a32b05d93446571ac4eff6339a
habit_test_00489,002894_01,002894,S7414,task_02,Place the picked Paper togo box onto the Handle tray extended by the person.,Paper togo box,early,0,all_five,images/test_image_00489.jpg,7b1b55f87d1ad48674a87301d9b50f513670d7a32b05d93446571ac4eff6339a
habit_test_00490,002894_01,002894,S7414,task_02,Place the picked Paper togo box onto the Handle tray extended by the person.,Paper togo box,ready,1,all_five,images/test_image_00490.jpg,7b1b55f87d1ad48674a87301d9b50f513670d7a32b05d93446571ac4eff6339a
habit_test_00491,002894_02,002894,S7414,task_02,Place the picked Paper togo box onto the Handle tray extended by the person.,Paper togo box,early,0,all_five,images/test_image_00491.jpg,7b1b55f87d1ad48674a87301d9b50f513670d7a32b05d93446571ac4eff6339a
habit_test_00492,002894_02,002894,S7414,task_02,Place the picked Paper togo box onto the Handle tray extended by the person.,Paper togo box,ready,1,all_five,images/test_image_00492.jpg,7b1b55f87d1ad48674a87301d9b50f513670d7a32b05d93446571ac4eff6339a
habit_test_00493,002895_01,002895,S7414,task_02,Place the picked Paper togo box onto the Handle tray extended by the person.,Paper togo box,early,0,all_five,images/test_image_00493.jpg,7b1b55f87d1ad48674a87301d9b50f513670d7a32b05d93446571ac4eff6339a
habit_test_00494,002895_01,002895,S7414,task_02,Place the picked Paper togo box onto the Handle tray extended by the person.,Paper togo box,ready,1,all_five,images/test_image_00494.jpg,7b1b55f87d1ad48674a87301d9b50f513670d7a32b05d93446571ac4eff6339a
habit_test_00495,002895_02,002895,S7414,task_02,Place the picked Paper togo box onto the Handle tray extended by the person.,Paper togo box,early,0,all_five,images/test_image_00495.jpg,7b1b55f87d1ad48674a87301d9b50f513670d7a32b05d93446571ac4eff6339a
habit_test_00496,002895_02,002895,S7414,task_02,Place the picked Paper togo box onto the Handle tray extended by the person.,Paper togo box,ready,1,all_five,images/test_image_00496.jpg,7b1b55f87d1ad48674a87301d9b50f513670d7a32b05d93446571ac4eff6339a
habit_test_00497,002896_01,002896,S7414,task_02,Place the picked Paper togo box onto the Handle tray extended by the person.,Paper togo box,early,0,all_five,images/test_image_00497.jpg,7b1b55f87d1ad48674a87301d9b50f513670d7a32b05d93446571ac4eff6339a
habit_test_00498,002896_01,002896,S7414,task_02,Place the picked Paper togo box onto the Handle tray extended by the person.,Paper togo box,ready,1,all_five,images/test_image_00498.jpg,7b1b55f87d1ad48674a87301d9b50f513670d7a32b05d93446571ac4eff6339a
habit_test_00499,002896_02,002896,S7414,task_02,Place the picked Paper togo box onto the Handle tray extended by the person.,Paper togo box,early,0,all_five,images/test_image_00499.jpg,7b1b55f87d1ad48674a87301d9b50f513670d7a32b05d93446571ac4eff6339a
habit_test_00500,002896_02,002896,S7414,task_02,Place the picked Paper togo box onto the Handle tray extended by the person.,Paper togo box,ready,1,all_five,images/test_image_00500.jpg,7b1b55f87d1ad48674a87301d9b50f513670d7a32b05d93446571ac4eff6339a
habit_test_00501,002898_01,002898,S7414,task_02,Place the picked Paper togo box onto the Handle tray extended by the person.,Paper togo box,early,0,all_five,images/test_image_00501.jpg,7b1b55f87d1ad48674a87301d9b50f513670d7a32b05d93446571ac4eff6339a
habit_test_00502,002898_01,002898,S7414,task_02,Place the picked Paper togo box onto the Handle tray extended by the person.,Paper togo box,ready,1,all_five,images/test_image_00502.jpg,7b1b55f87d1ad48674a87301d9b50f513670d7a32b05d93446571ac4eff6339a
habit_test_00503,002898_02,002898,S7414,task_02,Place the picked Paper togo box onto the Handle tray extended by the person.,Paper togo box,early,0,all_five,images/test_image_00503.jpg,7b1b55f87d1ad48674a87301d9b50f513670d7a32b05d93446571ac4eff6339a
habit_test_00504,002898_02,002898,S7414,task_02,Place the picked Paper togo box onto the Handle tray extended by the person.,Paper togo box,ready,1,all_five,images/test_image_00504.jpg,7b1b55f87d1ad48674a87301d9b50f513670d7a32b05d93446571ac4eff6339a
habit_test_00505,002899_01,002899,S7414,task_02,Place the picked Paper togo box onto the Handle tray extended by the person.,Paper togo box,early,0,all_five,images/test_image_00505.jpg,7b1b55f87d1ad48674a87301d9b50f513670d7a32b05d93446571ac4eff6339a
habit_test_00506,002899_01,002899,S7414,task_02,Place the picked Paper togo box onto the Handle tray extended by the person.,Paper togo box,ready,1,all_five,images/test_image_00506.jpg,7b1b55f87d1ad48674a87301d9b50f513670d7a32b05d93446571ac4eff6339a
habit_test_00507,002899_02,002899,S7414,task_02,Place the picked Paper togo box onto the Handle tray extended by the person.,Paper togo box,early,0,all_five,images/test_image_00507.jpg,7b1b55f87d1ad48674a87301d9b50f513670d7a32b05d93446571ac4eff6339a
habit_test_00508,002899_02,002899,S7414,task_02,Place the picked Paper togo box onto the Handle tray extended by the person.,Paper togo box,ready,1,all_five,images/test_image_00508.jpg,7b1b55f87d1ad48674a87301d9b50f513670d7a32b05d93446571ac4eff6339a
habit_test_00509,002900_01,002900,S7414,task_02,Place the picked Paper togo box onto the Handle tray extended by the person.,Paper togo box,early,0,all_five,images/test_image_00509.jpg,7b1b55f87d1ad48674a87301d9b50f513670d7a32b05d93446571ac4eff6339a
habit_test_00510,002900_01,002900,S7414,task_02,Place the picked Paper togo box onto the Handle tray extended by the person.,Paper togo box,ready,1,all_five,images/test_image_00510.jpg,7b1b55f87d1ad48674a87301d9b50f513670d7a32b05d93446571ac4eff6339a
habit_test_00511,002900_02,002900,S7414,task_02,Place the picked Paper togo box onto the Handle tray extended by the person.,Paper togo box,early,0,all_five,images/test_image_00511.jpg,7b1b55f87d1ad48674a87301d9b50f513670d7a32b05d93446571ac4eff6339a
habit_test_00512,002900_02,002900,S7414,task_02,Place the picked Paper togo box onto the Handle tray extended by the person.,Paper togo box,ready,1,all_five,images/test_image_00512.jpg,7b1b55f87d1ad48674a87301d9b50f513670d7a32b05d93446571ac4eff6339a
habit_test_00513,002901_01,002901,S7414,task_02,Place the picked Paper togo box onto the Handle tray extended by the person.,Paper togo box,early,0,all_five,images/test_image_00513.jpg,7b1b55f87d1ad48674a87301d9b50f513670d7a32b05d93446571ac4eff6339a
habit_test_00514,002901_01,002901,S7414,task_02,Place the picked Paper togo box onto the Handle tray extended by the person.,Paper togo box,ready,1,all_five,images/test_image_00514.jpg,7b1b55f87d1ad48674a87301d9b50f513670d7a32b05d93446571ac4eff6339a
habit_test_00515,002901_02,002901,S7414,task_02,Place the picked Paper togo box onto the Handle tray extended by the person.,Paper togo box,early,0,all_five,images/test_image_00515.jpg,7b1b55f87d1ad48674a87301d9b50f513670d7a32b05d93446571ac4eff6339a
habit_test_00516,002901_02,002901,S7414,task_02,Place the picked Paper togo box onto the Handle tray extended by the person.,Paper togo box,ready,1,all_five,images/test_image_00516.jpg,7b1b55f87d1ad48674a87301d9b50f513670d7a32b05d93446571ac4eff6339a
habit_test_00517,002902_01,002902,S7414,task_02,Place the picked Paper togo box onto the Handle tray extended by the person.,Paper togo box,early,0,all_five,images/test_image_00517.jpg,7b1b55f87d1ad48674a87301d9b50f513670d7a32b05d93446571ac4eff6339a
habit_test_00518,002902_01,002902,S7414,task_02,Place the picked Paper togo box onto the Handle tray extended by the person.,Paper togo box,ready,1,all_five,images/test_image_00518.jpg,7b1b55f87d1ad48674a87301d9b50f513670d7a32b05d93446571ac4eff6339a
habit_test_00519,002902_02,002902,S7414,task_02,Place the picked Paper togo box onto the Handle tray extended by the person.,Paper togo box,early,0,all_five,images/test_image_00519.jpg,7b1b55f87d1ad48674a87301d9b50f513670d7a32b05d93446571ac4eff6339a
habit_test_00520,002902_02,002902,S7414,task_02,Place the picked Paper togo box onto the Handle tray extended by the person.,Paper togo box,ready,1,all_five,images/test_image_00520.jpg,7b1b55f87d1ad48674a87301d9b50f513670d7a32b05d93446571ac4eff6339a
habit_test_00521,002903_01,002903,S7414,task_02,Place the picked Paper togo box onto the Handle tray extended by the person.,Paper togo box,early,0,all_five,images/test_image_00521.jpg,7b1b55f87d1ad48674a87301d9b50f513670d7a32b05d93446571ac4eff6339a
habit_test_00522,002903_01,002903,S7414,task_02,Place the picked Paper togo box onto the Handle tray extended by the person.,Paper togo box,ready,1,all_five,images/test_image_00522.jpg,7b1b55f87d1ad48674a87301d9b50f513670d7a32b05d93446571ac4eff6339a
habit_test_00523,002903_02,002903,S7414,task_02,Place the picked Paper togo box onto the Handle tray extended by the person.,Paper togo box,early,0,all_five,images/test_image_00523.jpg,7b1b55f87d1ad48674a87301d9b50f513670d7a32b05d93446571ac4eff6339a
habit_test_00524,002903_02,002903,S7414,task_02,Place the picked Paper togo box onto the Handle tray extended by the person.,Paper togo box,ready,1,all_five,images/test_image_00524.jpg,7b1b55f87d1ad48674a87301d9b50f513670d7a32b05d93446571ac4eff6339a
habit_test_00525,002904_01,002904,S7414,task_02,Place the picked Paper togo box onto the Handle tray extended by the person.,Paper togo box,early,0,all_five,images/test_image_00525.jpg,7b1b55f87d1ad48674a87301d9b50f513670d7a32b05d93446571ac4eff6339a
habit_test_00526,002904_01,002904,S7414,task_02,Place the picked Paper togo box onto the Handle tray extended by the person.,Paper togo box,ready,1,all_five,images/test_image_00526.jpg,7b1b55f87d1ad48674a87301d9b50f513670d7a32b05d93446571ac4eff6339a
habit_test_00527,002904_02,002904,S7414,task_02,Place the picked Paper togo box onto the Handle tray extended by the person.,Paper togo box,early,0,all_five,images/test_image_00527.jpg,7b1b55f87d1ad48674a87301d9b50f513670d7a32b05d93446571ac4eff6339a
habit_test_00528,002904_02,002904,S7414,task_02,Place the picked Paper togo box onto the Handle tray extended by the person.,Paper togo box,ready,1,all_five,images/test_image_00528.jpg,7b1b55f87d1ad48674a87301d9b50f513670d7a32b05d93446571ac4eff6339a
habit_test_00529,002905_01,002905,S7414,task_02,Place the picked Paper togo box onto the Handle tray extended by the person.,Paper togo box,early,0,all_five,images/test_image_00529.jpg,7b1b55f87d1ad48674a87301d9b50f513670d7a32b05d93446571ac4eff6339a
habit_test_00530,002905_01,002905,S7414,task_02,Place the picked Paper togo box onto the Handle tray extended by the person.,Paper togo box,ready,1,all_five,images/test_image_00530.jpg,7b1b55f87d1ad48674a87301d9b50f513670d7a32b05d93446571ac4eff6339a
habit_test_00531,002905_02,002905,S7414,task_02,Place the picked Paper togo box onto the Handle tray extended by the person.,Paper togo box,early,0,all_five,images/test_image_00531.jpg,7b1b55f87d1ad48674a87301d9b50f513670d7a32b05d93446571ac4eff6339a
habit_test_00532,002905_02,002905,S7414,task_02,Place the picked Paper togo box onto the Handle tray extended by the person.,Paper togo box,ready,1,all_five,images/test_image_00532.jpg,7b1b55f87d1ad48674a87301d9b50f513670d7a32b05d93446571ac4eff6339a
habit_test_00533,002906_01,002906,S7414,task_02,Place the picked Paper togo box onto the Handle tray extended by the person.,Paper togo box,early,0,all_five,images/test_image_00533.jpg,7b1b55f87d1ad48674a87301d9b50f513670d7a32b05d93446571ac4eff6339a
habit_test_00534,002906_01,002906,S7414,task_02,Place the picked Paper togo box onto the Handle tray extended by the person.,Paper togo box,ready,1,all_five,images/test_image_00534.jpg,7b1b55f87d1ad48674a87301d9b50f513670d7a32b05d93446571ac4eff6339a
habit_test_00535,002906_02,002906,S7414,task_02,Place the picked Paper togo box onto the Handle tray extended by the person.,Paper togo box,early,0,all_five,images/test_image_00535.jpg,7b1b55f87d1ad48674a87301d9b50f513670d7a32b05d93446571ac4eff6339a
habit_test_00536,002906_02,002906,S7414,task_02,Place the picked Paper togo box onto the Handle tray extended by the person.,Paper togo box,ready,1,all_five,images/test_image_00536.jpg,7b1b55f87d1ad48674a87301d9b50f513670d7a32b05d93446571ac4eff6339a
habit_test_00537,002907_01,002907,S7414,task_02,Place the picked Paper togo box onto the Handle tray extended by the person.,Paper togo box,early,0,all_five,images/test_image_00537.jpg,7b1b55f87d1ad48674a87301d9b50f513670d7a32b05d93446571ac4eff6339a
habit_test_00538,002907_01,002907,S7414,task_02,Place the picked Paper togo box onto the Handle tray extended by the person.,Paper togo box,ready,1,all_five,images/test_image_00538.jpg,7b1b55f87d1ad48674a87301d9b50f513670d7a32b05d93446571ac4eff6339a
habit_test_00539,002907_02,002907,S7414,task_02,Place the picked Paper togo box onto the Handle tray extended by the person.,Paper togo box,early,0,all_five,images/test_image_00539.jpg,7b1b55f87d1ad48674a87301d9b50f513670d7a32b05d93446571ac4eff6339a
habit_test_00540,002907_02,002907,S7414,task_02,Place the picked Paper togo box onto the Handle tray extended by the person.,Paper togo box,ready,1,all_five,images/test_image_00540.jpg,7b1b55f87d1ad48674a87301d9b50f513670d7a32b05d93446571ac4eff6339a
habit_test_00541,002908_01,002908,S7414,task_02,Place the picked Paper togo box onto the Handle tray extended by the person.,Paper togo box,early,0,all_five,images/test_image_00541.jpg,7b1b55f87d1ad48674a87301d9b50f513670d7a32b05d93446571ac4eff6339a
habit_test_00542,002908_01,002908,S7414,task_02,Place the picked Paper togo box onto the Handle tray extended by the person.,Paper togo box,ready,1,all_five,images/test_image_00542.jpg,7b1b55f87d1ad48674a87301d9b50f513670d7a32b05d93446571ac4eff6339a
habit_test_00543,002908_02,002908,S7414,task_02,Place the picked Paper togo box onto the Handle tray extended by the person.,Paper togo box,early,0,all_five,images/test_image_00543.jpg,7b1b55f87d1ad48674a87301d9b50f513670d7a32b05d93446571ac4eff6339a
habit_test_00544,002908_02,002908,S7414,task_02,Place the picked Paper togo box onto the Handle tray extended by the person.,Paper togo box,ready,1,all_five,images/test_image_00544.jpg,7b1b55f87d1ad48674a87301d9b50f513670d7a32b05d93446571ac4eff6339a
habit_test_00545,002910_01,002910,S7414,task_02,Place the picked Paper togo box onto the Handle tray extended by the person.,Paper togo box,early,0,all_five,images/test_image_00545.jpg,7b1b55f87d1ad48674a87301d9b50f513670d7a32b05d93446571ac4eff6339a
habit_test_00546,002910_01,002910,S7414,task_02,Place the picked Paper togo box onto the Handle tray extended by the person.,Paper togo box,ready,1,all_five,images/test_image_00546.jpg,7b1b55f87d1ad48674a87301d9b50f513670d7a32b05d93446571ac4eff6339a
habit_test_00547,002910_02,002910,S7414,task_02,Place the picked Paper togo box onto the Handle tray extended by the person.,Paper togo box,early,0,all_five,images/test_image_00547.jpg,7b1b55f87d1ad48674a87301d9b50f513670d7a32b05d93446571ac4eff6339a
habit_test_00548,002910_02,002910,S7414,task_02,Place the picked Paper togo box onto the Handle tray extended by the person.,Paper togo box,ready,1,all_five,images/test_image_00548.jpg,7b1b55f87d1ad48674a87301d9b50f513670d7a32b05d93446571ac4eff6339a
habit_test_00549,002911_01,002911,S7414,task_02,Place the picked Paper togo box onto the Handle tray extended by the person.,Paper togo box,early,0,all_five,images/test_image_00549.jpg,7b1b55f87d1ad48674a87301d9b50f513670d7a32b05d93446571ac4eff6339a
habit_test_00550,002911_01,002911,S7414,task_02,Place the picked Paper togo box onto the Handle tray extended by the person.,Paper togo box,ready,1,all_five,images/test_image_00550.jpg,7b1b55f87d1ad48674a87301d9b50f513670d7a32b05d93446571ac4eff6339a
habit_test_00551,002911_02,002911,S7414,task_02,Place the picked Paper togo box onto the Handle tray extended by the person.,Paper togo box,early,0,all_five,images/test_image_00551.jpg,7b1b55f87d1ad48674a87301d9b50f513670d7a32b05d93446571ac4eff6339a
habit_test_00552,002911_02,002911,S7414,task_02,Place the picked Paper togo box onto the Handle tray extended by the person.,Paper togo box,ready,1,all_five,images/test_image_00552.jpg,7b1b55f87d1ad48674a87301d9b50f513670d7a32b05d93446571ac4eff6339a
habit_test_00553,002912_01,002912,S7414,task_02,Place the picked Paper togo box onto the Handle tray extended by the person.,Paper togo box,early,0,all_five,images/test_image_00553.jpg,7b1b55f87d1ad48674a87301d9b50f513670d7a32b05d93446571ac4eff6339a
habit_test_00554,002912_01,002912,S7414,task_02,Place the picked Paper togo box onto the Handle tray extended by the person.,Paper togo box,ready,1,all_five,images/test_image_00554.jpg,7b1b55f87d1ad48674a87301d9b50f513670d7a32b05d93446571ac4eff6339a
habit_test_00555,002912_02,002912,S7414,task_02,Place the picked Paper togo box onto the Handle tray extended by the person.,Paper togo box,early,0,all_five,images/test_image_00555.jpg,7b1b55f87d1ad48674a87301d9b50f513670d7a32b05d93446571ac4eff6339a
habit_test_00556,002912_02,002912,S7414,task_02,Place the picked Paper togo box onto the Handle tray extended by the person.,Paper togo box,ready,1,all_five,images/test_image_00556.jpg,7b1b55f87d1ad48674a87301d9b50f513670d7a32b05d93446571ac4eff6339a
habit_test_00557,002913_01,002913,S7414,task_02,Place the picked Paper togo box onto the Handle tray extended by the person.,Paper togo box,early,0,all_five,images/test_image_00557.jpg,7b1b55f87d1ad48674a87301d9b50f513670d7a32b05d93446571ac4eff6339a
habit_test_00558,002913_01,002913,S7414,task_02,Place the picked Paper togo box onto the Handle tray extended by the person.,Paper togo box,ready,1,all_five,images/test_image_00558.jpg,7b1b55f87d1ad48674a87301d9b50f513670d7a32b05d93446571ac4eff6339a
habit_test_00559,002913_02,002913,S7414,task_02,Place the picked Paper togo box onto the Handle tray extended by the person.,Paper togo box,early,0,all_five,images/test_image_00559.jpg,7b1b55f87d1ad48674a87301d9b50f513670d7a32b05d93446571ac4eff6339a
habit_test_00560,002913_02,002913,S7414,task_02,Place the picked Paper togo box onto the Handle tray extended by the person.,Paper togo box,ready,1,all_five,images/test_image_00560.jpg,7b1b55f87d1ad48674a87301d9b50f513670d7a32b05d93446571ac4eff6339a
habit_test_00561,002914_01,002914,S7414,task_02,Place the picked Paper togo box onto the Handle tray extended by the person.,Paper togo box,early,0,all_five,images/test_image_00561.jpg,7b1b55f87d1ad48674a87301d9b50f513670d7a32b05d93446571ac4eff6339a
habit_test_00562,002914_01,002914,S7414,task_02,Place the picked Paper togo box onto the Handle tray extended by the person.,Paper togo box,ready,1,all_five,images/test_image_00562.jpg,7b1b55f87d1ad48674a87301d9b50f513670d7a32b05d93446571ac4eff6339a
habit_test_00563,002914_02,002914,S7414,task_02,Place the picked Paper togo box onto the Handle tray extended by the person.,Paper togo box,early,0,all_five,images/test_image_00563.jpg,7b1b55f87d1ad48674a87301d9b50f513670d7a32b05d93446571ac4eff6339a
habit_test_00564,002914_02,002914,S7414,task_02,Place the picked Paper togo box onto the Handle tray extended by the person.,Paper togo box,ready,1,all_five,images/test_image_00564.jpg,7b1b55f87d1ad48674a87301d9b50f513670d7a32b05d93446571ac4eff6339a
habit_test_00565,002915_01,002915,S7414,task_02,Place the picked Paper togo box onto the Handle tray extended by the person.,Paper togo box,early,0,all_five,images/test_image_00565.jpg,7b1b55f87d1ad48674a87301d9b50f513670d7a32b05d93446571ac4eff6339a
habit_test_00566,002915_01,002915,S7414,task_02,Place the picked Paper togo box onto the Handle tray extended by the person.,Paper togo box,ready,1,all_five,images/test_image_00566.jpg,7b1b55f87d1ad48674a87301d9b50f513670d7a32b05d93446571ac4eff6339a
habit_test_00567,002915_02,002915,S7414,task_02,Place the picked Paper togo box onto the Handle tray extended by the person.,Paper togo box,early,0,all_five,images/test_image_00567.jpg,7b1b55f87d1ad48674a87301d9b50f513670d7a32b05d93446571ac4eff6339a
habit_test_00568,002915_02,002915,S7414,task_02,Place the picked Paper togo box onto the Handle tray extended by the person.,Paper togo box,ready,1,all_five,images/test_image_00568.jpg,7b1b55f87d1ad48674a87301d9b50f513670d7a32b05d93446571ac4eff6339a
habit_test_00569,002916_01,002916,S7414,task_02,Place the picked Paper togo box onto the Handle tray extended by the person.,Paper togo box,early,0,all_five,images/test_image_00569.jpg,7b1b55f87d1ad48674a87301d9b50f513670d7a32b05d93446571ac4eff6339a
habit_test_00570,002916_01,002916,S7414,task_02,Place the picked Paper togo box onto the Handle tray extended by the person.,Paper togo box,ready,1,all_five,images/test_image_00570.jpg,7b1b55f87d1ad48674a87301d9b50f513670d7a32b05d93446571ac4eff6339a
habit_test_00571,002916_02,002916,S7414,task_02,Place the picked Paper togo box onto the Handle tray extended by the person.,Paper togo box,early,0,all_five,images/test_image_00571.jpg,7b1b55f87d1ad48674a87301d9b50f513670d7a32b05d93446571ac4eff6339a
habit_test_00572,002916_02,002916,S7414,task_02,Place the picked Paper togo box onto the Handle tray extended by the person.,Paper togo box,ready,1,all_five,images/test_image_00572.jpg,7b1b55f87d1ad48674a87301d9b50f513670d7a32b05d93446571ac4eff6339a
habit_test_00573,002917_01,002917,S7414,task_02,Place the picked Paper togo box onto the Handle tray extended by the person.,Paper togo box,early,0,all_five,images/test_image_00573.jpg,7b1b55f87d1ad48674a87301d9b50f513670d7a32b05d93446571ac4eff6339a
habit_test_00574,002917_01,002917,S7414,task_02,Place the picked Paper togo box onto the Handle tray extended by the person.,Paper togo box,ready,1,all_five,images/test_image_00574.jpg,7b1b55f87d1ad48674a87301d9b50f513670d7a32b05d93446571ac4eff6339a
habit_test_00575,002917_02,002917,S7414,task_02,Place the picked Paper togo box onto the Handle tray extended by the person.,Paper togo box,early,0,all_five,images/test_image_00575.jpg,7b1b55f87d1ad48674a87301d9b50f513670d7a32b05d93446571ac4eff6339a
habit_test_00576,002917_02,002917,S7414,task_02,Place the picked Paper togo box onto the Handle tray extended by the person.,Paper togo box,ready,1,all_five,images/test_image_00576.jpg,7b1b55f87d1ad48674a87301d9b50f513670d7a32b05d93446571ac4eff6339a
habit_test_00577,002918_01,002918,S7414,task_02,Place the picked Paper togo box onto the Handle tray extended by the person.,Paper togo box,early,0,all_five,images/test_image_00577.jpg,7b1b55f87d1ad48674a87301d9b50f513670d7a32b05d93446571ac4eff6339a
habit_test_00578,002918_01,002918,S7414,task_02,Place the picked Paper togo box onto the Handle tray extended by the person.,Paper togo box,ready,1,all_five,images/test_image_00578.jpg,7b1b55f87d1ad48674a87301d9b50f513670d7a32b05d93446571ac4eff6339a
habit_test_00579,002918_02,002918,S7414,task_02,Place the picked Paper togo box onto the Handle tray extended by the person.,Paper togo box,early,0,all_five,images/test_image_00579.jpg,7b1b55f87d1ad48674a87301d9b50f513670d7a32b05d93446571ac4eff6339a
habit_test_00580,002918_02,002918,S7414,task_02,Place the picked Paper togo box onto the Handle tray extended by the person.,Paper togo box,ready,1,all_five,images/test_image_00580.jpg,7b1b55f87d1ad48674a87301d9b50f513670d7a32b05d93446571ac4eff6339a
habit_test_00581,002920_01,002920,S7414,task_02,Place the picked Paper togo box onto the Handle tray extended by the person.,Paper togo box,early,0,all_five,images/test_image_00581.jpg,7b1b55f87d1ad48674a87301d9b50f513670d7a32b05d93446571ac4eff6339a
habit_test_00582,002920_01,002920,S7414,task_02,Place the picked Paper togo box onto the Handle tray extended by the person.,Paper togo box,ready,1,all_five,images/test_image_00582.jpg,7b1b55f87d1ad48674a87301d9b50f513670d7a32b05d93446571ac4eff6339a
habit_test_00583,002920_02,002920,S7414,task_02,Place the picked Paper togo box onto the Handle tray extended by the person.,Paper togo box,early,0,all_five,images/test_image_00583.jpg,7b1b55f87d1ad48674a87301d9b50f513670d7a32b05d93446571ac4eff6339a
habit_test_00584,002920_02,002920,S7414,task_02,Place the picked Paper togo box onto the Handle tray extended by the person.,Paper togo box,ready,1,all_five,images/test_image_00584.jpg,7b1b55f87d1ad48674a87301d9b50f513670d7a32b05d93446571ac4eff6339a
habit_test_00585,002921_01,002921,S7414,task_02,Place the picked Paper togo box onto the Handle tray extended by the person.,Paper togo box,early,0,all_five,images/test_image_00585.jpg,7b1b55f87d1ad48674a87301d9b50f513670d7a32b05d93446571ac4eff6339a
habit_test_00586,002921_01,002921,S7414,task_02,Place the picked Paper togo box onto the Handle tray extended by the person.,Paper togo box,ready,1,all_five,images/test_image_00586.jpg,7b1b55f87d1ad48674a87301d9b50f513670d7a32b05d93446571ac4eff6339a
habit_test_00587,002921_02,002921,S7414,task_02,Place the picked Paper togo box onto the Handle tray extended by the person.,Paper togo box,early,0,all_five,images/test_image_00587.jpg,7b1b55f87d1ad48674a87301d9b50f513670d7a32b05d93446571ac4eff6339a
habit_test_00588,002921_02,002921,S7414,task_02,Place the picked Paper togo box onto the Handle tray extended by the person.,Paper togo box,ready,1,all_five,images/test_image_00588.jpg,7b1b55f87d1ad48674a87301d9b50f513670d7a32b05d93446571ac4eff6339a
habit_test_00589,002922_01,002922,S7414,task_02,Place the picked Paper togo box onto the Handle tray extended by the person.,Paper togo box,early,0,all_five,images/test_image_00589.jpg,7b1b55f87d1ad48674a87301d9b50f513670d7a32b05d93446571ac4eff6339a
habit_test_00590,002922_01,002922,S7414,task_02,Place the picked Paper togo box onto the Handle tray extended by the person.,Paper togo box,ready,1,all_five,images/test_image_00590.jpg,7b1b55f87d1ad48674a87301d9b50f513670d7a32b05d93446571ac4eff6339a
habit_test_00591,002922_02,002922,S7414,task_02,Place the picked Paper togo box onto the Handle tray extended by the person.,Paper togo box,early,0,all_five,images/test_image_00591.jpg,7b1b55f87d1ad48674a87301d9b50f513670d7a32b05d93446571ac4eff6339a
habit_test_00592,002922_02,002922,S7414,task_02,Place the picked Paper togo box onto the Handle tray extended by the person.,Paper togo box,ready,1,all_five,images/test_image_00592.jpg,7b1b55f87d1ad48674a87301d9b50f513670d7a32b05d93446571ac4eff6339a
habit_test_00593,002923_01,002923,S7414,task_02,Place the picked Paper togo box onto the Handle tray extended by the person.,Paper togo box,early,0,all_five,images/test_image_00593.jpg,7b1b55f87d1ad48674a87301d9b50f513670d7a32b05d93446571ac4eff6339a
habit_test_00594,002923_01,002923,S7414,task_02,Place the picked Paper togo box onto the Handle tray extended by the person.,Paper togo box,ready,1,all_five,images/test_image_00594.jpg,7b1b55f87d1ad48674a87301d9b50f513670d7a32b05d93446571ac4eff6339a
habit_test_00595,002923_02,002923,S7414,task_02,Place the picked Paper togo box onto the Handle tray extended by the person.,Paper togo box,early,0,all_five,images/test_image_00595.jpg,7b1b55f87d1ad48674a87301d9b50f513670d7a32b05d93446571ac4eff6339a
habit_test_00596,002923_02,002923,S7414,task_02,Place the picked Paper togo box onto the Handle tray extended by the person.,Paper togo box,ready,1,all_five,images/test_image_00596.jpg,7b1b55f87d1ad48674a87301d9b50f513670d7a32b05d93446571ac4eff6339a
habit_test_00597,002924_01,002924,S7414,task_02,Place the picked Paper togo box onto the Handle tray extended by the person.,Paper togo box,early,0,all_five,images/test_image_00597.jpg,7b1b55f87d1ad48674a87301d9b50f513670d7a32b05d93446571ac4eff6339a
habit_test_00598,002924_01,002924,S7414,task_02,Place the picked Paper togo box onto the Handle tray extended by the person.,Paper togo box,ready,1,all_five,images/test_image_00598.jpg,7b1b55f87d1ad48674a87301d9b50f513670d7a32b05d93446571ac4eff6339a
habit_test_00599,002924_02,002924,S7414,task_02,Place the picked Paper togo box onto the Handle tray extended by the person.,Paper togo box,early,0,all_five,images/test_image_00599.jpg,7b1b55f87d1ad48674a87301d9b50f513670d7a32b05d93446571ac4eff6339a
habit_test_00600,002924_02,002924,S7414,task_02,Place the picked Paper togo box onto the Handle tray extended by the person.,Paper togo box,ready,1,all_five,images/test_image_00600.jpg,7b1b55f87d1ad48674a87301d9b50f513670d7a32b05d93446571ac4eff6339a
habit_test_00601,002925_01,002925,S7414,task_02,Place the picked Paper togo box onto the Handle tray extended by the person.,Paper togo box,early,0,all_five,images/test_image_00601.jpg,7b1b55f87d1ad48674a87301d9b50f513670d7a32b05d93446571ac4eff6339a
habit_test_00602,002925_01,002925,S7414,task_02,Place the picked Paper togo box onto the Handle tray extended by the person.,Paper togo box,ready,1,all_five,images/test_image_00602.jpg,7b1b55f87d1ad48674a87301d9b50f513670d7a32b05d93446571ac4eff6339a
habit_test_00603,002925_02,002925,S7414,task_02,Place the picked Paper togo box onto the Handle tray extended by the person.,Paper togo box,early,0,all_five,images/test_image_00603.jpg,7b1b55f87d1ad48674a87301d9b50f513670d7a32b05d93446571ac4eff6339a
habit_test_00604,002925_02,002925,S7414,task_02,Place the picked Paper togo box onto the Handle tray extended by the person.,Paper togo box,ready,1,all_five,images/test_image_00604.jpg,7b1b55f87d1ad48674a87301d9b50f513670d7a32b05d93446571ac4eff6339a
habit_test_00605,002926_01,002926,S7414,task_02,Place the picked Paper togo box onto the Handle tray extended by the person.,Paper togo box,early,0,all_five,images/test_image_00605.jpg,7b1b55f87d1ad48674a87301d9b50f513670d7a32b05d93446571ac4eff6339a
habit_test_00606,002926_01,002926,S7414,task_02,Place the picked Paper togo box onto the Handle tray extended by the person.,Paper togo box,ready,1,all_five,images/test_image_00606.jpg,7b1b55f87d1ad48674a87301d9b50f513670d7a32b05d93446571ac4eff6339a
habit_test_00607,002926_02,002926,S7414,task_02,Place the picked Paper togo box onto the Handle tray extended by the person.,Paper togo box,early,0,all_five,images/test_image_00607.jpg,7b1b55f87d1ad48674a87301d9b50f513670d7a32b05d93446571ac4eff6339a
habit_test_00608,002926_02,002926,S7414,task_02,Place the picked Paper togo box onto the Handle tray extended by the person.,Paper togo box,ready,1,all_five,images/test_image_00608.jpg,7b1b55f87d1ad48674a87301d9b50f513670d7a32b05d93446571ac4eff6339a
habit_test_00609,002927_01,002927,S7414,task_02,Place the picked Paper togo box onto the Handle tray extended by the person.,Paper togo box,early,0,all_five,images/test_image_00609.jpg,7b1b55f87d1ad48674a87301d9b50f513670d7a32b05d93446571ac4eff6339a
habit_test_00610,002927_01,002927,S7414,task_02,Place the picked Paper togo box onto the Handle tray extended by the person.,Paper togo box,ready,1,all_five,images/test_image_00610.jpg,7b1b55f87d1ad48674a87301d9b50f513670d7a32b05d93446571ac4eff6339a
habit_test_00611,002927_02,002927,S7414,task_02,Place the picked Paper togo box onto the Handle tray extended by the person.,Paper togo box,early,0,all_five,images/test_image_00611.jpg,7b1b55f87d1ad48674a87301d9b50f513670d7a32b05d93446571ac4eff6339a
habit_test_00612,002927_02,002927,S7414,task_02,Place the picked Paper togo box onto the Handle tray extended by the person.,Paper togo box,ready,1,all_five,images/test_image_00612.jpg,7b1b55f87d1ad48674a87301d9b50f513670d7a32b05d93446571ac4eff6339a
habit_test_00613,002929_01,002929,S7414,task_02,Place the picked Paper togo box onto the Handle tray extended by the person.,Paper togo box,early,0,all_five,images/test_image_00613.jpg,7b1b55f87d1ad48674a87301d9b50f513670d7a32b05d93446571ac4eff6339a
habit_test_00614,002929_01,002929,S7414,task_02,Place the picked Paper togo box onto the Handle tray extended by the person.,Paper togo box,ready,1,all_five,images/test_image_00614.jpg,7b1b55f87d1ad48674a87301d9b50f513670d7a32b05d93446571ac4eff6339a
habit_test_00615,002929_02,002929,S7414,task_02,Place the picked Paper togo box onto the Handle tray extended by the person.,Paper togo box,early,0,all_five,images/test_image_00615.jpg,7b1b55f87d1ad48674a87301d9b50f513670d7a32b05d93446571ac4eff6339a
habit_test_00616,002929_02,002929,S7414,task_02,Place the picked Paper togo box onto the Handle tray extended by the person.,Paper togo box,ready,1,all_five,images/test_image_00616.jpg,7b1b55f87d1ad48674a87301d9b50f513670d7a32b05d93446571ac4eff6339a
habit_test_00617,002930_01,002930,S7414,task_02,Place the picked Paper togo box onto the Handle tray extended by the person.,Paper togo box,early,0,all_five,images/test_image_00617.jpg,7b1b55f87d1ad48674a87301d9b50f513670d7a32b05d93446571ac4eff6339a
habit_test_00618,002930_01,002930,S7414,task_02,Place the picked Paper togo box onto the Handle tray extended by the person.,Paper togo box,ready,1,all_five,images/test_image_00618.jpg,7b1b55f87d1ad48674a87301d9b50f513670d7a32b05d93446571ac4eff6339a
habit_test_00619,002930_02,002930,S7414,task_02,Place the picked Paper togo box onto the Handle tray extended by the person.,Paper togo box,early,0,all_five,images/test_image_00619.jpg,7b1b55f87d1ad48674a87301d9b50f513670d7a32b05d93446571ac4eff6339a
habit_test_00620,002930_02,002930,S7414,task_02,Place the picked Paper togo box onto the Handle tray extended by the person.,Paper togo box,ready,1,all_five,images/test_image_00620.jpg,7b1b55f87d1ad48674a87301d9b50f513670d7a32b05d93446571ac4eff6339a
habit_test_00621,002931_01,002931,S7414,task_02,Place the picked Paper togo box onto the Handle tray extended by the person.,Paper togo box,early,0,all_five,images/test_image_00621.jpg,7b1b55f87d1ad48674a87301d9b50f513670d7a32b05d93446571ac4eff6339a
habit_test_00622,002931_01,002931,S7414,task_02,Place the picked Paper togo box onto the Handle tray extended by the person.,Paper togo box,ready,1,all_five,images/test_image_00622.jpg,7b1b55f87d1ad48674a87301d9b50f513670d7a32b05d93446571ac4eff6339a
habit_test_00623,002931_02,002931,S7414,task_02,Place the picked Paper togo box onto the Handle tray extended by the person.,Paper togo box,early,0,all_five,images/test_image_00623.jpg,7b1b55f87d1ad48674a87301d9b50f513670d7a32b05d93446571ac4eff6339a
habit_test_00624,002931_02,002931,S7414,task_02,Place the picked Paper togo box onto the Handle tray extended by the person.,Paper togo box,ready,1,all_five,images/test_image_00624.jpg,7b1b55f87d1ad48674a87301d9b50f513670d7a32b05d93446571ac4eff6339a
habit_test_00625,002932_01,002932,S7414,task_02,Place the picked Paper togo box onto the Handle tray extended by the person.,Paper togo box,early,0,all_five,images/test_image_00625.jpg,7b1b55f87d1ad48674a87301d9b50f513670d7a32b05d93446571ac4eff6339a
habit_test_00626,002932_01,002932,S7414,task_02,Place the picked Paper togo box onto the Handle tray extended by the person.,Paper togo box,ready,1,all_five,images/test_image_00626.jpg,7b1b55f87d1ad48674a87301d9b50f513670d7a32b05d93446571ac4eff6339a
habit_test_00627,002932_02,002932,S7414,task_02,Place the picked Paper togo box onto the Handle tray extended by the person.,Paper togo box,early,0,all_five,images/test_image_00627.jpg,7b1b55f87d1ad48674a87301d9b50f513670d7a32b05d93446571ac4eff6339a
habit_test_00628,002932_02,002932,S7414,task_02,Place the picked Paper togo box onto the Handle tray extended by the person.,Paper togo box,ready,1,all_five,images/test_image_00628.jpg,7b1b55f87d1ad48674a87301d9b50f513670d7a32b05d93446571ac4eff6339a
habit_test_00629,002934_01,002934,S7414,task_02,Place the picked Paper togo box onto the Handle tray extended by the person.,Paper togo box,early,0,all_five,images/test_image_00629.jpg,7b1b55f87d1ad48674a87301d9b50f513670d7a32b05d93446571ac4eff6339a
habit_test_00630,002934_01,002934,S7414,task_02,Place the picked Paper togo box onto the Handle tray extended by the person.,Paper togo box,ready,1,all_five,images/test_image_00630.jpg,7b1b55f87d1ad48674a87301d9b50f513670d7a32b05d93446571ac4eff6339a
habit_test_00631,002934_02,002934,S7414,task_02,Place the picked Paper togo box onto the Handle tray extended by the person.,Paper togo box,early,0,all_five,images/test_image_00631.jpg,7b1b55f87d1ad48674a87301d9b50f513670d7a32b05d93446571ac4eff6339a
habit_test_00632,002934_02,002934,S7414,task_02,Place the picked Paper togo box onto the Handle tray extended by the person.,Paper togo box,ready,1,all_five,images/test_image_00632.jpg,7b1b55f87d1ad48674a87301d9b50f513670d7a32b05d93446571ac4eff6339a
habit_test_00633,002935_01,002935,S7414,task_02,Place the picked Paper togo box onto the Handle tray extended by the person.,Paper togo box,early,0,all_five,images/test_image_00633.jpg,7b1b55f87d1ad48674a87301d9b50f513670d7a32b05d93446571ac4eff6339a
habit_test_00634,002935_01,002935,S7414,task_02,Place the picked Paper togo box onto the Handle tray extended by the person.,Paper togo box,ready,1,all_five,images/test_image_00634.jpg,7b1b55f87d1ad48674a87301d9b50f513670d7a32b05d93446571ac4eff6339a
habit_test_00635,002935_02,002935,S7414,task_02,Place the picked Paper togo box onto the Handle tray extended by the person.,Paper togo box,early,0,all_five,images/test_image_00635.jpg,7b1b55f87d1ad48674a87301d9b50f513670d7a32b05d93446571ac4eff6339a
habit_test_00636,002935_02,002935,S7414,task_02,Place the picked Paper togo box onto the Handle tray extended by the person.,Paper togo box,ready,1,all_five,images/test_image_00636.jpg,7b1b55f87d1ad48674a87301d9b50f513670d7a32b05d93446571ac4eff6339a
habit_test_00637,002936_01,002936,S7414,task_02,Place the picked Paper togo box onto the Handle tray extended by the person.,Paper togo box,early,0,all_five,images/test_image_00637.jpg,7b1b55f87d1ad48674a87301d9b50f513670d7a32b05d93446571ac4eff6339a
habit_test_00638,002936_01,002936,S7414,task_02,Place the picked Paper togo box onto the Handle tray extended by the person.,Paper togo box,ready,1,all_five,images/test_image_00638.jpg,7b1b55f87d1ad48674a87301d9b50f513670d7a32b05d93446571ac4eff6339a
habit_test_00639,002936_02,002936,S7414,task_02,Place the picked Paper togo box onto the Handle tray extended by the person.,Paper togo box,early,0,all_five,images/test_image_00639.jpg,7b1b55f87d1ad48674a87301d9b50f513670d7a32b05d93446571ac4eff6339a
habit_test_00640,002936_02,002936,S7414,task_02,Place the picked Paper togo box onto the Handle tray extended by the person.,Paper togo box,ready,1,all_five,images/test_image_00640.jpg,7b1b55f87d1ad48674a87301d9b50f513670d7a32b05d93446571ac4eff6339a
habit_test_00641,002938_01,002938,S7414,task_02,Place the picked Paper togo box onto the Handle tray extended by the person.,Paper togo box,early,0,all_five,images/test_image_00641.jpg,7b1b55f87d1ad48674a87301d9b50f513670d7a32b05d93446571ac4eff6339a
habit_test_00642,002938_01,002938,S7414,task_02,Place the picked Paper togo box onto the Handle tray extended by the person.,Paper togo box,ready,1,all_five,images/test_image_00642.jpg,7b1b55f87d1ad48674a87301d9b50f513670d7a32b05d93446571ac4eff6339a
habit_test_00643,002938_02,002938,S7414,task_02,Place the picked Paper togo box onto the Handle tray extended by the person.,Paper togo box,early,0,all_five,images/test_image_00643.jpg,7b1b55f87d1ad48674a87301d9b50f513670d7a32b05d93446571ac4eff6339a
habit_test_00644,002938_02,002938,S7414,task_02,Place the picked Paper togo box onto the Handle tray extended by the person.,Paper togo box,ready,1,all_five,images/test_image_00644.jpg,7b1b55f87d1ad48674a87301d9b50f513670d7a32b05d93446571ac4eff6339a
habit_test_00645,002939_01,002939,S7414,task_02,Place the picked Paper togo box onto the Handle tray extended by the person.,Paper togo box,early,0,all_five,images/test_image_00645.jpg,7b1b55f87d1ad48674a87301d9b50f513670d7a32b05d93446571ac4eff6339a
habit_test_00646,002939_01,002939,S7414,task_02,Place the picked Paper togo box onto the Handle tray extended by the person.,Paper togo box,ready,1,all_five,images/test_image_00646.jpg,7b1b55f87d1ad48674a87301d9b50f513670d7a32b05d93446571ac4eff6339a
habit_test_00647,002939_02,002939,S7414,task_02,Place the picked Paper togo box onto the Handle tray extended by the person.,Paper togo box,early,0,all_five,images/test_image_00647.jpg,7b1b55f87d1ad48674a87301d9b50f513670d7a32b05d93446571ac4eff6339a
habit_test_00648,002939_02,002939,S7414,task_02,Place the picked Paper togo box onto the Handle tray extended by the person.,Paper togo box,ready,1,all_five,images/test_image_00648.jpg,7b1b55f87d1ad48674a87301d9b50f513670d7a32b05d93446571ac4eff6339a
habit_test_00649,002940_01,002940,S7414,task_02,Place the picked Paper togo box onto the Handle tray extended by the person.,Paper togo box,early,0,all_five,images/test_image_00649.jpg,7b1b55f87d1ad48674a87301d9b50f513670d7a32b05d93446571ac4eff6339a
habit_test_00650,002940_01,002940,S7414,task_02,Place the picked Paper togo box onto the Handle tray extended by the person.,Paper togo box,ready,1,all_five,images/test_image_00650.jpg,7b1b55f87d1ad48674a87301d9b50f513670d7a32b05d93446571ac4eff6339a
habit_test_00651,002940_02,002940,S7414,task_02,Place the picked Paper togo box onto the Handle tray extended by the person.,Paper togo box,early,0,all_five,images/test_image_00651.jpg,7b1b55f87d1ad48674a87301d9b50f513670d7a32b05d93446571ac4eff6339a
habit_test_00652,002940_02,002940,S7414,task_02,Place the picked Paper togo box onto the Handle tray extended by the person.,Paper togo box,ready,1,all_five,images/test_image_00652.jpg,7b1b55f87d1ad48674a87301d9b50f513670d7a32b05d93446571ac4eff6339a
habit_test_00653,002941_01,002941,S7414,task_02,Place the picked Paper togo box onto the Handle tray extended by the person.,Paper togo box,early,0,all_five,images/test_image_00653.jpg,7b1b55f87d1ad48674a87301d9b50f513670d7a32b05d93446571ac4eff6339a
habit_test_00654,002941_01,002941,S7414,task_02,Place the picked Paper togo box onto the Handle tray extended by the person.,Paper togo box,ready,1,all_five,images/test_image_00654.jpg,7b1b55f87d1ad48674a87301d9b50f513670d7a32b05d93446571ac4eff6339a
habit_test_00655,002941_02,002941,S7414,task_02,Place the picked Paper togo box onto the Handle tray extended by the person.,Paper togo box,early,0,all_five,images/test_image_00655.jpg,7b1b55f87d1ad48674a87301d9b50f513670d7a32b05d93446571ac4eff6339a
habit_test_00656,002941_02,002941,S7414,task_02,Place the picked Paper togo box onto the Handle tray extended by the person.,Paper togo box,ready,1,all_five,images/test_image_00656.jpg,7b1b55f87d1ad48674a87301d9b50f513670d7a32b05d93446571ac4eff6339a
habit_test_00657,002942_01,002942,S7414,task_02,Place the picked Paper togo box onto the Handle tray extended by the person.,Paper togo box,early,0,all_five,images/test_image_00657.jpg,7b1b55f87d1ad48674a87301d9b50f513670d7a32b05d93446571ac4eff6339a
habit_test_00658,002942_01,002942,S7414,task_02,Place the picked Paper togo box onto the Handle tray extended by the person.,Paper togo box,ready,1,all_five,images/test_image_00658.jpg,7b1b55f87d1ad48674a87301d9b50f513670d7a32b05d93446571ac4eff6339a
habit_test_00659,002942_02,002942,S7414,task_02,Place the picked Paper togo box onto the Handle tray extended by the person.,Paper togo box,early,0,all_five,images/test_image_00659.jpg,7b1b55f87d1ad48674a87301d9b50f513670d7a32b05d93446571ac4eff6339a
habit_test_00660,002942_02,002942,S7414,task_02,Place the picked Paper togo box onto the Handle tray extended by the person.,Paper togo box,ready,1,all_five,images/test_image_00660.jpg,7b1b55f87d1ad48674a87301d9b50f513670d7a32b05d93446571ac4eff6339a
habit_test_00661,002943_01,002943,S7414,task_02,Place the picked Paper togo box onto the Handle tray extended by the person.,Paper togo box,early,0,all_five,images/test_image_00661.jpg,7b1b55f87d1ad48674a87301d9b50f513670d7a32b05d93446571ac4eff6339a
habit_test_00662,002943_01,002943,S7414,task_02,Place the picked Paper togo box onto the Handle tray extended by the person.,Paper togo box,ready,1,all_five,images/test_image_00662.jpg,7b1b55f87d1ad48674a87301d9b50f513670d7a32b05d93446571ac4eff6339a
habit_test_00663,002943_02,002943,S7414,task_02,Place the picked Paper togo box onto the Handle tray extended by the person.,Paper togo box,early,0,all_five,images/test_image_00663.jpg,7b1b55f87d1ad48674a87301d9b50f513670d7a32b05d93446571ac4eff6339a
habit_test_00664,002943_02,002943,S7414,task_02,Place the picked Paper togo box onto the Handle tray extended by the person.,Paper togo box,ready,1,all_five,images/test_image_00664.jpg,7b1b55f87d1ad48674a87301d9b50f513670d7a32b05d93446571ac4eff6339a
habit_test_00665,002944_01,002944,S7414,task_02,Place the picked Paper togo box onto the Handle tray extended by the person.,Paper togo box,early,0,all_five,images/test_image_00665.jpg,7b1b55f87d1ad48674a87301d9b50f513670d7a32b05d93446571ac4eff6339a
habit_test_00666,002944_01,002944,S7414,task_02,Place the picked Paper togo box onto the Handle tray extended by the person.,Paper togo box,ready,1,all_five,images/test_image_00666.jpg,7b1b55f87d1ad48674a87301d9b50f513670d7a32b05d93446571ac4eff6339a
habit_test_00667,002944_02,002944,S7414,task_02,Place the picked Paper togo box onto the Handle tray extended by the person.,Paper togo box,early,0,all_five,images/test_image_00667.jpg,7b1b55f87d1ad48674a87301d9b50f513670d7a32b05d93446571ac4eff6339a
habit_test_00668,002944_02,002944,S7414,task_02,Place the picked Paper togo box onto the Handle tray extended by the person.,Paper togo box,ready,1,all_five,images/test_image_00668.jpg,7b1b55f87d1ad48674a87301d9b50f513670d7a32b05d93446571ac4eff6339a
habit_test_00669,002945_01,002945,S7414,task_02,Place the picked Paper togo box onto the Handle tray extended by the person.,Paper togo box,early,0,all_five,images/test_image_00669.jpg,7b1b55f87d1ad48674a87301d9b50f513670d7a32b05d93446571ac4eff6339a
habit_test_00670,002945_01,002945,S7414,task_02,Place the picked Paper togo box onto the Handle tray extended by the person.,Paper togo box,ready,1,all_five,images/test_image_00670.jpg,7b1b55f87d1ad48674a87301d9b50f513670d7a32b05d93446571ac4eff6339a
habit_test_00671,002945_02,002945,S7414,task_02,Place the picked Paper togo box onto the Handle tray extended by the person.,Paper togo box,early,0,all_five,images/test_image_00671.jpg,7b1b55f87d1ad48674a87301d9b50f513670d7a32b05d93446571ac4eff6339a
habit_test_00672,002945_02,002945,S7414,task_02,Place the picked Paper togo box onto the Handle tray extended by the person.,Paper togo box,ready,1,all_five,images/test_image_00672.jpg,7b1b55f87d1ad48674a87301d9b50f513670d7a32b05d93446571ac4eff6339a
habit_test_00673,002946_01,002946,S7414,task_02,Place the picked Paper togo box onto the Handle tray extended by the person.,Paper togo box,early,0,all_five,images/test_image_00673.jpg,7b1b55f87d1ad48674a87301d9b50f513670d7a32b05d93446571ac4eff6339a
habit_test_00674,002946_01,002946,S7414,task_02,Place the picked Paper togo box onto the Handle tray extended by the person.,Paper togo box,ready,1,all_five,images/test_image_00674.jpg,7b1b55f87d1ad48674a87301d9b50f513670d7a32b05d93446571ac4eff6339a
habit_test_00675,002946_02,002946,S7414,task_02,Place the picked Paper togo box onto the Handle tray extended by the person.,Paper togo box,early,0,all_five,images/test_image_00675.jpg,7b1b55f87d1ad48674a87301d9b50f513670d7a32b05d93446571ac4eff6339a
habit_test_00676,002946_02,002946,S7414,task_02,Place the picked Paper togo box onto the Handle tray extended by the person.,Paper togo box,ready,1,all_five,images/test_image_00676.jpg,7b1b55f87d1ad48674a87301d9b50f513670d7a32b05d93446571ac4eff6339a
habit_test_00677,002947_01,002947,S7414,task_02,Place the picked Paper togo box onto the Handle tray extended by the person.,Paper togo box,early,0,all_five,images/test_image_00677.jpg,7b1b55f87d1ad48674a87301d9b50f513670d7a32b05d93446571ac4eff6339a
habit_test_00678,002947_01,002947,S7414,task_02,Place the picked Paper togo box onto the Handle tray extended by the person.,Paper togo box,ready,1,all_five,images/test_image_00678.jpg,7b1b55f87d1ad48674a87301d9b50f513670d7a32b05d93446571ac4eff6339a
habit_test_00679,002947_02,002947,S7414,task_02,Place the picked Paper togo box onto the Handle tray extended by the person.,Paper togo box,early,0,all_five,images/test_image_00679.jpg,7b1b55f87d1ad48674a87301d9b50f513670d7a32b05d93446571ac4eff6339a
habit_test_00680,002947_02,002947,S7414,task_02,Place the picked Paper togo box onto the Handle tray extended by the person.,Paper togo box,ready,1,all_five,images/test_image_00680.jpg,7b1b55f87d1ad48674a87301d9b50f513670d7a32b05d93446571ac4eff6339a
habit_test_00681,002948_01,002948,S7414,task_02,Place the picked Paper togo box onto the Handle tray extended by the person.,Paper togo box,early,0,all_five,images/test_image_00681.jpg,7b1b55f87d1ad48674a87301d9b50f513670d7a32b05d93446571ac4eff6339a
habit_test_00682,002948_01,002948,S7414,task_02,Place the picked Paper togo box onto the Handle tray extended by the person.,Paper togo box,ready,1,all_five,images/test_image_00682.jpg,7b1b55f87d1ad48674a87301d9b50f513670d7a32b05d93446571ac4eff6339a
habit_test_00683,002948_02,002948,S7414,task_02,Place the picked Paper togo box onto the Handle tray extended by the person.,Paper togo box,early,0,all_five,images/test_image_00683.jpg,7b1b55f87d1ad48674a87301d9b50f513670d7a32b05d93446571ac4eff6339a
habit_test_00684,002948_02,002948,S7414,task_02,Place the picked Paper togo box onto the Handle tray extended by the person.,Paper togo box,ready,1,all_five,images/test_image_00684.jpg,7b1b55f87d1ad48674a87301d9b50f513670d7a32b05d93446571ac4eff6339a
habit_test_00685,002949_01,002949,S7414,task_02,Place the picked Paper togo box onto the Handle tray extended by the person.,Paper togo box,early,0,all_five,images/test_image_00685.jpg,7b1b55f87d1ad48674a87301d9b50f513670d7a32b05d93446571ac4eff6339a
habit_test_00686,002949_01,002949,S7414,task_02,Place the picked Paper togo box onto the Handle tray extended by the person.,Paper togo box,ready,1,all_five,images/test_image_00686.jpg,7b1b55f87d1ad48674a87301d9b50f513670d7a32b05d93446571ac4eff6339a
habit_test_00687,002949_02,002949,S7414,task_02,Place the picked Paper togo box onto the Handle tray extended by the person.,Paper togo box,early,0,all_five,images/test_image_00687.jpg,7b1b55f87d1ad48674a87301d9b50f513670d7a32b05d93446571ac4eff6339a
habit_test_00688,002949_02,002949,S7414,task_02,Place the picked Paper togo box onto the Handle tray extended by the person.,Paper togo box,ready,1,all_five,images/test_image_00688.jpg,7b1b55f87d1ad48674a87301d9b50f513670d7a32b05d93446571ac4eff6339a
habit_test_00689,002950_01,002950,S7414,task_02,Place the picked Paper togo box onto the Handle tray extended by the person.,Paper togo box,early,0,all_five,images/test_image_00689.jpg,7b1b55f87d1ad48674a87301d9b50f513670d7a32b05d93446571ac4eff6339a
habit_test_00690,002950_01,002950,S7414,task_02,Place the picked Paper togo box onto the Handle tray extended by the person.,Paper togo box,ready,1,all_five,images/test_image_00690.jpg,7b1b55f87d1ad48674a87301d9b50f513670d7a32b05d93446571ac4eff6339a
habit_test_00691,002950_02,002950,S7414,task_02,Place the picked Paper togo box onto the Handle tray extended by the person.,Paper togo box,early,0,all_five,images/test_image_00691.jpg,7b1b55f87d1ad48674a87301d9b50f513670d7a32b05d93446571ac4eff6339a
habit_test_00692,002950_02,002950,S7414,task_02,Place the picked Paper togo box onto the Handle tray extended by the person.,Paper togo box,ready,1,all_five,images/test_image_00692.jpg,7b1b55f87d1ad48674a87301d9b50f513670d7a32b05d93446571ac4eff6339a
habit_test_00693,002952_01,002952,S7414,task_02,Place the picked Paper togo box onto the Handle tray extended by the person.,Paper togo box,early,0,all_five,images/test_image_00693.jpg,7b1b55f87d1ad48674a87301d9b50f513670d7a32b05d93446571ac4eff6339a
habit_test_00694,002952_01,002952,S7414,task_02,Place the picked Paper togo box onto the Handle tray extended by the person.,Paper togo box,ready,1,all_five,images/test_image_00694.jpg,7b1b55f87d1ad48674a87301d9b50f513670d7a32b05d93446571ac4eff6339a
habit_test_00695,002952_02,002952,S7414,task_02,Place the picked Paper togo box onto the Handle tray extended by the person.,Paper togo box,early,0,all_five,images/test_image_00695.jpg,7b1b55f87d1ad48674a87301d9b50f513670d7a32b05d93446571ac4eff6339a
habit_test_00696,002952_02,002952,S7414,task_02,Place the picked Paper togo box onto the Handle tray extended by the person.,Paper togo box,ready,1,all_five,images/test_image_00696.jpg,7b1b55f87d1ad48674a87301d9b50f513670d7a32b05d93446571ac4eff6339a
habit_test_00697,002953_01,002953,S7414,task_02,Place the picked Paper togo box onto the Handle tray extended by the person.,Paper togo box,early,0,all_five,images/test_image_00697.jpg,7b1b55f87d1ad48674a87301d9b50f513670d7a32b05d93446571ac4eff6339a
habit_test_00698,002953_01,002953,S7414,task_02,Place the picked Paper togo box onto the Handle tray extended by the person.,Paper togo box,ready,1,all_five,images/test_image_00698.jpg,7b1b55f87d1ad48674a87301d9b50f513670d7a32b05d93446571ac4eff6339a
habit_test_00699,002953_02,002953,S7414,task_02,Place the picked Paper togo box onto the Handle tray extended by the person.,Paper togo box,early,0,all_five,images/test_image_00699.jpg,7b1b55f87d1ad48674a87301d9b50f513670d7a32b05d93446571ac4eff6339a
habit_test_00700,002953_02,002953,S7414,task_02,Place the picked Paper togo box onto the Handle tray extended by the person.,Paper togo box,ready,1,all_five,images/test_image_00700.jpg,7b1b55f87d1ad48674a87301d9b50f513670d7a32b05d93446571ac4eff6339a
habit_test_00701,002954_01,002954,S7414,task_02,Place the picked Paper togo box onto the Handle tray extended by the person.,Paper togo box,early,0,all_five,images/test_image_00701.jpg,7b1b55f87d1ad48674a87301d9b50f513670d7a32b05d93446571ac4eff6339a
habit_test_00702,002954_01,002954,S7414,task_02,Place the picked Paper togo box onto the Handle tray extended by the person.,Paper togo box,ready,1,all_five,images/test_image_00702.jpg,7b1b55f87d1ad48674a87301d9b50f513670d7a32b05d93446571ac4eff6339a
habit_test_00703,002954_02,002954,S7414,task_02,Place the picked Paper togo box onto the Handle tray extended by the person.,Paper togo box,early,0,all_five,images/test_image_00703.jpg,7b1b55f87d1ad48674a87301d9b50f513670d7a32b05d93446571ac4eff6339a
habit_test_00704,002954_02,002954,S7414,task_02,Place the picked Paper togo box onto the Handle tray extended by the person.,Paper togo box,ready,1,all_five,images/test_image_00704.jpg,7b1b55f87d1ad48674a87301d9b50f513670d7a32b05d93446571ac4eff6339a
habit_test_00705,002955_01,002955,S7414,task_02,Place the picked Paper togo box onto the Handle tray extended by the person.,Paper togo box,early,0,all_five,images/test_image_00705.jpg,7b1b55f87d1ad48674a87301d9b50f513670d7a32b05d93446571ac4eff6339a
habit_test_00706,002955_01,002955,S7414,task_02,Place the picked Paper togo box onto the Handle tray extended by the person.,Paper togo box,ready,1,all_five,images/test_image_00706.jpg,7b1b55f87d1ad48674a87301d9b50f513670d7a32b05d93446571ac4eff6339a
habit_test_00707,002955_02,002955,S7414,task_02,Place the picked Paper togo box onto the Handle tray extended by the person.,Paper togo box,early,0,all_five,images/test_image_00707.jpg,7b1b55f87d1ad48674a87301d9b50f513670d7a32b05d93446571ac4eff6339a
habit_test_00708,002955_02,002955,S7414,task_02,Place the picked Paper togo box onto the Handle tray extended by the person.,Paper togo box,ready,1,all_five,images/test_image_00708.jpg,7b1b55f87d1ad48674a87301d9b50f513670d7a32b05d93446571ac4eff6339a
habit_test_00709,002956_01,002956,S7414,task_02,Place the picked Paper togo box onto the Handle tray extended by the person.,Paper togo box,early,0,all_five,images/test_image_00709.jpg,7b1b55f87d1ad48674a87301d9b50f513670d7a32b05d93446571ac4eff6339a
habit_test_00710,002956_01,002956,S7414,task_02,Place the picked Paper togo box onto the Handle tray extended by the person.,Paper togo box,ready,1,all_five,images/test_image_00710.jpg,7b1b55f87d1ad48674a87301d9b50f513670d7a32b05d93446571ac4eff6339a
habit_test_00711,002956_02,002956,S7414,task_02,Place the picked Paper togo box onto the Handle tray extended by the person.,Paper togo box,early,0,all_five,images/test_image_00711.jpg,7b1b55f87d1ad48674a87301d9b50f513670d7a32b05d93446571ac4eff6339a
habit_test_00712,002956_02,002956,S7414,task_02,Place the picked Paper togo box onto the Handle tray extended by the person.,Paper togo box,ready,1,all_five,images/test_image_00712.jpg,7b1b55f87d1ad48674a87301d9b50f513670d7a32b05d93446571ac4eff6339a
habit_test_00713,002957_01,002957,S7414,task_02,Place the picked Paper togo box onto the Handle tray extended by the person.,Paper togo box,early,0,all_five,images/test_image_00713.jpg,7b1b55f87d1ad48674a87301d9b50f513670d7a32b05d93446571ac4eff6339a
habit_test_00714,002957_01,002957,S7414,task_02,Place the picked Paper togo box onto the Handle tray extended by the person.,Paper togo box,ready,1,all_five,images/test_image_00714.jpg,7b1b55f87d1ad48674a87301d9b50f513670d7a32b05d93446571ac4eff6339a
habit_test_00715,002957_02,002957,S7414,task_02,Place the picked Paper togo box onto the Handle tray extended by the person.,Paper togo box,early,0,all_five,images/test_image_00715.jpg,7b1b55f87d1ad48674a87301d9b50f513670d7a32b05d93446571ac4eff6339a
habit_test_00716,002957_02,002957,S7414,task_02,Place the picked Paper togo box onto the Handle tray extended by the person.,Paper togo box,ready,1,all_five,images/test_image_00716.jpg,7b1b55f87d1ad48674a87301d9b50f513670d7a32b05d93446571ac4eff6339a
habit_test_00717,002958_01,002958,S7414,task_02,Place the picked Paper togo box onto the Handle tray extended by the person.,Paper togo box,early,0,all_five,images/test_image_00717.jpg,7b1b55f87d1ad48674a87301d9b50f513670d7a32b05d93446571ac4eff6339a
habit_test_00718,002958_01,002958,S7414,task_02,Place the picked Paper togo box onto the Handle tray extended by the person.,Paper togo box,ready,1,all_five,images/test_image_00718.jpg,7b1b55f87d1ad48674a87301d9b50f513670d7a32b05d93446571ac4eff6339a
habit_test_00719,002958_02,002958,S7414,task_02,Place the picked Paper togo box onto the Handle tray extended by the person.,Paper togo box,early,0,all_five,images/test_image_00719.jpg,7b1b55f87d1ad48674a87301d9b50f513670d7a32b05d93446571ac4eff6339a
habit_test_00720,002958_02,002958,S7414,task_02,Place the picked Paper togo box onto the Handle tray extended by the person.,Paper togo box,ready,1,all_five,images/test_image_00720.jpg,7b1b55f87d1ad48674a87301d9b50f513670d7a32b05d93446571ac4eff6339a
habit_test_00721,002959_01,002959,S7414,task_02,Place the picked Paper togo box onto the Handle tray extended by the person.,Paper togo box,early,0,all_five,images/test_image_00721.jpg,7b1b55f87d1ad48674a87301d9b50f513670d7a32b05d93446571ac4eff6339a
habit_test_00722,002959_01,002959,S7414,task_02,Place the picked Paper togo box onto the Handle tray extended by the person.,Paper togo box,ready,1,all_five,images/test_image_00722.jpg,7b1b55f87d1ad48674a87301d9b50f513670d7a32b05d93446571ac4eff6339a
habit_test_00723,002959_02,002959,S7414,task_02,Place the picked Paper togo box onto the Handle tray extended by the person.,Paper togo box,early,0,all_five,images/test_image_00723.jpg,7b1b55f87d1ad48674a87301d9b50f513670d7a32b05d93446571ac4eff6339a
habit_test_00724,002959_02,002959,S7414,task_02,Place the picked Paper togo box onto the Handle tray extended by the person.,Paper togo box,ready,1,all_five,images/test_image_00724.jpg,7b1b55f87d1ad48674a87301d9b50f513670d7a32b05d93446571ac4eff6339a
habit_test_00725,002960_01,002960,S7414,task_02,Place the picked Paper togo box onto the Handle tray extended by the person.,Paper togo box,early,0,all_five,images/test_image_00725.jpg,7b1b55f87d1ad48674a87301d9b50f513670d7a32b05d93446571ac4eff6339a
habit_test_00726,002960_01,002960,S7414,task_02,Place the picked Paper togo box onto the Handle tray extended by the person.,Paper togo box,ready,1,all_five,images/test_image_00726.jpg,7b1b55f87d1ad48674a87301d9b50f513670d7a32b05d93446571ac4eff6339a
habit_test_00727,002960_02,002960,S7414,task_02,Place the picked Paper togo box onto the Handle tray extended by the person.,Paper togo box,early,0,all_five,images/test_image_00727.jpg,7b1b55f87d1ad48674a87301d9b50f513670d7a32b05d93446571ac4eff6339a
habit_test_00728,002960_02,002960,S7414,task_02,Place the picked Paper togo box onto the Handle tray extended by the person.,Paper togo box,ready,1,all_five,images/test_image_00728.jpg,7b1b55f87d1ad48674a87301d9b50f513670d7a32b05d93446571ac4eff6339a
habit_test_00729,002961_01,002961,S7414,task_02,Place the picked Paper togo box onto the Handle tray extended by the person.,Paper togo box,early,0,all_five,images/test_image_00729.jpg,7b1b55f87d1ad48674a87301d9b50f513670d7a32b05d93446571ac4eff6339a
habit_test_00730,002961_01,002961,S7414,task_02,Place the picked Paper togo box onto the Handle tray extended by the person.,Paper togo box,ready,1,all_five,images/test_image_00730.jpg,7b1b55f87d1ad48674a87301d9b50f513670d7a32b05d93446571ac4eff6339a
habit_test_00731,002961_02,002961,S7414,task_02,Place the picked Paper togo box onto the Handle tray extended by the person.,Paper togo box,early,0,all_five,images/test_image_00731.jpg,7b1b55f87d1ad48674a87301d9b50f513670d7a32b05d93446571ac4eff6339a
habit_test_00732,002961_02,002961,S7414,task_02,Place the picked Paper togo box onto the Handle tray extended by the person.,Paper togo box,ready,1,all_five,images/test_image_00732.jpg,7b1b55f87d1ad48674a87301d9b50f513670d7a32b05d93446571ac4eff6339a
habit_test_00733,002962_01,002962,S7414,task_02,Place the picked Paper togo box onto the Handle tray extended by the person.,Paper togo box,early,0,all_five,images/test_image_00733.jpg,7b1b55f87d1ad48674a87301d9b50f513670d7a32b05d93446571ac4eff6339a
habit_test_00734,002962_01,002962,S7414,task_02,Place the picked Paper togo box onto the Handle tray extended by the person.,Paper togo box,ready,1,all_five,images/test_image_00734.jpg,7b1b55f87d1ad48674a87301d9b50f513670d7a32b05d93446571ac4eff6339a
habit_test_00735,002962_02,002962,S7414,task_02,Place the picked Paper togo box onto the Handle tray extended by the person.,Paper togo box,early,0,all_five,images/test_image_00735.jpg,7b1b55f87d1ad48674a87301d9b50f513670d7a32b05d93446571ac4eff6339a
habit_test_00736,002962_02,002962,S7414,task_02,Place the picked Paper togo box onto the Handle tray extended by the person.,Paper togo box,ready,1,all_five,images/test_image_00736.jpg,7b1b55f87d1ad48674a87301d9b50f513670d7a32b05d93446571ac4eff6339a
habit_test_00737,002963_01,002963,S7414,task_02,Place the picked Paper togo box onto the Handle tray extended by the person.,Paper togo box,early,0,all_five,images/test_image_00737.jpg,7b1b55f87d1ad48674a87301d9b50f513670d7a32b05d93446571ac4eff6339a
habit_test_00738,002963_01,002963,S7414,task_02,Place the picked Paper togo box onto the Handle tray extended by the person.,Paper togo box,ready,1,all_five,images/test_image_00738.jpg,7b1b55f87d1ad48674a87301d9b50f513670d7a32b05d93446571ac4eff6339a
habit_test_00739,002963_02,002963,S7414,task_02,Place the picked Paper togo box onto the Handle tray extended by the person.,Paper togo box,early,0,all_five,images/test_image_00739.jpg,7b1b55f87d1ad48674a87301d9b50f513670d7a32b05d93446571ac4eff6339a
habit_test_00740,002963_02,002963,S7414,task_02,Place the picked Paper togo box onto the Handle tray extended by the person.,Paper togo box,ready,1,all_five,images/test_image_00740.jpg,7b1b55f87d1ad48674a87301d9b50f513670d7a32b05d93446571ac4eff6339a
habit_test_00741,002964_01,002964,S7414,task_02,Place the picked Paper togo box onto the Handle tray extended by the person.,Paper togo box,early,0,all_five,images/test_image_00741.jpg,7b1b55f87d1ad48674a87301d9b50f513670d7a32b05d93446571ac4eff6339a
habit_test_00742,002964_01,002964,S7414,task_02,Place the picked Paper togo box onto the Handle tray extended by the person.,Paper togo box,ready,1,all_five,images/test_image_00742.jpg,7b1b55f87d1ad48674a87301d9b50f513670d7a32b05d93446571ac4eff6339a
habit_test_00743,002964_02,002964,S7414,task_02,Place the picked Paper togo box onto the Handle tray extended by the person.,Paper togo box,early,0,all_five,images/test_image_00743.jpg,7b1b55f87d1ad48674a87301d9b50f513670d7a32b05d93446571ac4eff6339a
habit_test_00744,002964_02,002964,S7414,task_02,Place the picked Paper togo box onto the Handle tray extended by the person.,Paper togo box,ready,1,all_five,images/test_image_00744.jpg,7b1b55f87d1ad48674a87301d9b50f513670d7a32b05d93446571ac4eff6339a
habit_test_00745,002965_01,002965,S7414,task_02,Place the picked Paper togo box onto the Handle tray extended by the person.,Paper togo box,early,0,all_five,images/test_image_00745.jpg,7b1b55f87d1ad48674a87301d9b50f513670d7a32b05d93446571ac4eff6339a
habit_test_00746,002965_01,002965,S7414,task_02,Place the picked Paper togo box onto the Handle tray extended by the person.,Paper togo box,ready,1,all_five,images/test_image_00746.jpg,7b1b55f87d1ad48674a87301d9b50f513670d7a32b05d93446571ac4eff6339a
habit_test_00747,002965_02,002965,S7414,task_02,Place the picked Paper togo box onto the Handle tray extended by the person.,Paper togo box,early,0,all_five,images/test_image_00747.jpg,7b1b55f87d1ad48674a87301d9b50f513670d7a32b05d93446571ac4eff6339a
habit_test_00748,002965_02,002965,S7414,task_02,Place the picked Paper togo box onto the Handle tray extended by the person.,Paper togo box,ready,1,all_five,images/test_image_00748.jpg,7b1b55f87d1ad48674a87301d9b50f513670d7a32b05d93446571ac4eff6339a
habit_test_00749,002966_01,002966,S7414,task_02,Place the picked Paper togo box onto the Handle tray extended by the person.,Paper togo box,early,0,all_five,images/test_image_00749.jpg,7b1b55f87d1ad48674a87301d9b50f513670d7a32b05d93446571ac4eff6339a
habit_test_00750,002966_01,002966,S7414,task_02,Place the picked Paper togo box onto the Handle tray extended by the person.,Paper togo box,ready,1,all_five,images/test_image_00750.jpg,7b1b55f87d1ad48674a87301d9b50f513670d7a32b05d93446571ac4eff6339a
habit_test_00751,002966_02,002966,S7414,task_02,Place the picked Paper togo box onto the Handle tray extended by the person.,Paper togo box,early,0,all_five,images/test_image_00751.jpg,7b1b55f87d1ad48674a87301d9b50f513670d7a32b05d93446571ac4eff6339a
habit_test_00752,002966_02,002966,S7414,task_02,Place the picked Paper togo box onto the Handle tray extended by the person.,Paper togo box,ready,1,all_five,images/test_image_00752.jpg,7b1b55f87d1ad48674a87301d9b50f513670d7a32b05d93446571ac4eff6339a
habit_test_00753,002967_01,002967,S7414,task_02,Place the picked Paper togo box onto the Handle tray extended by the person.,Paper togo box,early,0,all_five,images/test_image_00753.jpg,7b1b55f87d1ad48674a87301d9b50f513670d7a32b05d93446571ac4eff6339a
habit_test_00754,002967_01,002967,S7414,task_02,Place the picked Paper togo box onto the Handle tray extended by the person.,Paper togo box,ready,1,all_five,images/test_image_00754.jpg,7b1b55f87d1ad48674a87301d9b50f513670d7a32b05d93446571ac4eff6339a
habit_test_00755,002967_02,002967,S7414,task_02,Place the picked Paper togo box onto the Handle tray extended by the person.,Paper togo box,early,0,all_five,images/test_image_00755.jpg,7b1b55f87d1ad48674a87301d9b50f513670d7a32b05d93446571ac4eff6339a
habit_test_00756,002967_02,002967,S7414,task_02,Place the picked Paper togo box onto the Handle tray extended by the person.,Paper togo box,ready,1,all_five,images/test_image_00756.jpg,7b1b55f87d1ad48674a87301d9b50f513670d7a32b05d93446571ac4eff6339a
habit_test_00757,002968_01,002968,S7414,task_02,Place the picked Paper togo box onto the Handle tray extended by the person.,Paper togo box,early,0,all_five,images/test_image_00757.jpg,7b1b55f87d1ad48674a87301d9b50f513670d7a32b05d93446571ac4eff6339a
habit_test_00758,002968_01,002968,S7414,task_02,Place the picked Paper togo box onto the Handle tray extended by the person.,Paper togo box,ready,1,all_five,images/test_image_00758.jpg,7b1b55f87d1ad48674a87301d9b50f513670d7a32b05d93446571ac4eff6339a
habit_test_00759,002968_02,002968,S7414,task_02,Place the picked Paper togo box onto the Handle tray extended by the person.,Paper togo box,early,0,all_five,images/test_image_00759.jpg,7b1b55f87d1ad48674a87301d9b50f513670d7a32b05d93446571ac4eff6339a
habit_test_00760,002968_02,002968,S7414,task_02,Place the picked Paper togo box onto the Handle tray extended by the person.,Paper togo box,ready,1,all_five,images/test_image_00760.jpg,7b1b55f87d1ad48674a87301d9b50f513670d7a32b05d93446571ac4eff6339a
habit_test_00761,002969_01,002969,S7414,task_02,Place the picked Paper togo box onto the Handle tray extended by the person.,Paper togo box,early,0,all_five,images/test_image_00761.jpg,7b1b55f87d1ad48674a87301d9b50f513670d7a32b05d93446571ac4eff6339a
habit_test_00762,002969_01,002969,S7414,task_02,Place the picked Paper togo box onto the Handle tray extended by the person.,Paper togo box,ready,1,all_five,images/test_image_00762.jpg,7b1b55f87d1ad48674a87301d9b50f513670d7a32b05d93446571ac4eff6339a
habit_test_00763,002969_02,002969,S7414,task_02,Place the picked Paper togo box onto the Handle tray extended by the person.,Paper togo box,early,0,all_five,images/test_image_00763.jpg,7b1b55f87d1ad48674a87301d9b50f513670d7a32b05d93446571ac4eff6339a
habit_test_00764,002969_02,002969,S7414,task_02,Place the picked Paper togo box onto the Handle tray extended by the person.,Paper togo box,ready,1,all_five,images/test_image_00764.jpg,7b1b55f87d1ad48674a87301d9b50f513670d7a32b05d93446571ac4eff6339a
habit_test_00765,002970_01,002970,S7414,task_02,Place the picked Paper togo box onto the Handle tray extended by the person.,Paper togo box,early,0,all_five,images/test_image_00765.jpg,7b1b55f87d1ad48674a87301d9b50f513670d7a32b05d93446571ac4eff6339a
habit_test_00766,002970_01,002970,S7414,task_02,Place the picked Paper togo box onto the Handle tray extended by the person.,Paper togo box,ready,1,all_five,images/test_image_00766.jpg,7b1b55f87d1ad48674a87301d9b50f513670d7a32b05d93446571ac4eff6339a
habit_test_00767,002970_02,002970,S7414,task_02,Place the picked Paper togo box onto the Handle tray extended by the person.,Paper togo box,early,0,all_five,images/test_image_00767.jpg,7b1b55f87d1ad48674a87301d9b50f513670d7a32b05d93446571ac4eff6339a
habit_test_00768,002970_02,002970,S7414,task_02,Place the picked Paper togo box onto the Handle tray extended by the person.,Paper togo box,ready,1,all_five,images/test_image_00768.jpg,7b1b55f87d1ad48674a87301d9b50f513670d7a32b05d93446571ac4eff6339a
habit_test_00769,002971_01,002971,S7414,task_02,Place the picked Paper togo box onto the Handle tray extended by the person.,Paper togo box,early,0,all_five,images/test_image_00769.jpg,7b1b55f87d1ad48674a87301d9b50f513670d7a32b05d93446571ac4eff6339a
habit_test_00770,002971_01,002971,S7414,task_02,Place the picked Paper togo box onto the Handle tray extended by the person.,Paper togo box,ready,1,all_five,images/test_image_00770.jpg,7b1b55f87d1ad48674a87301d9b50f513670d7a32b05d93446571ac4eff6339a
habit_test_00771,002971_02,002971,S7414,task_02,Place the picked Paper togo box onto the Handle tray extended by the person.,Paper togo box,early,0,all_five,images/test_image_00771.jpg,7b1b55f87d1ad48674a87301d9b50f513670d7a32b05d93446571ac4eff6339a
habit_test_00772,002971_02,002971,S7414,task_02,Place the picked Paper togo box onto the Handle tray extended by the person.,Paper togo box,ready,1,all_five,images/test_image_00772.jpg,7b1b55f87d1ad48674a87301d9b50f513670d7a32b05d93446571ac4eff6339a
habit_test_00773,002972_01,002972,S7414,task_02,Place the picked Paper togo box onto the Handle tray extended by the person.,Paper togo box,early,0,all_five,images/test_image_00773.jpg,7b1b55f87d1ad48674a87301d9b50f513670d7a32b05d93446571ac4eff6339a
habit_test_00774,002972_01,002972,S7414,task_02,Place the picked Paper togo box onto the Handle tray extended by the person.,Paper togo box,ready,1,all_five,images/test_image_00774.jpg,7b1b55f87d1ad48674a87301d9b50f513670d7a32b05d93446571ac4eff6339a
habit_test_00775,002972_02,002972,S7414,task_02,Place the picked Paper togo box onto the Handle tray extended by the person.,Paper togo box,early,0,all_five,images/test_image_00775.jpg,7b1b55f87d1ad48674a87301d9b50f513670d7a32b05d93446571ac4eff6339a
habit_test_00776,002972_02,002972,S7414,task_02,Place the picked Paper togo box onto the Handle tray extended by the person.,Paper togo box,ready,1,all_five,images/test_image_00776.jpg,7b1b55f87d1ad48674a87301d9b50f513670d7a32b05d93446571ac4eff6339a
habit_test_00777,002973_01,002973,S7414,task_02,Place the picked Paper togo box onto the Handle tray extended by the person.,Paper togo box,early,0,all_five,images/test_image_00777.jpg,7b1b55f87d1ad48674a87301d9b50f513670d7a32b05d93446571ac4eff6339a
habit_test_00778,002973_01,002973,S7414,task_02,Place the picked Paper togo box onto the Handle tray extended by the person.,Paper togo box,ready,1,all_five,images/test_image_00778.jpg,7b1b55f87d1ad48674a87301d9b50f513670d7a32b05d93446571ac4eff6339a
habit_test_00779,002973_02,002973,S7414,task_02,Place the picked Paper togo box onto the Handle tray extended by the person.,Paper togo box,early,0,all_five,images/test_image_00779.jpg,7b1b55f87d1ad48674a87301d9b50f513670d7a32b05d93446571ac4eff6339a
habit_test_00780,002973_02,002973,S7414,task_02,Place the picked Paper togo box onto the Handle tray extended by the person.,Paper togo box,ready,1,all_five,images/test_image_00780.jpg,7b1b55f87d1ad48674a87301d9b50f513670d7a32b05d93446571ac4eff6339a
habit_test_00781,002974_01,002974,S7414,task_02,Place the picked Paper togo box onto the Handle tray extended by the person.,Paper togo box,early,0,all_five,images/test_image_00781.jpg,7b1b55f87d1ad48674a87301d9b50f513670d7a32b05d93446571ac4eff6339a
habit_test_00782,002974_01,002974,S7414,task_02,Place the picked Paper togo box onto the Handle tray extended by the person.,Paper togo box,ready,1,all_five,images/test_image_00782.jpg,7b1b55f87d1ad48674a87301d9b50f513670d7a32b05d93446571ac4eff6339a
habit_test_00783,002974_02,002974,S7414,task_02,Place the picked Paper togo box onto the Handle tray extended by the person.,Paper togo box,early,0,all_five,images/test_image_00783.jpg,7b1b55f87d1ad48674a87301d9b50f513670d7a32b05d93446571ac4eff6339a
habit_test_00784,002974_02,002974,S7414,task_02,Place the picked Paper togo box onto the Handle tray extended by the person.,Paper togo box,ready,1,all_five,images/test_image_00784.jpg,7b1b55f87d1ad48674a87301d9b50f513670d7a32b05d93446571ac4eff6339a
habit_test_00785,002975_01,002975,S7414,task_02,Place the picked Paper togo box onto the Handle tray extended by the person.,Paper togo box,early,0,all_five,images/test_image_00785.jpg,7b1b55f87d1ad48674a87301d9b50f513670d7a32b05d93446571ac4eff6339a
habit_test_00786,002975_01,002975,S7414,task_02,Place the picked Paper togo box onto the Handle tray extended by the person.,Paper togo box,ready,1,all_five,images/test_image_00786.jpg,7b1b55f87d1ad48674a87301d9b50f513670d7a32b05d93446571ac4eff6339a
habit_test_00787,002975_02,002975,S7414,task_02,Place the picked Paper togo box onto the Handle tray extended by the person.,Paper togo box,early,0,all_five,images/test_image_00787.jpg,7b1b55f87d1ad48674a87301d9b50f513670d7a32b05d93446571ac4eff6339a
habit_test_00788,002975_02,002975,S7414,task_02,Place the picked Paper togo box onto the Handle tray extended by the person.,Paper togo box,ready,1,all_five,images/test_image_00788.jpg,7b1b55f87d1ad48674a87301d9b50f513670d7a32b05d93446571ac4eff6339a
habit_test_00789,002976_01,002976,S7414,task_02,Place the picked Paper togo box onto the Handle tray extended by the person.,Paper togo box,early,0,all_five,images/test_image_00789.jpg,7b1b55f87d1ad48674a87301d9b50f513670d7a32b05d93446571ac4eff6339a
habit_test_00790,002976_01,002976,S7414,task_02,Place the picked Paper togo box onto the Handle tray extended by the person.,Paper togo box,ready,1,all_five,images/test_image_00790.jpg,7b1b55f87d1ad48674a87301d9b50f513670d7a32b05d93446571ac4eff6339a
habit_test_00791,002976_02,002976,S7414,task_02,Place the picked Paper togo box onto the Handle tray extended by the person.,Paper togo box,early,0,all_five,images/test_image_00791.jpg,7b1b55f87d1ad48674a87301d9b50f513670d7a32b05d93446571ac4eff6339a
habit_test_00792,002976_02,002976,S7414,task_02,Place the picked Paper togo box onto the Handle tray extended by the person.,Paper togo box,ready,1,all_five,images/test_image_00792.jpg,7b1b55f87d1ad48674a87301d9b50f513670d7a32b05d93446571ac4eff6339a
habit_test_00793,003395_01,003395,S7414,task_02,Place the picked Paper togo box onto the Handle tray extended by the person.,Paper togo box,early,0,all_five,images/test_image_00793.jpg,7b1b55f87d1ad48674a87301d9b50f513670d7a32b05d93446571ac4eff6339a
habit_test_00794,003395_01,003395,S7414,task_02,Place the picked Paper togo box onto the Handle tray extended by the person.,Paper togo box,ready,1,all_five,images/test_image_00794.jpg,7b1b55f87d1ad48674a87301d9b50f513670d7a32b05d93446571ac4eff6339a
habit_test_00795,003395_02,003395,S7414,task_02,Place the picked Paper togo box onto the Handle tray extended by the person.,Paper togo box,early,0,all_five,images/test_image_00795.jpg,7b1b55f87d1ad48674a87301d9b50f513670d7a32b05d93446571ac4eff6339a
habit_test_00796,003395_02,003395,S7414,task_02,Place the picked Paper togo box onto the Handle tray extended by the person.,Paper togo box,ready,1,all_five,images/test_image_00796.jpg,7b1b55f87d1ad48674a87301d9b50f513670d7a32b05d93446571ac4eff6339a
habit_test_00797,003396_01,003396,S7414,task_02,Place the picked Paper togo box onto the Handle tray extended by the person.,Paper togo box,early,0,all_five,images/test_image_00797.jpg,7b1b55f87d1ad48674a87301d9b50f513670d7a32b05d93446571ac4eff6339a
habit_test_00798,003396_01,003396,S7414,task_02,Place the picked Paper togo box onto the Handle tray extended by the person.,Paper togo box,ready,1,all_five,images/test_image_00798.jpg,7b1b55f87d1ad48674a87301d9b50f513670d7a32b05d93446571ac4eff6339a
habit_test_00799,003396_02,003396,S7414,task_02,Place the picked Paper togo box onto the Handle tray extended by the person.,Paper togo box,early,0,all_five,images/test_image_00799.jpg,7b1b55f87d1ad48674a87301d9b50f513670d7a32b05d93446571ac4eff6339a
habit_test_00800,003396_02,003396,S7414,task_02,Place the picked Paper togo box onto the Handle tray extended by the person.,Paper togo box,ready,1,all_five,images/test_image_00800.jpg,7b1b55f87d1ad48674a87301d9b50f513670d7a32b05d93446571ac4eff6339a
habit_test_00801,003397_01,003397,S7414,task_02,Place the picked Paper togo box onto the Handle tray extended by the person.,Paper togo box,early,0,all_five,images/test_image_00801.jpg,7b1b55f87d1ad48674a87301d9b50f513670d7a32b05d93446571ac4eff6339a
habit_test_00802,003397_01,003397,S7414,task_02,Place the picked Paper togo box onto the Handle tray extended by the person.,Paper togo box,ready,1,all_five,images/test_image_00802.jpg,7b1b55f87d1ad48674a87301d9b50f513670d7a32b05d93446571ac4eff6339a
habit_test_00803,003397_02,003397,S7414,task_02,Place the picked Paper togo box onto the Handle tray extended by the person.,Paper togo box,early,0,all_five,images/test_image_00803.jpg,7b1b55f87d1ad48674a87301d9b50f513670d7a32b05d93446571ac4eff6339a
habit_test_00804,003397_02,003397,S7414,task_02,Place the picked Paper togo box onto the Handle tray extended by the person.,Paper togo box,ready,1,all_five,images/test_image_00804.jpg,7b1b55f87d1ad48674a87301d9b50f513670d7a32b05d93446571ac4eff6339a
habit_test_00805,003398_01,003398,S7414,task_02,Place the picked Paper togo box onto the Handle tray extended by the person.,Paper togo box,early,0,all_five,images/test_image_00805.jpg,7b1b55f87d1ad48674a87301d9b50f513670d7a32b05d93446571ac4eff6339a
habit_test_00806,003398_01,003398,S7414,task_02,Place the picked Paper togo box onto the Handle tray extended by the person.,Paper togo box,ready,1,all_five,images/test_image_00806.jpg,7b1b55f87d1ad48674a87301d9b50f513670d7a32b05d93446571ac4eff6339a
habit_test_00807,003398_02,003398,S7414,task_02,Place the picked Paper togo box onto the Handle tray extended by the person.,Paper togo box,early,0,all_five,images/test_image_00807.jpg,7b1b55f87d1ad48674a87301d9b50f513670d7a32b05d93446571ac4eff6339a
habit_test_00808,003398_02,003398,S7414,task_02,Place the picked Paper togo box onto the Handle tray extended by the person.,Paper togo box,ready,1,all_five,images/test_image_00808.jpg,7b1b55f87d1ad48674a87301d9b50f513670d7a32b05d93446571ac4eff6339a
habit_test_00809,003399_01,003399,S7414,task_02,Place the picked Paper togo box onto the Handle tray extended by the person.,Paper togo box,early,0,all_five,images/test_image_00809.jpg,7b1b55f87d1ad48674a87301d9b50f513670d7a32b05d93446571ac4eff6339a
habit_test_00810,003399_01,003399,S7414,task_02,Place the picked Paper togo box onto the Handle tray extended by the person.,Paper togo box,ready,1,all_five,images/test_image_00810.jpg,7b1b55f87d1ad48674a87301d9b50f513670d7a32b05d93446571ac4eff6339a
habit_test_00811,003399_02,003399,S7414,task_02,Place the picked Paper togo box onto the Handle tray extended by the person.,Paper togo box,early,0,all_five,images/test_image_00811.jpg,7b1b55f87d1ad48674a87301d9b50f513670d7a32b05d93446571ac4eff6339a
habit_test_00812,003399_02,003399,S7414,task_02,Place the picked Paper togo box onto the Handle tray extended by the person.,Paper togo box,ready,1,all_five,images/test_image_00812.jpg,7b1b55f87d1ad48674a87301d9b50f513670d7a32b05d93446571ac4eff6339a
habit_test_00813,003400_01,003400,S7414,task_02,Place the picked Paper togo box onto the Handle tray extended by the person.,Paper togo box,early,0,all_five,images/test_image_00813.jpg,7b1b55f87d1ad48674a87301d9b50f513670d7a32b05d93446571ac4eff6339a
habit_test_00814,003400_01,003400,S7414,task_02,Place the picked Paper togo box onto the Handle tray extended by the person.,Paper togo box,ready,1,all_five,images/test_image_00814.jpg,7b1b55f87d1ad48674a87301d9b50f513670d7a32b05d93446571ac4eff6339a
habit_test_00815,003400_02,003400,S7414,task_02,Place the picked Paper togo box onto the Handle tray extended by the person.,Paper togo box,early,0,all_five,images/test_image_00815.jpg,7b1b55f87d1ad48674a87301d9b50f513670d7a32b05d93446571ac4eff6339a
habit_test_00816,003400_02,003400,S7414,task_02,Place the picked Paper togo box onto the Handle tray extended by the person.,Paper togo box,ready,1,all_five,images/test_image_00816.jpg,7b1b55f87d1ad48674a87301d9b50f513670d7a32b05d93446571ac4eff6339a
habit_test_00817,003401_01,003401,S7414,task_02,Place the picked Paper togo box onto the Handle tray extended by the person.,Paper togo box,early,0,all_five,images/test_image_00817.jpg,7b1b55f87d1ad48674a87301d9b50f513670d7a32b05d93446571ac4eff6339a
habit_test_00818,003401_01,003401,S7414,task_02,Place the picked Paper togo box onto the Handle tray extended by the person.,Paper togo box,ready,1,all_five,images/test_image_00818.jpg,7b1b55f87d1ad48674a87301d9b50f513670d7a32b05d93446571ac4eff6339a
habit_test_00819,003401_02,003401,S7414,task_02,Place the picked Paper togo box onto the Handle tray extended by the person.,Paper togo box,early,0,all_five,images/test_image_00819.jpg,7b1b55f87d1ad48674a87301d9b50f513670d7a32b05d93446571ac4eff6339a
habit_test_00820,003401_02,003401,S7414,task_02,Place the picked Paper togo box onto the Handle tray extended by the person.,Paper togo box,ready,1,all_five,images/test_image_00820.jpg,7b1b55f87d1ad48674a87301d9b50f513670d7a32b05d93446571ac4eff6339a
habit_test_00821,003402_01,003402,S7414,task_02,Place the picked Paper togo box onto the Handle tray extended by the person.,Paper togo box,early,0,all_five,images/test_image_00821.jpg,7b1b55f87d1ad48674a87301d9b50f513670d7a32b05d93446571ac4eff6339a
habit_test_00822,003402_01,003402,S7414,task_02,Place the picked Paper togo box onto the Handle tray extended by the person.,Paper togo box,ready,1,all_five,images/test_image_00822.jpg,7b1b55f87d1ad48674a87301d9b50f513670d7a32b05d93446571ac4eff6339a
habit_test_00823,003402_02,003402,S7414,task_02,Place the picked Paper togo box onto the Handle tray extended by the person.,Paper togo box,early,0,all_five,images/test_image_00823.jpg,7b1b55f87d1ad48674a87301d9b50f513670d7a32b05d93446571ac4eff6339a
habit_test_00824,003402_02,003402,S7414,task_02,Place the picked Paper togo box onto the Handle tray extended by the person.,Paper togo box,ready,1,all_five,images/test_image_00824.jpg,7b1b55f87d1ad48674a87301d9b50f513670d7a32b05d93446571ac4eff6339a
habit_test_00825,003403_01,003403,S7414,task_02,Place the picked Paper togo box onto the Handle tray extended by the person.,Paper togo box,early,0,all_five,images/test_image_00825.jpg,7b1b55f87d1ad48674a87301d9b50f513670d7a32b05d93446571ac4eff6339a
habit_test_00826,003403_01,003403,S7414,task_02,Place the picked Paper togo box onto the Handle tray extended by the person.,Paper togo box,ready,1,all_five,images/test_image_00826.jpg,7b1b55f87d1ad48674a87301d9b50f513670d7a32b05d93446571ac4eff6339a
habit_test_00827,003403_02,003403,S7414,task_02,Place the picked Paper togo box onto the Handle tray extended by the person.,Paper togo box,early,0,all_five,images/test_image_00827.jpg,7b1b55f87d1ad48674a87301d9b50f513670d7a32b05d93446571ac4eff6339a
habit_test_00828,003403_02,003403,S7414,task_02,Place the picked Paper togo box onto the Handle tray extended by the person.,Paper togo box,ready,1,all_five,images/test_image_00828.jpg,7b1b55f87d1ad48674a87301d9b50f513670d7a32b05d93446571ac4eff6339a
habit_test_00829,003405_01,003405,S7414,task_02,Place the picked Paper togo box onto the Handle tray extended by the person.,Paper togo box,early,0,all_five,images/test_image_00829.jpg,7b1b55f87d1ad48674a87301d9b50f513670d7a32b05d93446571ac4eff6339a
habit_test_00830,003405_01,003405,S7414,task_02,Place the picked Paper togo box onto the Handle tray extended by the person.,Paper togo box,ready,1,all_five,images/test_image_00830.jpg,7b1b55f87d1ad48674a87301d9b50f513670d7a32b05d93446571ac4eff6339a
habit_test_00831,003405_02,003405,S7414,task_02,Place the picked Paper togo box onto the Handle tray extended by the person.,Paper togo box,early,0,all_five,images/test_image_00831.jpg,7b1b55f87d1ad48674a87301d9b50f513670d7a32b05d93446571ac4eff6339a
habit_test_00832,003405_02,003405,S7414,task_02,Place the picked Paper togo box onto the Handle tray extended by the person.,Paper togo box,ready,1,all_five,images/test_image_00832.jpg,7b1b55f87d1ad48674a87301d9b50f513670d7a32b05d93446571ac4eff6339a
habit_test_00833,003406_01,003406,S7414,task_02,Place the picked Paper togo box onto the Handle tray extended by the person.,Paper togo box,early,0,all_five,images/test_image_00833.jpg,7b1b55f87d1ad48674a87301d9b50f513670d7a32b05d93446571ac4eff6339a
habit_test_00834,003406_01,003406,S7414,task_02,Place the picked Paper togo box onto the Handle tray extended by the person.,Paper togo box,ready,1,all_five,images/test_image_00834.jpg,7b1b55f87d1ad48674a87301d9b50f513670d7a32b05d93446571ac4eff6339a
habit_test_00835,003406_02,003406,S7414,task_02,Place the picked Paper togo box onto the Handle tray extended by the person.,Paper togo box,early,0,all_five,images/test_image_00835.jpg,7b1b55f87d1ad48674a87301d9b50f513670d7a32b05d93446571ac4eff6339a
habit_test_00836,003406_02,003406,S7414,task_02,Place the picked Paper togo box onto the Handle tray extended by the person.,Paper togo box,ready,1,all_five,images/test_image_00836.jpg,7b1b55f87d1ad48674a87301d9b50f513670d7a32b05d93446571ac4eff6339a
habit_test_00837,003407_01,003407,S7414,task_02,Place the picked Paper togo box onto the Handle tray extended by the person.,Paper togo box,early,0,all_five,images/test_image_00837.jpg,7b1b55f87d1ad48674a87301d9b50f513670d7a32b05d93446571ac4eff6339a
habit_test_00838,003407_01,003407,S7414,task_02,Place the picked Paper togo box onto the Handle tray extended by the person.,Paper togo box,ready,1,all_five,images/test_image_00838.jpg,7b1b55f87d1ad48674a87301d9b50f513670d7a32b05d93446571ac4eff6339a
habit_test_00839,003407_02,003407,S7414,task_02,Place the picked Paper togo box onto the Handle tray extended by the person.,Paper togo box,early,0,all_five,images/test_image_00839.jpg,7b1b55f87d1ad48674a87301d9b50f513670d7a32b05d93446571ac4eff6339a
habit_test_00840,003407_02,003407,S7414,task_02,Place the picked Paper togo box onto the Handle tray extended by the person.,Paper togo box,ready,1,all_five,images/test_image_00840.jpg,7b1b55f87d1ad48674a87301d9b50f513670d7a32b05d93446571ac4eff6339a
habit_test_00841,003408_01,003408,S7414,task_02,Place the picked Paper togo box onto the Handle tray extended by the person.,Paper togo box,early,0,all_five,images/test_image_00841.jpg,7b1b55f87d1ad48674a87301d9b50f513670d7a32b05d93446571ac4eff6339a
habit_test_00842,003408_01,003408,S7414,task_02,Place the picked Paper togo box onto the Handle tray extended by the person.,Paper togo box,ready,1,all_five,images/test_image_00842.jpg,7b1b55f87d1ad48674a87301d9b50f513670d7a32b05d93446571ac4eff6339a
habit_test_00843,003408_02,003408,S7414,task_02,Place the picked Paper togo box onto the Handle tray extended by the person.,Paper togo box,early,0,all_five,images/test_image_00843.jpg,7b1b55f87d1ad48674a87301d9b50f513670d7a32b05d93446571ac4eff6339a
habit_test_00844,003408_02,003408,S7414,task_02,Place the picked Paper togo box onto the Handle tray extended by the person.,Paper togo box,ready,1,all_five,images/test_image_00844.jpg,7b1b55f87d1ad48674a87301d9b50f513670d7a32b05d93446571ac4eff6339a
habit_test_00845,003409_01,003409,S7414,task_02,Place the picked Paper togo box onto the Handle tray extended by the person.,Paper togo box,early,0,all_five,images/test_image_00845.jpg,7b1b55f87d1ad48674a87301d9b50f513670d7a32b05d93446571ac4eff6339a
habit_test_00846,003409_01,003409,S7414,task_02,Place the picked Paper togo box onto the Handle tray extended by the person.,Paper togo box,ready,1,all_five,images/test_image_00846.jpg,7b1b55f87d1ad48674a87301d9b50f513670d7a32b05d93446571ac4eff6339a
habit_test_00847,003409_02,003409,S7414,task_02,Place the picked Paper togo box onto the Handle tray extended by the person.,Paper togo box,early,0,all_five,images/test_image_00847.jpg,7b1b55f87d1ad48674a87301d9b50f513670d7a32b05d93446571ac4eff6339a
habit_test_00848,003409_02,003409,S7414,task_02,Place the picked Paper togo box onto the Handle tray extended by the person.,Paper togo box,ready,1,all_five,images/test_image_00848.jpg,7b1b55f87d1ad48674a87301d9b50f513670d7a32b05d93446571ac4eff6339a
habit_test_00849,003410_01,003410,S7414,task_02,Place the picked Paper togo box onto the Handle tray extended by the person.,Paper togo box,early,0,all_five,images/test_image_00849.jpg,7b1b55f87d1ad48674a87301d9b50f513670d7a32b05d93446571ac4eff6339a
habit_test_00850,003410_01,003410,S7414,task_02,Place the picked Paper togo box onto the Handle tray extended by the person.,Paper togo box,ready,1,all_five,images/test_image_00850.jpg,7b1b55f87d1ad48674a87301d9b50f513670d7a32b05d93446571ac4eff6339a
habit_test_00851,003410_02,003410,S7414,task_02,Place the picked Paper togo box onto the Handle tray extended by the person.,Paper togo box,early,0,all_five,images/test_image_00851.jpg,7b1b55f87d1ad48674a87301d9b50f513670d7a32b05d93446571ac4eff6339a
habit_test_00852,003410_02,003410,S7414,task_02,Place the picked Paper togo box onto the Handle tray extended by the person.,Paper togo box,ready,1,all_five,images/test_image_00852.jpg,7b1b55f87d1ad48674a87301d9b50f513670d7a32b05d93446571ac4eff6339a
habit_test_00853,003411_01,003411,S7414,task_02,Place the picked Paper togo box onto the Handle tray extended by the person.,Paper togo box,early,0,all_five,images/test_image_00853.jpg,7b1b55f87d1ad48674a87301d9b50f513670d7a32b05d93446571ac4eff6339a
habit_test_00854,003411_01,003411,S7414,task_02,Place the picked Paper togo box onto the Handle tray extended by the person.,Paper togo box,ready,1,all_five,images/test_image_00854.jpg,7b1b55f87d1ad48674a87301d9b50f513670d7a32b05d93446571ac4eff6339a
habit_test_00855,003411_02,003411,S7414,task_02,Place the picked Paper togo box onto the Handle tray extended by the person.,Paper togo box,early,0,all_five,images/test_image_00855.jpg,7b1b55f87d1ad48674a87301d9b50f513670d7a32b05d93446571ac4eff6339a
habit_test_00856,003411_02,003411,S7414,task_02,Place the picked Paper togo box onto the Handle tray extended by the person.,Paper togo box,ready,1,all_five,images/test_image_00856.jpg,7b1b55f87d1ad48674a87301d9b50f513670d7a32b05d93446571ac4eff6339a
habit_test_00857,003412_01,003412,S7414,task_02,Place the picked Paper togo box onto the Handle tray extended by the person.,Paper togo box,early,0,all_five,images/test_image_00857.jpg,7b1b55f87d1ad48674a87301d9b50f513670d7a32b05d93446571ac4eff6339a
habit_test_00858,003412_01,003412,S7414,task_02,Place the picked Paper togo box onto the Handle tray extended by the person.,Paper togo box,ready,1,all_five,images/test_image_00858.jpg,7b1b55f87d1ad48674a87301d9b50f513670d7a32b05d93446571ac4eff6339a
habit_test_00859,003412_02,003412,S7414,task_02,Place the picked Paper togo box onto the Handle tray extended by the person.,Paper togo box,early,0,all_five,images/test_image_00859.jpg,7b1b55f87d1ad48674a87301d9b50f513670d7a32b05d93446571ac4eff6339a
habit_test_00860,003412_02,003412,S7414,task_02,Place the picked Paper togo box onto the Handle tray extended by the person.,Paper togo box,ready,1,all_five,images/test_image_00860.jpg,7b1b55f87d1ad48674a87301d9b50f513670d7a32b05d93446571ac4eff6339a
habit_test_00861,003413_01,003413,S7414,task_02,Place the picked Paper togo box onto the Handle tray extended by the person.,Paper togo box,early,0,all_five,images/test_image_00861.jpg,7b1b55f87d1ad48674a87301d9b50f513670d7a32b05d93446571ac4eff6339a
habit_test_00862,003413_01,003413,S7414,task_02,Place the picked Paper togo box onto the Handle tray extended by the person.,Paper togo box,ready,1,all_five,images/test_image_00862.jpg,7b1b55f87d1ad48674a87301d9b50f513670d7a32b05d93446571ac4eff6339a
habit_test_00863,003413_02,003413,S7414,task_02,Place the picked Paper togo box onto the Handle tray extended by the person.,Paper togo box,early,0,all_five,images/test_image_00863.jpg,7b1b55f87d1ad48674a87301d9b50f513670d7a32b05d93446571ac4eff6339a
habit_test_00864,003413_02,003413,S7414,task_02,Place the picked Paper togo box onto the Handle tray extended by the person.,Paper togo box,ready,1,all_five,images/test_image_00864.jpg,7b1b55f87d1ad48674a87301d9b50f513670d7a32b05d93446571ac4eff6339a
habit_test_00865,003415_01,003415,S7414,task_02,Place the picked Paper togo box onto the Handle tray extended by the person.,Paper togo box,early,0,all_five,images/test_image_00865.jpg,7b1b55f87d1ad48674a87301d9b50f513670d7a32b05d93446571ac4eff6339a
habit_test_00866,003415_01,003415,S7414,task_02,Place the picked Paper togo box onto the Handle tray extended by the person.,Paper togo box,ready,1,all_five,images/test_image_00866.jpg,7b1b55f87d1ad48674a87301d9b50f513670d7a32b05d93446571ac4eff6339a
habit_test_00867,003415_02,003415,S7414,task_02,Place the picked Paper togo box onto the Handle tray extended by the person.,Paper togo box,early,0,all_five,images/test_image_00867.jpg,7b1b55f87d1ad48674a87301d9b50f513670d7a32b05d93446571ac4eff6339a
habit_test_00868,003415_02,003415,S7414,task_02,Place the picked Paper togo box onto the Handle tray extended by the person.,Paper togo box,ready,1,all_five,images/test_image_00868.jpg,7b1b55f87d1ad48674a87301d9b50f513670d7a32b05d93446571ac4eff6339a
habit_test_00869,003416_01,003416,S7414,task_02,Place the picked Paper togo box onto the Handle tray extended by the person.,Paper togo box,early,0,all_five,images/test_image_00869.jpg,7b1b55f87d1ad48674a87301d9b50f513670d7a32b05d93446571ac4eff6339a
habit_test_00870,003416_01,003416,S7414,task_02,Place the picked Paper togo box onto the Handle tray extended by the person.,Paper togo box,ready,1,all_five,images/test_image_00870.jpg,7b1b55f87d1ad48674a87301d9b50f513670d7a32b05d93446571ac4eff6339a
habit_test_00871,003416_02,003416,S7414,task_02,Place the picked Paper togo box onto the Handle tray extended by the person.,Paper togo box,early,0,all_five,images/test_image_00871.jpg,7b1b55f87d1ad48674a87301d9b50f513670d7a32b05d93446571ac4eff6339a
habit_test_00872,003416_02,003416,S7414,task_02,Place the picked Paper togo box onto the Handle tray extended by the person.,Paper togo box,ready,1,all_five,images/test_image_00872.jpg,7b1b55f87d1ad48674a87301d9b50f513670d7a32b05d93446571ac4eff6339a
habit_test_00873,003417_01,003417,S7414,task_02,Place the picked Paper togo box onto the Handle tray extended by the person.,Paper togo box,early,0,all_five,images/test_image_00873.jpg,7b1b55f87d1ad48674a87301d9b50f513670d7a32b05d93446571ac4eff6339a
habit_test_00874,003417_01,003417,S7414,task_02,Place the picked Paper togo box onto the Handle tray extended by the person.,Paper togo box,ready,1,all_five,images/test_image_00874.jpg,7b1b55f87d1ad48674a87301d9b50f513670d7a32b05d93446571ac4eff6339a
habit_test_00875,003417_02,003417,S7414,task_02,Place the picked Paper togo box onto the Handle tray extended by the person.,Paper togo box,early,0,all_five,images/test_image_00875.jpg,7b1b55f87d1ad48674a87301d9b50f513670d7a32b05d93446571ac4eff6339a
habit_test_00876,003417_02,003417,S7414,task_02,Place the picked Paper togo box onto the Handle tray extended by the person.,Paper togo box,ready,1,all_five,images/test_image_00876.jpg,7b1b55f87d1ad48674a87301d9b50f513670d7a32b05d93446571ac4eff6339a
habit_test_00877,003418_01,003418,S7414,task_02,Place the picked Paper togo box onto the Handle tray extended by the person.,Paper togo box,early,0,all_five,images/test_image_00877.jpg,7b1b55f87d1ad48674a87301d9b50f513670d7a32b05d93446571ac4eff6339a
habit_test_00878,003418_01,003418,S7414,task_02,Place the picked Paper togo box onto the Handle tray extended by the person.,Paper togo box,ready,1,all_five,images/test_image_00878.jpg,7b1b55f87d1ad48674a87301d9b50f513670d7a32b05d93446571ac4eff6339a
habit_test_00879,003418_02,003418,S7414,task_02,Place the picked Paper togo box onto the Handle tray extended by the person.,Paper togo box,early,0,all_five,images/test_image_00879.jpg,7b1b55f87d1ad48674a87301d9b50f513670d7a32b05d93446571ac4eff6339a
habit_test_00880,003418_02,003418,S7414,task_02,Place the picked Paper togo box onto the Handle tray extended by the person.,Paper togo box,ready,1,all_five,images/test_image_00880.jpg,7b1b55f87d1ad48674a87301d9b50f513670d7a32b05d93446571ac4eff6339a
habit_test_00881,003419_01,003419,S7414,task_02,Place the picked Paper togo box onto the Handle tray extended by the person.,Paper togo box,early,0,all_five,images/test_image_00881.jpg,7b1b55f87d1ad48674a87301d9b50f513670d7a32b05d93446571ac4eff6339a
habit_test_00882,003419_01,003419,S7414,task_02,Place the picked Paper togo box onto the Handle tray extended by the person.,Paper togo box,ready,1,all_five,images/test_image_00882.jpg,7b1b55f87d1ad48674a87301d9b50f513670d7a32b05d93446571ac4eff6339a
habit_test_00883,003419_02,003419,S7414,task_02,Place the picked Paper togo box onto the Handle tray extended by the person.,Paper togo box,early,0,all_five,images/test_image_00883.jpg,7b1b55f87d1ad48674a87301d9b50f513670d7a32b05d93446571ac4eff6339a
habit_test_00884,003419_02,003419,S7414,task_02,Place the picked Paper togo box onto the Handle tray extended by the person.,Paper togo box,ready,1,all_five,images/test_image_00884.jpg,7b1b55f87d1ad48674a87301d9b50f513670d7a32b05d93446571ac4eff6339a
habit_test_00885,003420_01,003420,S7414,task_02,Place the picked Paper togo box onto the Handle tray extended by the person.,Paper togo box,early,0,all_five,images/test_image_00885.jpg,7b1b55f87d1ad48674a87301d9b50f513670d7a32b05d93446571ac4eff6339a
habit_test_00886,003420_01,003420,S7414,task_02,Place the picked Paper togo box onto the Handle tray extended by the person.,Paper togo box,ready,1,all_five,images/test_image_00886.jpg,7b1b55f87d1ad48674a87301d9b50f513670d7a32b05d93446571ac4eff6339a
habit_test_00887,003420_02,003420,S7414,task_02,Place the picked Paper togo box onto the Handle tray extended by the person.,Paper togo box,early,0,all_five,images/test_image_00887.jpg,7b1b55f87d1ad48674a87301d9b50f513670d7a32b05d93446571ac4eff6339a
habit_test_00888,003420_02,003420,S7414,task_02,Place the picked Paper togo box onto the Handle tray extended by the person.,Paper togo box,ready,1,all_five,images/test_image_00888.jpg,7b1b55f87d1ad48674a87301d9b50f513670d7a32b05d93446571ac4eff6339a
habit_test_00889,003421_01,003421,S7414,task_02,Place the picked Paper togo box onto the Handle tray extended by the person.,Paper togo box,early,0,all_five,images/test_image_00889.jpg,7b1b55f87d1ad48674a87301d9b50f513670d7a32b05d93446571ac4eff6339a
habit_test_00890,003421_01,003421,S7414,task_02,Place the picked Paper togo box onto the Handle tray extended by the person.,Paper togo box,ready,1,all_five,images/test_image_00890.jpg,7b1b55f87d1ad48674a87301d9b50f513670d7a32b05d93446571ac4eff6339a
habit_test_00891,003421_02,003421,S7414,task_02,Place the picked Paper togo box onto the Handle tray extended by the person.,Paper togo box,early,0,all_five,images/test_image_00891.jpg,7b1b55f87d1ad48674a87301d9b50f513670d7a32b05d93446571ac4eff6339a
habit_test_00892,003421_02,003421,S7414,task_02,Place the picked Paper togo box onto the Handle tray extended by the person.,Paper togo box,ready,1,all_five,images/test_image_00892.jpg,7b1b55f87d1ad48674a87301d9b50f513670d7a32b05d93446571ac4eff6339a
habit_test_00893,003422_01,003422,S7414,task_02,Place the picked Paper togo box onto the Handle tray extended by the person.,Paper togo box,early,0,all_five,images/test_image_00893.jpg,7b1b55f87d1ad48674a87301d9b50f513670d7a32b05d93446571ac4eff6339a
habit_test_00894,003422_01,003422,S7414,task_02,Place the picked Paper togo box onto the Handle tray extended by the person.,Paper togo box,ready,1,all_five,images/test_image_00894.jpg,7b1b55f87d1ad48674a87301d9b50f513670d7a32b05d93446571ac4eff6339a
habit_test_00895,003422_02,003422,S7414,task_02,Place the picked Paper togo box onto the Handle tray extended by the person.,Paper togo box,early,0,all_five,images/test_image_00895.jpg,7b1b55f87d1ad48674a87301d9b50f513670d7a32b05d93446571ac4eff6339a
habit_test_00896,003422_02,003422,S7414,task_02,Place the picked Paper togo box onto the Handle tray extended by the person.,Paper togo box,ready,1,all_five,images/test_image_00896.jpg,7b1b55f87d1ad48674a87301d9b50f513670d7a32b05d93446571ac4eff6339a
habit_test_00897,003423_01,003423,S7414,task_02,Place the picked Paper togo box onto the Handle tray extended by the person.,Paper togo box,early,0,all_five,images/test_image_00897.jpg,7b1b55f87d1ad48674a87301d9b50f513670d7a32b05d93446571ac4eff6339a
habit_test_00898,003423_01,003423,S7414,task_02,Place the picked Paper togo box onto the Handle tray extended by the person.,Paper togo box,ready,1,all_five,images/test_image_00898.jpg,7b1b55f87d1ad48674a87301d9b50f513670d7a32b05d93446571ac4eff6339a
habit_test_00899,003423_02,003423,S7414,task_02,Place the picked Paper togo box onto the Handle tray extended by the person.,Paper togo box,early,0,all_five,images/test_image_00899.jpg,7b1b55f87d1ad48674a87301d9b50f513670d7a32b05d93446571ac4eff6339a
habit_test_00900,003423_02,003423,S7414,task_02,Place the picked Paper togo box onto the Handle tray extended by the person.,Paper togo box,ready,1,all_five,images/test_image_00900.jpg,7b1b55f87d1ad48674a87301d9b50f513670d7a32b05d93446571ac4eff6339a
habit_test_00901,003424_01,003424,S7414,task_02,Place the picked Paper togo box onto the Handle tray extended by the person.,Paper togo box,early,0,all_five,images/test_image_00901.jpg,7b1b55f87d1ad48674a87301d9b50f513670d7a32b05d93446571ac4eff6339a
habit_test_00902,003424_01,003424,S7414,task_02,Place the picked Paper togo box onto the Handle tray extended by the person.,Paper togo box,ready,1,all_five,images/test_image_00902.jpg,7b1b55f87d1ad48674a87301d9b50f513670d7a32b05d93446571ac4eff6339a
habit_test_00903,003424_02,003424,S7414,task_02,Place the picked Paper togo box onto the Handle tray extended by the person.,Paper togo box,early,0,all_five,images/test_image_00903.jpg,7b1b55f87d1ad48674a87301d9b50f513670d7a32b05d93446571ac4eff6339a
habit_test_00904,003424_02,003424,S7414,task_02,Place the picked Paper togo box onto the Handle tray extended by the person.,Paper togo box,ready,1,all_five,images/test_image_00904.jpg,7b1b55f87d1ad48674a87301d9b50f513670d7a32b05d93446571ac4eff6339a
habit_test_00905,003425_01,003425,S7414,task_02,Place the picked Paper togo box onto the Handle tray extended by the person.,Paper togo box,early,0,all_five,images/test_image_00905.jpg,7b1b55f87d1ad48674a87301d9b50f513670d7a32b05d93446571ac4eff6339a
habit_test_00906,003425_01,003425,S7414,task_02,Place the picked Paper togo box onto the Handle tray extended by the person.,Paper togo box,ready,1,all_five,images/test_image_00906.jpg,7b1b55f87d1ad48674a87301d9b50f513670d7a32b05d93446571ac4eff6339a
habit_test_00907,003425_02,003425,S7414,task_02,Place the picked Paper togo box onto the Handle tray extended by the person.,Paper togo box,early,0,all_five,images/test_image_00907.jpg,7b1b55f87d1ad48674a87301d9b50f513670d7a32b05d93446571ac4eff6339a
habit_test_00908,003425_02,003425,S7414,task_02,Place the picked Paper togo box onto the Handle tray extended by the person.,Paper togo box,ready,1,all_five,images/test_image_00908.jpg,7b1b55f87d1ad48674a87301d9b50f513670d7a32b05d93446571ac4eff6339a
habit_test_00909,003428_01,003428,S7414,task_02,Place the picked Paper togo box onto the Handle tray extended by the person.,Paper togo box,early,0,all_five,images/test_image_00909.jpg,7b1b55f87d1ad48674a87301d9b50f513670d7a32b05d93446571ac4eff6339a
habit_test_00910,003428_01,003428,S7414,task_02,Place the picked Paper togo box onto the Handle tray extended by the person.,Paper togo box,ready,1,all_five,images/test_image_00910.jpg,7b1b55f87d1ad48674a87301d9b50f513670d7a32b05d93446571ac4eff6339a
habit_test_00911,003428_02,003428,S7414,task_02,Place the picked Paper togo box onto the Handle tray extended by the person.,Paper togo box,early,0,all_five,images/test_image_00911.jpg,7b1b55f87d1ad48674a87301d9b50f513670d7a32b05d93446571ac4eff6339a
habit_test_00912,003428_02,003428,S7414,task_02,Place the picked Paper togo box onto the Handle tray extended by the person.,Paper togo box,ready,1,all_five,images/test_image_00912.jpg,7b1b55f87d1ad48674a87301d9b50f513670d7a32b05d93446571ac4eff6339a
habit_test_00913,003429_01,003429,S7414,task_02,Place the picked Paper togo box onto the Handle tray extended by the person.,Paper togo box,early,0,all_five,images/test_image_00913.jpg,7b1b55f87d1ad48674a87301d9b50f513670d7a32b05d93446571ac4eff6339a
habit_test_00914,003429_01,003429,S7414,task_02,Place the picked Paper togo box onto the Handle tray extended by the person.,Paper togo box,ready,1,all_five,images/test_image_00914.jpg,7b1b55f87d1ad48674a87301d9b50f513670d7a32b05d93446571ac4eff6339a
habit_test_00915,003429_02,003429,S7414,task_02,Place the picked Paper togo box onto the Handle tray extended by the person.,Paper togo box,early,0,all_five,images/test_image_00915.jpg,7b1b55f87d1ad48674a87301d9b50f513670d7a32b05d93446571ac4eff6339a
habit_test_00916,003429_02,003429,S7414,task_02,Place the picked Paper togo box onto the Handle tray extended by the person.,Paper togo box,ready,1,all_five,images/test_image_00916.jpg,7b1b55f87d1ad48674a87301d9b50f513670d7a32b05d93446571ac4eff6339a
habit_test_00917,003430_01,003430,S7414,task_02,Place the picked Paper togo box onto the Handle tray extended by the person.,Paper togo box,early,0,all_five,images/test_image_00917.jpg,7b1b55f87d1ad48674a87301d9b50f513670d7a32b05d93446571ac4eff6339a
habit_test_00918,003430_01,003430,S7414,task_02,Place the picked Paper togo box onto the Handle tray extended by the person.,Paper togo box,ready,1,all_five,images/test_image_00918.jpg,7b1b55f87d1ad48674a87301d9b50f513670d7a32b05d93446571ac4eff6339a
habit_test_00919,003430_02,003430,S7414,task_02,Place the picked Paper togo box onto the Handle tray extended by the person.,Paper togo box,early,0,all_five,images/test_image_00919.jpg,7b1b55f87d1ad48674a87301d9b50f513670d7a32b05d93446571ac4eff6339a
habit_test_00920,003430_02,003430,S7414,task_02,Place the picked Paper togo box onto the Handle tray extended by the person.,Paper togo box,ready,1,all_five,images/test_image_00920.jpg,7b1b55f87d1ad48674a87301d9b50f513670d7a32b05d93446571ac4eff6339a
habit_test_00921,003432_01,003432,S7414,task_02,Place the picked Paper togo box onto the Handle tray extended by the person.,Paper togo box,early,0,all_five,images/test_image_00921.jpg,7b1b55f87d1ad48674a87301d9b50f513670d7a32b05d93446571ac4eff6339a
habit_test_00922,003432_01,003432,S7414,task_02,Place the picked Paper togo box onto the Handle tray extended by the person.,Paper togo box,ready,1,all_five,images/test_image_00922.jpg,7b1b55f87d1ad48674a87301d9b50f513670d7a32b05d93446571ac4eff6339a
habit_test_00923,003432_02,003432,S7414,task_02,Place the picked Paper togo box onto the Handle tray extended by the person.,Paper togo box,early,0,all_five,images/test_image_00923.jpg,7b1b55f87d1ad48674a87301d9b50f513670d7a32b05d93446571ac4eff6339a
habit_test_00924,003432_02,003432,S7414,task_02,Place the picked Paper togo box onto the Handle tray extended by the person.,Paper togo box,ready,1,all_five,images/test_image_00924.jpg,7b1b55f87d1ad48674a87301d9b50f513670d7a32b05d93446571ac4eff6339a
habit_test_00925,003433_01,003433,S7414,task_02,Place the picked Paper togo box onto the Handle tray extended by the person.,Paper togo box,early,0,all_five,images/test_image_00925.jpg,7b1b55f87d1ad48674a87301d9b50f513670d7a32b05d93446571ac4eff6339a
habit_test_00926,003433_01,003433,S7414,task_02,Place the picked Paper togo box onto the Handle tray extended by the person.,Paper togo box,ready,1,all_five,images/test_image_00926.jpg,7b1b55f87d1ad48674a87301d9b50f513670d7a32b05d93446571ac4eff6339a
habit_test_00927,003433_02,003433,S7414,task_02,Place the picked Paper togo box onto the Handle tray extended by the person.,Paper togo box,early,0,all_five,images/test_image_00927.jpg,7b1b55f87d1ad48674a87301d9b50f513670d7a32b05d93446571ac4eff6339a
habit_test_00928,003433_02,003433,S7414,task_02,Place the picked Paper togo box onto the Handle tray extended by the person.,Paper togo box,ready,1,all_five,images/test_image_00928.jpg,7b1b55f87d1ad48674a87301d9b50f513670d7a32b05d93446571ac4eff6339a
habit_test_00929,003434_01,003434,S7414,task_02,Place the picked Paper togo box onto the Handle tray extended by the person.,Paper togo box,early,0,all_five,images/test_image_00929.jpg,7b1b55f87d1ad48674a87301d9b50f513670d7a32b05d93446571ac4eff6339a
habit_test_00930,003434_01,003434,S7414,task_02,Place the picked Paper togo box onto the Handle tray extended by the person.,Paper togo box,ready,1,all_five,images/test_image_00930.jpg,7b1b55f87d1ad48674a87301d9b50f513670d7a32b05d93446571ac4eff6339a
habit_test_00931,003434_02,003434,S7414,task_02,Place the picked Paper togo box onto the Handle tray extended by the person.,Paper togo box,early,0,all_five,images/test_image_00931.jpg,7b1b55f87d1ad48674a87301d9b50f513670d7a32b05d93446571ac4eff6339a
habit_test_00932,003434_02,003434,S7414,task_02,Place the picked Paper togo box onto the Handle tray extended by the person.,Paper togo box,ready,1,all_five,images/test_image_00932.jpg,7b1b55f87d1ad48674a87301d9b50f513670d7a32b05d93446571ac4eff6339a
habit_test_00933,003435_01,003435,S7414,task_02,Place the picked Paper togo box onto the Handle tray extended by the person.,Paper togo box,early,0,all_five,images/test_image_00933.jpg,7b1b55f87d1ad48674a87301d9b50f513670d7a32b05d93446571ac4eff6339a
habit_test_00934,003435_01,003435,S7414,task_02,Place the picked Paper togo box onto the Handle tray extended by the person.,Paper togo box,ready,1,all_five,images/test_image_00934.jpg,7b1b55f87d1ad48674a87301d9b50f513670d7a32b05d93446571ac4eff6339a
habit_test_00935,003435_02,003435,S7414,task_02,Place the picked Paper togo box onto the Handle tray extended by the person.,Paper togo box,early,0,all_five,images/test_image_00935.jpg,7b1b55f87d1ad48674a87301d9b50f513670d7a32b05d93446571ac4eff6339a
habit_test_00936,003435_02,003435,S7414,task_02,Place the picked Paper togo box onto the Handle tray extended by the person.,Paper togo box,ready,1,all_five,images/test_image_00936.jpg,7b1b55f87d1ad48674a87301d9b50f513670d7a32b05d93446571ac4eff6339a
habit_test_00937,003436_01,003436,S7414,task_02,Place the picked Paper togo box onto the Handle tray extended by the person.,Paper togo box,early,0,all_five,images/test_image_00937.jpg,7b1b55f87d1ad48674a87301d9b50f513670d7a32b05d93446571ac4eff6339a
habit_test_00938,003436_01,003436,S7414,task_02,Place the picked Paper togo box onto the Handle tray extended by the person.,Paper togo box,ready,1,all_five,images/test_image_00938.jpg,7b1b55f87d1ad48674a87301d9b50f513670d7a32b05d93446571ac4eff6339a
habit_test_00939,003436_02,003436,S7414,task_02,Place the picked Paper togo box onto the Handle tray extended by the person.,Paper togo box,early,0,all_five,images/test_image_00939.jpg,7b1b55f87d1ad48674a87301d9b50f513670d7a32b05d93446571ac4eff6339a
habit_test_00940,003436_02,003436,S7414,task_02,Place the picked Paper togo box onto the Handle tray extended by the person.,Paper togo box,ready,1,all_five,images/test_image_00940.jpg,7b1b55f87d1ad48674a87301d9b50f513670d7a32b05d93446571ac4eff6339a
habit_test_00941,003437_01,003437,S7414,task_02,Place the picked Paper togo box onto the Handle tray extended by the person.,Paper togo box,early,0,all_five,images/test_image_00941.jpg,7b1b55f87d1ad48674a87301d9b50f513670d7a32b05d93446571ac4eff6339a
habit_test_00942,003437_01,003437,S7414,task_02,Place the picked Paper togo box onto the Handle tray extended by the person.,Paper togo box,ready,1,all_five,images/test_image_00942.jpg,7b1b55f87d1ad48674a87301d9b50f513670d7a32b05d93446571ac4eff6339a
habit_test_00943,003437_02,003437,S7414,task_02,Place the picked Paper togo box onto the Handle tray extended by the person.,Paper togo box,early,0,all_five,images/test_image_00943.jpg,7b1b55f87d1ad48674a87301d9b50f513670d7a32b05d93446571ac4eff6339a
habit_test_00944,003437_02,003437,S7414,task_02,Place the picked Paper togo box onto the Handle tray extended by the person.,Paper togo box,ready,1,all_five,images/test_image_00944.jpg,7b1b55f87d1ad48674a87301d9b50f513670d7a32b05d93446571ac4eff6339a
habit_test_00945,003438_01,003438,S7414,task_02,Place the picked Paper togo box onto the Handle tray extended by the person.,Paper togo box,early,0,all_five,images/test_image_00945.jpg,7b1b55f87d1ad48674a87301d9b50f513670d7a32b05d93446571ac4eff6339a
habit_test_00946,003438_01,003438,S7414,task_02,Place the picked Paper togo box onto the Handle tray extended by the person.,Paper togo box,ready,1,all_five,images/test_image_00946.jpg,7b1b55f87d1ad48674a87301d9b50f513670d7a32b05d93446571ac4eff6339a
habit_test_00947,003438_02,003438,S7414,task_02,Place the picked Paper togo box onto the Handle tray extended by the person.,Paper togo box,early,0,all_five,images/test_image_00947.jpg,7b1b55f87d1ad48674a87301d9b50f513670d7a32b05d93446571ac4eff6339a
habit_test_00948,003438_02,003438,S7414,task_02,Place the picked Paper togo box onto the Handle tray extended by the person.,Paper togo box,ready,1,all_five,images/test_image_00948.jpg,7b1b55f87d1ad48674a87301d9b50f513670d7a32b05d93446571ac4eff6339a
habit_test_00949,003440_01,003440,S7414,task_02,Place the picked Paper togo box onto the Handle tray extended by the person.,Paper togo box,early,0,all_five,images/test_image_00949.jpg,7b1b55f87d1ad48674a87301d9b50f513670d7a32b05d93446571ac4eff6339a
habit_test_00950,003440_01,003440,S7414,task_02,Place the picked Paper togo box onto the Handle tray extended by the person.,Paper togo box,ready,1,all_five,images/test_image_00950.jpg,7b1b55f87d1ad48674a87301d9b50f513670d7a32b05d93446571ac4eff6339a
habit_test_00951,003440_02,003440,S7414,task_02,Place the picked Paper togo box onto the Handle tray extended by the person.,Paper togo box,early,0,all_five,images/test_image_00951.jpg,7b1b55f87d1ad48674a87301d9b50f513670d7a32b05d93446571ac4eff6339a
habit_test_00952,003440_02,003440,S7414,task_02,Place the picked Paper togo box onto the Handle tray extended by the person.,Paper togo box,ready,1,all_five,images/test_image_00952.jpg,7b1b55f87d1ad48674a87301d9b50f513670d7a32b05d93446571ac4eff6339a
habit_test_00953,003441_01,003441,S7414,task_02,Place the picked Paper togo box onto the Handle tray extended by the person.,Paper togo box,early,0,all_five,images/test_image_00953.jpg,7b1b55f87d1ad48674a87301d9b50f513670d7a32b05d93446571ac4eff6339a
habit_test_00954,003441_01,003441,S7414,task_02,Place the picked Paper togo box onto the Handle tray extended by the person.,Paper togo box,ready,1,all_five,images/test_image_00954.jpg,7b1b55f87d1ad48674a87301d9b50f513670d7a32b05d93446571ac4eff6339a
habit_test_00955,003441_02,003441,S7414,task_02,Place the picked Paper togo box onto the Handle tray extended by the person.,Paper togo box,early,0,all_five,images/test_image_00955.jpg,7b1b55f87d1ad48674a87301d9b50f513670d7a32b05d93446571ac4eff6339a
habit_test_00956,003441_02,003441,S7414,task_02,Place the picked Paper togo box onto the Handle tray extended by the person.,Paper togo box,ready,1,all_five,images/test_image_00956.jpg,7b1b55f87d1ad48674a87301d9b50f513670d7a32b05d93446571ac4eff6339a
habit_test_00957,003442_01,003442,S7414,task_02,Place the picked Paper togo box onto the Handle tray extended by the person.,Paper togo box,early,0,all_five,images/test_image_00957.jpg,7b1b55f87d1ad48674a87301d9b50f513670d7a32b05d93446571ac4eff6339a
habit_test_00958,003442_01,003442,S7414,task_02,Place the picked Paper togo box onto the Handle tray extended by the person.,Paper togo box,ready,1,all_five,images/test_image_00958.jpg,7b1b55f87d1ad48674a87301d9b50f513670d7a32b05d93446571ac4eff6339a
habit_test_00959,003442_02,003442,S7414,task_02,Place the picked Paper togo box onto the Handle tray extended by the person.,Paper togo box,early,0,all_five,images/test_image_00959.jpg,7b1b55f87d1ad48674a87301d9b50f513670d7a32b05d93446571ac4eff6339a
habit_test_00960,003442_02,003442,S7414,task_02,Place the picked Paper togo box onto the Handle tray extended by the person.,Paper togo box,ready,1,all_five,images/test_image_00960.jpg,7b1b55f87d1ad48674a87301d9b50f513670d7a32b05d93446571ac4eff6339a
habit_test_00961,003444_01,003444,S7414,task_02,Place the picked Paper togo box onto the Handle tray extended by the person.,Paper togo box,early,0,all_five,images/test_image_00961.jpg,7b1b55f87d1ad48674a87301d9b50f513670d7a32b05d93446571ac4eff6339a
habit_test_00962,003444_01,003444,S7414,task_02,Place the picked Paper togo box onto the Handle tray extended by the person.,Paper togo box,ready,1,all_five,images/test_image_00962.jpg,7b1b55f87d1ad48674a87301d9b50f513670d7a32b05d93446571ac4eff6339a
habit_test_00963,003444_02,003444,S7414,task_02,Place the picked Paper togo box onto the Handle tray extended by the person.,Paper togo box,early,0,all_five,images/test_image_00963.jpg,7b1b55f87d1ad48674a87301d9b50f513670d7a32b05d93446571ac4eff6339a
habit_test_00964,003444_02,003444,S7414,task_02,Place the picked Paper togo box onto the Handle tray extended by the person.,Paper togo box,ready,1,all_five,images/test_image_00964.jpg,7b1b55f87d1ad48674a87301d9b50f513670d7a32b05d93446571ac4eff6339a
habit_test_00965,003445_01,003445,S7414,task_02,Place the picked Paper togo box onto the Handle tray extended by the person.,Paper togo box,early,0,all_five,images/test_image_00965.jpg,7b1b55f87d1ad48674a87301d9b50f513670d7a32b05d93446571ac4eff6339a
habit_test_00966,003445_01,003445,S7414,task_02,Place the picked Paper togo box onto the Handle tray extended by the person.,Paper togo box,ready,1,all_five,images/test_image_00966.jpg,7b1b55f87d1ad48674a87301d9b50f513670d7a32b05d93446571ac4eff6339a
habit_test_00967,003445_02,003445,S7414,task_02,Place the picked Paper togo box onto the Handle tray extended by the person.,Paper togo box,early,0,all_five,images/test_image_00967.jpg,7b1b55f87d1ad48674a87301d9b50f513670d7a32b05d93446571ac4eff6339a
habit_test_00968,003445_02,003445,S7414,task_02,Place the picked Paper togo box onto the Handle tray extended by the person.,Paper togo box,ready,1,all_five,images/test_image_00968.jpg,7b1b55f87d1ad48674a87301d9b50f513670d7a32b05d93446571ac4eff6339a
habit_test_00969,003449_01,003449,S7414,task_02,Place the picked Paper togo box onto the Handle tray extended by the person.,Paper togo box,early,0,all_five,images/test_image_00969.jpg,7b1b55f87d1ad48674a87301d9b50f513670d7a32b05d93446571ac4eff6339a
habit_test_00970,003449_01,003449,S7414,task_02,Place the picked Paper togo box onto the Handle tray extended by the person.,Paper togo box,ready,1,all_five,images/test_image_00970.jpg,7b1b55f87d1ad48674a87301d9b50f513670d7a32b05d93446571ac4eff6339a
habit_test_00971,003449_02,003449,S7414,task_02,Place the picked Paper togo box onto the Handle tray extended by the person.,Paper togo box,early,0,all_five,images/test_image_00971.jpg,7b1b55f87d1ad48674a87301d9b50f513670d7a32b05d93446571ac4eff6339a
habit_test_00972,003449_02,003449,S7414,task_02,Place the picked Paper togo box onto the Handle tray extended by the person.,Paper togo box,ready,1,all_five,images/test_image_00972.jpg,7b1b55f87d1ad48674a87301d9b50f513670d7a32b05d93446571ac4eff6339a
habit_test_00973,003450_01,003450,S7414,task_02,Place the picked Paper togo box onto the Handle tray extended by the person.,Paper togo box,early,0,all_five,images/test_image_00973.jpg,7b1b55f87d1ad48674a87301d9b50f513670d7a32b05d93446571ac4eff6339a
habit_test_00974,003450_01,003450,S7414,task_02,Place the picked Paper togo box onto the Handle tray extended by the person.,Paper togo box,ready,1,all_five,images/test_image_00974.jpg,7b1b55f87d1ad48674a87301d9b50f513670d7a32b05d93446571ac4eff6339a
habit_test_00975,003450_02,003450,S7414,task_02,Place the picked Paper togo box onto the Handle tray extended by the person.,Paper togo box,early,0,all_five,images/test_image_00975.jpg,7b1b55f87d1ad48674a87301d9b50f513670d7a32b05d93446571ac4eff6339a
habit_test_00976,003450_02,003450,S7414,task_02,Place the picked Paper togo box onto the Handle tray extended by the person.,Paper togo box,ready,1,all_five,images/test_image_00976.jpg,7b1b55f87d1ad48674a87301d9b50f513670d7a32b05d93446571ac4eff6339a
habit_test_00977,003451_01,003451,S7414,task_02,Place the picked Paper togo box onto the Handle tray extended by the person.,Paper togo box,early,0,all_five,images/test_image_00977.jpg,7b1b55f87d1ad48674a87301d9b50f513670d7a32b05d93446571ac4eff6339a
habit_test_00978,003451_01,003451,S7414,task_02,Place the picked Paper togo box onto the Handle tray extended by the person.,Paper togo box,ready,1,all_five,images/test_image_00978.jpg,7b1b55f87d1ad48674a87301d9b50f513670d7a32b05d93446571ac4eff6339a
habit_test_00979,003451_02,003451,S7414,task_02,Place the picked Paper togo box onto the Handle tray extended by the person.,Paper togo box,early,0,all_five,images/test_image_00979.jpg,7b1b55f87d1ad48674a87301d9b50f513670d7a32b05d93446571ac4eff6339a
habit_test_00980,003451_02,003451,S7414,task_02,Place the picked Paper togo box onto the Handle tray extended by the person.,Paper togo box,ready,1,all_five,images/test_image_00980.jpg,7b1b55f87d1ad48674a87301d9b50f513670d7a32b05d93446571ac4eff6339a
habit_test_00981,003452_01,003452,S7414,task_02,Place the picked Paper togo box onto the Handle tray extended by the person.,Paper togo box,early,0,all_five,images/test_image_00981.jpg,7b1b55f87d1ad48674a87301d9b50f513670d7a32b05d93446571ac4eff6339a
habit_test_00982,003452_01,003452,S7414,task_02,Place the picked Paper togo box onto the Handle tray extended by the person.,Paper togo box,ready,1,all_five,images/test_image_00982.jpg,7b1b55f87d1ad48674a87301d9b50f513670d7a32b05d93446571ac4eff6339a
habit_test_00983,003452_02,003452,S7414,task_02,Place the picked Paper togo box onto the Handle tray extended by the person.,Paper togo box,early,0,all_five,images/test_image_00983.jpg,7b1b55f87d1ad48674a87301d9b50f513670d7a32b05d93446571ac4eff6339a
habit_test_00984,003452_02,003452,S7414,task_02,Place the picked Paper togo box onto the Handle tray extended by the person.,Paper togo box,ready,1,all_five,images/test_image_00984.jpg,7b1b55f87d1ad48674a87301d9b50f513670d7a32b05d93446571ac4eff6339a
habit_test_00985,003453_01,003453,S7414,task_02,Place the picked Paper togo box onto the Handle tray extended by the person.,Paper togo box,early,0,all_five,images/test_image_00985.jpg,7b1b55f87d1ad48674a87301d9b50f513670d7a32b05d93446571ac4eff6339a
habit_test_00986,003453_01,003453,S7414,task_02,Place the picked Paper togo box onto the Handle tray extended by the person.,Paper togo box,ready,1,all_five,images/test_image_00986.jpg,7b1b55f87d1ad48674a87301d9b50f513670d7a32b05d93446571ac4eff6339a
habit_test_00987,003453_02,003453,S7414,task_02,Place the picked Paper togo box onto the Handle tray extended by the person.,Paper togo box,early,0,all_five,images/test_image_00987.jpg,7b1b55f87d1ad48674a87301d9b50f513670d7a32b05d93446571ac4eff6339a
habit_test_00988,003453_02,003453,S7414,task_02,Place the picked Paper togo box onto the Handle tray extended by the person.,Paper togo box,ready,1,all_five,images/test_image_00988.jpg,7b1b55f87d1ad48674a87301d9b50f513670d7a32b05d93446571ac4eff6339a
habit_test_00989,003454_01,003454,S7414,task_02,Place the picked Paper togo box onto the Handle tray extended by the person.,Paper togo box,early,0,all_five,images/test_image_00989.jpg,7b1b55f87d1ad48674a87301d9b50f513670d7a32b05d93446571ac4eff6339a
habit_test_00990,003454_01,003454,S7414,task_02,Place the picked Paper togo box onto the Handle tray extended by the person.,Paper togo box,ready,1,all_five,images/test_image_00990.jpg,7b1b55f87d1ad48674a87301d9b50f513670d7a32b05d93446571ac4eff6339a
habit_test_00991,003454_02,003454,S7414,task_02,Place the picked Paper togo box onto the Handle tray extended by the person.,Paper togo box,early,0,all_five,images/test_image_00991.jpg,7b1b55f87d1ad48674a87301d9b50f513670d7a32b05d93446571ac4eff6339a
habit_test_00992,003454_02,003454,S7414,task_02,Place the picked Paper togo box onto the Handle tray extended by the person.,Paper togo box,ready,1,all_five,images/test_image_00992.jpg,7b1b55f87d1ad48674a87301d9b50f513670d7a32b05d93446571ac4eff6339a
habit_test_00993,003455_01,003455,S7414,task_02,Place the picked Paper togo box onto the Handle tray extended by the person.,Paper togo box,early,0,all_five,images/test_image_00993.jpg,7b1b55f87d1ad48674a87301d9b50f513670d7a32b05d93446571ac4eff6339a
habit_test_00994,003455_01,003455,S7414,task_02,Place the picked Paper togo box onto the Handle tray extended by the person.,Paper togo box,ready,1,all_five,images/test_image_00994.jpg,7b1b55f87d1ad48674a87301d9b50f513670d7a32b05d93446571ac4eff6339a
habit_test_00995,003455_02,003455,S7414,task_02,Place the picked Paper togo box onto the Handle tray extended by the person.,Paper togo box,early,0,all_five,images/test_image_00995.jpg,7b1b55f87d1ad48674a87301d9b50f513670d7a32b05d93446571ac4eff6339a
habit_test_00996,003455_02,003455,S7414,task_02,Place the picked Paper togo box onto the Handle tray extended by the person.,Paper togo box,ready,1,all_five,images/test_image_00996.jpg,7b1b55f87d1ad48674a87301d9b50f513670d7a32b05d93446571ac4eff6339a
habit_test_00997,003456_01,003456,S7414,task_02,Place the picked Paper togo box onto the Handle tray extended by the person.,Paper togo box,early,0,all_five,images/test_image_00997.jpg,7b1b55f87d1ad48674a87301d9b50f513670d7a32b05d93446571ac4eff6339a
habit_test_00998,003456_01,003456,S7414,task_02,Place the picked Paper togo box onto the Handle tray extended by the person.,Paper togo box,ready,1,all_five,images/test_image_00998.jpg,7b1b55f87d1ad48674a87301d9b50f513670d7a32b05d93446571ac4eff6339a
habit_test_00999,003456_02,003456,S7414,task_02,Place the picked Paper togo box onto the Handle tray extended by the person.,Paper togo box,early,0,all_five,images/test_image_00999.jpg,7b1b55f87d1ad48674a87301d9b50f513670d7a32b05d93446571ac4eff6339a
habit_test_01000,003456_02,003456,S7414,task_02,Place the picked Paper togo box onto the Handle tray extended by the person.,Paper togo box,ready,1,all_five,images/test_image_01000.jpg,7b1b55f87d1ad48674a87301d9b50f513670d7a32b05d93446571ac4eff6339a
habit_test_01001,003457_01,003457,S7414,task_02,Place the picked Paper togo box onto the Handle tray extended by the person.,Paper togo box,early,0,all_five,images/test_image_01001.jpg,7b1b55f87d1ad48674a87301d9b50f513670d7a32b05d93446571ac4eff6339a
habit_test_01002,003457_01,003457,S7414,task_02,Place the picked Paper togo box onto the Handle tray extended by the person.,Paper togo box,ready,1,all_five,images/test_image_01002.jpg,7b1b55f87d1ad48674a87301d9b50f513670d7a32b05d93446571ac4eff6339a
habit_test_01003,003457_02,003457,S7414,task_02,Place the picked Paper togo box onto the Handle tray extended by the person.,Paper togo box,early,0,all_five,images/test_image_01003.jpg,7b1b55f87d1ad48674a87301d9b50f513670d7a32b05d93446571ac4eff6339a
habit_test_01004,003457_02,003457,S7414,task_02,Place the picked Paper togo box onto the Handle tray extended by the person.,Paper togo box,ready,1,all_five,images/test_image_01004.jpg,7b1b55f87d1ad48674a87301d9b50f513670d7a32b05d93446571ac4eff6339a
habit_test_01005,003458_01,003458,S7414,task_02,Place the picked Paper togo box onto the Handle tray extended by the person.,Paper togo box,early,0,all_five,images/test_image_01005.jpg,7b1b55f87d1ad48674a87301d9b50f513670d7a32b05d93446571ac4eff6339a
habit_test_01006,003458_01,003458,S7414,task_02,Place the picked Paper togo box onto the Handle tray extended by the person.,Paper togo box,ready,1,all_five,images/test_image_01006.jpg,7b1b55f87d1ad48674a87301d9b50f513670d7a32b05d93446571ac4eff6339a
habit_test_01007,003458_02,003458,S7414,task_02,Place the picked Paper togo box onto the Handle tray extended by the person.,Paper togo box,early,0,all_five,images/test_image_01007.jpg,7b1b55f87d1ad48674a87301d9b50f513670d7a32b05d93446571ac4eff6339a
habit_test_01008,003458_02,003458,S7414,task_02,Place the picked Paper togo box onto the Handle tray extended by the person.,Paper togo box,ready,1,all_five,images/test_image_01008.jpg,7b1b55f87d1ad48674a87301d9b50f513670d7a32b05d93446571ac4eff6339a
habit_test_01009,003459_01,003459,S7414,task_02,Place the picked Paper togo box onto the Handle tray extended by the person.,Paper togo box,early,0,all_five,images/test_image_01009.jpg,7b1b55f87d1ad48674a87301d9b50f513670d7a32b05d93446571ac4eff6339a
habit_test_01010,003459_01,003459,S7414,task_02,Place the picked Paper togo box onto the Handle tray extended by the person.,Paper togo box,ready,1,all_five,images/test_image_01010.jpg,7b1b55f87d1ad48674a87301d9b50f513670d7a32b05d93446571ac4eff6339a
habit_test_01011,003459_02,003459,S7414,task_02,Place the picked Paper togo box onto the Handle tray extended by the person.,Paper togo box,early,0,all_five,images/test_image_01011.jpg,7b1b55f87d1ad48674a87301d9b50f513670d7a32b05d93446571ac4eff6339a
habit_test_01012,003459_02,003459,S7414,task_02,Place the picked Paper togo box onto the Handle tray extended by the person.,Paper togo box,ready,1,all_five,images/test_image_01012.jpg,7b1b55f87d1ad48674a87301d9b50f513670d7a32b05d93446571ac4eff6339a
habit_test_01013,003460_01,003460,S7414,task_02,Place the picked Paper togo box onto the Handle tray extended by the person.,Paper togo box,early,0,all_five,images/test_image_01013.jpg,7b1b55f87d1ad48674a87301d9b50f513670d7a32b05d93446571ac4eff6339a
habit_test_01014,003460_01,003460,S7414,task_02,Place the picked Paper togo box onto the Handle tray extended by the person.,Paper togo box,ready,1,all_five,images/test_image_01014.jpg,7b1b55f87d1ad48674a87301d9b50f513670d7a32b05d93446571ac4eff6339a
habit_test_01015,003460_02,003460,S7414,task_02,Place the picked Paper togo box onto the Handle tray extended by the person.,Paper togo box,early,0,all_five,images/test_image_01015.jpg,7b1b55f87d1ad48674a87301d9b50f513670d7a32b05d93446571ac4eff6339a
habit_test_01016,003460_02,003460,S7414,task_02,Place the picked Paper togo box onto the Handle tray extended by the person.,Paper togo box,ready,1,all_five,images/test_image_01016.jpg,7b1b55f87d1ad48674a87301d9b50f513670d7a32b05d93446571ac4eff6339a
habit_test_01017,003461_01,003461,S7414,task_02,Place the picked Paper togo box onto the Handle tray extended by the person.,Paper togo box,early,0,all_five,images/test_image_01017.jpg,7b1b55f87d1ad48674a87301d9b50f513670d7a32b05d93446571ac4eff6339a
habit_test_01018,003461_01,003461,S7414,task_02,Place the picked Paper togo box onto the Handle tray extended by the person.,Paper togo box,ready,1,all_five,images/test_image_01018.jpg,7b1b55f87d1ad48674a87301d9b50f513670d7a32b05d93446571ac4eff6339a
habit_test_01019,003461_02,003461,S7414,task_02,Place the picked Paper togo box onto the Handle tray extended by the person.,Paper togo box,early,0,all_five,images/test_image_01019.jpg,7b1b55f87d1ad48674a87301d9b50f513670d7a32b05d93446571ac4eff6339a
habit_test_01020,003461_02,003461,S7414,task_02,Place the picked Paper togo box onto the Handle tray extended by the person.,Paper togo box,ready,1,all_five,images/test_image_01020.jpg,7b1b55f87d1ad48674a87301d9b50f513670d7a32b05d93446571ac4eff6339a
habit_test_01021,003462_01,003462,S7414,task_02,Place the picked Paper togo box onto the Handle tray extended by the person.,Paper togo box,early,0,all_five,images/test_image_01021.jpg,7b1b55f87d1ad48674a87301d9b50f513670d7a32b05d93446571ac4eff6339a
habit_test_01022,003462_01,003462,S7414,task_02,Place the picked Paper togo box onto the Handle tray extended by the person.,Paper togo box,ready,1,all_five,images/test_image_01022.jpg,7b1b55f87d1ad48674a87301d9b50f513670d7a32b05d93446571ac4eff6339a
habit_test_01023,003462_02,003462,S7414,task_02,Place the picked Paper togo box onto the Handle tray extended by the person.,Paper togo box,early,0,all_five,images/test_image_01023.jpg,7b1b55f87d1ad48674a87301d9b50f513670d7a32b05d93446571ac4eff6339a
habit_test_01024,003462_02,003462,S7414,task_02,Place the picked Paper togo box onto the Handle tray extended by the person.,Paper togo box,ready,1,all_five,images/test_image_01024.jpg,7b1b55f87d1ad48674a87301d9b50f513670d7a32b05d93446571ac4eff6339a
habit_test_01025,003463_01,003463,S7414,task_02,Place the picked Paper togo box onto the Handle tray extended by the person.,Paper togo box,early,0,all_five,images/test_image_01025.jpg,7b1b55f87d1ad48674a87301d9b50f513670d7a32b05d93446571ac4eff6339a
habit_test_01026,003463_01,003463,S7414,task_02,Place the picked Paper togo box onto the Handle tray extended by the person.,Paper togo box,ready,1,all_five,images/test_image_01026.jpg,7b1b55f87d1ad48674a87301d9b50f513670d7a32b05d93446571ac4eff6339a
habit_test_01027,003463_02,003463,S7414,task_02,Place the picked Paper togo box onto the Handle tray extended by the person.,Paper togo box,early,0,all_five,images/test_image_01027.jpg,7b1b55f87d1ad48674a87301d9b50f513670d7a32b05d93446571ac4eff6339a
habit_test_01028,003463_02,003463,S7414,task_02,Place the picked Paper togo box onto the Handle tray extended by the person.,Paper togo box,ready,1,all_five,images/test_image_01028.jpg,7b1b55f87d1ad48674a87301d9b50f513670d7a32b05d93446571ac4eff6339a
habit_test_01029,003464_01,003464,S7414,task_02,Place the picked Paper togo box onto the Handle tray extended by the person.,Paper togo box,early,0,all_five,images/test_image_01029.jpg,7b1b55f87d1ad48674a87301d9b50f513670d7a32b05d93446571ac4eff6339a
habit_test_01030,003464_01,003464,S7414,task_02,Place the picked Paper togo box onto the Handle tray extended by the person.,Paper togo box,ready,1,all_five,images/test_image_01030.jpg,7b1b55f87d1ad48674a87301d9b50f513670d7a32b05d93446571ac4eff6339a
habit_test_01031,003464_02,003464,S7414,task_02,Place the picked Paper togo box onto the Handle tray extended by the person.,Paper togo box,early,0,all_five,images/test_image_01031.jpg,7b1b55f87d1ad48674a87301d9b50f513670d7a32b05d93446571ac4eff6339a
habit_test_01032,003464_02,003464,S7414,task_02,Place the picked Paper togo box onto the Handle tray extended by the person.,Paper togo box,ready,1,all_five,images/test_image_01032.jpg,7b1b55f87d1ad48674a87301d9b50f513670d7a32b05d93446571ac4eff6339a
habit_test_01033,003465_01,003465,S7414,task_02,Place the picked Paper togo box onto the Handle tray extended by the person.,Paper togo box,early,0,all_five,images/test_image_01033.jpg,7b1b55f87d1ad48674a87301d9b50f513670d7a32b05d93446571ac4eff6339a
habit_test_01034,003465_01,003465,S7414,task_02,Place the picked Paper togo box onto the Handle tray extended by the person.,Paper togo box,ready,1,all_five,images/test_image_01034.jpg,7b1b55f87d1ad48674a87301d9b50f513670d7a32b05d93446571ac4eff6339a
habit_test_01035,003465_02,003465,S7414,task_02,Place the picked Paper togo box onto the Handle tray extended by the person.,Paper togo box,early,0,all_five,images/test_image_01035.jpg,7b1b55f87d1ad48674a87301d9b50f513670d7a32b05d93446571ac4eff6339a
habit_test_01036,003465_02,003465,S7414,task_02,Place the picked Paper togo box onto the Handle tray extended by the person.,Paper togo box,ready,1,all_five,images/test_image_01036.jpg,7b1b55f87d1ad48674a87301d9b50f513670d7a32b05d93446571ac4eff6339a
habit_test_01037,003466_01,003466,S7414,task_02,Place the picked Paper togo box onto the Handle tray extended by the person.,Paper togo box,early,0,all_five,images/test_image_01037.jpg,7b1b55f87d1ad48674a87301d9b50f513670d7a32b05d93446571ac4eff6339a
habit_test_01038,003466_01,003466,S7414,task_02,Place the picked Paper togo box onto the Handle tray extended by the person.,Paper togo box,ready,1,all_five,images/test_image_01038.jpg,7b1b55f87d1ad48674a87301d9b50f513670d7a32b05d93446571ac4eff6339a
habit_test_01039,003466_02,003466,S7414,task_02,Place the picked Paper togo box onto the Handle tray extended by the person.,Paper togo box,early,0,all_five,images/test_image_01039.jpg,7b1b55f87d1ad48674a87301d9b50f513670d7a32b05d93446571ac4eff6339a
habit_test_01040,003466_02,003466,S7414,task_02,Place the picked Paper togo box onto the Handle tray extended by the person.,Paper togo box,ready,1,all_five,images/test_image_01040.jpg,7b1b55f87d1ad48674a87301d9b50f513670d7a32b05d93446571ac4eff6339a
habit_test_01041,003467_01,003467,S7414,task_02,Place the picked Paper togo box onto the Handle tray extended by the person.,Paper togo box,early,0,all_five,images/test_image_01041.jpg,7b1b55f87d1ad48674a87301d9b50f513670d7a32b05d93446571ac4eff6339a
habit_test_01042,003467_01,003467,S7414,task_02,Place the picked Paper togo box onto the Handle tray extended by the person.,Paper togo box,ready,1,all_five,images/test_image_01042.jpg,7b1b55f87d1ad48674a87301d9b50f513670d7a32b05d93446571ac4eff6339a
habit_test_01043,003467_02,003467,S7414,task_02,Place the picked Paper togo box onto the Handle tray extended by the person.,Paper togo box,early,0,all_five,images/test_image_01043.jpg,7b1b55f87d1ad48674a87301d9b50f513670d7a32b05d93446571ac4eff6339a
habit_test_01044,003467_02,003467,S7414,task_02,Place the picked Paper togo box onto the Handle tray extended by the person.,Paper togo box,ready,1,all_five,images/test_image_01044.jpg,7b1b55f87d1ad48674a87301d9b50f513670d7a32b05d93446571ac4eff6339a
habit_test_01045,003468_01,003468,S7414,task_02,Place the picked Paper togo box onto the Handle tray extended by the person.,Paper togo box,early,0,all_five,images/test_image_01045.jpg,7b1b55f87d1ad48674a87301d9b50f513670d7a32b05d93446571ac4eff6339a
habit_test_01046,003468_01,003468,S7414,task_02,Place the picked Paper togo box onto the Handle tray extended by the person.,Paper togo box,ready,1,all_five,images/test_image_01046.jpg,7b1b55f87d1ad48674a87301d9b50f513670d7a32b05d93446571ac4eff6339a
habit_test_01047,003468_02,003468,S7414,task_02,Place the picked Paper togo box onto the Handle tray extended by the person.,Paper togo box,early,0,all_five,images/test_image_01047.jpg,7b1b55f87d1ad48674a87301d9b50f513670d7a32b05d93446571ac4eff6339a
habit_test_01048,003468_02,003468,S7414,task_02,Place the picked Paper togo box onto the Handle tray extended by the person.,Paper togo box,ready,1,all_five,images/test_image_01048.jpg,7b1b55f87d1ad48674a87301d9b50f513670d7a32b05d93446571ac4eff6339a
habit_test_01049,003469_01,003469,S7414,task_02,Place the picked Paper togo box onto the Handle tray extended by the person.,Paper togo box,early,0,all_five,images/test_image_01049.jpg,7b1b55f87d1ad48674a87301d9b50f513670d7a32b05d93446571ac4eff6339a
habit_test_01050,003469_01,003469,S7414,task_02,Place the picked Paper togo box onto the Handle tray extended by the person.,Paper togo box,ready,1,all_five,images/test_image_01050.jpg,7b1b55f87d1ad48674a87301d9b50f513670d7a32b05d93446571ac4eff6339a
habit_test_01051,003469_02,003469,S7414,task_02,Place the picked Paper togo box onto the Handle tray extended by the person.,Paper togo box,early,0,all_five,images/test_image_01051.jpg,7b1b55f87d1ad48674a87301d9b50f513670d7a32b05d93446571ac4eff6339a
habit_test_01052,003469_02,003469,S7414,task_02,Place the picked Paper togo box onto the Handle tray extended by the person.,Paper togo box,ready,1,all_five,images/test_image_01052.jpg,7b1b55f87d1ad48674a87301d9b50f513670d7a32b05d93446571ac4eff6339a
habit_test_01053,003470_01,003470,S7414,task_02,Place the picked Paper togo box onto the Handle tray extended by the person.,Paper togo box,early,0,all_five,images/test_image_01053.jpg,7b1b55f87d1ad48674a87301d9b50f513670d7a32b05d93446571ac4eff6339a
habit_test_01054,003470_01,003470,S7414,task_02,Place the picked Paper togo box onto the Handle tray extended by the person.,Paper togo box,ready,1,all_five,images/test_image_01054.jpg,7b1b55f87d1ad48674a87301d9b50f513670d7a32b05d93446571ac4eff6339a
habit_test_01055,003470_02,003470,S7414,task_02,Place the picked Paper togo box onto the Handle tray extended by the person.,Paper togo box,early,0,all_five,images/test_image_01055.jpg,7b1b55f87d1ad48674a87301d9b50f513670d7a32b05d93446571ac4eff6339a
habit_test_01056,003470_02,003470,S7414,task_02,Place the picked Paper togo box onto the Handle tray extended by the person.,Paper togo box,ready,1,all_five,images/test_image_01056.jpg,7b1b55f87d1ad48674a87301d9b50f513670d7a32b05d93446571ac4eff6339a
habit_test_01057,003472_01,003472,S7414,task_02,Place the picked Paper togo box onto the Handle tray extended by the person.,Paper togo box,early,0,all_five,images/test_image_01057.jpg,7b1b55f87d1ad48674a87301d9b50f513670d7a32b05d93446571ac4eff6339a
habit_test_01058,003472_01,003472,S7414,task_02,Place the picked Paper togo box onto the Handle tray extended by the person.,Paper togo box,ready,1,all_five,images/test_image_01058.jpg,7b1b55f87d1ad48674a87301d9b50f513670d7a32b05d93446571ac4eff6339a
habit_test_01059,003472_02,003472,S7414,task_02,Place the picked Paper togo box onto the Handle tray extended by the person.,Paper togo box,early,0,all_five,images/test_image_01059.jpg,7b1b55f87d1ad48674a87301d9b50f513670d7a32b05d93446571ac4eff6339a
habit_test_01060,003472_02,003472,S7414,task_02,Place the picked Paper togo box onto the Handle tray extended by the person.,Paper togo box,ready,1,all_five,images/test_image_01060.jpg,7b1b55f87d1ad48674a87301d9b50f513670d7a32b05d93446571ac4eff6339a
habit_test_01061,003473_01,003473,S7414,task_02,Place the picked Paper togo box onto the Handle tray extended by the person.,Paper togo box,early,0,all_five,images/test_image_01061.jpg,7b1b55f87d1ad48674a87301d9b50f513670d7a32b05d93446571ac4eff6339a
habit_test_01062,003473_01,003473,S7414,task_02,Place the picked Paper togo box onto the Handle tray extended by the person.,Paper togo box,ready,1,all_five,images/test_image_01062.jpg,7b1b55f87d1ad48674a87301d9b50f513670d7a32b05d93446571ac4eff6339a
habit_test_01063,003473_02,003473,S7414,task_02,Place the picked Paper togo box onto the Handle tray extended by the person.,Paper togo box,early,0,all_five,images/test_image_01063.jpg,7b1b55f87d1ad48674a87301d9b50f513670d7a32b05d93446571ac4eff6339a
habit_test_01064,003473_02,003473,S7414,task_02,Place the picked Paper togo box onto the Handle tray extended by the person.,Paper togo box,ready,1,all_five,images/test_image_01064.jpg,7b1b55f87d1ad48674a87301d9b50f513670d7a32b05d93446571ac4eff6339a
habit_test_01065,003474_01,003474,S7414,task_02,Place the picked Paper togo box onto the Handle tray extended by the person.,Paper togo box,early,0,all_five,images/test_image_01065.jpg,7b1b55f87d1ad48674a87301d9b50f513670d7a32b05d93446571ac4eff6339a
habit_test_01066,003474_01,003474,S7414,task_02,Place the picked Paper togo box onto the Handle tray extended by the person.,Paper togo box,ready,1,all_five,images/test_image_01066.jpg,7b1b55f87d1ad48674a87301d9b50f513670d7a32b05d93446571ac4eff6339a
habit_test_01067,003474_02,003474,S7414,task_02,Place the picked Paper togo box onto the Handle tray extended by the person.,Paper togo box,early,0,all_five,images/test_image_01067.jpg,7b1b55f87d1ad48674a87301d9b50f513670d7a32b05d93446571ac4eff6339a
habit_test_01068,003474_02,003474,S7414,task_02,Place the picked Paper togo box onto the Handle tray extended by the person.,Paper togo box,ready,1,all_five,images/test_image_01068.jpg,7b1b55f87d1ad48674a87301d9b50f513670d7a32b05d93446571ac4eff6339a
habit_test_01069,003475_01,003475,S7414,task_02,Place the picked Paper togo box onto the Handle tray extended by the person.,Paper togo box,early,0,all_five,images/test_image_01069.jpg,7b1b55f87d1ad48674a87301d9b50f513670d7a32b05d93446571ac4eff6339a
habit_test_01070,003475_01,003475,S7414,task_02,Place the picked Paper togo box onto the Handle tray extended by the person.,Paper togo box,ready,1,all_five,images/test_image_01070.jpg,7b1b55f87d1ad48674a87301d9b50f513670d7a32b05d93446571ac4eff6339a
habit_test_01071,003475_02,003475,S7414,task_02,Place the picked Paper togo box onto the Handle tray extended by the person.,Paper togo box,early,0,all_five,images/test_image_01071.jpg,7b1b55f87d1ad48674a87301d9b50f513670d7a32b05d93446571ac4eff6339a
habit_test_01072,003475_02,003475,S7414,task_02,Place the picked Paper togo box onto the Handle tray extended by the person.,Paper togo box,ready,1,all_five,images/test_image_01072.jpg,7b1b55f87d1ad48674a87301d9b50f513670d7a32b05d93446571ac4eff6339a
habit_test_01073,003476_01,003476,S7414,task_02,Place the picked Paper togo box onto the Handle tray extended by the person.,Paper togo box,early,0,all_five,images/test_image_01073.jpg,7b1b55f87d1ad48674a87301d9b50f513670d7a32b05d93446571ac4eff6339a
habit_test_01074,003476_01,003476,S7414,task_02,Place the picked Paper togo box onto the Handle tray extended by the person.,Paper togo box,ready,1,all_five,images/test_image_01074.jpg,7b1b55f87d1ad48674a87301d9b50f513670d7a32b05d93446571ac4eff6339a
habit_test_01075,003476_02,003476,S7414,task_02,Place the picked Paper togo box onto the Handle tray extended by the person.,Paper togo box,early,0,all_five,images/test_image_01075.jpg,7b1b55f87d1ad48674a87301d9b50f513670d7a32b05d93446571ac4eff6339a
habit_test_01076,003476_02,003476,S7414,task_02,Place the picked Paper togo box onto the Handle tray extended by the person.,Paper togo box,ready,1,all_five,images/test_image_01076.jpg,7b1b55f87d1ad48674a87301d9b50f513670d7a32b05d93446571ac4eff6339a
habit_test_01077,003477_01,003477,S7414,task_02,Place the picked Paper togo box onto the Handle tray extended by the person.,Paper togo box,early,0,all_five,images/test_image_01077.jpg,7b1b55f87d1ad48674a87301d9b50f513670d7a32b05d93446571ac4eff6339a
habit_test_01078,003477_01,003477,S7414,task_02,Place the picked Paper togo box onto the Handle tray extended by the person.,Paper togo box,ready,1,all_five,images/test_image_01078.jpg,7b1b55f87d1ad48674a87301d9b50f513670d7a32b05d93446571ac4eff6339a
habit_test_01079,003477_02,003477,S7414,task_02,Place the picked Paper togo box onto the Handle tray extended by the person.,Paper togo box,early,0,all_five,images/test_image_01079.jpg,7b1b55f87d1ad48674a87301d9b50f513670d7a32b05d93446571ac4eff6339a
habit_test_01080,003477_02,003477,S7414,task_02,Place the picked Paper togo box onto the Handle tray extended by the person.,Paper togo box,ready,1,all_five,images/test_image_01080.jpg,7b1b55f87d1ad48674a87301d9b50f513670d7a32b05d93446571ac4eff6339a
habit_test_01081,003478_01,003478,S7414,task_02,Place the picked Paper togo box onto the Handle tray extended by the person.,Paper togo box,early,0,all_five,images/test_image_01081.jpg,7b1b55f87d1ad48674a87301d9b50f513670d7a32b05d93446571ac4eff6339a
habit_test_01082,003478_01,003478,S7414,task_02,Place the picked Paper togo box onto the Handle tray extended by the person.,Paper togo box,ready,1,all_five,images/test_image_01082.jpg,7b1b55f87d1ad48674a87301d9b50f513670d7a32b05d93446571ac4eff6339a
habit_test_01083,003478_02,003478,S7414,task_02,Place the picked Paper togo box onto the Handle tray extended by the person.,Paper togo box,early,0,all_five,images/test_image_01083.jpg,7b1b55f87d1ad48674a87301d9b50f513670d7a32b05d93446571ac4eff6339a
habit_test_01084,003478_02,003478,S7414,task_02,Place the picked Paper togo box onto the Handle tray extended by the person.,Paper togo box,ready,1,all_five,images/test_image_01084.jpg,7b1b55f87d1ad48674a87301d9b50f513670d7a32b05d93446571ac4eff6339a
habit_test_01085,003479_01,003479,S7414,task_02,Place the picked Paper togo box onto the Handle tray extended by the person.,Paper togo box,early,0,all_five,images/test_image_01085.jpg,7b1b55f87d1ad48674a87301d9b50f513670d7a32b05d93446571ac4eff6339a
habit_test_01086,003479_01,003479,S7414,task_02,Place the picked Paper togo box onto the Handle tray extended by the person.,Paper togo box,ready,1,all_five,images/test_image_01086.jpg,7b1b55f87d1ad48674a87301d9b50f513670d7a32b05d93446571ac4eff6339a
habit_test_01087,003479_02,003479,S7414,task_02,Place the picked Paper togo box onto the Handle tray extended by the person.,Paper togo box,early,0,all_five,images/test_image_01087.jpg,7b1b55f87d1ad48674a87301d9b50f513670d7a32b05d93446571ac4eff6339a
habit_test_01088,003479_02,003479,S7414,task_02,Place the picked Paper togo box onto the Handle tray extended by the person.,Paper togo box,ready,1,all_five,images/test_image_01088.jpg,7b1b55f87d1ad48674a87301d9b50f513670d7a32b05d93446571ac4eff6339a
habit_test_01089,003480_01,003480,S7414,task_02,Place the picked Paper togo box onto the Handle tray extended by the person.,Paper togo box,early,0,all_five,images/test_image_01089.jpg,7b1b55f87d1ad48674a87301d9b50f513670d7a32b05d93446571ac4eff6339a
habit_test_01090,003480_01,003480,S7414,task_02,Place the picked Paper togo box onto the Handle tray extended by the person.,Paper togo box,ready,1,all_five,images/test_image_01090.jpg,7b1b55f87d1ad48674a87301d9b50f513670d7a32b05d93446571ac4eff6339a
habit_test_01091,003480_02,003480,S7414,task_02,Place the picked Paper togo box onto the Handle tray extended by the person.,Paper togo box,early,0,all_five,images/test_image_01091.jpg,7b1b55f87d1ad48674a87301d9b50f513670d7a32b05d93446571ac4eff6339a
habit_test_01092,003480_02,003480,S7414,task_02,Place the picked Paper togo box onto the Handle tray extended by the person.,Paper togo box,ready,1,all_five,images/test_image_01092.jpg,7b1b55f87d1ad48674a87301d9b50f513670d7a32b05d93446571ac4eff6339a
habit_test_01093,003482_01,003482,S7414,task_02,Place the picked Paper togo box onto the Handle tray extended by the person.,Paper togo box,early,0,all_five,images/test_image_01093.jpg,7b1b55f87d1ad48674a87301d9b50f513670d7a32b05d93446571ac4eff6339a
habit_test_01094,003482_01,003482,S7414,task_02,Place the picked Paper togo box onto the Handle tray extended by the person.,Paper togo box,ready,1,all_five,images/test_image_01094.jpg,7b1b55f87d1ad48674a87301d9b50f513670d7a32b05d93446571ac4eff6339a
habit_test_01095,003482_02,003482,S7414,task_02,Place the picked Paper togo box onto the Handle tray extended by the person.,Paper togo box,early,0,all_five,images/test_image_01095.jpg,7b1b55f87d1ad48674a87301d9b50f513670d7a32b05d93446571ac4eff6339a
habit_test_01096,003482_02,003482,S7414,task_02,Place the picked Paper togo box onto the Handle tray extended by the person.,Paper togo box,ready,1,all_five,images/test_image_01096.jpg,7b1b55f87d1ad48674a87301d9b50f513670d7a32b05d93446571ac4eff6339a
habit_test_01097,003483_01,003483,S7414,task_02,Place the picked Paper togo box onto the Handle tray extended by the person.,Paper togo box,early,0,all_five,images/test_image_01097.jpg,7b1b55f87d1ad48674a87301d9b50f513670d7a32b05d93446571ac4eff6339a
habit_test_01098,003483_01,003483,S7414,task_02,Place the picked Paper togo box onto the Handle tray extended by the person.,Paper togo box,ready,1,all_five,images/test_image_01098.jpg,7b1b55f87d1ad48674a87301d9b50f513670d7a32b05d93446571ac4eff6339a
habit_test_01099,003483_02,003483,S7414,task_02,Place the picked Paper togo box onto the Handle tray extended by the person.,Paper togo box,early,0,all_five,images/test_image_01099.jpg,7b1b55f87d1ad48674a87301d9b50f513670d7a32b05d93446571ac4eff6339a
habit_test_01100,003483_02,003483,S7414,task_02,Place the picked Paper togo box onto the Handle tray extended by the person.,Paper togo box,ready,1,all_five,images/test_image_01100.jpg,7b1b55f87d1ad48674a87301d9b50f513670d7a32b05d93446571ac4eff6339a
habit_test_01101,003485_01,003485,S7414,task_02,Place the picked Paper togo box onto the Handle tray extended by the person.,Paper togo box,early,0,all_five,images/test_image_01101.jpg,7b1b55f87d1ad48674a87301d9b50f513670d7a32b05d93446571ac4eff6339a
habit_test_01102,003485_01,003485,S7414,task_02,Place the picked Paper togo box onto the Handle tray extended by the person.,Paper togo box,ready,1,all_five,images/test_image_01102.jpg,7b1b55f87d1ad48674a87301d9b50f513670d7a32b05d93446571ac4eff6339a
habit_test_01103,003485_02,003485,S7414,task_02,Place the picked Paper togo box onto the Handle tray extended by the person.,Paper togo box,early,0,all_five,images/test_image_01103.jpg,7b1b55f87d1ad48674a87301d9b50f513670d7a32b05d93446571ac4eff6339a
habit_test_01104,003485_02,003485,S7414,task_02,Place the picked Paper togo box onto the Handle tray extended by the person.,Paper togo box,ready,1,all_five,images/test_image_01104.jpg,7b1b55f87d1ad48674a87301d9b50f513670d7a32b05d93446571ac4eff6339a
habit_test_01105,003486_01,003486,S7414,task_02,Place the picked Paper togo box onto the Handle tray extended by the person.,Paper togo box,early,0,all_five,images/test_image_01105.jpg,7b1b55f87d1ad48674a87301d9b50f513670d7a32b05d93446571ac4eff6339a
habit_test_01106,003486_01,003486,S7414,task_02,Place the picked Paper togo box onto the Handle tray extended by the person.,Paper togo box,ready,1,all_five,images/test_image_01106.jpg,7b1b55f87d1ad48674a87301d9b50f513670d7a32b05d93446571ac4eff6339a
habit_test_01107,003486_02,003486,S7414,task_02,Place the picked Paper togo box onto the Handle tray extended by the person.,Paper togo box,early,0,all_five,images/test_image_01107.jpg,7b1b55f87d1ad48674a87301d9b50f513670d7a32b05d93446571ac4eff6339a
habit_test_01108,003486_02,003486,S7414,task_02,Place the picked Paper togo box onto the Handle tray extended by the person.,Paper togo box,ready,1,all_five,images/test_image_01108.jpg,7b1b55f87d1ad48674a87301d9b50f513670d7a32b05d93446571ac4eff6339a
habit_test_01109,003487_01,003487,S7414,task_02,Place the picked Paper togo box onto the Handle tray extended by the person.,Paper togo box,early,0,all_five,images/test_image_01109.jpg,7b1b55f87d1ad48674a87301d9b50f513670d7a32b05d93446571ac4eff6339a
habit_test_01110,003487_01,003487,S7414,task_02,Place the picked Paper togo box onto the Handle tray extended by the person.,Paper togo box,ready,1,all_five,images/test_image_01110.jpg,7b1b55f87d1ad48674a87301d9b50f513670d7a32b05d93446571ac4eff6339a
habit_test_01111,003487_02,003487,S7414,task_02,Place the picked Paper togo box onto the Handle tray extended by the person.,Paper togo box,early,0,all_five,images/test_image_01111.jpg,7b1b55f87d1ad48674a87301d9b50f513670d7a32b05d93446571ac4eff6339a
habit_test_01112,003487_02,003487,S7414,task_02,Place the picked Paper togo box onto the Handle tray extended by the person.,Paper togo box,ready,1,all_five,images/test_image_01112.jpg,7b1b55f87d1ad48674a87301d9b50f513670d7a32b05d93446571ac4eff6339a
habit_test_01113,003489_01,003489,S7414,task_02,Place the picked Paper togo box onto the Handle tray extended by the person.,Paper togo box,early,0,all_five,images/test_image_01113.jpg,7b1b55f87d1ad48674a87301d9b50f513670d7a32b05d93446571ac4eff6339a
habit_test_01114,003489_01,003489,S7414,task_02,Place the picked Paper togo box onto the Handle tray extended by the person.,Paper togo box,ready,1,all_five,images/test_image_01114.jpg,7b1b55f87d1ad48674a87301d9b50f513670d7a32b05d93446571ac4eff6339a
habit_test_01115,003489_02,003489,S7414,task_02,Place the picked Paper togo box onto the Handle tray extended by the person.,Paper togo box,early,0,all_five,images/test_image_01115.jpg,7b1b55f87d1ad48674a87301d9b50f513670d7a32b05d93446571ac4eff6339a
habit_test_01116,003489_02,003489,S7414,task_02,Place the picked Paper togo box onto the Handle tray extended by the person.,Paper togo box,ready,1,all_five,images/test_image_01116.jpg,7b1b55f87d1ad48674a87301d9b50f513670d7a32b05d93446571ac4eff6339a
habit_test_01117,003490_01,003490,S7414,task_02,Place the picked Paper togo box onto the Handle tray extended by the person.,Paper togo box,early,0,all_five,images/test_image_01117.jpg,7b1b55f87d1ad48674a87301d9b50f513670d7a32b05d93446571ac4eff6339a
habit_test_01118,003490_01,003490,S7414,task_02,Place the picked Paper togo box onto the Handle tray extended by the person.,Paper togo box,ready,1,all_five,images/test_image_01118.jpg,7b1b55f87d1ad48674a87301d9b50f513670d7a32b05d93446571ac4eff6339a
habit_test_01119,003490_02,003490,S7414,task_02,Place the picked Paper togo box onto the Handle tray extended by the person.,Paper togo box,early,0,all_five,images/test_image_01119.jpg,7b1b55f87d1ad48674a87301d9b50f513670d7a32b05d93446571ac4eff6339a
habit_test_01120,003490_02,003490,S7414,task_02,Place the picked Paper togo box onto the Handle tray extended by the person.,Paper togo box,ready,1,all_five,images/test_image_01120.jpg,7b1b55f87d1ad48674a87301d9b50f513670d7a32b05d93446571ac4eff6339a
habit_test_01121,003491_01,003491,S7414,task_02,Place the picked Paper togo box onto the Handle tray extended by the person.,Paper togo box,early,0,all_five,images/test_image_01121.jpg,7b1b55f87d1ad48674a87301d9b50f513670d7a32b05d93446571ac4eff6339a
habit_test_01122,003491_01,003491,S7414,task_02,Place the picked Paper togo box onto the Handle tray extended by the person.,Paper togo box,ready,1,all_five,images/test_image_01122.jpg,7b1b55f87d1ad48674a87301d9b50f513670d7a32b05d93446571ac4eff6339a
habit_test_01123,003491_02,003491,S7414,task_02,Place the picked Paper togo box onto the Handle tray extended by the person.,Paper togo box,early,0,all_five,images/test_image_01123.jpg,7b1b55f87d1ad48674a87301d9b50f513670d7a32b05d93446571ac4eff6339a
habit_test_01124,003491_02,003491,S7414,task_02,Place the picked Paper togo box onto the Handle tray extended by the person.,Paper togo box,ready,1,all_five,images/test_image_01124.jpg,7b1b55f87d1ad48674a87301d9b50f513670d7a32b05d93446571ac4eff6339a
habit_test_01125,003493_01,003493,S7414,task_02,Place the picked Paper togo box onto the Handle tray extended by the person.,Paper togo box,early,0,all_five,images/test_image_01125.jpg,7b1b55f87d1ad48674a87301d9b50f513670d7a32b05d93446571ac4eff6339a
habit_test_01126,003493_01,003493,S7414,task_02,Place the picked Paper togo box onto the Handle tray extended by the person.,Paper togo box,ready,1,all_five,images/test_image_01126.jpg,7b1b55f87d1ad48674a87301d9b50f513670d7a32b05d93446571ac4eff6339a
habit_test_01127,003493_02,003493,S7414,task_02,Place the picked Paper togo box onto the Handle tray extended by the person.,Paper togo box,early,0,all_five,images/test_image_01127.jpg,7b1b55f87d1ad48674a87301d9b50f513670d7a32b05d93446571ac4eff6339a
habit_test_01128,003493_02,003493,S7414,task_02,Place the picked Paper togo box onto the Handle tray extended by the person.,Paper togo box,ready,1,all_five,images/test_image_01128.jpg,7b1b55f87d1ad48674a87301d9b50f513670d7a32b05d93446571ac4eff6339a
habit_test_01129,003494_01,003494,S7414,task_02,Place the picked Paper togo box onto the Handle tray extended by the person.,Paper togo box,early,0,all_five,images/test_image_01129.jpg,7b1b55f87d1ad48674a87301d9b50f513670d7a32b05d93446571ac4eff6339a
habit_test_01130,003494_01,003494,S7414,task_02,Place the picked Paper togo box onto the Handle tray extended by the person.,Paper togo box,ready,1,all_five,images/test_image_01130.jpg,7b1b55f87d1ad48674a87301d9b50f513670d7a32b05d93446571ac4eff6339a
habit_test_01131,003494_02,003494,S7414,task_02,Place the picked Paper togo box onto the Handle tray extended by the person.,Paper togo box,early,0,all_five,images/test_image_01131.jpg,7b1b55f87d1ad48674a87301d9b50f513670d7a32b05d93446571ac4eff6339a
habit_test_01132,003494_02,003494,S7414,task_02,Place the picked Paper togo box onto the Handle tray extended by the person.,Paper togo box,ready,1,all_five,images/test_image_01132.jpg,7b1b55f87d1ad48674a87301d9b50f513670d7a32b05d93446571ac4eff6339a
habit_test_01133,003495_01,003495,S7414,task_02,Place the picked Paper togo box onto the Handle tray extended by the person.,Paper togo box,early,0,all_five,images/test_image_01133.jpg,7b1b55f87d1ad48674a87301d9b50f513670d7a32b05d93446571ac4eff6339a
habit_test_01134,003495_01,003495,S7414,task_02,Place the picked Paper togo box onto the Handle tray extended by the person.,Paper togo box,ready,1,all_five,images/test_image_01134.jpg,7b1b55f87d1ad48674a87301d9b50f513670d7a32b05d93446571ac4eff6339a
habit_test_01135,003495_02,003495,S7414,task_02,Place the picked Paper togo box onto the Handle tray extended by the person.,Paper togo box,early,0,all_five,images/test_image_01135.jpg,7b1b55f87d1ad48674a87301d9b50f513670d7a32b05d93446571ac4eff6339a
habit_test_01136,003495_02,003495,S7414,task_02,Place the picked Paper togo box onto the Handle tray extended by the person.,Paper togo box,ready,1,all_five,images/test_image_01136.jpg,7b1b55f87d1ad48674a87301d9b50f513670d7a32b05d93446571ac4eff6339a
habit_test_01137,003496_01,003496,S7414,task_02,Place the picked Paper togo box onto the Handle tray extended by the person.,Paper togo box,early,0,all_five,images/test_image_01137.jpg,7b1b55f87d1ad48674a87301d9b50f513670d7a32b05d93446571ac4eff6339a
habit_test_01138,003496_01,003496,S7414,task_02,Place the picked Paper togo box onto the Handle tray extended by the person.,Paper togo box,ready,1,all_five,images/test_image_01138.jpg,7b1b55f87d1ad48674a87301d9b50f513670d7a32b05d93446571ac4eff6339a
habit_test_01139,003496_02,003496,S7414,task_02,Place the picked Paper togo box onto the Handle tray extended by the person.,Paper togo box,early,0,all_five,images/test_image_01139.jpg,7b1b55f87d1ad48674a87301d9b50f513670d7a32b05d93446571ac4eff6339a
habit_test_01140,003496_02,003496,S7414,task_02,Place the picked Paper togo box onto the Handle tray extended by the person.,Paper togo box,ready,1,all_five,images/test_image_01140.jpg,7b1b55f87d1ad48674a87301d9b50f513670d7a32b05d93446571ac4eff6339a
habit_test_01141,003497_01,003497,S7414,task_02,Place the picked Paper togo box onto the Handle tray extended by the person.,Paper togo box,early,0,all_five,images/test_image_01141.jpg,7b1b55f87d1ad48674a87301d9b50f513670d7a32b05d93446571ac4eff6339a
habit_test_01142,003497_01,003497,S7414,task_02,Place the picked Paper togo box onto the Handle tray extended by the person.,Paper togo box,ready,1,all_five,images/test_image_01142.jpg,7b1b55f87d1ad48674a87301d9b50f513670d7a32b05d93446571ac4eff6339a
habit_test_01143,003497_02,003497,S7414,task_02,Place the picked Paper togo box onto the Handle tray extended by the person.,Paper togo box,early,0,all_five,images/test_image_01143.jpg,7b1b55f87d1ad48674a87301d9b50f513670d7a32b05d93446571ac4eff6339a
habit_test_01144,003497_02,003497,S7414,task_02,Place the picked Paper togo box onto the Handle tray extended by the person.,Paper togo box,ready,1,all_five,images/test_image_01144.jpg,7b1b55f87d1ad48674a87301d9b50f513670d7a32b05d93446571ac4eff6339a
habit_test_01145,003499_01,003499,S7414,task_02,Place the picked Paper togo box onto the Handle tray extended by the person.,Paper togo box,early,0,all_five,images/test_image_01145.jpg,7b1b55f87d1ad48674a87301d9b50f513670d7a32b05d93446571ac4eff6339a
habit_test_01146,003499_01,003499,S7414,task_02,Place the picked Paper togo box onto the Handle tray extended by the person.,Paper togo box,ready,1,all_five,images/test_image_01146.jpg,7b1b55f87d1ad48674a87301d9b50f513670d7a32b05d93446571ac4eff6339a
habit_test_01147,003499_02,003499,S7414,task_02,Place the picked Paper togo box onto the Handle tray extended by the person.,Paper togo box,early,0,all_five,images/test_image_01147.jpg,7b1b55f87d1ad48674a87301d9b50f513670d7a32b05d93446571ac4eff6339a
habit_test_01148,003499_02,003499,S7414,task_02,Place the picked Paper togo box onto the Handle tray extended by the person.,Paper togo box,ready,1,all_five,images/test_image_01148.jpg,7b1b55f87d1ad48674a87301d9b50f513670d7a32b05d93446571ac4eff6339a
habit_test_01149,003500_01,003500,S7414,task_02,Place the picked Paper togo box onto the Handle tray extended by the person.,Paper togo box,early,0,all_five,images/test_image_01149.jpg,7b1b55f87d1ad48674a87301d9b50f513670d7a32b05d93446571ac4eff6339a
habit_test_01150,003500_01,003500,S7414,task_02,Place the picked Paper togo box onto the Handle tray extended by the person.,Paper togo box,ready,1,all_five,images/test_image_01150.jpg,7b1b55f87d1ad48674a87301d9b50f513670d7a32b05d93446571ac4eff6339a
habit_test_01151,003500_02,003500,S7414,task_02,Place the picked Paper togo box onto the Handle tray extended by the person.,Paper togo box,early,0,all_five,images/test_image_01151.jpg,7b1b55f87d1ad48674a87301d9b50f513670d7a32b05d93446571ac4eff6339a
habit_test_01152,003500_02,003500,S7414,task_02,Place the picked Paper togo box onto the Handle tray extended by the person.,Paper togo box,ready,1,all_five,images/test_image_01152.jpg,7b1b55f87d1ad48674a87301d9b50f513670d7a32b05d93446571ac4eff6339a
habit_test_01153,003503_01,003503,S7414,task_02,Place the picked Paper togo box onto the Handle tray extended by the person.,Paper togo box,early,0,all_five,images/test_image_01153.jpg,7b1b55f87d1ad48674a87301d9b50f513670d7a32b05d93446571ac4eff6339a
habit_test_01154,003503_01,003503,S7414,task_02,Place the picked Paper togo box onto the Handle tray extended by the person.,Paper togo box,ready,1,all_five,images/test_image_01154.jpg,7b1b55f87d1ad48674a87301d9b50f513670d7a32b05d93446571ac4eff6339a
habit_test_01155,003503_02,003503,S7414,task_02,Place the picked Paper togo box onto the Handle tray extended by the person.,Paper togo box,early,0,all_five,images/test_image_01155.jpg,7b1b55f87d1ad48674a87301d9b50f513670d7a32b05d93446571ac4eff6339a
habit_test_01156,003503_02,003503,S7414,task_02,Place the picked Paper togo box onto the Handle tray extended by the person.,Paper togo box,ready,1,all_five,images/test_image_01156.jpg,7b1b55f87d1ad48674a87301d9b50f513670d7a32b05d93446571ac4eff6339a
habit_test_01157,003504_01,003504,S7414,task_02,Place the picked Paper togo box onto the Handle tray extended by the person.,Paper togo box,early,0,all_five,images/test_image_01157.jpg,7b1b55f87d1ad48674a87301d9b50f513670d7a32b05d93446571ac4eff6339a
habit_test_01158,003504_01,003504,S7414,task_02,Place the picked Paper togo box onto the Handle tray extended by the person.,Paper togo box,ready,1,all_five,images/test_image_01158.jpg,7b1b55f87d1ad48674a87301d9b50f513670d7a32b05d93446571ac4eff6339a
habit_test_01159,003504_02,003504,S7414,task_02,Place the picked Paper togo box onto the Handle tray extended by the person.,Paper togo box,early,0,all_five,images/test_image_01159.jpg,7b1b55f87d1ad48674a87301d9b50f513670d7a32b05d93446571ac4eff6339a
habit_test_01160,003504_02,003504,S7414,task_02,Place the picked Paper togo box onto the Handle tray extended by the person.,Paper togo box,ready,1,all_five,images/test_image_01160.jpg,7b1b55f87d1ad48674a87301d9b50f513670d7a32b05d93446571ac4eff6339a
habit_test_01161,003505_01,003505,S7414,task_02,Place the picked Paper togo box onto the Handle tray extended by the person.,Paper togo box,early,0,all_five,images/test_image_01161.jpg,7b1b55f87d1ad48674a87301d9b50f513670d7a32b05d93446571ac4eff6339a
habit_test_01162,003505_01,003505,S7414,task_02,Place the picked Paper togo box onto the Handle tray extended by the person.,Paper togo box,ready,1,all_five,images/test_image_01162.jpg,7b1b55f87d1ad48674a87301d9b50f513670d7a32b05d93446571ac4eff6339a
habit_test_01163,003505_02,003505,S7414,task_02,Place the picked Paper togo box onto the Handle tray extended by the person.,Paper togo box,early,0,all_five,images/test_image_01163.jpg,7b1b55f87d1ad48674a87301d9b50f513670d7a32b05d93446571ac4eff6339a
habit_test_01164,003505_02,003505,S7414,task_02,Place the picked Paper togo box onto the Handle tray extended by the person.,Paper togo box,ready,1,all_five,images/test_image_01164.jpg,7b1b55f87d1ad48674a87301d9b50f513670d7a32b05d93446571ac4eff6339a
habit_test_01165,003506_01,003506,S7414,task_02,Place the picked Paper togo box onto the Handle tray extended by the person.,Paper togo box,early,0,all_five,images/test_image_01165.jpg,7b1b55f87d1ad48674a87301d9b50f513670d7a32b05d93446571ac4eff6339a
habit_test_01166,003506_01,003506,S7414,task_02,Place the picked Paper togo box onto the Handle tray extended by the person.,Paper togo box,ready,1,all_five,images/test_image_01166.jpg,7b1b55f87d1ad48674a87301d9b50f513670d7a32b05d93446571ac4eff6339a
habit_test_01167,003506_02,003506,S7414,task_02,Place the picked Paper togo box onto the Handle tray extended by the person.,Paper togo box,early,0,all_five,images/test_image_01167.jpg,7b1b55f87d1ad48674a87301d9b50f513670d7a32b05d93446571ac4eff6339a
habit_test_01168,003506_02,003506,S7414,task_02,Place the picked Paper togo box onto the Handle tray extended by the person.,Paper togo box,ready,1,all_five,images/test_image_01168.jpg,7b1b55f87d1ad48674a87301d9b50f513670d7a32b05d93446571ac4eff6339a
habit_test_01169,003507_01,003507,S7414,task_02,Place the picked Paper togo box onto the Handle tray extended by the person.,Paper togo box,early,0,all_five,images/test_image_01169.jpg,7b1b55f87d1ad48674a87301d9b50f513670d7a32b05d93446571ac4eff6339a
habit_test_01170,003507_01,003507,S7414,task_02,Place the picked Paper togo box onto the Handle tray extended by the person.,Paper togo box,ready,1,all_five,images/test_image_01170.jpg,7b1b55f87d1ad48674a87301d9b50f513670d7a32b05d93446571ac4eff6339a
habit_test_01171,003507_02,003507,S7414,task_02,Place the picked Paper togo box onto the Handle tray extended by the person.,Paper togo box,early,0,all_five,images/test_image_01171.jpg,7b1b55f87d1ad48674a87301d9b50f513670d7a32b05d93446571ac4eff6339a
habit_test_01172,003507_02,003507,S7414,task_02,Place the picked Paper togo box onto the Handle tray extended by the person.,Paper togo box,ready,1,all_five,images/test_image_01172.jpg,7b1b55f87d1ad48674a87301d9b50f513670d7a32b05d93446571ac4eff6339a
habit_test_01173,003508_01,003508,S7414,task_02,Place the picked Paper togo box onto the Handle tray extended by the person.,Paper togo box,early,0,all_five,images/test_image_01173.jpg,7b1b55f87d1ad48674a87301d9b50f513670d7a32b05d93446571ac4eff6339a
habit_test_01174,003508_01,003508,S7414,task_02,Place the picked Paper togo box onto the Handle tray extended by the person.,Paper togo box,ready,1,all_five,images/test_image_01174.jpg,7b1b55f87d1ad48674a87301d9b50f513670d7a32b05d93446571ac4eff6339a
habit_test_01175,003508_02,003508,S7414,task_02,Place the picked Paper togo box onto the Handle tray extended by the person.,Paper togo box,early,0,all_five,images/test_image_01175.jpg,7b1b55f87d1ad48674a87301d9b50f513670d7a32b05d93446571ac4eff6339a
habit_test_01176,003508_02,003508,S7414,task_02,Place the picked Paper togo box onto the Handle tray extended by the person.,Paper togo box,ready,1,all_five,images/test_image_01176.jpg,7b1b55f87d1ad48674a87301d9b50f513670d7a32b05d93446571ac4eff6339a
habit_test_01177,003510_01,003510,S7414,task_02,Place the picked Paper togo box onto the Handle tray extended by the person.,Paper togo box,early,0,all_five,images/test_image_01177.jpg,7b1b55f87d1ad48674a87301d9b50f513670d7a32b05d93446571ac4eff6339a
habit_test_01178,003510_01,003510,S7414,task_02,Place the picked Paper togo box onto the Handle tray extended by the person.,Paper togo box,ready,1,all_five,images/test_image_01178.jpg,7b1b55f87d1ad48674a87301d9b50f513670d7a32b05d93446571ac4eff6339a
habit_test_01179,003510_02,003510,S7414,task_02,Place the picked Paper togo box onto the Handle tray extended by the person.,Paper togo box,early,0,all_five,images/test_image_01179.jpg,7b1b55f87d1ad48674a87301d9b50f513670d7a32b05d93446571ac4eff6339a
habit_test_01180,003510_02,003510,S7414,task_02,Place the picked Paper togo box onto the Handle tray extended by the person.,Paper togo box,ready,1,all_five,images/test_image_01180.jpg,7b1b55f87d1ad48674a87301d9b50f513670d7a32b05d93446571ac4eff6339a
habit_test_01181,003511_01,003511,S7414,task_02,Place the picked Paper togo box onto the Handle tray extended by the person.,Paper togo box,early,0,all_five,images/test_image_01181.jpg,7b1b55f87d1ad48674a87301d9b50f513670d7a32b05d93446571ac4eff6339a
habit_test_01182,003511_01,003511,S7414,task_02,Place the picked Paper togo box onto the Handle tray extended by the person.,Paper togo box,ready,1,all_five,images/test_image_01182.jpg,7b1b55f87d1ad48674a87301d9b50f513670d7a32b05d93446571ac4eff6339a
habit_test_01183,003511_02,003511,S7414,task_02,Place the picked Paper togo box onto the Handle tray extended by the person.,Paper togo box,early,0,all_five,images/test_image_01183.jpg,7b1b55f87d1ad48674a87301d9b50f513670d7a32b05d93446571ac4eff6339a
habit_test_01184,003511_02,003511,S7414,task_02,Place the picked Paper togo box onto the Handle tray extended by the person.,Paper togo box,ready,1,all_five,images/test_image_01184.jpg,7b1b55f87d1ad48674a87301d9b50f513670d7a32b05d93446571ac4eff6339a
habit_test_01185,003513_01,003513,S7414,task_02,Place the picked Paper togo box onto the Handle tray extended by the person.,Paper togo box,early,0,all_five,images/test_image_01185.jpg,7b1b55f87d1ad48674a87301d9b50f513670d7a32b05d93446571ac4eff6339a
habit_test_01186,003513_01,003513,S7414,task_02,Place the picked Paper togo box onto the Handle tray extended by the person.,Paper togo box,ready,1,all_five,images/test_image_01186.jpg,7b1b55f87d1ad48674a87301d9b50f513670d7a32b05d93446571ac4eff6339a
habit_test_01187,003513_02,003513,S7414,task_02,Place the picked Paper togo box onto the Handle tray extended by the person.,Paper togo box,early,0,all_five,images/test_image_01187.jpg,7b1b55f87d1ad48674a87301d9b50f513670d7a32b05d93446571ac4eff6339a
habit_test_01188,003513_02,003513,S7414,task_02,Place the picked Paper togo box onto the Handle tray extended by the person.,Paper togo box,ready,1,all_five,images/test_image_01188.jpg,7b1b55f87d1ad48674a87301d9b50f513670d7a32b05d93446571ac4eff6339a
habit_test_01189,003514_01,003514,S7414,task_02,Place the picked Paper togo box onto the Handle tray extended by the person.,Paper togo box,early,0,all_five,images/test_image_01189.jpg,7b1b55f87d1ad48674a87301d9b50f513670d7a32b05d93446571ac4eff6339a
habit_test_01190,003514_01,003514,S7414,task_02,Place the picked Paper togo box onto the Handle tray extended by the person.,Paper togo box,ready,1,all_five,images/test_image_01190.jpg,7b1b55f87d1ad48674a87301d9b50f513670d7a32b05d93446571ac4eff6339a
habit_test_01191,003514_02,003514,S7414,task_02,Place the picked Paper togo box onto the Handle tray extended by the person.,Paper togo box,early,0,all_five,images/test_image_01191.jpg,7b1b55f87d1ad48674a87301d9b50f513670d7a32b05d93446571ac4eff6339a
habit_test_01192,003514_02,003514,S7414,task_02,Place the picked Paper togo box onto the Handle tray extended by the person.,Paper togo box,ready,1,all_five,images/test_image_01192.jpg,7b1b55f87d1ad48674a87301d9b50f513670d7a32b05d93446571ac4eff6339a
habit_test_01193,003515_01,003515,S7414,task_02,Place the picked Paper togo box onto the Handle tray extended by the person.,Paper togo box,early,0,all_five,images/test_image_01193.jpg,7b1b55f87d1ad48674a87301d9b50f513670d7a32b05d93446571ac4eff6339a
habit_test_01194,003515_01,003515,S7414,task_02,Place the picked Paper togo box onto the Handle tray extended by the person.,Paper togo box,ready,1,all_five,images/test_image_01194.jpg,7b1b55f87d1ad48674a87301d9b50f513670d7a32b05d93446571ac4eff6339a
habit_test_01195,003515_02,003515,S7414,task_02,Place the picked Paper togo box onto the Handle tray extended by the person.,Paper togo box,early,0,all_five,images/test_image_01195.jpg,7b1b55f87d1ad48674a87301d9b50f513670d7a32b05d93446571ac4eff6339a
habit_test_01196,003515_02,003515,S7414,task_02,Place the picked Paper togo box onto the Handle tray extended by the person.,Paper togo box,ready,1,all_five,images/test_image_01196.jpg,7b1b55f87d1ad48674a87301d9b50f513670d7a32b05d93446571ac4eff6339a
habit_test_01197,003516_01,003516,S7414,task_02,Place the picked Paper togo box onto the Handle tray extended by the person.,Paper togo box,early,0,all_five,images/test_image_01197.jpg,7b1b55f87d1ad48674a87301d9b50f513670d7a32b05d93446571ac4eff6339a
habit_test_01198,003516_01,003516,S7414,task_02,Place the picked Paper togo box onto the Handle tray extended by the person.,Paper togo box,ready,1,all_five,images/test_image_01198.jpg,7b1b55f87d1ad48674a87301d9b50f513670d7a32b05d93446571ac4eff6339a
habit_test_01199,003516_02,003516,S7414,task_02,Place the picked Paper togo box onto the Handle tray extended by the person.,Paper togo box,early,0,all_five,images/test_image_01199.jpg,7b1b55f87d1ad48674a87301d9b50f513670d7a32b05d93446571ac4eff6339a
habit_test_01200,003516_02,003516,S7414,task_02,Place the picked Paper togo box onto the Handle tray extended by the person.,Paper togo box,ready,1,all_five,images/test_image_01200.jpg,7b1b55f87d1ad48674a87301d9b50f513670d7a32b05d93446571ac4eff6339a
habit_test_01201,003517_01,003517,S7414,task_02,Place the picked Paper togo box onto the Handle tray extended by the person.,Paper togo box,early,0,all_five,images/test_image_01201.jpg,7b1b55f87d1ad48674a87301d9b50f513670d7a32b05d93446571ac4eff6339a
habit_test_01202,003517_01,003517,S7414,task_02,Place the picked Paper togo box onto the Handle tray extended by the person.,Paper togo box,ready,1,all_five,images/test_image_01202.jpg,7b1b55f87d1ad48674a87301d9b50f513670d7a32b05d93446571ac4eff6339a
habit_test_01203,003517_02,003517,S7414,task_02,Place the picked Paper togo box onto the Handle tray extended by the person.,Paper togo box,early,0,all_five,images/test_image_01203.jpg,7b1b55f87d1ad48674a87301d9b50f513670d7a32b05d93446571ac4eff6339a
habit_test_01204,003517_02,003517,S7414,task_02,Place the picked Paper togo box onto the Handle tray extended by the person.,Paper togo box,ready,1,all_five,images/test_image_01204.jpg,7b1b55f87d1ad48674a87301d9b50f513670d7a32b05d93446571ac4eff6339a
habit_test_01205,003518_01,003518,S7414,task_02,Place the picked Paper togo box onto the Handle tray extended by the person.,Paper togo box,early,0,all_five,images/test_image_01205.jpg,7b1b55f87d1ad48674a87301d9b50f513670d7a32b05d93446571ac4eff6339a
habit_test_01206,003518_01,003518,S7414,task_02,Place the picked Paper togo box onto the Handle tray extended by the person.,Paper togo box,ready,1,all_five,images/test_image_01206.jpg,7b1b55f87d1ad48674a87301d9b50f513670d7a32b05d93446571ac4eff6339a
habit_test_01207,003518_02,003518,S7414,task_02,Place the picked Paper togo box onto the Handle tray extended by the person.,Paper togo box,early,0,all_five,images/test_image_01207.jpg,7b1b55f87d1ad48674a87301d9b50f513670d7a32b05d93446571ac4eff6339a
habit_test_01208,003518_02,003518,S7414,task_02,Place the picked Paper togo box onto the Handle tray extended by the person.,Paper togo box,ready,1,all_five,images/test_image_01208.jpg,7b1b55f87d1ad48674a87301d9b50f513670d7a32b05d93446571ac4eff6339a
habit_test_01209,003520_01,003520,S7414,task_02,Place the picked Paper togo box onto the Handle tray extended by the person.,Paper togo box,early,0,all_five,images/test_image_01209.jpg,7b1b55f87d1ad48674a87301d9b50f513670d7a32b05d93446571ac4eff6339a
habit_test_01210,003520_01,003520,S7414,task_02,Place the picked Paper togo box onto the Handle tray extended by the person.,Paper togo box,ready,1,all_five,images/test_image_01210.jpg,7b1b55f87d1ad48674a87301d9b50f513670d7a32b05d93446571ac4eff6339a
habit_test_01211,003520_02,003520,S7414,task_02,Place the picked Paper togo box onto the Handle tray extended by the person.,Paper togo box,early,0,all_five,images/test_image_01211.jpg,7b1b55f87d1ad48674a87301d9b50f513670d7a32b05d93446571ac4eff6339a
habit_test_01212,003520_02,003520,S7414,task_02,Place the picked Paper togo box onto the Handle tray extended by the person.,Paper togo box,ready,1,all_five,images/test_image_01212.jpg,7b1b55f87d1ad48674a87301d9b50f513670d7a32b05d93446571ac4eff6339a
habit_test_01213,003521_01,003521,S7414,task_02,Place the picked Paper togo box onto the Handle tray extended by the person.,Paper togo box,early,0,all_five,images/test_image_01213.jpg,7b1b55f87d1ad48674a87301d9b50f513670d7a32b05d93446571ac4eff6339a
habit_test_01214,003521_01,003521,S7414,task_02,Place the picked Paper togo box onto the Handle tray extended by the person.,Paper togo box,ready,1,all_five,images/test_image_01214.jpg,7b1b55f87d1ad48674a87301d9b50f513670d7a32b05d93446571ac4eff6339a
habit_test_01215,003521_02,003521,S7414,task_02,Place the picked Paper togo box onto the Handle tray extended by the person.,Paper togo box,early,0,all_five,images/test_image_01215.jpg,7b1b55f87d1ad48674a87301d9b50f513670d7a32b05d93446571ac4eff6339a
habit_test_01216,003521_02,003521,S7414,task_02,Place the picked Paper togo box onto the Handle tray extended by the person.,Paper togo box,ready,1,all_five,images/test_image_01216.jpg,7b1b55f87d1ad48674a87301d9b50f513670d7a32b05d93446571ac4eff6339a
habit_test_01217,003522_01,003522,S7414,task_02,Place the picked Paper togo box onto the Handle tray extended by the person.,Paper togo box,early,0,all_five,images/test_image_01217.jpg,7b1b55f87d1ad48674a87301d9b50f513670d7a32b05d93446571ac4eff6339a
habit_test_01218,003522_01,003522,S7414,task_02,Place the picked Paper togo box onto the Handle tray extended by the person.,Paper togo box,ready,1,all_five,images/test_image_01218.jpg,7b1b55f87d1ad48674a87301d9b50f513670d7a32b05d93446571ac4eff6339a
habit_test_01219,003522_02,003522,S7414,task_02,Place the picked Paper togo box onto the Handle tray extended by the person.,Paper togo box,early,0,all_five,images/test_image_01219.jpg,7b1b55f87d1ad48674a87301d9b50f513670d7a32b05d93446571ac4eff6339a
habit_test_01220,003522_02,003522,S7414,task_02,Place the picked Paper togo box onto the Handle tray extended by the person.,Paper togo box,ready,1,all_five,images/test_image_01220.jpg,7b1b55f87d1ad48674a87301d9b50f513670d7a32b05d93446571ac4eff6339a
habit_test_01221,003523_01,003523,S7414,task_02,Place the picked Paper togo box onto the Handle tray extended by the person.,Paper togo box,early,0,all_five,images/test_image_01221.jpg,7b1b55f87d1ad48674a87301d9b50f513670d7a32b05d93446571ac4eff6339a
habit_test_01222,003523_01,003523,S7414,task_02,Place the picked Paper togo box onto the Handle tray extended by the person.,Paper togo box,ready,1,all_five,images/test_image_01222.jpg,7b1b55f87d1ad48674a87301d9b50f513670d7a32b05d93446571ac4eff6339a
habit_test_01223,003523_02,003523,S7414,task_02,Place the picked Paper togo box onto the Handle tray extended by the person.,Paper togo box,early,0,all_five,images/test_image_01223.jpg,7b1b55f87d1ad48674a87301d9b50f513670d7a32b05d93446571ac4eff6339a
habit_test_01224,003523_02,003523,S7414,task_02,Place the picked Paper togo box onto the Handle tray extended by the person.,Paper togo box,ready,1,all_five,images/test_image_01224.jpg,7b1b55f87d1ad48674a87301d9b50f513670d7a32b05d93446571ac4eff6339a
habit_test_01225,003524_01,003524,S7414,task_02,Place the picked Paper togo box onto the Handle tray extended by the person.,Paper togo box,early,0,all_five,images/test_image_01225.jpg,7b1b55f87d1ad48674a87301d9b50f513670d7a32b05d93446571ac4eff6339a
habit_test_01226,003524_01,003524,S7414,task_02,Place the picked Paper togo box onto the Handle tray extended by the person.,Paper togo box,ready,1,all_five,images/test_image_01226.jpg,7b1b55f87d1ad48674a87301d9b50f513670d7a32b05d93446571ac4eff6339a
habit_test_01227,003524_02,003524,S7414,task_02,Place the picked Paper togo box onto the Handle tray extended by the person.,Paper togo box,early,0,all_five,images/test_image_01227.jpg,7b1b55f87d1ad48674a87301d9b50f513670d7a32b05d93446571ac4eff6339a
habit_test_01228,003524_02,003524,S7414,task_02,Place the picked Paper togo box onto the Handle tray extended by the person.,Paper togo box,ready,1,all_five,images/test_image_01228.jpg,7b1b55f87d1ad48674a87301d9b50f513670d7a32b05d93446571ac4eff6339a
habit_test_01229,003525_01,003525,S7414,task_02,Place the picked Paper togo box onto the Handle tray extended by the person.,Paper togo box,early,0,all_five,images/test_image_01229.jpg,7b1b55f87d1ad48674a87301d9b50f513670d7a32b05d93446571ac4eff6339a
habit_test_01230,003525_01,003525,S7414,task_02,Place the picked Paper togo box onto the Handle tray extended by the person.,Paper togo box,ready,1,all_five,images/test_image_01230.jpg,7b1b55f87d1ad48674a87301d9b50f513670d7a32b05d93446571ac4eff6339a
habit_test_01231,003525_02,003525,S7414,task_02,Place the picked Paper togo box onto the Handle tray extended by the person.,Paper togo box,early,0,all_five,images/test_image_01231.jpg,7b1b55f87d1ad48674a87301d9b50f513670d7a32b05d93446571ac4eff6339a
habit_test_01232,003525_02,003525,S7414,task_02,Place the picked Paper togo box onto the Handle tray extended by the person.,Paper togo box,ready,1,all_five,images/test_image_01232.jpg,7b1b55f87d1ad48674a87301d9b50f513670d7a32b05d93446571ac4eff6339a
habit_test_01233,003527_01,003527,S7414,task_02,Place the picked Paper togo box onto the Handle tray extended by the person.,Paper togo box,early,0,all_five,images/test_image_01233.jpg,7b1b55f87d1ad48674a87301d9b50f513670d7a32b05d93446571ac4eff6339a
habit_test_01234,003527_01,003527,S7414,task_02,Place the picked Paper togo box onto the Handle tray extended by the person.,Paper togo box,ready,1,all_five,images/test_image_01234.jpg,7b1b55f87d1ad48674a87301d9b50f513670d7a32b05d93446571ac4eff6339a
habit_test_01235,003527_02,003527,S7414,task_02,Place the picked Paper togo box onto the Handle tray extended by the person.,Paper togo box,early,0,all_five,images/test_image_01235.jpg,7b1b55f87d1ad48674a87301d9b50f513670d7a32b05d93446571ac4eff6339a
habit_test_01236,003527_02,003527,S7414,task_02,Place the picked Paper togo box onto the Handle tray extended by the person.,Paper togo box,ready,1,all_five,images/test_image_01236.jpg,7b1b55f87d1ad48674a87301d9b50f513670d7a32b05d93446571ac4eff6339a
habit_test_01237,003528_01,003528,S7414,task_02,Place the picked Paper togo box onto the Handle tray extended by the person.,Paper togo box,early,0,all_five,images/test_image_01237.jpg,7b1b55f87d1ad48674a87301d9b50f513670d7a32b05d93446571ac4eff6339a
habit_test_01238,003528_01,003528,S7414,task_02,Place the picked Paper togo box onto the Handle tray extended by the person.,Paper togo box,ready,1,all_five,images/test_image_01238.jpg,7b1b55f87d1ad48674a87301d9b50f513670d7a32b05d93446571ac4eff6339a
habit_test_01239,003528_02,003528,S7414,task_02,Place the picked Paper togo box onto the Handle tray extended by the person.,Paper togo box,early,0,all_five,images/test_image_01239.jpg,7b1b55f87d1ad48674a87301d9b50f513670d7a32b05d93446571ac4eff6339a
habit_test_01240,003528_02,003528,S7414,task_02,Place the picked Paper togo box onto the Handle tray extended by the person.,Paper togo box,ready,1,all_five,images/test_image_01240.jpg,7b1b55f87d1ad48674a87301d9b50f513670d7a32b05d93446571ac4eff6339a
habit_test_01241,003529_01,003529,S7414,task_02,Place the picked Paper togo box onto the Handle tray extended by the person.,Paper togo box,early,0,all_five,images/test_image_01241.jpg,7b1b55f87d1ad48674a87301d9b50f513670d7a32b05d93446571ac4eff6339a
habit_test_01242,003529_01,003529,S7414,task_02,Place the picked Paper togo box onto the Handle tray extended by the person.,Paper togo box,ready,1,all_five,images/test_image_01242.jpg,7b1b55f87d1ad48674a87301d9b50f513670d7a32b05d93446571ac4eff6339a
habit_test_01243,003529_02,003529,S7414,task_02,Place the picked Paper togo box onto the Handle tray extended by the person.,Paper togo box,early,0,all_five,images/test_image_01243.jpg,7b1b55f87d1ad48674a87301d9b50f513670d7a32b05d93446571ac4eff6339a
habit_test_01244,003529_02,003529,S7414,task_02,Place the picked Paper togo box onto the Handle tray extended by the person.,Paper togo box,ready,1,all_five,images/test_image_01244.jpg,7b1b55f87d1ad48674a87301d9b50f513670d7a32b05d93446571ac4eff6339a
habit_test_01245,003530_01,003530,S7414,task_02,Place the picked Paper togo box onto the Handle tray extended by the person.,Paper togo box,early,0,all_five,images/test_image_01245.jpg,7b1b55f87d1ad48674a87301d9b50f513670d7a32b05d93446571ac4eff6339a
habit_test_01246,003530_01,003530,S7414,task_02,Place the picked Paper togo box onto the Handle tray extended by the person.,Paper togo box,ready,1,all_five,images/test_image_01246.jpg,7b1b55f87d1ad48674a87301d9b50f513670d7a32b05d93446571ac4eff6339a
habit_test_01247,003530_02,003530,S7414,task_02,Place the picked Paper togo box onto the Handle tray extended by the person.,Paper togo box,early,0,all_five,images/test_image_01247.jpg,7b1b55f87d1ad48674a87301d9b50f513670d7a32b05d93446571ac4eff6339a
habit_test_01248,003530_02,003530,S7414,task_02,Place the picked Paper togo box onto the Handle tray extended by the person.,Paper togo box,ready,1,all_five,images/test_image_01248.jpg,7b1b55f87d1ad48674a87301d9b50f513670d7a32b05d93446571ac4eff6339a
habit_test_01249,003531_01,003531,S7414,task_02,Place the picked Paper togo box onto the Handle tray extended by the person.,Paper togo box,early,0,all_five,images/test_image_01249.jpg,7b1b55f87d1ad48674a87301d9b50f513670d7a32b05d93446571ac4eff6339a
habit_test_01250,003531_01,003531,S7414,task_02,Place the picked Paper togo box onto the Handle tray extended by the person.,Paper togo box,ready,1,all_five,images/test_image_01250.jpg,7b1b55f87d1ad48674a87301d9b50f513670d7a32b05d93446571ac4eff6339a
habit_test_01251,003531_02,003531,S7414,task_02,Place the picked Paper togo box onto the Handle tray extended by the person.,Paper togo box,early,0,all_five,images/test_image_01251.jpg,7b1b55f87d1ad48674a87301d9b50f513670d7a32b05d93446571ac4eff6339a
habit_test_01252,003531_02,003531,S7414,task_02,Place the picked Paper togo box onto the Handle tray extended by the person.,Paper togo box,ready,1,all_five,images/test_image_01252.jpg,7b1b55f87d1ad48674a87301d9b50f513670d7a32b05d93446571ac4eff6339a
habit_test_01253,003532_01,003532,S7414,task_02,Place the picked Paper togo box onto the Handle tray extended by the person.,Paper togo box,early,0,all_five,images/test_image_01253.jpg,7b1b55f87d1ad48674a87301d9b50f513670d7a32b05d93446571ac4eff6339a
habit_test_01254,003532_01,003532,S7414,task_02,Place the picked Paper togo box onto the Handle tray extended by the person.,Paper togo box,ready,1,all_five,images/test_image_01254.jpg,7b1b55f87d1ad48674a87301d9b50f513670d7a32b05d93446571ac4eff6339a
habit_test_01255,003532_02,003532,S7414,task_02,Place the picked Paper togo box onto the Handle tray extended by the person.,Paper togo box,early,0,all_five,images/test_image_01255.jpg,7b1b55f87d1ad48674a87301d9b50f513670d7a32b05d93446571ac4eff6339a
habit_test_01256,003532_02,003532,S7414,task_02,Place the picked Paper togo box onto the Handle tray extended by the person.,Paper togo box,ready,1,all_five,images/test_image_01256.jpg,7b1b55f87d1ad48674a87301d9b50f513670d7a32b05d93446571ac4eff6339a
habit_test_01257,003534_01,003534,S7414,task_02,Place the picked Paper togo box onto the Handle tray extended by the person.,Paper togo box,early,0,all_five,images/test_image_01257.jpg,7b1b55f87d1ad48674a87301d9b50f513670d7a32b05d93446571ac4eff6339a
habit_test_01258,003534_01,003534,S7414,task_02,Place the picked Paper togo box onto the Handle tray extended by the person.,Paper togo box,ready,1,all_five,images/test_image_01258.jpg,7b1b55f87d1ad48674a87301d9b50f513670d7a32b05d93446571ac4eff6339a
habit_test_01259,003534_02,003534,S7414,task_02,Place the picked Paper togo box onto the Handle tray extended by the person.,Paper togo box,early,0,all_five,images/test_image_01259.jpg,7b1b55f87d1ad48674a87301d9b50f513670d7a32b05d93446571ac4eff6339a
habit_test_01260,003534_02,003534,S7414,task_02,Place the picked Paper togo box onto the Handle tray extended by the person.,Paper togo box,ready,1,all_five,images/test_image_01260.jpg,7b1b55f87d1ad48674a87301d9b50f513670d7a32b05d93446571ac4eff6339a
habit_test_01261,003535_01,003535,S7414,task_02,Place the picked Paper togo box onto the Handle tray extended by the person.,Paper togo box,early,0,all_five,images/test_image_01261.jpg,7b1b55f87d1ad48674a87301d9b50f513670d7a32b05d93446571ac4eff6339a
habit_test_01262,003535_01,003535,S7414,task_02,Place the picked Paper togo box onto the Handle tray extended by the person.,Paper togo box,ready,1,all_five,images/test_image_01262.jpg,7b1b55f87d1ad48674a87301d9b50f513670d7a32b05d93446571ac4eff6339a
habit_test_01263,003535_02,003535,S7414,task_02,Place the picked Paper togo box onto the Handle tray extended by the person.,Paper togo box,early,0,all_five,images/test_image_01263.jpg,7b1b55f87d1ad48674a87301d9b50f513670d7a32b05d93446571ac4eff6339a
habit_test_01264,003535_02,003535,S7414,task_02,Place the picked Paper togo box onto the Handle tray extended by the person.,Paper togo box,ready,1,all_five,images/test_image_01264.jpg,7b1b55f87d1ad48674a87301d9b50f513670d7a32b05d93446571ac4eff6339a
habit_test_01265,003536_01,003536,S7414,task_02,Place the picked Paper togo box onto the Handle tray extended by the person.,Paper togo box,early,0,all_five,images/test_image_01265.jpg,7b1b55f87d1ad48674a87301d9b50f513670d7a32b05d93446571ac4eff6339a
habit_test_01266,003536_01,003536,S7414,task_02,Place the picked Paper togo box onto the Handle tray extended by the person.,Paper togo box,ready,1,all_five,images/test_image_01266.jpg,7b1b55f87d1ad48674a87301d9b50f513670d7a32b05d93446571ac4eff6339a
habit_test_01267,003536_02,003536,S7414,task_02,Place the picked Paper togo box onto the Handle tray extended by the person.,Paper togo box,early,0,all_five,images/test_image_01267.jpg,7b1b55f87d1ad48674a87301d9b50f513670d7a32b05d93446571ac4eff6339a
habit_test_01268,003536_02,003536,S7414,task_02,Place the picked Paper togo box onto the Handle tray extended by the person.,Paper togo box,ready,1,all_five,images/test_image_01268.jpg,7b1b55f87d1ad48674a87301d9b50f513670d7a32b05d93446571ac4eff6339a
habit_test_01269,003537_01,003537,S7414,task_02,Place the picked Paper togo box onto the Handle tray extended by the person.,Paper togo box,early,0,all_five,images/test_image_01269.jpg,7b1b55f87d1ad48674a87301d9b50f513670d7a32b05d93446571ac4eff6339a
habit_test_01270,003537_01,003537,S7414,task_02,Place the picked Paper togo box onto the Handle tray extended by the person.,Paper togo box,ready,1,all_five,images/test_image_01270.jpg,7b1b55f87d1ad48674a87301d9b50f513670d7a32b05d93446571ac4eff6339a
habit_test_01271,003537_02,003537,S7414,task_02,Place the picked Paper togo box onto the Handle tray extended by the person.,Paper togo box,early,0,all_five,images/test_image_01271.jpg,7b1b55f87d1ad48674a87301d9b50f513670d7a32b05d93446571ac4eff6339a
habit_test_01272,003537_02,003537,S7414,task_02,Place the picked Paper togo box onto the Handle tray extended by the person.,Paper togo box,ready,1,all_five,images/test_image_01272.jpg,7b1b55f87d1ad48674a87301d9b50f513670d7a32b05d93446571ac4eff6339a
habit_test_01273,003538_01,003538,S7414,task_02,Place the picked Paper togo box onto the Handle tray extended by the person.,Paper togo box,early,0,all_five,images/test_image_01273.jpg,7b1b55f87d1ad48674a87301d9b50f513670d7a32b05d93446571ac4eff6339a
habit_test_01274,003538_01,003538,S7414,task_02,Place the picked Paper togo box onto the Handle tray extended by the person.,Paper togo box,ready,1,all_five,images/test_image_01274.jpg,7b1b55f87d1ad48674a87301d9b50f513670d7a32b05d93446571ac4eff6339a
habit_test_01275,003538_02,003538,S7414,task_02,Place the picked Paper togo box onto the Handle tray extended by the person.,Paper togo box,early,0,all_five,images/test_image_01275.jpg,7b1b55f87d1ad48674a87301d9b50f513670d7a32b05d93446571ac4eff6339a
habit_test_01276,003538_02,003538,S7414,task_02,Place the picked Paper togo box onto the Handle tray extended by the person.,Paper togo box,ready,1,all_five,images/test_image_01276.jpg,7b1b55f87d1ad48674a87301d9b50f513670d7a32b05d93446571ac4eff6339a
habit_test_01277,003539_01,003539,S7414,task_02,Place the picked Paper togo box onto the Handle tray extended by the person.,Paper togo box,early,0,all_five,images/test_image_01277.jpg,7b1b55f87d1ad48674a87301d9b50f513670d7a32b05d93446571ac4eff6339a
habit_test_01278,003539_01,003539,S7414,task_02,Place the picked Paper togo box onto the Handle tray extended by the person.,Paper togo box,ready,1,all_five,images/test_image_01278.jpg,7b1b55f87d1ad48674a87301d9b50f513670d7a32b05d93446571ac4eff6339a
habit_test_01279,003539_02,003539,S7414,task_02,Place the picked Paper togo box onto the Handle tray extended by the person.,Paper togo box,early,0,all_five,images/test_image_01279.jpg,7b1b55f87d1ad48674a87301d9b50f513670d7a32b05d93446571ac4eff6339a
habit_test_01280,003539_02,003539,S7414,task_02,Place the picked Paper togo box onto the Handle tray extended by the person.,Paper togo box,ready,1,all_five,images/test_image_01280.jpg,7b1b55f87d1ad48674a87301d9b50f513670d7a32b05d93446571ac4eff6339a
habit_test_01281,003540_01,003540,S7414,task_02,Place the picked Paper togo box onto the Handle tray extended by the person.,Paper togo box,early,0,all_five,images/test_image_01281.jpg,7b1b55f87d1ad48674a87301d9b50f513670d7a32b05d93446571ac4eff6339a
habit_test_01282,003540_01,003540,S7414,task_02,Place the picked Paper togo box onto the Handle tray extended by the person.,Paper togo box,ready,1,all_five,images/test_image_01282.jpg,7b1b55f87d1ad48674a87301d9b50f513670d7a32b05d93446571ac4eff6339a
habit_test_01283,003540_02,003540,S7414,task_02,Place the picked Paper togo box onto the Handle tray extended by the person.,Paper togo box,early,0,all_five,images/test_image_01283.jpg,7b1b55f87d1ad48674a87301d9b50f513670d7a32b05d93446571ac4eff6339a
habit_test_01284,003540_02,003540,S7414,task_02,Place the picked Paper togo box onto the Handle tray extended by the person.,Paper togo box,ready,1,all_five,images/test_image_01284.jpg,7b1b55f87d1ad48674a87301d9b50f513670d7a32b05d93446571ac4eff6339a
habit_test_01285,003541_01,003541,S7414,task_02,Place the picked Paper togo box onto the Handle tray extended by the person.,Paper togo box,early,0,all_five,images/test_image_01285.jpg,7b1b55f87d1ad48674a87301d9b50f513670d7a32b05d93446571ac4eff6339a
habit_test_01286,003541_01,003541,S7414,task_02,Place the picked Paper togo box onto the Handle tray extended by the person.,Paper togo box,ready,1,all_five,images/test_image_01286.jpg,7b1b55f87d1ad48674a87301d9b50f513670d7a32b05d93446571ac4eff6339a
habit_test_01287,003541_02,003541,S7414,task_02,Place the picked Paper togo box onto the Handle tray extended by the person.,Paper togo box,early,0,all_five,images/test_image_01287.jpg,7b1b55f87d1ad48674a87301d9b50f513670d7a32b05d93446571ac4eff6339a
habit_test_01288,003541_02,003541,S7414,task_02,Place the picked Paper togo box onto the Handle tray extended by the person.,Paper togo box,ready,1,all_five,images/test_image_01288.jpg,7b1b55f87d1ad48674a87301d9b50f513670d7a32b05d93446571ac4eff6339a
habit_test_01289,003542_01,003542,S7414,task_02,Place the picked Paper togo box onto the Handle tray extended by the person.,Paper togo box,early,0,all_five,images/test_image_01289.jpg,7b1b55f87d1ad48674a87301d9b50f513670d7a32b05d93446571ac4eff6339a
habit_test_01290,003542_01,003542,S7414,task_02,Place the picked Paper togo box onto the Handle tray extended by the person.,Paper togo box,ready,1,all_five,images/test_image_01290.jpg,7b1b55f87d1ad48674a87301d9b50f513670d7a32b05d93446571ac4eff6339a
habit_test_01291,003542_02,003542,S7414,task_02,Place the picked Paper togo box onto the Handle tray extended by the person.,Paper togo box,early,0,all_five,images/test_image_01291.jpg,7b1b55f87d1ad48674a87301d9b50f513670d7a32b05d93446571ac4eff6339a
habit_test_01292,003542_02,003542,S7414,task_02,Place the picked Paper togo box onto the Handle tray extended by the person.,Paper togo box,ready,1,all_five,images/test_image_01292.jpg,7b1b55f87d1ad48674a87301d9b50f513670d7a32b05d93446571ac4eff6339a
habit_test_01293,003543_01,003543,S7414,task_02,Place the picked Paper togo box onto the Handle tray extended by the person.,Paper togo box,early,0,all_five,images/test_image_01293.jpg,7b1b55f87d1ad48674a87301d9b50f513670d7a32b05d93446571ac4eff6339a
habit_test_01294,003543_01,003543,S7414,task_02,Place the picked Paper togo box onto the Handle tray extended by the person.,Paper togo box,ready,1,all_five,images/test_image_01294.jpg,7b1b55f87d1ad48674a87301d9b50f513670d7a32b05d93446571ac4eff6339a
habit_test_01295,003543_02,003543,S7414,task_02,Place the picked Paper togo box onto the Handle tray extended by the person.,Paper togo box,early,0,all_five,images/test_image_01295.jpg,7b1b55f87d1ad48674a87301d9b50f513670d7a32b05d93446571ac4eff6339a
habit_test_01296,003543_02,003543,S7414,task_02,Place the picked Paper togo box onto the Handle tray extended by the person.,Paper togo box,ready,1,all_five,images/test_image_01296.jpg,7b1b55f87d1ad48674a87301d9b50f513670d7a32b05d93446571ac4eff6339a
habit_test_01297,003544_01,003544,S7414,task_02,Place the picked Paper togo box onto the Handle tray extended by the person.,Paper togo box,early,0,all_five,images/test_image_01297.jpg,7b1b55f87d1ad48674a87301d9b50f513670d7a32b05d93446571ac4eff6339a
habit_test_01298,003544_01,003544,S7414,task_02,Place the picked Paper togo box onto the Handle tray extended by the person.,Paper togo box,ready,1,all_five,images/test_image_01298.jpg,7b1b55f87d1ad48674a87301d9b50f513670d7a32b05d93446571ac4eff6339a
habit_test_01299,003544_02,003544,S7414,task_02,Place the picked Paper togo box onto the Handle tray extended by the person.,Paper togo box,early,0,all_five,images/test_image_01299.jpg,7b1b55f87d1ad48674a87301d9b50f513670d7a32b05d93446571ac4eff6339a
habit_test_01300,003544_02,003544,S7414,task_02,Place the picked Paper togo box onto the Handle tray extended by the person.,Paper togo box,ready,1,all_five,images/test_image_01300.jpg,7b1b55f87d1ad48674a87301d9b50f513670d7a32b05d93446571ac4eff6339a
habit_test_01301,003546_01,003546,S7414,task_02,Place the picked Paper togo box onto the Handle tray extended by the person.,Paper togo box,early,0,all_five,images/test_image_01301.jpg,7b1b55f87d1ad48674a87301d9b50f513670d7a32b05d93446571ac4eff6339a
habit_test_01302,003546_01,003546,S7414,task_02,Place the picked Paper togo box onto the Handle tray extended by the person.,Paper togo box,ready,1,all_five,images/test_image_01302.jpg,7b1b55f87d1ad48674a87301d9b50f513670d7a32b05d93446571ac4eff6339a
habit_test_01303,003546_02,003546,S7414,task_02,Place the picked Paper togo box onto the Handle tray extended by the person.,Paper togo box,early,0,all_five,images/test_image_01303.jpg,7b1b55f87d1ad48674a87301d9b50f513670d7a32b05d93446571ac4eff6339a
habit_test_01304,003546_02,003546,S7414,task_02,Place the picked Paper togo box onto the Handle tray extended by the person.,Paper togo box,ready,1,all_five,images/test_image_01304.jpg,7b1b55f87d1ad48674a87301d9b50f513670d7a32b05d93446571ac4eff6339a
habit_test_01305,003547_01,003547,S7414,task_02,Place the picked Paper togo box onto the Handle tray extended by the person.,Paper togo box,early,0,all_five,images/test_image_01305.jpg,7b1b55f87d1ad48674a87301d9b50f513670d7a32b05d93446571ac4eff6339a
habit_test_01306,003547_01,003547,S7414,task_02,Place the picked Paper togo box onto the Handle tray extended by the person.,Paper togo box,ready,1,all_five,images/test_image_01306.jpg,7b1b55f87d1ad48674a87301d9b50f513670d7a32b05d93446571ac4eff6339a
habit_test_01307,003547_02,003547,S7414,task_02,Place the picked Paper togo box onto the Handle tray extended by the person.,Paper togo box,early,0,all_five,images/test_image_01307.jpg,7b1b55f87d1ad48674a87301d9b50f513670d7a32b05d93446571ac4eff6339a
habit_test_01308,003547_02,003547,S7414,task_02,Place the picked Paper togo box onto the Handle tray extended by the person.,Paper togo box,ready,1,all_five,images/test_image_01308.jpg,7b1b55f87d1ad48674a87301d9b50f513670d7a32b05d93446571ac4eff6339a
habit_test_01309,003549_01,003549,S7414,task_02,Place the picked Paper togo box onto the Handle tray extended by the person.,Paper togo box,early,0,all_five,images/test_image_01309.jpg,7b1b55f87d1ad48674a87301d9b50f513670d7a32b05d93446571ac4eff6339a
habit_test_01310,003549_01,003549,S7414,task_02,Place the picked Paper togo box onto the Handle tray extended by the person.,Paper togo box,ready,1,all_five,images/test_image_01310.jpg,7b1b55f87d1ad48674a87301d9b50f513670d7a32b05d93446571ac4eff6339a
habit_test_01311,003549_02,003549,S7414,task_02,Place the picked Paper togo box onto the Handle tray extended by the person.,Paper togo box,early,0,all_five,images/test_image_01311.jpg,7b1b55f87d1ad48674a87301d9b50f513670d7a32b05d93446571ac4eff6339a
habit_test_01312,003549_02,003549,S7414,task_02,Place the picked Paper togo box onto the Handle tray extended by the person.,Paper togo box,ready,1,all_five,images/test_image_01312.jpg,7b1b55f87d1ad48674a87301d9b50f513670d7a32b05d93446571ac4eff6339a
habit_test_01313,003550_01,003550,S7414,task_02,Place the picked Paper togo box onto the Handle tray extended by the person.,Paper togo box,early,0,all_five,images/test_image_01313.jpg,7b1b55f87d1ad48674a87301d9b50f513670d7a32b05d93446571ac4eff6339a
habit_test_01314,003550_01,003550,S7414,task_02,Place the picked Paper togo box onto the Handle tray extended by the person.,Paper togo box,ready,1,all_five,images/test_image_01314.jpg,7b1b55f87d1ad48674a87301d9b50f513670d7a32b05d93446571ac4eff6339a
habit_test_01315,003550_02,003550,S7414,task_02,Place the picked Paper togo box onto the Handle tray extended by the person.,Paper togo box,early,0,all_five,images/test_image_01315.jpg,7b1b55f87d1ad48674a87301d9b50f513670d7a32b05d93446571ac4eff6339a
habit_test_01316,003550_02,003550,S7414,task_02,Place the picked Paper togo box onto the Handle tray extended by the person.,Paper togo box,ready,1,all_five,images/test_image_01316.jpg,7b1b55f87d1ad48674a87301d9b50f513670d7a32b05d93446571ac4eff6339a
habit_test_01317,003551_01,003551,S7414,task_02,Place the picked Paper togo box onto the Handle tray extended by the person.,Paper togo box,early,0,all_five,images/test_image_01317.jpg,7b1b55f87d1ad48674a87301d9b50f513670d7a32b05d93446571ac4eff6339a
habit_test_01318,003551_01,003551,S7414,task_02,Place the picked Paper togo box onto the Handle tray extended by the person.,Paper togo box,ready,1,all_five,images/test_image_01318.jpg,7b1b55f87d1ad48674a87301d9b50f513670d7a32b05d93446571ac4eff6339a
habit_test_01319,003551_02,003551,S7414,task_02,Place the picked Paper togo box onto the Handle tray extended by the person.,Paper togo box,early,0,all_five,images/test_image_01319.jpg,7b1b55f87d1ad48674a87301d9b50f513670d7a32b05d93446571ac4eff6339a
habit_test_01320,003551_02,003551,S7414,task_02,Place the picked Paper togo box onto the Handle tray extended by the person.,Paper togo box,ready,1,all_five,images/test_image_01320.jpg,7b1b55f87d1ad48674a87301d9b50f513670d7a32b05d93446571ac4eff6339a
habit_test_01321,003552_01,003552,S7414,task_02,Place the picked Paper togo box onto the Handle tray extended by the person.,Paper togo box,early,0,all_five,images/test_image_01321.jpg,7b1b55f87d1ad48674a87301d9b50f513670d7a32b05d93446571ac4eff6339a
habit_test_01322,003552_01,003552,S7414,task_02,Place the picked Paper togo box onto the Handle tray extended by the person.,Paper togo box,ready,1,all_five,images/test_image_01322.jpg,7b1b55f87d1ad48674a87301d9b50f513670d7a32b05d93446571ac4eff6339a
habit_test_01323,003552_02,003552,S7414,task_02,Place the picked Paper togo box onto the Handle tray extended by the person.,Paper togo box,early,0,all_five,images/test_image_01323.jpg,7b1b55f87d1ad48674a87301d9b50f513670d7a32b05d93446571ac4eff6339a
habit_test_01324,003552_02,003552,S7414,task_02,Place the picked Paper togo box onto the Handle tray extended by the person.,Paper togo box,ready,1,all_five,images/test_image_01324.jpg,7b1b55f87d1ad48674a87301d9b50f513670d7a32b05d93446571ac4eff6339a
habit_test_01325,003553_01,003553,S7414,task_02,Place the picked Paper togo box onto the Handle tray extended by the person.,Paper togo box,early,0,all_five,images/test_image_01325.jpg,7b1b55f87d1ad48674a87301d9b50f513670d7a32b05d93446571ac4eff6339a
habit_test_01326,003553_01,003553,S7414,task_02,Place the picked Paper togo box onto the Handle tray extended by the person.,Paper togo box,ready,1,all_five,images/test_image_01326.jpg,7b1b55f87d1ad48674a87301d9b50f513670d7a32b05d93446571ac4eff6339a
habit_test_01327,003553_02,003553,S7414,task_02,Place the picked Paper togo box onto the Handle tray extended by the person.,Paper togo box,early,0,all_five,images/test_image_01327.jpg,7b1b55f87d1ad48674a87301d9b50f513670d7a32b05d93446571ac4eff6339a
habit_test_01328,003553_02,003553,S7414,task_02,Place the picked Paper togo box onto the Handle tray extended by the person.,Paper togo box,ready,1,all_five,images/test_image_01328.jpg,7b1b55f87d1ad48674a87301d9b50f513670d7a32b05d93446571ac4eff6339a
habit_test_01329,003555_01,003555,S7414,task_02,Place the picked Paper togo box onto the Handle tray extended by the person.,Paper togo box,early,0,all_five,images/test_image_01329.jpg,7b1b55f87d1ad48674a87301d9b50f513670d7a32b05d93446571ac4eff6339a
habit_test_01330,003555_01,003555,S7414,task_02,Place the picked Paper togo box onto the Handle tray extended by the person.,Paper togo box,ready,1,all_five,images/test_image_01330.jpg,7b1b55f87d1ad48674a87301d9b50f513670d7a32b05d93446571ac4eff6339a
habit_test_01331,003555_02,003555,S7414,task_02,Place the picked Paper togo box onto the Handle tray extended by the person.,Paper togo box,early,0,all_five,images/test_image_01331.jpg,7b1b55f87d1ad48674a87301d9b50f513670d7a32b05d93446571ac4eff6339a
habit_test_01332,003555_02,003555,S7414,task_02,Place the picked Paper togo box onto the Handle tray extended by the person.,Paper togo box,ready,1,all_five,images/test_image_01332.jpg,7b1b55f87d1ad48674a87301d9b50f513670d7a32b05d93446571ac4eff6339a
habit_test_01333,003556_01,003556,S7414,task_02,Place the picked Paper togo box onto the Handle tray extended by the person.,Paper togo box,early,0,all_five,images/test_image_01333.jpg,7b1b55f87d1ad48674a87301d9b50f513670d7a32b05d93446571ac4eff6339a
habit_test_01334,003556_01,003556,S7414,task_02,Place the picked Paper togo box onto the Handle tray extended by the person.,Paper togo box,ready,1,all_five,images/test_image_01334.jpg,7b1b55f87d1ad48674a87301d9b50f513670d7a32b05d93446571ac4eff6339a
habit_test_01335,003556_02,003556,S7414,task_02,Place the picked Paper togo box onto the Handle tray extended by the person.,Paper togo box,early,0,all_five,images/test_image_01335.jpg,7b1b55f87d1ad48674a87301d9b50f513670d7a32b05d93446571ac4eff6339a
habit_test_01336,003556_02,003556,S7414,task_02,Place the picked Paper togo box onto the Handle tray extended by the person.,Paper togo box,ready,1,all_five,images/test_image_01336.jpg,7b1b55f87d1ad48674a87301d9b50f513670d7a32b05d93446571ac4eff6339a
habit_test_01337,003557_01,003557,S7414,task_02,Place the picked Paper togo box onto the Handle tray extended by the person.,Paper togo box,early,0,all_five,images/test_image_01337.jpg,7b1b55f87d1ad48674a87301d9b50f513670d7a32b05d93446571ac4eff6339a
habit_test_01338,003557_01,003557,S7414,task_02,Place the picked Paper togo box onto the Handle tray extended by the person.,Paper togo box,ready,1,all_five,images/test_image_01338.jpg,7b1b55f87d1ad48674a87301d9b50f513670d7a32b05d93446571ac4eff6339a
habit_test_01339,003557_02,003557,S7414,task_02,Place the picked Paper togo box onto the Handle tray extended by the person.,Paper togo box,early,0,all_five,images/test_image_01339.jpg,7b1b55f87d1ad48674a87301d9b50f513670d7a32b05d93446571ac4eff6339a
habit_test_01340,003557_02,003557,S7414,task_02,Place the picked Paper togo box onto the Handle tray extended by the person.,Paper togo box,ready,1,all_five,images/test_image_01340.jpg,7b1b55f87d1ad48674a87301d9b50f513670d7a32b05d93446571ac4eff6339a
habit_test_01341,003748_01,003748,S7414,task_02,Place the picked Paper togo box onto the Handle tray extended by the person.,Paper togo box,early,0,all_five,images/test_image_01341.jpg,7b1b55f87d1ad48674a87301d9b50f513670d7a32b05d93446571ac4eff6339a
habit_test_01342,003748_01,003748,S7414,task_02,Place the picked Paper togo box onto the Handle tray extended by the person.,Paper togo box,ready,1,all_five,images/test_image_01342.jpg,7b1b55f87d1ad48674a87301d9b50f513670d7a32b05d93446571ac4eff6339a
habit_test_01343,003748_02,003748,S7414,task_02,Place the picked Paper togo box onto the Handle tray extended by the person.,Paper togo box,early,0,all_five,images/test_image_01343.jpg,7b1b55f87d1ad48674a87301d9b50f513670d7a32b05d93446571ac4eff6339a
habit_test_01344,003748_02,003748,S7414,task_02,Place the picked Paper togo box onto the Handle tray extended by the person.,Paper togo box,ready,1,all_five,images/test_image_01344.jpg,7b1b55f87d1ad48674a87301d9b50f513670d7a32b05d93446571ac4eff6339a
habit_test_01345,003749_01,003749,S7414,task_02,Place the picked Paper togo box onto the Handle tray extended by the person.,Paper togo box,early,0,all_five,images/test_image_01345.jpg,7b1b55f87d1ad48674a87301d9b50f513670d7a32b05d93446571ac4eff6339a
habit_test_01346,003749_01,003749,S7414,task_02,Place the picked Paper togo box onto the Handle tray extended by the person.,Paper togo box,ready,1,all_five,images/test_image_01346.jpg,7b1b55f87d1ad48674a87301d9b50f513670d7a32b05d93446571ac4eff6339a
habit_test_01347,003749_02,003749,S7414,task_02,Place the picked Paper togo box onto the Handle tray extended by the person.,Paper togo box,early,0,all_five,images/test_image_01347.jpg,7b1b55f87d1ad48674a87301d9b50f513670d7a32b05d93446571ac4eff6339a
habit_test_01348,003749_02,003749,S7414,task_02,Place the picked Paper togo box onto the Handle tray extended by the person.,Paper togo box,ready,1,all_five,images/test_image_01348.jpg,7b1b55f87d1ad48674a87301d9b50f513670d7a32b05d93446571ac4eff6339a
habit_test_01349,003750_01,003750,S7414,task_02,Place the picked Paper togo box onto the Handle tray extended by the person.,Paper togo box,early,0,all_five,images/test_image_01349.jpg,7b1b55f87d1ad48674a87301d9b50f513670d7a32b05d93446571ac4eff6339a
habit_test_01350,003750_01,003750,S7414,task_02,Place the picked Paper togo box onto the Handle tray extended by the person.,Paper togo box,ready,1,all_five,images/test_image_01350.jpg,7b1b55f87d1ad48674a87301d9b50f513670d7a32b05d93446571ac4eff6339a
habit_test_01351,003750_02,003750,S7414,task_02,Place the picked Paper togo box onto the Handle tray extended by the person.,Paper togo box,early,0,all_five,images/test_image_01351.jpg,7b1b55f87d1ad48674a87301d9b50f513670d7a32b05d93446571ac4eff6339a
habit_test_01352,003750_02,003750,S7414,task_02,Place the picked Paper togo box onto the Handle tray extended by the person.,Paper togo box,ready,1,all_five,images/test_image_01352.jpg,7b1b55f87d1ad48674a87301d9b50f513670d7a32b05d93446571ac4eff6339a
habit_test_01353,003751_01,003751,S7414,task_02,Place the picked Paper togo box onto the Handle tray extended by the person.,Paper togo box,early,0,all_five,images/test_image_01353.jpg,7b1b55f87d1ad48674a87301d9b50f513670d7a32b05d93446571ac4eff6339a
habit_test_01354,003751_01,003751,S7414,task_02,Place the picked Paper togo box onto the Handle tray extended by the person.,Paper togo box,ready,1,all_five,images/test_image_01354.jpg,7b1b55f87d1ad48674a87301d9b50f513670d7a32b05d93446571ac4eff6339a
habit_test_01355,003751_02,003751,S7414,task_02,Place the picked Paper togo box onto the Handle tray extended by the person.,Paper togo box,early,0,all_five,images/test_image_01355.jpg,7b1b55f87d1ad48674a87301d9b50f513670d7a32b05d93446571ac4eff6339a
habit_test_01356,003751_02,003751,S7414,task_02,Place the picked Paper togo box onto the Handle tray extended by the person.,Paper togo box,ready,1,all_five,images/test_image_01356.jpg,7b1b55f87d1ad48674a87301d9b50f513670d7a32b05d93446571ac4eff6339a
habit_test_01357,003752_01,003752,S7414,task_02,Place the picked Paper togo box onto the Handle tray extended by the person.,Paper togo box,early,0,all_five,images/test_image_01357.jpg,7b1b55f87d1ad48674a87301d9b50f513670d7a32b05d93446571ac4eff6339a
habit_test_01358,003752_01,003752,S7414,task_02,Place the picked Paper togo box onto the Handle tray extended by the person.,Paper togo box,ready,1,all_five,images/test_image_01358.jpg,7b1b55f87d1ad48674a87301d9b50f513670d7a32b05d93446571ac4eff6339a
habit_test_01359,003752_02,003752,S7414,task_02,Place the picked Paper togo box onto the Handle tray extended by the person.,Paper togo box,early,0,all_five,images/test_image_01359.jpg,7b1b55f87d1ad48674a87301d9b50f513670d7a32b05d93446571ac4eff6339a
habit_test_01360,003752_02,003752,S7414,task_02,Place the picked Paper togo box onto the Handle tray extended by the person.,Paper togo box,ready,1,all_five,images/test_image_01360.jpg,7b1b55f87d1ad48674a87301d9b50f513670d7a32b05d93446571ac4eff6339a
habit_test_01361,003753_01,003753,S7414,task_02,Place the picked Paper togo box onto the Handle tray extended by the person.,Paper togo box,early,0,all_five,images/test_image_01361.jpg,7b1b55f87d1ad48674a87301d9b50f513670d7a32b05d93446571ac4eff6339a
habit_test_01362,003753_01,003753,S7414,task_02,Place the picked Paper togo box onto the Handle tray extended by the person.,Paper togo box,ready,1,all_five,images/test_image_01362.jpg,7b1b55f87d1ad48674a87301d9b50f513670d7a32b05d93446571ac4eff6339a
habit_test_01363,003753_02,003753,S7414,task_02,Place the picked Paper togo box onto the Handle tray extended by the person.,Paper togo box,early,0,all_five,images/test_image_01363.jpg,7b1b55f87d1ad48674a87301d9b50f513670d7a32b05d93446571ac4eff6339a
habit_test_01364,003753_02,003753,S7414,task_02,Place the picked Paper togo box onto the Handle tray extended by the person.,Paper togo box,ready,1,all_five,images/test_image_01364.jpg,7b1b55f87d1ad48674a87301d9b50f513670d7a32b05d93446571ac4eff6339a
habit_test_01365,003754_01,003754,S7414,task_02,Place the picked Paper togo box onto the Handle tray extended by the person.,Paper togo box,early,0,all_five,images/test_image_01365.jpg,7b1b55f87d1ad48674a87301d9b50f513670d7a32b05d93446571ac4eff6339a
habit_test_01366,003754_01,003754,S7414,task_02,Place the picked Paper togo box onto the Handle tray extended by the person.,Paper togo box,ready,1,all_five,images/test_image_01366.jpg,7b1b55f87d1ad48674a87301d9b50f513670d7a32b05d93446571ac4eff6339a
habit_test_01367,003754_02,003754,S7414,task_02,Place the picked Paper togo box onto the Handle tray extended by the person.,Paper togo box,early,0,all_five,images/test_image_01367.jpg,7b1b55f87d1ad48674a87301d9b50f513670d7a32b05d93446571ac4eff6339a
habit_test_01368,003754_02,003754,S7414,task_02,Place the picked Paper togo box onto the Handle tray extended by the person.,Paper togo box,ready,1,all_five,images/test_image_01368.jpg,7b1b55f87d1ad48674a87301d9b50f513670d7a32b05d93446571ac4eff6339a
habit_test_01369,003755_01,003755,S7414,task_02,Place the picked Paper togo box onto the Handle tray extended by the person.,Paper togo box,early,0,all_five,images/test_image_01369.jpg,7b1b55f87d1ad48674a87301d9b50f513670d7a32b05d93446571ac4eff6339a
habit_test_01370,003755_01,003755,S7414,task_02,Place the picked Paper togo box onto the Handle tray extended by the person.,Paper togo box,ready,1,all_five,images/test_image_01370.jpg,7b1b55f87d1ad48674a87301d9b50f513670d7a32b05d93446571ac4eff6339a
habit_test_01371,003755_02,003755,S7414,task_02,Place the picked Paper togo box onto the Handle tray extended by the person.,Paper togo box,early,0,all_five,images/test_image_01371.jpg,7b1b55f87d1ad48674a87301d9b50f513670d7a32b05d93446571ac4eff6339a
habit_test_01372,003755_02,003755,S7414,task_02,Place the picked Paper togo box onto the Handle tray extended by the person.,Paper togo box,ready,1,all_five,images/test_image_01372.jpg,7b1b55f87d1ad48674a87301d9b50f513670d7a32b05d93446571ac4eff6339a
habit_test_01373,003756_01,003756,S7414,task_02,Place the picked Paper togo box onto the Handle tray extended by the person.,Paper togo box,early,0,all_five,images/test_image_01373.jpg,7b1b55f87d1ad48674a87301d9b50f513670d7a32b05d93446571ac4eff6339a
habit_test_01374,003756_01,003756,S7414,task_02,Place the picked Paper togo box onto the Handle tray extended by the person.,Paper togo box,ready,1,all_five,images/test_image_01374.jpg,7b1b55f87d1ad48674a87301d9b50f513670d7a32b05d93446571ac4eff6339a
habit_test_01375,003756_02,003756,S7414,task_02,Place the picked Paper togo box onto the Handle tray extended by the person.,Paper togo box,early,0,all_five,images/test_image_01375.jpg,7b1b55f87d1ad48674a87301d9b50f513670d7a32b05d93446571ac4eff6339a
habit_test_01376,003756_02,003756,S7414,task_02,Place the picked Paper togo box onto the Handle tray extended by the person.,Paper togo box,ready,1,all_five,images/test_image_01376.jpg,7b1b55f87d1ad48674a87301d9b50f513670d7a32b05d93446571ac4eff6339a
habit_test_01377,003757_01,003757,S7414,task_02,Place the picked Paper togo box onto the Handle tray extended by the person.,Paper togo box,early,0,all_five,images/test_image_01377.jpg,7b1b55f87d1ad48674a87301d9b50f513670d7a32b05d93446571ac4eff6339a
habit_test_01378,003757_01,003757,S7414,task_02,Place the picked Paper togo box onto the Handle tray extended by the person.,Paper togo box,ready,1,all_five,images/test_image_01378.jpg,7b1b55f87d1ad48674a87301d9b50f513670d7a32b05d93446571ac4eff6339a
habit_test_01379,003757_02,003757,S7414,task_02,Place the picked Paper togo box onto the Handle tray extended by the person.,Paper togo box,early,0,all_five,images/test_image_01379.jpg,7b1b55f87d1ad48674a87301d9b50f513670d7a32b05d93446571ac4eff6339a
habit_test_01380,003757_02,003757,S7414,task_02,Place the picked Paper togo box onto the Handle tray extended by the person.,Paper togo box,ready,1,all_five,images/test_image_01380.jpg,7b1b55f87d1ad48674a87301d9b50f513670d7a32b05d93446571ac4eff6339a
habit_test_01381,003758_01,003758,S7414,task_02,Place the picked Paper togo box onto the Handle tray extended by the person.,Paper togo box,early,0,all_five,images/test_image_01381.jpg,7b1b55f87d1ad48674a87301d9b50f513670d7a32b05d93446571ac4eff6339a
habit_test_01382,003758_01,003758,S7414,task_02,Place the picked Paper togo box onto the Handle tray extended by the person.,Paper togo box,ready,1,all_five,images/test_image_01382.jpg,7b1b55f87d1ad48674a87301d9b50f513670d7a32b05d93446571ac4eff6339a
habit_test_01383,003758_02,003758,S7414,task_02,Place the picked Paper togo box onto the Handle tray extended by the person.,Paper togo box,early,0,all_five,images/test_image_01383.jpg,7b1b55f87d1ad48674a87301d9b50f513670d7a32b05d93446571ac4eff6339a
habit_test_01384,003758_02,003758,S7414,task_02,Place the picked Paper togo box onto the Handle tray extended by the person.,Paper togo box,ready,1,all_five,images/test_image_01384.jpg,7b1b55f87d1ad48674a87301d9b50f513670d7a32b05d93446571ac4eff6339a
habit_test_01385,003759_01,003759,S7414,task_02,Place the picked Paper togo box onto the Handle tray extended by the person.,Paper togo box,early,0,all_five,images/test_image_01385.jpg,7b1b55f87d1ad48674a87301d9b50f513670d7a32b05d93446571ac4eff6339a
habit_test_01386,003759_01,003759,S7414,task_02,Place the picked Paper togo box onto the Handle tray extended by the person.,Paper togo box,ready,1,all_five,images/test_image_01386.jpg,7b1b55f87d1ad48674a87301d9b50f513670d7a32b05d93446571ac4eff6339a
habit_test_01387,003759_02,003759,S7414,task_02,Place the picked Paper togo box onto the Handle tray extended by the person.,Paper togo box,early,0,all_five,images/test_image_01387.jpg,7b1b55f87d1ad48674a87301d9b50f513670d7a32b05d93446571ac4eff6339a
habit_test_01388,003759_02,003759,S7414,task_02,Place the picked Paper togo box onto the Handle tray extended by the person.,Paper togo box,ready,1,all_five,images/test_image_01388.jpg,7b1b55f87d1ad48674a87301d9b50f513670d7a32b05d93446571ac4eff6339a
habit_test_01389,003760_01,003760,S7414,task_02,Place the picked Paper togo box onto the Handle tray extended by the person.,Paper togo box,early,0,all_five,images/test_image_01389.jpg,7b1b55f87d1ad48674a87301d9b50f513670d7a32b05d93446571ac4eff6339a
habit_test_01390,003760_01,003760,S7414,task_02,Place the picked Paper togo box onto the Handle tray extended by the person.,Paper togo box,ready,1,all_five,images/test_image_01390.jpg,7b1b55f87d1ad48674a87301d9b50f513670d7a32b05d93446571ac4eff6339a
habit_test_01391,003760_02,003760,S7414,task_02,Place the picked Paper togo box onto the Handle tray extended by the person.,Paper togo box,early,0,all_five,images/test_image_01391.jpg,7b1b55f87d1ad48674a87301d9b50f513670d7a32b05d93446571ac4eff6339a
habit_test_01392,003760_02,003760,S7414,task_02,Place the picked Paper togo box onto the Handle tray extended by the person.,Paper togo box,ready,1,all_five,images/test_image_01392.jpg,7b1b55f87d1ad48674a87301d9b50f513670d7a32b05d93446571ac4eff6339a
habit_test_01393,003761_01,003761,S7414,task_02,Place the picked Paper togo box onto the Handle tray extended by the person.,Paper togo box,early,0,all_five,images/test_image_01393.jpg,7b1b55f87d1ad48674a87301d9b50f513670d7a32b05d93446571ac4eff6339a
habit_test_01394,003761_01,003761,S7414,task_02,Place the picked Paper togo box onto the Handle tray extended by the person.,Paper togo box,ready,1,all_five,images/test_image_01394.jpg,7b1b55f87d1ad48674a87301d9b50f513670d7a32b05d93446571ac4eff6339a
habit_test_01395,003761_02,003761,S7414,task_02,Place the picked Paper togo box onto the Handle tray extended by the person.,Paper togo box,early,0,all_five,images/test_image_01395.jpg,7b1b55f87d1ad48674a87301d9b50f513670d7a32b05d93446571ac4eff6339a
habit_test_01396,003761_02,003761,S7414,task_02,Place the picked Paper togo box onto the Handle tray extended by the person.,Paper togo box,ready,1,all_five,images/test_image_01396.jpg,7b1b55f87d1ad48674a87301d9b50f513670d7a32b05d93446571ac4eff6339a
habit_test_01397,003762_01,003762,S7414,task_02,Place the picked Paper togo box onto the Handle tray extended by the person.,Paper togo box,early,0,all_five,images/test_image_01397.jpg,7b1b55f87d1ad48674a87301d9b50f513670d7a32b05d93446571ac4eff6339a
habit_test_01398,003762_01,003762,S7414,task_02,Place the picked Paper togo box onto the Handle tray extended by the person.,Paper togo box,ready,1,all_five,images/test_image_01398.jpg,7b1b55f87d1ad48674a87301d9b50f513670d7a32b05d93446571ac4eff6339a
habit_test_01399,003762_02,003762,S7414,task_02,Place the picked Paper togo box onto the Handle tray extended by the person.,Paper togo box,early,0,all_five,images/test_image_01399.jpg,7b1b55f87d1ad48674a87301d9b50f513670d7a32b05d93446571ac4eff6339a
habit_test_01400,003762_02,003762,S7414,task_02,Place the picked Paper togo box onto the Handle tray extended by the person.,Paper togo box,ready,1,all_five,images/test_image_01400.jpg,7b1b55f87d1ad48674a87301d9b50f513670d7a32b05d93446571ac4eff6339a
habit_test_01401,003763_01,003763,S7414,task_02,Place the picked Paper togo box onto the Handle tray extended by the person.,Paper togo box,early,0,all_five,images/test_image_01401.jpg,7b1b55f87d1ad48674a87301d9b50f513670d7a32b05d93446571ac4eff6339a
habit_test_01402,003763_01,003763,S7414,task_02,Place the picked Paper togo box onto the Handle tray extended by the person.,Paper togo box,ready,1,all_five,images/test_image_01402.jpg,7b1b55f87d1ad48674a87301d9b50f513670d7a32b05d93446571ac4eff6339a
habit_test_01403,003763_02,003763,S7414,task_02,Place the picked Paper togo box onto the Handle tray extended by the person.,Paper togo box,early,0,all_five,images/test_image_01403.jpg,7b1b55f87d1ad48674a87301d9b50f513670d7a32b05d93446571ac4eff6339a
habit_test_01404,003763_02,003763,S7414,task_02,Place the picked Paper togo box onto the Handle tray extended by the person.,Paper togo box,ready,1,all_five,images/test_image_01404.jpg,7b1b55f87d1ad48674a87301d9b50f513670d7a32b05d93446571ac4eff6339a
habit_test_01405,003764_01,003764,S7414,task_02,Place the picked Paper togo box onto the Handle tray extended by the person.,Paper togo box,early,0,all_five,images/test_image_01405.jpg,7b1b55f87d1ad48674a87301d9b50f513670d7a32b05d93446571ac4eff6339a
habit_test_01406,003764_01,003764,S7414,task_02,Place the picked Paper togo box onto the Handle tray extended by the person.,Paper togo box,ready,1,all_five,images/test_image_01406.jpg,7b1b55f87d1ad48674a87301d9b50f513670d7a32b05d93446571ac4eff6339a
habit_test_01407,003764_02,003764,S7414,task_02,Place the picked Paper togo box onto the Handle tray extended by the person.,Paper togo box,early,0,all_five,images/test_image_01407.jpg,7b1b55f87d1ad48674a87301d9b50f513670d7a32b05d93446571ac4eff6339a
habit_test_01408,003764_02,003764,S7414,task_02,Place the picked Paper togo box onto the Handle tray extended by the person.,Paper togo box,ready,1,all_five,images/test_image_01408.jpg,7b1b55f87d1ad48674a87301d9b50f513670d7a32b05d93446571ac4eff6339a
habit_test_01409,003766_01,003766,S7414,task_02,Place the picked Paper togo box onto the Handle tray extended by the person.,Paper togo box,early,0,all_five,images/test_image_01409.jpg,7b1b55f87d1ad48674a87301d9b50f513670d7a32b05d93446571ac4eff6339a
habit_test_01410,003766_01,003766,S7414,task_02,Place the picked Paper togo box onto the Handle tray extended by the person.,Paper togo box,ready,1,all_five,images/test_image_01410.jpg,7b1b55f87d1ad48674a87301d9b50f513670d7a32b05d93446571ac4eff6339a
habit_test_01411,003766_02,003766,S7414,task_02,Place the picked Paper togo box onto the Handle tray extended by the person.,Paper togo box,early,0,all_five,images/test_image_01411.jpg,7b1b55f87d1ad48674a87301d9b50f513670d7a32b05d93446571ac4eff6339a
habit_test_01412,003766_02,003766,S7414,task_02,Place the picked Paper togo box onto the Handle tray extended by the person.,Paper togo box,ready,1,all_five,images/test_image_01412.jpg,7b1b55f87d1ad48674a87301d9b50f513670d7a32b05d93446571ac4eff6339a
habit_test_01413,003767_01,003767,S7414,task_02,Place the picked Paper togo box onto the Handle tray extended by the person.,Paper togo box,early,0,all_five,images/test_image_01413.jpg,7b1b55f87d1ad48674a87301d9b50f513670d7a32b05d93446571ac4eff6339a
habit_test_01414,003767_01,003767,S7414,task_02,Place the picked Paper togo box onto the Handle tray extended by the person.,Paper togo box,ready,1,all_five,images/test_image_01414.jpg,7b1b55f87d1ad48674a87301d9b50f513670d7a32b05d93446571ac4eff6339a
habit_test_01415,003767_02,003767,S7414,task_02,Place the picked Paper togo box onto the Handle tray extended by the person.,Paper togo box,early,0,all_five,images/test_image_01415.jpg,7b1b55f87d1ad48674a87301d9b50f513670d7a32b05d93446571ac4eff6339a
habit_test_01416,003767_02,003767,S7414,task_02,Place the picked Paper togo box onto the Handle tray extended by the person.,Paper togo box,ready,1,all_five,images/test_image_01416.jpg,7b1b55f87d1ad48674a87301d9b50f513670d7a32b05d93446571ac4eff6339a
habit_test_01417,003768_01,003768,S7414,task_02,Place the picked Paper togo box onto the Handle tray extended by the person.,Paper togo box,early,0,all_five,images/test_image_01417.jpg,7b1b55f87d1ad48674a87301d9b50f513670d7a32b05d93446571ac4eff6339a
habit_test_01418,003768_01,003768,S7414,task_02,Place the picked Paper togo box onto the Handle tray extended by the person.,Paper togo box,ready,1,all_five,images/test_image_01418.jpg,7b1b55f87d1ad48674a87301d9b50f513670d7a32b05d93446571ac4eff6339a
habit_test_01419,003768_02,003768,S7414,task_02,Place the picked Paper togo box onto the Handle tray extended by the person.,Paper togo box,early,0,all_five,images/test_image_01419.jpg,7b1b55f87d1ad48674a87301d9b50f513670d7a32b05d93446571ac4eff6339a
habit_test_01420,003768_02,003768,S7414,task_02,Place the picked Paper togo box onto the Handle tray extended by the person.,Paper togo box,ready,1,all_five,images/test_image_01420.jpg,7b1b55f87d1ad48674a87301d9b50f513670d7a32b05d93446571ac4eff6339a
habit_test_01421,003769_01,003769,S7414,task_02,Place the picked Paper togo box onto the Handle tray extended by the person.,Paper togo box,early,0,all_five,images/test_image_01421.jpg,7b1b55f87d1ad48674a87301d9b50f513670d7a32b05d93446571ac4eff6339a
habit_test_01422,003769_01,003769,S7414,task_02,Place the picked Paper togo box onto the Handle tray extended by the person.,Paper togo box,ready,1,all_five,images/test_image_01422.jpg,7b1b55f87d1ad48674a87301d9b50f513670d7a32b05d93446571ac4eff6339a
habit_test_01423,003769_02,003769,S7414,task_02,Place the picked Paper togo box onto the Handle tray extended by the person.,Paper togo box,early,0,all_five,images/test_image_01423.jpg,7b1b55f87d1ad48674a87301d9b50f513670d7a32b05d93446571ac4eff6339a
habit_test_01424,003769_02,003769,S7414,task_02,Place the picked Paper togo box onto the Handle tray extended by the person.,Paper togo box,ready,1,all_five,images/test_image_01424.jpg,7b1b55f87d1ad48674a87301d9b50f513670d7a32b05d93446571ac4eff6339a
habit_test_01425,003770_01,003770,S7414,task_02,Place the picked Paper togo box onto the Handle tray extended by the person.,Paper togo box,early,0,all_five,images/test_image_01425.jpg,7b1b55f87d1ad48674a87301d9b50f513670d7a32b05d93446571ac4eff6339a
habit_test_01426,003770_01,003770,S7414,task_02,Place the picked Paper togo box onto the Handle tray extended by the person.,Paper togo box,ready,1,all_five,images/test_image_01426.jpg,7b1b55f87d1ad48674a87301d9b50f513670d7a32b05d93446571ac4eff6339a
habit_test_01427,003770_02,003770,S7414,task_02,Place the picked Paper togo box onto the Handle tray extended by the person.,Paper togo box,early,0,all_five,images/test_image_01427.jpg,7b1b55f87d1ad48674a87301d9b50f513670d7a32b05d93446571ac4eff6339a
habit_test_01428,003770_02,003770,S7414,task_02,Place the picked Paper togo box onto the Handle tray extended by the person.,Paper togo box,ready,1,all_five,images/test_image_01428.jpg,7b1b55f87d1ad48674a87301d9b50f513670d7a32b05d93446571ac4eff6339a
habit_test_01429,003772_01,003772,S7414,task_02,Place the picked Paper togo box onto the Handle tray extended by the person.,Paper togo box,early,0,all_five,images/test_image_01429.jpg,7b1b55f87d1ad48674a87301d9b50f513670d7a32b05d93446571ac4eff6339a
habit_test_01430,003772_01,003772,S7414,task_02,Place the picked Paper togo box onto the Handle tray extended by the person.,Paper togo box,ready,1,all_five,images/test_image_01430.jpg,7b1b55f87d1ad48674a87301d9b50f513670d7a32b05d93446571ac4eff6339a
habit_test_01431,003772_02,003772,S7414,task_02,Place the picked Paper togo box onto the Handle tray extended by the person.,Paper togo box,early,0,all_five,images/test_image_01431.jpg,7b1b55f87d1ad48674a87301d9b50f513670d7a32b05d93446571ac4eff6339a
habit_test_01432,003772_02,003772,S7414,task_02,Place the picked Paper togo box onto the Handle tray extended by the person.,Paper togo box,ready,1,all_five,images/test_image_01432.jpg,7b1b55f87d1ad48674a87301d9b50f513670d7a32b05d93446571ac4eff6339a
habit_test_01433,003773_01,003773,S7414,task_02,Place the picked Paper togo box onto the Handle tray extended by the person.,Paper togo box,early,0,all_five,images/test_image_01433.jpg,7b1b55f87d1ad48674a87301d9b50f513670d7a32b05d93446571ac4eff6339a
habit_test_01434,003773_01,003773,S7414,task_02,Place the picked Paper togo box onto the Handle tray extended by the person.,Paper togo box,ready,1,all_five,images/test_image_01434.jpg,7b1b55f87d1ad48674a87301d9b50f513670d7a32b05d93446571ac4eff6339a
habit_test_01435,003773_02,003773,S7414,task_02,Place the picked Paper togo box onto the Handle tray extended by the person.,Paper togo box,early,0,all_five,images/test_image_01435.jpg,7b1b55f87d1ad48674a87301d9b50f513670d7a32b05d93446571ac4eff6339a
habit_test_01436,003773_02,003773,S7414,task_02,Place the picked Paper togo box onto the Handle tray extended by the person.,Paper togo box,ready,1,all_five,images/test_image_01436.jpg,7b1b55f87d1ad48674a87301d9b50f513670d7a32b05d93446571ac4eff6339a
habit_test_01437,003774_01,003774,S7414,task_02,Place the picked Paper togo box onto the Handle tray extended by the person.,Paper togo box,early,0,all_five,images/test_image_01437.jpg,7b1b55f87d1ad48674a87301d9b50f513670d7a32b05d93446571ac4eff6339a
habit_test_01438,003774_01,003774,S7414,task_02,Place the picked Paper togo box onto the Handle tray extended by the person.,Paper togo box,ready,1,all_five,images/test_image_01438.jpg,7b1b55f87d1ad48674a87301d9b50f513670d7a32b05d93446571ac4eff6339a
habit_test_01439,003774_02,003774,S7414,task_02,Place the picked Paper togo box onto the Handle tray extended by the person.,Paper togo box,early,0,all_five,images/test_image_01439.jpg,7b1b55f87d1ad48674a87301d9b50f513670d7a32b05d93446571ac4eff6339a
habit_test_01440,003774_02,003774,S7414,task_02,Place the picked Paper togo box onto the Handle tray extended by the person.,Paper togo box,ready,1,all_five,images/test_image_01440.jpg,7b1b55f87d1ad48674a87301d9b50f513670d7a32b05d93446571ac4eff6339a
habit_test_01441,003776_01,003776,S7414,task_02,Place the picked Paper togo box onto the Handle tray extended by the person.,Paper togo box,early,0,all_five,images/test_image_01441.jpg,7b1b55f87d1ad48674a87301d9b50f513670d7a32b05d93446571ac4eff6339a
habit_test_01442,003776_01,003776,S7414,task_02,Place the picked Paper togo box onto the Handle tray extended by the person.,Paper togo box,ready,1,all_five,images/test_image_01442.jpg,7b1b55f87d1ad48674a87301d9b50f513670d7a32b05d93446571ac4eff6339a
habit_test_01443,003776_02,003776,S7414,task_02,Place the picked Paper togo box onto the Handle tray extended by the person.,Paper togo box,early,0,all_five,images/test_image_01443.jpg,7b1b55f87d1ad48674a87301d9b50f513670d7a32b05d93446571ac4eff6339a
habit_test_01444,003776_02,003776,S7414,task_02,Place the picked Paper togo box onto the Handle tray extended by the person.,Paper togo box,ready,1,all_five,images/test_image_01444.jpg,7b1b55f87d1ad48674a87301d9b50f513670d7a32b05d93446571ac4eff6339a
habit_test_01445,003777_01,003777,S7414,task_02,Place the picked Paper togo box onto the Handle tray extended by the person.,Paper togo box,early,0,all_five,images/test_image_01445.jpg,7b1b55f87d1ad48674a87301d9b50f513670d7a32b05d93446571ac4eff6339a
habit_test_01446,003777_01,003777,S7414,task_02,Place the picked Paper togo box onto the Handle tray extended by the person.,Paper togo box,ready,1,all_five,images/test_image_01446.jpg,7b1b55f87d1ad48674a87301d9b50f513670d7a32b05d93446571ac4eff6339a
habit_test_01447,003777_02,003777,S7414,task_02,Place the picked Paper togo box onto the Handle tray extended by the person.,Paper togo box,early,0,all_five,images/test_image_01447.jpg,7b1b55f87d1ad48674a87301d9b50f513670d7a32b05d93446571ac4eff6339a
habit_test_01448,003777_02,003777,S7414,task_02,Place the picked Paper togo box onto the Handle tray extended by the person.,Paper togo box,ready,1,all_five,images/test_image_01448.jpg,7b1b55f87d1ad48674a87301d9b50f513670d7a32b05d93446571ac4eff6339a
habit_test_01449,003778_01,003778,S7414,task_02,Place the picked Paper togo box onto the Handle tray extended by the person.,Paper togo box,early,0,all_five,images/test_image_01449.jpg,7b1b55f87d1ad48674a87301d9b50f513670d7a32b05d93446571ac4eff6339a
habit_test_01450,003778_01,003778,S7414,task_02,Place the picked Paper togo box onto the Handle tray extended by the person.,Paper togo box,ready,1,all_five,images/test_image_01450.jpg,7b1b55f87d1ad48674a87301d9b50f513670d7a32b05d93446571ac4eff6339a
habit_test_01451,003778_02,003778,S7414,task_02,Place the picked Paper togo box onto the Handle tray extended by the person.,Paper togo box,early,0,all_five,images/test_image_01451.jpg,7b1b55f87d1ad48674a87301d9b50f513670d7a32b05d93446571ac4eff6339a
habit_test_01452,003778_02,003778,S7414,task_02,Place the picked Paper togo box onto the Handle tray extended by the person.,Paper togo box,ready,1,all_five,images/test_image_01452.jpg,7b1b55f87d1ad48674a87301d9b50f513670d7a32b05d93446571ac4eff6339a
habit_test_01453,003779_01,003779,S7414,task_02,Place the picked Paper togo box onto the Handle tray extended by the person.,Paper togo box,early,0,all_five,images/test_image_01453.jpg,7b1b55f87d1ad48674a87301d9b50f513670d7a32b05d93446571ac4eff6339a
habit_test_01454,003779_01,003779,S7414,task_02,Place the picked Paper togo box onto the Handle tray extended by the person.,Paper togo box,ready,1,all_five,images/test_image_01454.jpg,7b1b55f87d1ad48674a87301d9b50f513670d7a32b05d93446571ac4eff6339a
habit_test_01455,003779_02,003779,S7414,task_02,Place the picked Paper togo box onto the Handle tray extended by the person.,Paper togo box,early,0,all_five,images/test_image_01455.jpg,7b1b55f87d1ad48674a87301d9b50f513670d7a32b05d93446571ac4eff6339a
habit_test_01456,003779_02,003779,S7414,task_02,Place the picked Paper togo box onto the Handle tray extended by the person.,Paper togo box,ready,1,all_five,images/test_image_01456.jpg,7b1b55f87d1ad48674a87301d9b50f513670d7a32b05d93446571ac4eff6339a
habit_test_01457,003780_01,003780,S7414,task_02,Place the picked Paper togo box onto the Handle tray extended by the person.,Paper togo box,early,0,all_five,images/test_image_01457.jpg,7b1b55f87d1ad48674a87301d9b50f513670d7a32b05d93446571ac4eff6339a
habit_test_01458,003780_01,003780,S7414,task_02,Place the picked Paper togo box onto the Handle tray extended by the person.,Paper togo box,ready,1,all_five,images/test_image_01458.jpg,7b1b55f87d1ad48674a87301d9b50f513670d7a32b05d93446571ac4eff6339a
habit_test_01459,003780_02,003780,S7414,task_02,Place the picked Paper togo box onto the Handle tray extended by the person.,Paper togo box,early,0,all_five,images/test_image_01459.jpg,7b1b55f87d1ad48674a87301d9b50f513670d7a32b05d93446571ac4eff6339a
habit_test_01460,003780_02,003780,S7414,task_02,Place the picked Paper togo box onto the Handle tray extended by the person.,Paper togo box,ready,1,all_five,images/test_image_01460.jpg,7b1b55f87d1ad48674a87301d9b50f513670d7a32b05d93446571ac4eff6339a
habit_test_01461,003781_01,003781,S7414,task_02,Place the picked Paper togo box onto the Handle tray extended by the person.,Paper togo box,early,0,all_five,images/test_image_01461.jpg,7b1b55f87d1ad48674a87301d9b50f513670d7a32b05d93446571ac4eff6339a
habit_test_01462,003781_01,003781,S7414,task_02,Place the picked Paper togo box onto the Handle tray extended by the person.,Paper togo box,ready,1,all_five,images/test_image_01462.jpg,7b1b55f87d1ad48674a87301d9b50f513670d7a32b05d93446571ac4eff6339a
habit_test_01463,003781_02,003781,S7414,task_02,Place the picked Paper togo box onto the Handle tray extended by the person.,Paper togo box,early,0,all_five,images/test_image_01463.jpg,7b1b55f87d1ad48674a87301d9b50f513670d7a32b05d93446571ac4eff6339a
habit_test_01464,003781_02,003781,S7414,task_02,Place the picked Paper togo box onto the Handle tray extended by the person.,Paper togo box,ready,1,all_five,images/test_image_01464.jpg,7b1b55f87d1ad48674a87301d9b50f513670d7a32b05d93446571ac4eff6339a
habit_test_01465,003782_01,003782,S7414,task_02,Place the picked Paper togo box onto the Handle tray extended by the person.,Paper togo box,early,0,all_five,images/test_image_01465.jpg,7b1b55f87d1ad48674a87301d9b50f513670d7a32b05d93446571ac4eff6339a
habit_test_01466,003782_01,003782,S7414,task_02,Place the picked Paper togo box onto the Handle tray extended by the person.,Paper togo box,ready,1,all_five,images/test_image_01466.jpg,7b1b55f87d1ad48674a87301d9b50f513670d7a32b05d93446571ac4eff6339a
habit_test_01467,003782_02,003782,S7414,task_02,Place the picked Paper togo box onto the Handle tray extended by the person.,Paper togo box,early,0,all_five,images/test_image_01467.jpg,7b1b55f87d1ad48674a87301d9b50f513670d7a32b05d93446571ac4eff6339a
habit_test_01468,003782_02,003782,S7414,task_02,Place the picked Paper togo box onto the Handle tray extended by the person.,Paper togo box,ready,1,all_five,images/test_image_01468.jpg,7b1b55f87d1ad48674a87301d9b50f513670d7a32b05d93446571ac4eff6339a
habit_test_01469,003784_01,003784,S7414,task_02,Place the picked Paper togo box onto the Handle tray extended by the person.,Paper togo box,early,0,all_five,images/test_image_01469.jpg,7b1b55f87d1ad48674a87301d9b50f513670d7a32b05d93446571ac4eff6339a
habit_test_01470,003784_01,003784,S7414,task_02,Place the picked Paper togo box onto the Handle tray extended by the person.,Paper togo box,ready,1,all_five,images/test_image_01470.jpg,7b1b55f87d1ad48674a87301d9b50f513670d7a32b05d93446571ac4eff6339a
habit_test_01471,003784_02,003784,S7414,task_02,Place the picked Paper togo box onto the Handle tray extended by the person.,Paper togo box,early,0,all_five,images/test_image_01471.jpg,7b1b55f87d1ad48674a87301d9b50f513670d7a32b05d93446571ac4eff6339a
habit_test_01472,003784_02,003784,S7414,task_02,Place the picked Paper togo box onto the Handle tray extended by the person.,Paper togo box,ready,1,all_five,images/test_image_01472.jpg,7b1b55f87d1ad48674a87301d9b50f513670d7a32b05d93446571ac4eff6339a
habit_test_01473,003785_01,003785,S7414,task_02,Place the picked Paper togo box onto the Handle tray extended by the person.,Paper togo box,early,0,all_five,images/test_image_01473.jpg,7b1b55f87d1ad48674a87301d9b50f513670d7a32b05d93446571ac4eff6339a
habit_test_01474,003785_01,003785,S7414,task_02,Place the picked Paper togo box onto the Handle tray extended by the person.,Paper togo box,ready,1,all_five,images/test_image_01474.jpg,7b1b55f87d1ad48674a87301d9b50f513670d7a32b05d93446571ac4eff6339a
habit_test_01475,003785_02,003785,S7414,task_02,Place the picked Paper togo box onto the Handle tray extended by the person.,Paper togo box,early,0,all_five,images/test_image_01475.jpg,7b1b55f87d1ad48674a87301d9b50f513670d7a32b05d93446571ac4eff6339a
habit_test_01476,003785_02,003785,S7414,task_02,Place the picked Paper togo box onto the Handle tray extended by the person.,Paper togo box,ready,1,all_five,images/test_image_01476.jpg,7b1b55f87d1ad48674a87301d9b50f513670d7a32b05d93446571ac4eff6339a
habit_test_01477,003786_01,003786,S7414,task_02,Place the picked Paper togo box onto the Handle tray extended by the person.,Paper togo box,early,0,all_five,images/test_image_01477.jpg,7b1b55f87d1ad48674a87301d9b50f513670d7a32b05d93446571ac4eff6339a
habit_test_01478,003786_01,003786,S7414,task_02,Place the picked Paper togo box onto the Handle tray extended by the person.,Paper togo box,ready,1,all_five,images/test_image_01478.jpg,7b1b55f87d1ad48674a87301d9b50f513670d7a32b05d93446571ac4eff6339a
habit_test_01479,003786_02,003786,S7414,task_02,Place the picked Paper togo box onto the Handle tray extended by the person.,Paper togo box,early,0,all_five,images/test_image_01479.jpg,7b1b55f87d1ad48674a87301d9b50f513670d7a32b05d93446571ac4eff6339a
habit_test_01480,003786_02,003786,S7414,task_02,Place the picked Paper togo box onto the Handle tray extended by the person.,Paper togo box,ready,1,all_five,images/test_image_01480.jpg,7b1b55f87d1ad48674a87301d9b50f513670d7a32b05d93446571ac4eff6339a
habit_test_01481,003787_01,003787,S7414,task_02,Place the picked Paper togo box onto the Handle tray extended by the person.,Paper togo box,early,0,all_five,images/test_image_01481.jpg,7b1b55f87d1ad48674a87301d9b50f513670d7a32b05d93446571ac4eff6339a
habit_test_01482,003787_01,003787,S7414,task_02,Place the picked Paper togo box onto the Handle tray extended by the person.,Paper togo box,ready,1,all_five,images/test_image_01482.jpg,7b1b55f87d1ad48674a87301d9b50f513670d7a32b05d93446571ac4eff6339a
habit_test_01483,003787_02,003787,S7414,task_02,Place the picked Paper togo box onto the Handle tray extended by the person.,Paper togo box,early,0,all_five,images/test_image_01483.jpg,7b1b55f87d1ad48674a87301d9b50f513670d7a32b05d93446571ac4eff6339a
habit_test_01484,003787_02,003787,S7414,task_02,Place the picked Paper togo box onto the Handle tray extended by the person.,Paper togo box,ready,1,all_five,images/test_image_01484.jpg,7b1b55f87d1ad48674a87301d9b50f513670d7a32b05d93446571ac4eff6339a
habit_test_01485,003788_01,003788,S7414,task_02,Place the picked Paper togo box onto the Handle tray extended by the person.,Paper togo box,early,0,all_five,images/test_image_01485.jpg,7b1b55f87d1ad48674a87301d9b50f513670d7a32b05d93446571ac4eff6339a
habit_test_01486,003788_01,003788,S7414,task_02,Place the picked Paper togo box onto the Handle tray extended by the person.,Paper togo box,ready,1,all_five,images/test_image_01486.jpg,7b1b55f87d1ad48674a87301d9b50f513670d7a32b05d93446571ac4eff6339a
habit_test_01487,003788_02,003788,S7414,task_02,Place the picked Paper togo box onto the Handle tray extended by the person.,Paper togo box,early,0,all_five,images/test_image_01487.jpg,7b1b55f87d1ad48674a87301d9b50f513670d7a32b05d93446571ac4eff6339a
habit_test_01488,003788_02,003788,S7414,task_02,Place the picked Paper togo box onto the Handle tray extended by the person.,Paper togo box,ready,1,all_five,images/test_image_01488.jpg,7b1b55f87d1ad48674a87301d9b50f513670d7a32b05d93446571ac4eff6339a
habit_test_01489,003789_01,003789,S7414,task_02,Place the picked Paper togo box onto the Handle tray extended by the person.,Paper togo box,early,0,all_five,images/test_image_01489.jpg,7b1b55f87d1ad48674a87301d9b50f513670d7a32b05d93446571ac4eff6339a
habit_test_01490,003789_01,003789,S7414,task_02,Place the picked Paper togo box onto the Handle tray extended by the person.,Paper togo box,ready,1,all_five,images/test_image_01490.jpg,7b1b55f87d1ad48674a87301d9b50f513670d7a32b05d93446571ac4eff6339a
habit_test_01491,003789_02,003789,S7414,task_02,Place the picked Paper togo box onto the Handle tray extended by the person.,Paper togo box,early,0,all_five,images/test_image_01491.jpg,7b1b55f87d1ad48674a87301d9b50f513670d7a32b05d93446571ac4eff6339a
habit_test_01492,003789_02,003789,S7414,task_02,Place the picked Paper togo box onto the Handle tray extended by the person.,Paper togo box,ready,1,all_five,images/test_image_01492.jpg,7b1b55f87d1ad48674a87301d9b50f513670d7a32b05d93446571ac4eff6339a
habit_test_01493,003791_01,003791,S7414,task_02,Place the picked Paper togo box onto the Handle tray extended by the person.,Paper togo box,early,0,all_five,images/test_image_01493.jpg,7b1b55f87d1ad48674a87301d9b50f513670d7a32b05d93446571ac4eff6339a
habit_test_01494,003791_01,003791,S7414,task_02,Place the picked Paper togo box onto the Handle tray extended by the person.,Paper togo box,ready,1,all_five,images/test_image_01494.jpg,7b1b55f87d1ad48674a87301d9b50f513670d7a32b05d93446571ac4eff6339a
habit_test_01495,003791_02,003791,S7414,task_02,Place the picked Paper togo box onto the Handle tray extended by the person.,Paper togo box,early,0,all_five,images/test_image_01495.jpg,7b1b55f87d1ad48674a87301d9b50f513670d7a32b05d93446571ac4eff6339a
habit_test_01496,003791_02,003791,S7414,task_02,Place the picked Paper togo box onto the Handle tray extended by the person.,Paper togo box,ready,1,all_five,images/test_image_01496.jpg,7b1b55f87d1ad48674a87301d9b50f513670d7a32b05d93446571ac4eff6339a
habit_test_01497,003793_01,003793,S7414,task_02,Place the picked Paper togo box onto the Handle tray extended by the person.,Paper togo box,early,0,all_five,images/test_image_01497.jpg,7b1b55f87d1ad48674a87301d9b50f513670d7a32b05d93446571ac4eff6339a
habit_test_01498,003793_01,003793,S7414,task_02,Place the picked Paper togo box onto the Handle tray extended by the person.,Paper togo box,ready,1,all_five,images/test_image_01498.jpg,7b1b55f87d1ad48674a87301d9b50f513670d7a32b05d93446571ac4eff6339a
habit_test_01499,003793_02,003793,S7414,task_02,Place the picked Paper togo box onto the Handle tray extended by the person.,Paper togo box,early,0,all_five,images/test_image_01499.jpg,7b1b55f87d1ad48674a87301d9b50f513670d7a32b05d93446571ac4eff6339a
habit_test_01500,003793_02,003793,S7414,task_02,Place the picked Paper togo box onto the Handle tray extended by the person.,Paper togo box,ready,1,all_five,images/test_image_01500.jpg,7b1b55f87d1ad48674a87301d9b50f513670d7a32b05d93446571ac4eff6339a
habit_test_01501,003794_01,003794,S7414,task_02,Place the picked Paper togo box onto the Handle tray extended by the person.,Paper togo box,early,0,all_five,images/test_image_01501.jpg,7b1b55f87d1ad48674a87301d9b50f513670d7a32b05d93446571ac4eff6339a
habit_test_01502,003794_01,003794,S7414,task_02,Place the picked Paper togo box onto the Handle tray extended by the person.,Paper togo box,ready,1,all_five,images/test_image_01502.jpg,7b1b55f87d1ad48674a87301d9b50f513670d7a32b05d93446571ac4eff6339a
habit_test_01503,003794_02,003794,S7414,task_02,Place the picked Paper togo box onto the Handle tray extended by the person.,Paper togo box,early,0,all_five,images/test_image_01503.jpg,7b1b55f87d1ad48674a87301d9b50f513670d7a32b05d93446571ac4eff6339a
habit_test_01504,003794_02,003794,S7414,task_02,Place the picked Paper togo box onto the Handle tray extended by the person.,Paper togo box,ready,1,all_five,images/test_image_01504.jpg,7b1b55f87d1ad48674a87301d9b50f513670d7a32b05d93446571ac4eff6339a
habit_test_01505,003795_01,003795,S7414,task_02,Place the picked Paper togo box onto the Handle tray extended by the person.,Paper togo box,early,0,all_five,images/test_image_01505.jpg,7b1b55f87d1ad48674a87301d9b50f513670d7a32b05d93446571ac4eff6339a
habit_test_01506,003795_01,003795,S7414,task_02,Place the picked Paper togo box onto the Handle tray extended by the person.,Paper togo box,ready,1,all_five,images/test_image_01506.jpg,7b1b55f87d1ad48674a87301d9b50f513670d7a32b05d93446571ac4eff6339a
habit_test_01507,003795_02,003795,S7414,task_02,Place the picked Paper togo box onto the Handle tray extended by the person.,Paper togo box,early,0,all_five,images/test_image_01507.jpg,7b1b55f87d1ad48674a87301d9b50f513670d7a32b05d93446571ac4eff6339a
habit_test_01508,003795_02,003795,S7414,task_02,Place the picked Paper togo box onto the Handle tray extended by the person.,Paper togo box,ready,1,all_five,images/test_image_01508.jpg,7b1b55f87d1ad48674a87301d9b50f513670d7a32b05d93446571ac4eff6339a
habit_test_01509,003796_01,003796,S7414,task_02,Place the picked Paper togo box onto the Handle tray extended by the person.,Paper togo box,early,0,all_five,images/test_image_01509.jpg,7b1b55f87d1ad48674a87301d9b50f513670d7a32b05d93446571ac4eff6339a
habit_test_01510,003796_01,003796,S7414,task_02,Place the picked Paper togo box onto the Handle tray extended by the person.,Paper togo box,ready,1,all_five,images/test_image_01510.jpg,7b1b55f87d1ad48674a87301d9b50f513670d7a32b05d93446571ac4eff6339a
habit_test_01511,003796_02,003796,S7414,task_02,Place the picked Paper togo box onto the Handle tray extended by the person.,Paper togo box,early,0,all_five,images/test_image_01511.jpg,7b1b55f87d1ad48674a87301d9b50f513670d7a32b05d93446571ac4eff6339a
habit_test_01512,003796_02,003796,S7414,task_02,Place the picked Paper togo box onto the Handle tray extended by the person.,Paper togo box,ready,1,all_five,images/test_image_01512.jpg,7b1b55f87d1ad48674a87301d9b50f513670d7a32b05d93446571ac4eff6339a
habit_test_01513,003797_01,003797,S7414,task_02,Place the picked Paper togo box onto the Handle tray extended by the person.,Paper togo box,early,0,all_five,images/test_image_01513.jpg,7b1b55f87d1ad48674a87301d9b50f513670d7a32b05d93446571ac4eff6339a
habit_test_01514,003797_01,003797,S7414,task_02,Place the picked Paper togo box onto the Handle tray extended by the person.,Paper togo box,ready,1,all_five,images/test_image_01514.jpg,7b1b55f87d1ad48674a87301d9b50f513670d7a32b05d93446571ac4eff6339a
habit_test_01515,003797_02,003797,S7414,task_02,Place the picked Paper togo box onto the Handle tray extended by the person.,Paper togo box,early,0,all_five,images/test_image_01515.jpg,7b1b55f87d1ad48674a87301d9b50f513670d7a32b05d93446571ac4eff6339a
habit_test_01516,003797_02,003797,S7414,task_02,Place the picked Paper togo box onto the Handle tray extended by the person.,Paper togo box,ready,1,all_five,images/test_image_01516.jpg,7b1b55f87d1ad48674a87301d9b50f513670d7a32b05d93446571ac4eff6339a
habit_test_01517,003798_01,003798,S7414,task_02,Place the picked Paper togo box onto the Handle tray extended by the person.,Paper togo box,early,0,all_five,images/test_image_01517.jpg,7b1b55f87d1ad48674a87301d9b50f513670d7a32b05d93446571ac4eff6339a
habit_test_01518,003798_01,003798,S7414,task_02,Place the picked Paper togo box onto the Handle tray extended by the person.,Paper togo box,ready,1,all_five,images/test_image_01518.jpg,7b1b55f87d1ad48674a87301d9b50f513670d7a32b05d93446571ac4eff6339a
habit_test_01519,003798_02,003798,S7414,task_02,Place the picked Paper togo box onto the Handle tray extended by the person.,Paper togo box,early,0,all_five,images/test_image_01519.jpg,7b1b55f87d1ad48674a87301d9b50f513670d7a32b05d93446571ac4eff6339a
habit_test_01520,003798_02,003798,S7414,task_02,Place the picked Paper togo box onto the Handle tray extended by the person.,Paper togo box,ready,1,all_five,images/test_image_01520.jpg,7b1b55f87d1ad48674a87301d9b50f513670d7a32b05d93446571ac4eff6339a
habit_test_01521,003799_01,003799,S7414,task_02,Place the picked Paper togo box onto the Handle tray extended by the person.,Paper togo box,early,0,all_five,images/test_image_01521.jpg,7b1b55f87d1ad48674a87301d9b50f513670d7a32b05d93446571ac4eff6339a
habit_test_01522,003799_01,003799,S7414,task_02,Place the picked Paper togo box onto the Handle tray extended by the person.,Paper togo box,ready,1,all_five,images/test_image_01522.jpg,7b1b55f87d1ad48674a87301d9b50f513670d7a32b05d93446571ac4eff6339a
habit_test_01523,003799_02,003799,S7414,task_02,Place the picked Paper togo box onto the Handle tray extended by the person.,Paper togo box,early,0,all_five,images/test_image_01523.jpg,7b1b55f87d1ad48674a87301d9b50f513670d7a32b05d93446571ac4eff6339a
habit_test_01524,003799_02,003799,S7414,task_02,Place the picked Paper togo box onto the Handle tray extended by the person.,Paper togo box,ready,1,all_five,images/test_image_01524.jpg,7b1b55f87d1ad48674a87301d9b50f513670d7a32b05d93446571ac4eff6339a
habit_test_01525,003800_01,003800,S7414,task_02,Place the picked Paper togo box onto the Handle tray extended by the person.,Paper togo box,early,0,all_five,images/test_image_01525.jpg,7b1b55f87d1ad48674a87301d9b50f513670d7a32b05d93446571ac4eff6339a
habit_test_01526,003800_01,003800,S7414,task_02,Place the picked Paper togo box onto the Handle tray extended by the person.,Paper togo box,ready,1,all_five,images/test_image_01526.jpg,7b1b55f87d1ad48674a87301d9b50f513670d7a32b05d93446571ac4eff6339a
habit_test_01527,003800_02,003800,S7414,task_02,Place the picked Paper togo box onto the Handle tray extended by the person.,Paper togo box,early,0,all_five,images/test_image_01527.jpg,7b1b55f87d1ad48674a87301d9b50f513670d7a32b05d93446571ac4eff6339a
habit_test_01528,003800_02,003800,S7414,task_02,Place the picked Paper togo box onto the Handle tray extended by the person.,Paper togo box,ready,1,all_five,images/test_image_01528.jpg,7b1b55f87d1ad48674a87301d9b50f513670d7a32b05d93446571ac4eff6339a
habit_test_01529,004948_01,004948,S6759,task_04,Release the Power Cable when the human grasps it.,Power Cable,early,0,all_five,images/test_image_01529.jpg,9754076860257ecff31c7a32d26627eaae28cd368127e6bd134eba8a7c44d9ad
habit_test_01530,004948_01,004948,S6759,task_04,Release the Power Cable when the human grasps it.,Power Cable,ready,1,all_five,images/test_image_01530.jpg,9754076860257ecff31c7a32d26627eaae28cd368127e6bd134eba8a7c44d9ad
habit_test_01531,004949_01,004949,S6759,task_04,Release the Power Cable when the human grasps it.,Power Cable,early,0,all_five,images/test_image_01531.jpg,9754076860257ecff31c7a32d26627eaae28cd368127e6bd134eba8a7c44d9ad
habit_test_01532,004949_01,004949,S6759,task_04,Release the Power Cable when the human grasps it.,Power Cable,ready,1,all_five,images/test_image_01532.jpg,9754076860257ecff31c7a32d26627eaae28cd368127e6bd134eba8a7c44d9ad
habit_test_01533,004951_01,004951,S6759,task_04,Release the Power Cable when the human grasps it.,Power Cable,early,0,all_five,images/test_image_01533.jpg,9754076860257ecff31c7a32d26627eaae28cd368127e6bd134eba8a7c44d9ad
habit_test_01534,004951_01,004951,S6759,task_04,Release the Power Cable when the human grasps it.,Power Cable,ready,1,all_five,images/test_image_01534.jpg,9754076860257ecff31c7a32d26627eaae28cd368127e6bd134eba8a7c44d9ad
habit_test_01535,004952_01,004952,S6759,task_04,Release the Power Cable when the human grasps it.,Power Cable,early,0,all_five,images/test_image_01535.jpg,9754076860257ecff31c7a32d26627eaae28cd368127e6bd134eba8a7c44d9ad
habit_test_01536,004952_01,004952,S6759,task_04,Release the Power Cable when the human grasps it.,Power Cable,ready,1,all_five,images/test_image_01536.jpg,9754076860257ecff31c7a32d26627eaae28cd368127e6bd134eba8a7c44d9ad
habit_test_01537,004953_01,004953,S6759,task_04,Release the Power Cable when the human grasps it.,Power Cable,early,0,all_five,images/test_image_01537.jpg,9754076860257ecff31c7a32d26627eaae28cd368127e6bd134eba8a7c44d9ad
habit_test_01538,004953_01,004953,S6759,task_04,Release the Power Cable when the human grasps it.,Power Cable,ready,1,all_five,images/test_image_01538.jpg,9754076860257ecff31c7a32d26627eaae28cd368127e6bd134eba8a7c44d9ad
habit_test_01539,004954_01,004954,S6759,task_04,Release the Power Cable when the human grasps it.,Power Cable,early,0,all_five,images/test_image_01539.jpg,9754076860257ecff31c7a32d26627eaae28cd368127e6bd134eba8a7c44d9ad
habit_test_01540,004954_01,004954,S6759,task_04,Release the Power Cable when the human grasps it.,Power Cable,ready,1,all_five,images/test_image_01540.jpg,9754076860257ecff31c7a32d26627eaae28cd368127e6bd134eba8a7c44d9ad
habit_test_01541,004956_01,004956,S6759,task_04,Release the Power Cable when the human grasps it.,Power Cable,early,0,all_five,images/test_image_01541.jpg,9754076860257ecff31c7a32d26627eaae28cd368127e6bd134eba8a7c44d9ad
habit_test_01542,004956_01,004956,S6759,task_04,Release the Power Cable when the human grasps it.,Power Cable,ready,1,all_five,images/test_image_01542.jpg,9754076860257ecff31c7a32d26627eaae28cd368127e6bd134eba8a7c44d9ad
habit_test_01543,004957_01,004957,S6759,task_04,Release the Power Cable when the human grasps it.,Power Cable,early,0,all_five,images/test_image_01543.jpg,9754076860257ecff31c7a32d26627eaae28cd368127e6bd134eba8a7c44d9ad
habit_test_01544,004957_01,004957,S6759,task_04,Release the Power Cable when the human grasps it.,Power Cable,ready,1,all_five,images/test_image_01544.jpg,9754076860257ecff31c7a32d26627eaae28cd368127e6bd134eba8a7c44d9ad
habit_test_01545,004958_01,004958,S6759,task_04,Release the Power Cable when the human grasps it.,Power Cable,early,0,all_five,images/test_image_01545.jpg,9754076860257ecff31c7a32d26627eaae28cd368127e6bd134eba8a7c44d9ad
habit_test_01546,004958_01,004958,S6759,task_04,Release the Power Cable when the human grasps it.,Power Cable,ready,1,all_five,images/test_image_01546.jpg,9754076860257ecff31c7a32d26627eaae28cd368127e6bd134eba8a7c44d9ad
habit_test_01547,004959_01,004959,S6759,task_04,Release the Power Cable when the human grasps it.,Power Cable,early,0,all_five,images/test_image_01547.jpg,9754076860257ecff31c7a32d26627eaae28cd368127e6bd134eba8a7c44d9ad
habit_test_01548,004959_01,004959,S6759,task_04,Release the Power Cable when the human grasps it.,Power Cable,ready,1,all_five,images/test_image_01548.jpg,9754076860257ecff31c7a32d26627eaae28cd368127e6bd134eba8a7c44d9ad
habit_test_01549,004960_01,004960,S6759,task_04,Release the Power Cable when the human grasps it.,Power Cable,early,0,all_five,images/test_image_01549.jpg,9754076860257ecff31c7a32d26627eaae28cd368127e6bd134eba8a7c44d9ad
habit_test_01550,004960_01,004960,S6759,task_04,Release the Power Cable when the human grasps it.,Power Cable,ready,1,all_five,images/test_image_01550.jpg,9754076860257ecff31c7a32d26627eaae28cd368127e6bd134eba8a7c44d9ad
habit_test_01551,004962_01,004962,S6759,task_04,Release the Power Cable when the human grasps it.,Power Cable,early,0,all_five,images/test_image_01551.jpg,9754076860257ecff31c7a32d26627eaae28cd368127e6bd134eba8a7c44d9ad
habit_test_01552,004962_01,004962,S6759,task_04,Release the Power Cable when the human grasps it.,Power Cable,ready,1,all_five,images/test_image_01552.jpg,9754076860257ecff31c7a32d26627eaae28cd368127e6bd134eba8a7c44d9ad
habit_test_01553,004963_01,004963,S6759,task_04,Release the Power Cable when the human grasps it.,Power Cable,early,0,all_five,images/test_image_01553.jpg,9754076860257ecff31c7a32d26627eaae28cd368127e6bd134eba8a7c44d9ad
habit_test_01554,004963_01,004963,S6759,task_04,Release the Power Cable when the human grasps it.,Power Cable,ready,1,all_five,images/test_image_01554.jpg,9754076860257ecff31c7a32d26627eaae28cd368127e6bd134eba8a7c44d9ad
habit_test_01555,004964_01,004964,S6759,task_04,Release the Power Cable when the human grasps it.,Power Cable,early,0,all_five,images/test_image_01555.jpg,9754076860257ecff31c7a32d26627eaae28cd368127e6bd134eba8a7c44d9ad
habit_test_01556,004964_01,004964,S6759,task_04,Release the Power Cable when the human grasps it.,Power Cable,ready,1,all_five,images/test_image_01556.jpg,9754076860257ecff31c7a32d26627eaae28cd368127e6bd134eba8a7c44d9ad
habit_test_01557,004965_01,004965,S6759,task_04,Release the Power Cable when the human grasps it.,Power Cable,early,0,all_five,images/test_image_01557.jpg,9754076860257ecff31c7a32d26627eaae28cd368127e6bd134eba8a7c44d9ad
habit_test_01558,004965_01,004965,S6759,task_04,Release the Power Cable when the human grasps it.,Power Cable,ready,1,all_five,images/test_image_01558.jpg,9754076860257ecff31c7a32d26627eaae28cd368127e6bd134eba8a7c44d9ad
habit_test_01559,004968_01,004968,S6759,task_04,Release the Power Cable when the human grasps it.,Power Cable,early,0,all_five,images/test_image_01559.jpg,9754076860257ecff31c7a32d26627eaae28cd368127e6bd134eba8a7c44d9ad
habit_test_01560,004968_01,004968,S6759,task_04,Release the Power Cable when the human grasps it.,Power Cable,ready,1,all_five,images/test_image_01560.jpg,9754076860257ecff31c7a32d26627eaae28cd368127e6bd134eba8a7c44d9ad
habit_test_01561,004969_01,004969,S6759,task_04,Release the Power Cable when the human grasps it.,Power Cable,early,0,all_five,images/test_image_01561.jpg,9754076860257ecff31c7a32d26627eaae28cd368127e6bd134eba8a7c44d9ad
habit_test_01562,004969_01,004969,S6759,task_04,Release the Power Cable when the human grasps it.,Power Cable,ready,1,all_five,images/test_image_01562.jpg,9754076860257ecff31c7a32d26627eaae28cd368127e6bd134eba8a7c44d9ad
habit_test_01563,004970_01,004970,S6759,task_04,Release the Power Cable when the human grasps it.,Power Cable,early,0,all_five,images/test_image_01563.jpg,9754076860257ecff31c7a32d26627eaae28cd368127e6bd134eba8a7c44d9ad
habit_test_01564,004970_01,004970,S6759,task_04,Release the Power Cable when the human grasps it.,Power Cable,ready,1,all_five,images/test_image_01564.jpg,9754076860257ecff31c7a32d26627eaae28cd368127e6bd134eba8a7c44d9ad
habit_test_01565,004971_01,004971,S6759,task_04,Release the Power Cable when the human grasps it.,Power Cable,early,0,all_five,images/test_image_01565.jpg,9754076860257ecff31c7a32d26627eaae28cd368127e6bd134eba8a7c44d9ad
habit_test_01566,004971_01,004971,S6759,task_04,Release the Power Cable when the human grasps it.,Power Cable,ready,1,all_five,images/test_image_01566.jpg,9754076860257ecff31c7a32d26627eaae28cd368127e6bd134eba8a7c44d9ad
habit_test_01567,004972_01,004972,S6759,task_04,Release the Power Cable when the human grasps it.,Power Cable,early,0,all_five,images/test_image_01567.jpg,9754076860257ecff31c7a32d26627eaae28cd368127e6bd134eba8a7c44d9ad
habit_test_01568,004972_01,004972,S6759,task_04,Release the Power Cable when the human grasps it.,Power Cable,ready,1,all_five,images/test_image_01568.jpg,9754076860257ecff31c7a32d26627eaae28cd368127e6bd134eba8a7c44d9ad
habit_test_01569,004975_01,004975,S6759,task_04,Release the Power Cable when the human grasps it.,Power Cable,early,0,all_five,images/test_image_01569.jpg,9754076860257ecff31c7a32d26627eaae28cd368127e6bd134eba8a7c44d9ad
habit_test_01570,004975_01,004975,S6759,task_04,Release the Power Cable when the human grasps it.,Power Cable,ready,1,all_five,images/test_image_01570.jpg,9754076860257ecff31c7a32d26627eaae28cd368127e6bd134eba8a7c44d9ad
habit_test_01571,004976_01,004976,S6759,task_04,Release the Power Cable when the human grasps it.,Power Cable,early,0,all_five,images/test_image_01571.jpg,9754076860257ecff31c7a32d26627eaae28cd368127e6bd134eba8a7c44d9ad
habit_test_01572,004976_01,004976,S6759,task_04,Release the Power Cable when the human grasps it.,Power Cable,ready,1,all_five,images/test_image_01572.jpg,9754076860257ecff31c7a32d26627eaae28cd368127e6bd134eba8a7c44d9ad
habit_test_01573,004977_01,004977,S6759,task_04,Release the Power Cable when the human grasps it.,Power Cable,early,0,all_five,images/test_image_01573.jpg,9754076860257ecff31c7a32d26627eaae28cd368127e6bd134eba8a7c44d9ad
habit_test_01574,004977_01,004977,S6759,task_04,Release the Power Cable when the human grasps it.,Power Cable,ready,1,all_five,images/test_image_01574.jpg,9754076860257ecff31c7a32d26627eaae28cd368127e6bd134eba8a7c44d9ad
habit_test_01575,004978_01,004978,S6759,task_04,Release the Power Cable when the human grasps it.,Power Cable,early,0,all_five,images/test_image_01575.jpg,9754076860257ecff31c7a32d26627eaae28cd368127e6bd134eba8a7c44d9ad
habit_test_01576,004978_01,004978,S6759,task_04,Release the Power Cable when the human grasps it.,Power Cable,ready,1,all_five,images/test_image_01576.jpg,9754076860257ecff31c7a32d26627eaae28cd368127e6bd134eba8a7c44d9ad
habit_test_01577,004980_01,004980,S6759,task_04,Release the Power Cable when the human grasps it.,Power Cable,early,0,all_five,images/test_image_01577.jpg,9754076860257ecff31c7a32d26627eaae28cd368127e6bd134eba8a7c44d9ad
habit_test_01578,004980_01,004980,S6759,task_04,Release the Power Cable when the human grasps it.,Power Cable,ready,1,all_five,images/test_image_01578.jpg,9754076860257ecff31c7a32d26627eaae28cd368127e6bd134eba8a7c44d9ad
habit_test_01579,004981_01,004981,S6759,task_04,Release the Power Cable when the human grasps it.,Power Cable,early,0,all_five,images/test_image_01579.jpg,9754076860257ecff31c7a32d26627eaae28cd368127e6bd134eba8a7c44d9ad
habit_test_01580,004981_01,004981,S6759,task_04,Release the Power Cable when the human grasps it.,Power Cable,ready,1,all_five,images/test_image_01580.jpg,9754076860257ecff31c7a32d26627eaae28cd368127e6bd134eba8a7c44d9ad
habit_test_01581,004982_01,004982,S6759,task_04,Release the Power Cable when the human grasps it.,Power Cable,early,0,all_five,images/test_image_01581.jpg,9754076860257ecff31c7a32d26627eaae28cd368127e6bd134eba8a7c44d9ad
habit_test_01582,004982_01,004982,S6759,task_04,Release the Power Cable when the human grasps it.,Power Cable,ready,1,all_five,images/test_image_01582.jpg,9754076860257ecff31c7a32d26627eaae28cd368127e6bd134eba8a7c44d9ad
habit_test_01583,004983_01,004983,S6759,task_04,Release the Power Cable when the human grasps it.,Power Cable,early,0,all_five,images/test_image_01583.jpg,9754076860257ecff31c7a32d26627eaae28cd368127e6bd134eba8a7c44d9ad
habit_test_01584,004983_01,004983,S6759,task_04,Release the Power Cable when the human grasps it.,Power Cable,ready,1,all_five,images/test_image_01584.jpg,9754076860257ecff31c7a32d26627eaae28cd368127e6bd134eba8a7c44d9ad
habit_test_01585,004984_01,004984,S6759,task_04,Release the Power Cable when the human grasps it.,Power Cable,early,0,all_five,images/test_image_01585.jpg,9754076860257ecff31c7a32d26627eaae28cd368127e6bd134eba8a7c44d9ad
habit_test_01586,004984_01,004984,S6759,task_04,Release the Power Cable when the human grasps it.,Power Cable,ready,1,all_five,images/test_image_01586.jpg,9754076860257ecff31c7a32d26627eaae28cd368127e6bd134eba8a7c44d9ad
habit_test_01587,004986_01,004986,S6759,task_04,Release the Power Cable when the human grasps it.,Power Cable,early,0,all_five,images/test_image_01587.jpg,9754076860257ecff31c7a32d26627eaae28cd368127e6bd134eba8a7c44d9ad
habit_test_01588,004986_01,004986,S6759,task_04,Release the Power Cable when the human grasps it.,Power Cable,ready,1,all_five,images/test_image_01588.jpg,9754076860257ecff31c7a32d26627eaae28cd368127e6bd134eba8a7c44d9ad
habit_test_01589,004987_01,004987,S6759,task_04,Release the Power Cable when the human grasps it.,Power Cable,early,0,all_five,images/test_image_01589.jpg,9754076860257ecff31c7a32d26627eaae28cd368127e6bd134eba8a7c44d9ad
habit_test_01590,004987_01,004987,S6759,task_04,Release the Power Cable when the human grasps it.,Power Cable,ready,1,all_five,images/test_image_01590.jpg,9754076860257ecff31c7a32d26627eaae28cd368127e6bd134eba8a7c44d9ad
habit_test_01591,004988_01,004988,S6759,task_04,Release the Power Cable when the human grasps it.,Power Cable,early,0,all_five,images/test_image_01591.jpg,9754076860257ecff31c7a32d26627eaae28cd368127e6bd134eba8a7c44d9ad
habit_test_01592,004988_01,004988,S6759,task_04,Release the Power Cable when the human grasps it.,Power Cable,ready,1,all_five,images/test_image_01592.jpg,9754076860257ecff31c7a32d26627eaae28cd368127e6bd134eba8a7c44d9ad
habit_test_01593,004989_01,004989,S6759,task_04,Release the Power Cable when the human grasps it.,Power Cable,early,0,all_five,images/test_image_01593.jpg,9754076860257ecff31c7a32d26627eaae28cd368127e6bd134eba8a7c44d9ad
habit_test_01594,004989_01,004989,S6759,task_04,Release the Power Cable when the human grasps it.,Power Cable,ready,1,all_five,images/test_image_01594.jpg,9754076860257ecff31c7a32d26627eaae28cd368127e6bd134eba8a7c44d9ad
habit_test_01595,004990_01,004990,S6759,task_04,Release the Power Cable when the human grasps it.,Power Cable,early,0,all_five,images/test_image_01595.jpg,9754076860257ecff31c7a32d26627eaae28cd368127e6bd134eba8a7c44d9ad
habit_test_01596,004990_01,004990,S6759,task_04,Release the Power Cable when the human grasps it.,Power Cable,ready,1,all_five,images/test_image_01596.jpg,9754076860257ecff31c7a32d26627eaae28cd368127e6bd134eba8a7c44d9ad
habit_test_01597,004991_01,004991,S6759,task_04,Release the Power Cable when the human grasps it.,Power Cable,early,0,all_five,images/test_image_01597.jpg,9754076860257ecff31c7a32d26627eaae28cd368127e6bd134eba8a7c44d9ad
habit_test_01598,004991_01,004991,S6759,task_04,Release the Power Cable when the human grasps it.,Power Cable,ready,1,all_five,images/test_image_01598.jpg,9754076860257ecff31c7a32d26627eaae28cd368127e6bd134eba8a7c44d9ad
habit_test_01599,004992_01,004992,S6759,task_04,Release the Power Cable when the human grasps it.,Power Cable,early,0,all_five,images/test_image_01599.jpg,9754076860257ecff31c7a32d26627eaae28cd368127e6bd134eba8a7c44d9ad
habit_test_01600,004992_01,004992,S6759,task_04,Release the Power Cable when the human grasps it.,Power Cable,ready,1,all_five,images/test_image_01600.jpg,9754076860257ecff31c7a32d26627eaae28cd368127e6bd134eba8a7c44d9ad
habit_test_01601,004993_01,004993,S6759,task_04,Release the Power Cable when the human grasps it.,Power Cable,early,0,all_five,images/test_image_01601.jpg,9754076860257ecff31c7a32d26627eaae28cd368127e6bd134eba8a7c44d9ad
habit_test_01602,004993_01,004993,S6759,task_04,Release the Power Cable when the human grasps it.,Power Cable,ready,1,all_five,images/test_image_01602.jpg,9754076860257ecff31c7a32d26627eaae28cd368127e6bd134eba8a7c44d9ad
habit_test_01603,004995_01,004995,S6759,task_04,Release the Power Cable when the human grasps it.,Power Cable,early,0,all_five,images/test_image_01603.jpg,9754076860257ecff31c7a32d26627eaae28cd368127e6bd134eba8a7c44d9ad
habit_test_01604,004995_01,004995,S6759,task_04,Release the Power Cable when the human grasps it.,Power Cable,ready,1,all_five,images/test_image_01604.jpg,9754076860257ecff31c7a32d26627eaae28cd368127e6bd134eba8a7c44d9ad
habit_test_01605,004996_01,004996,S6759,task_04,Release the Power Cable when the human grasps it.,Power Cable,early,0,all_five,images/test_image_01605.jpg,9754076860257ecff31c7a32d26627eaae28cd368127e6bd134eba8a7c44d9ad
habit_test_01606,004996_01,004996,S6759,task_04,Release the Power Cable when the human grasps it.,Power Cable,ready,1,all_five,images/test_image_01606.jpg,9754076860257ecff31c7a32d26627eaae28cd368127e6bd134eba8a7c44d9ad
habit_test_01607,005410_01,005410,S6759,task_04,Release the Power Cable when the human grasps it.,Power Cable,early,0,all_five,images/test_image_01607.jpg,9754076860257ecff31c7a32d26627eaae28cd368127e6bd134eba8a7c44d9ad
habit_test_01608,005410_01,005410,S6759,task_04,Release the Power Cable when the human grasps it.,Power Cable,ready,1,all_five,images/test_image_01608.jpg,9754076860257ecff31c7a32d26627eaae28cd368127e6bd134eba8a7c44d9ad
habit_test_01609,005413_01,005413,S6759,task_04,Release the Power Cable when the human grasps it.,Power Cable,early,0,all_five,images/test_image_01609.jpg,9754076860257ecff31c7a32d26627eaae28cd368127e6bd134eba8a7c44d9ad
habit_test_01610,005413_01,005413,S6759,task_04,Release the Power Cable when the human grasps it.,Power Cable,ready,1,all_five,images/test_image_01610.jpg,9754076860257ecff31c7a32d26627eaae28cd368127e6bd134eba8a7c44d9ad
habit_test_01611,005414_01,005414,S6759,task_04,Release the Power Cable when the human grasps it.,Power Cable,early,0,all_five,images/test_image_01611.jpg,9754076860257ecff31c7a32d26627eaae28cd368127e6bd134eba8a7c44d9ad
habit_test_01612,005414_01,005414,S6759,task_04,Release the Power Cable when the human grasps it.,Power Cable,ready,1,all_five,images/test_image_01612.jpg,9754076860257ecff31c7a32d26627eaae28cd368127e6bd134eba8a7c44d9ad
habit_test_01613,005416_01,005416,S6759,task_04,Release the Power Cable when the human grasps it.,Power Cable,early,0,all_five,images/test_image_01613.jpg,9754076860257ecff31c7a32d26627eaae28cd368127e6bd134eba8a7c44d9ad
habit_test_01614,005416_01,005416,S6759,task_04,Release the Power Cable when the human grasps it.,Power Cable,ready,1,all_five,images/test_image_01614.jpg,9754076860257ecff31c7a32d26627eaae28cd368127e6bd134eba8a7c44d9ad
habit_test_01615,005417_01,005417,S6759,task_04,Release the Power Cable when the human grasps it.,Power Cable,early,0,all_five,images/test_image_01615.jpg,9754076860257ecff31c7a32d26627eaae28cd368127e6bd134eba8a7c44d9ad
habit_test_01616,005417_01,005417,S6759,task_04,Release the Power Cable when the human grasps it.,Power Cable,ready,1,all_five,images/test_image_01616.jpg,9754076860257ecff31c7a32d26627eaae28cd368127e6bd134eba8a7c44d9ad
habit_test_01617,005418_01,005418,S6759,task_04,Release the Power Cable when the human grasps it.,Power Cable,early,0,all_five,images/test_image_01617.jpg,9754076860257ecff31c7a32d26627eaae28cd368127e6bd134eba8a7c44d9ad
habit_test_01618,005418_01,005418,S6759,task_04,Release the Power Cable when the human grasps it.,Power Cable,ready,1,all_five,images/test_image_01618.jpg,9754076860257ecff31c7a32d26627eaae28cd368127e6bd134eba8a7c44d9ad
habit_test_01619,005419_01,005419,S6759,task_04,Release the Power Cable when the human grasps it.,Power Cable,early,0,all_five,images/test_image_01619.jpg,9754076860257ecff31c7a32d26627eaae28cd368127e6bd134eba8a7c44d9ad
habit_test_01620,005419_01,005419,S6759,task_04,Release the Power Cable when the human grasps it.,Power Cable,ready,1,all_five,images/test_image_01620.jpg,9754076860257ecff31c7a32d26627eaae28cd368127e6bd134eba8a7c44d9ad
habit_test_01621,005421_01,005421,S6759,task_04,Release the Power Cable when the human grasps it.,Power Cable,early,0,all_five,images/test_image_01621.jpg,9754076860257ecff31c7a32d26627eaae28cd368127e6bd134eba8a7c44d9ad
habit_test_01622,005421_01,005421,S6759,task_04,Release the Power Cable when the human grasps it.,Power Cable,ready,1,all_five,images/test_image_01622.jpg,9754076860257ecff31c7a32d26627eaae28cd368127e6bd134eba8a7c44d9ad
habit_test_01623,005422_01,005422,S6759,task_04,Release the Power Cable when the human grasps it.,Power Cable,early,0,all_five,images/test_image_01623.jpg,9754076860257ecff31c7a32d26627eaae28cd368127e6bd134eba8a7c44d9ad
habit_test_01624,005422_01,005422,S6759,task_04,Release the Power Cable when the human grasps it.,Power Cable,ready,1,all_five,images/test_image_01624.jpg,9754076860257ecff31c7a32d26627eaae28cd368127e6bd134eba8a7c44d9ad
habit_test_01625,005423_01,005423,S6759,task_04,Release the Power Cable when the human grasps it.,Power Cable,early,0,all_five,images/test_image_01625.jpg,9754076860257ecff31c7a32d26627eaae28cd368127e6bd134eba8a7c44d9ad
habit_test_01626,005423_01,005423,S6759,task_04,Release the Power Cable when the human grasps it.,Power Cable,ready,1,all_five,images/test_image_01626.jpg,9754076860257ecff31c7a32d26627eaae28cd368127e6bd134eba8a7c44d9ad
habit_test_01627,005424_01,005424,S6759,task_04,Release the Power Cable when the human grasps it.,Power Cable,early,0,all_five,images/test_image_01627.jpg,9754076860257ecff31c7a32d26627eaae28cd368127e6bd134eba8a7c44d9ad
habit_test_01628,005424_01,005424,S6759,task_04,Release the Power Cable when the human grasps it.,Power Cable,ready,1,all_five,images/test_image_01628.jpg,9754076860257ecff31c7a32d26627eaae28cd368127e6bd134eba8a7c44d9ad
habit_test_01629,005425_01,005425,S6759,task_04,Release the Power Cable when the human grasps it.,Power Cable,early,0,all_five,images/test_image_01629.jpg,9754076860257ecff31c7a32d26627eaae28cd368127e6bd134eba8a7c44d9ad
habit_test_01630,005425_01,005425,S6759,task_04,Release the Power Cable when the human grasps it.,Power Cable,ready,1,all_five,images/test_image_01630.jpg,9754076860257ecff31c7a32d26627eaae28cd368127e6bd134eba8a7c44d9ad
habit_test_01631,005427_01,005427,S6759,task_04,Release the Power Cable when the human grasps it.,Power Cable,early,0,all_five,images/test_image_01631.jpg,9754076860257ecff31c7a32d26627eaae28cd368127e6bd134eba8a7c44d9ad
habit_test_01632,005427_01,005427,S6759,task_04,Release the Power Cable when the human grasps it.,Power Cable,ready,1,all_five,images/test_image_01632.jpg,9754076860257ecff31c7a32d26627eaae28cd368127e6bd134eba8a7c44d9ad
habit_test_01633,005428_01,005428,S6759,task_04,Release the Power Cable when the human grasps it.,Power Cable,early,0,all_five,images/test_image_01633.jpg,9754076860257ecff31c7a32d26627eaae28cd368127e6bd134eba8a7c44d9ad
habit_test_01634,005428_01,005428,S6759,task_04,Release the Power Cable when the human grasps it.,Power Cable,ready,1,all_five,images/test_image_01634.jpg,9754076860257ecff31c7a32d26627eaae28cd368127e6bd134eba8a7c44d9ad
habit_test_01635,005429_01,005429,S6759,task_04,Release the Power Cable when the human grasps it.,Power Cable,early,0,all_five,images/test_image_01635.jpg,9754076860257ecff31c7a32d26627eaae28cd368127e6bd134eba8a7c44d9ad
habit_test_01636,005429_01,005429,S6759,task_04,Release the Power Cable when the human grasps it.,Power Cable,ready,1,all_five,images/test_image_01636.jpg,9754076860257ecff31c7a32d26627eaae28cd368127e6bd134eba8a7c44d9ad
habit_test_01637,005430_01,005430,S6759,task_04,Release the Power Cable when the human grasps it.,Power Cable,early,0,all_five,images/test_image_01637.jpg,9754076860257ecff31c7a32d26627eaae28cd368127e6bd134eba8a7c44d9ad
habit_test_01638,005430_01,005430,S6759,task_04,Release the Power Cable when the human grasps it.,Power Cable,ready,1,all_five,images/test_image_01638.jpg,9754076860257ecff31c7a32d26627eaae28cd368127e6bd134eba8a7c44d9ad
habit_test_01639,005431_01,005431,S6759,task_04,Release the Power Cable when the human grasps it.,Power Cable,early,0,all_five,images/test_image_01639.jpg,9754076860257ecff31c7a32d26627eaae28cd368127e6bd134eba8a7c44d9ad
habit_test_01640,005431_01,005431,S6759,task_04,Release the Power Cable when the human grasps it.,Power Cable,ready,1,all_five,images/test_image_01640.jpg,9754076860257ecff31c7a32d26627eaae28cd368127e6bd134eba8a7c44d9ad
habit_test_01641,005432_01,005432,S6759,task_04,Release the Power Cable when the human grasps it.,Power Cable,early,0,all_five,images/test_image_01641.jpg,9754076860257ecff31c7a32d26627eaae28cd368127e6bd134eba8a7c44d9ad
habit_test_01642,005432_01,005432,S6759,task_04,Release the Power Cable when the human grasps it.,Power Cable,ready,1,all_five,images/test_image_01642.jpg,9754076860257ecff31c7a32d26627eaae28cd368127e6bd134eba8a7c44d9ad
habit_test_01643,005433_01,005433,S6759,task_04,Release the Power Cable when the human grasps it.,Power Cable,early,0,all_five,images/test_image_01643.jpg,9754076860257ecff31c7a32d26627eaae28cd368127e6bd134eba8a7c44d9ad
habit_test_01644,005433_01,005433,S6759,task_04,Release the Power Cable when the human grasps it.,Power Cable,ready,1,all_five,images/test_image_01644.jpg,9754076860257ecff31c7a32d26627eaae28cd368127e6bd134eba8a7c44d9ad
habit_test_01645,005434_01,005434,S6759,task_04,Release the Power Cable when the human grasps it.,Power Cable,early,0,all_five,images/test_image_01645.jpg,9754076860257ecff31c7a32d26627eaae28cd368127e6bd134eba8a7c44d9ad
habit_test_01646,005434_01,005434,S6759,task_04,Release the Power Cable when the human grasps it.,Power Cable,ready,1,all_five,images/test_image_01646.jpg,9754076860257ecff31c7a32d26627eaae28cd368127e6bd134eba8a7c44d9ad
habit_test_01647,005435_01,005435,S6759,task_04,Release the Power Cable when the human grasps it.,Power Cable,early,0,all_five,images/test_image_01647.jpg,9754076860257ecff31c7a32d26627eaae28cd368127e6bd134eba8a7c44d9ad
habit_test_01648,005435_01,005435,S6759,task_04,Release the Power Cable when the human grasps it.,Power Cable,ready,1,all_five,images/test_image_01648.jpg,9754076860257ecff31c7a32d26627eaae28cd368127e6bd134eba8a7c44d9ad
habit_test_01649,005436_01,005436,S6759,task_04,Release the Power Cable when the human grasps it.,Power Cable,early,0,all_five,images/test_image_01649.jpg,9754076860257ecff31c7a32d26627eaae28cd368127e6bd134eba8a7c44d9ad
habit_test_01650,005436_01,005436,S6759,task_04,Release the Power Cable when the human grasps it.,Power Cable,ready,1,all_five,images/test_image_01650.jpg,9754076860257ecff31c7a32d26627eaae28cd368127e6bd134eba8a7c44d9ad
habit_test_01651,005437_01,005437,S6759,task_04,Release the Power Cable when the human grasps it.,Power Cable,early,0,all_five,images/test_image_01651.jpg,9754076860257ecff31c7a32d26627eaae28cd368127e6bd134eba8a7c44d9ad
habit_test_01652,005437_01,005437,S6759,task_04,Release the Power Cable when the human grasps it.,Power Cable,ready,1,all_five,images/test_image_01652.jpg,9754076860257ecff31c7a32d26627eaae28cd368127e6bd134eba8a7c44d9ad
habit_test_01653,005439_01,005439,S6759,task_04,Release the Power Cable when the human grasps it.,Power Cable,early,0,all_five,images/test_image_01653.jpg,9754076860257ecff31c7a32d26627eaae28cd368127e6bd134eba8a7c44d9ad
habit_test_01654,005439_01,005439,S6759,task_04,Release the Power Cable when the human grasps it.,Power Cable,ready,1,all_five,images/test_image_01654.jpg,9754076860257ecff31c7a32d26627eaae28cd368127e6bd134eba8a7c44d9ad
habit_test_01655,005440_01,005440,S6759,task_04,Release the Power Cable when the human grasps it.,Power Cable,early,0,all_five,images/test_image_01655.jpg,9754076860257ecff31c7a32d26627eaae28cd368127e6bd134eba8a7c44d9ad
habit_test_01656,005440_01,005440,S6759,task_04,Release the Power Cable when the human grasps it.,Power Cable,ready,1,all_five,images/test_image_01656.jpg,9754076860257ecff31c7a32d26627eaae28cd368127e6bd134eba8a7c44d9ad
habit_test_01657,005441_01,005441,S6759,task_04,Release the Power Cable when the human grasps it.,Power Cable,early,0,all_five,images/test_image_01657.jpg,9754076860257ecff31c7a32d26627eaae28cd368127e6bd134eba8a7c44d9ad
habit_test_01658,005441_01,005441,S6759,task_04,Release the Power Cable when the human grasps it.,Power Cable,ready,1,all_five,images/test_image_01658.jpg,9754076860257ecff31c7a32d26627eaae28cd368127e6bd134eba8a7c44d9ad
habit_test_01659,005442_01,005442,S6759,task_04,Release the Power Cable when the human grasps it.,Power Cable,early,0,all_five,images/test_image_01659.jpg,9754076860257ecff31c7a32d26627eaae28cd368127e6bd134eba8a7c44d9ad
habit_test_01660,005442_01,005442,S6759,task_04,Release the Power Cable when the human grasps it.,Power Cable,ready,1,all_five,images/test_image_01660.jpg,9754076860257ecff31c7a32d26627eaae28cd368127e6bd134eba8a7c44d9ad
habit_test_01661,005443_01,005443,S6759,task_04,Release the Power Cable when the human grasps it.,Power Cable,early,0,all_five,images/test_image_01661.jpg,9754076860257ecff31c7a32d26627eaae28cd368127e6bd134eba8a7c44d9ad
habit_test_01662,005443_01,005443,S6759,task_04,Release the Power Cable when the human grasps it.,Power Cable,ready,1,all_five,images/test_image_01662.jpg,9754076860257ecff31c7a32d26627eaae28cd368127e6bd134eba8a7c44d9ad
habit_test_01663,005444_01,005444,S6759,task_04,Release the Power Cable when the human grasps it.,Power Cable,early,0,all_five,images/test_image_01663.jpg,9754076860257ecff31c7a32d26627eaae28cd368127e6bd134eba8a7c44d9ad
habit_test_01664,005444_01,005444,S6759,task_04,Release the Power Cable when the human grasps it.,Power Cable,ready,1,all_five,images/test_image_01664.jpg,9754076860257ecff31c7a32d26627eaae28cd368127e6bd134eba8a7c44d9ad
habit_test_01665,005446_01,005446,S6759,task_04,Release the Power Cable when the human grasps it.,Power Cable,early,0,all_five,images/test_image_01665.jpg,9754076860257ecff31c7a32d26627eaae28cd368127e6bd134eba8a7c44d9ad
habit_test_01666,005446_01,005446,S6759,task_04,Release the Power Cable when the human grasps it.,Power Cable,ready,1,all_five,images/test_image_01666.jpg,9754076860257ecff31c7a32d26627eaae28cd368127e6bd134eba8a7c44d9ad
habit_test_01667,005447_01,005447,S6759,task_04,Release the Power Cable when the human grasps it.,Power Cable,early,0,all_five,images/test_image_01667.jpg,9754076860257ecff31c7a32d26627eaae28cd368127e6bd134eba8a7c44d9ad
habit_test_01668,005447_01,005447,S6759,task_04,Release the Power Cable when the human grasps it.,Power Cable,ready,1,all_five,images/test_image_01668.jpg,9754076860257ecff31c7a32d26627eaae28cd368127e6bd134eba8a7c44d9ad
habit_test_01669,005448_01,005448,S6759,task_04,Release the Power Cable when the human grasps it.,Power Cable,early,0,all_five,images/test_image_01669.jpg,9754076860257ecff31c7a32d26627eaae28cd368127e6bd134eba8a7c44d9ad
habit_test_01670,005448_01,005448,S6759,task_04,Release the Power Cable when the human grasps it.,Power Cable,ready,1,all_five,images/test_image_01670.jpg,9754076860257ecff31c7a32d26627eaae28cd368127e6bd134eba8a7c44d9ad
habit_test_01671,005449_01,005449,S6759,task_04,Release the Power Cable when the human grasps it.,Power Cable,early,0,all_five,images/test_image_01671.jpg,9754076860257ecff31c7a32d26627eaae28cd368127e6bd134eba8a7c44d9ad
habit_test_01672,005449_01,005449,S6759,task_04,Release the Power Cable when the human grasps it.,Power Cable,ready,1,all_five,images/test_image_01672.jpg,9754076860257ecff31c7a32d26627eaae28cd368127e6bd134eba8a7c44d9ad
habit_test_01673,005450_01,005450,S6759,task_04,Release the Power Cable when the human grasps it.,Power Cable,early,0,all_five,images/test_image_01673.jpg,9754076860257ecff31c7a32d26627eaae28cd368127e6bd134eba8a7c44d9ad
habit_test_01674,005450_01,005450,S6759,task_04,Release the Power Cable when the human grasps it.,Power Cable,ready,1,all_five,images/test_image_01674.jpg,9754076860257ecff31c7a32d26627eaae28cd368127e6bd134eba8a7c44d9ad
habit_test_01675,005453_01,005453,S6759,task_04,Release the Power Cable when the human grasps it.,Power Cable,early,0,all_five,images/test_image_01675.jpg,9754076860257ecff31c7a32d26627eaae28cd368127e6bd134eba8a7c44d9ad
habit_test_01676,005453_01,005453,S6759,task_04,Release the Power Cable when the human grasps it.,Power Cable,ready,1,all_five,images/test_image_01676.jpg,9754076860257ecff31c7a32d26627eaae28cd368127e6bd134eba8a7c44d9ad
habit_test_01677,005454_01,005454,S6759,task_04,Release the Power Cable when the human grasps it.,Power Cable,early,0,all_five,images/test_image_01677.jpg,9754076860257ecff31c7a32d26627eaae28cd368127e6bd134eba8a7c44d9ad
habit_test_01678,005454_01,005454,S6759,task_04,Release the Power Cable when the human grasps it.,Power Cable,ready,1,all_five,images/test_image_01678.jpg,9754076860257ecff31c7a32d26627eaae28cd368127e6bd134eba8a7c44d9ad
habit_test_01679,005455_01,005455,S6759,task_04,Release the Power Cable when the human grasps it.,Power Cable,early,0,all_five,images/test_image_01679.jpg,9754076860257ecff31c7a32d26627eaae28cd368127e6bd134eba8a7c44d9ad
habit_test_01680,005455_01,005455,S6759,task_04,Release the Power Cable when the human grasps it.,Power Cable,ready,1,all_five,images/test_image_01680.jpg,9754076860257ecff31c7a32d26627eaae28cd368127e6bd134eba8a7c44d9ad
habit_test_01681,005456_01,005456,S6759,task_04,Release the Power Cable when the human grasps it.,Power Cable,early,0,all_five,images/test_image_01681.jpg,9754076860257ecff31c7a32d26627eaae28cd368127e6bd134eba8a7c44d9ad
habit_test_01682,005456_01,005456,S6759,task_04,Release the Power Cable when the human grasps it.,Power Cable,ready,1,all_five,images/test_image_01682.jpg,9754076860257ecff31c7a32d26627eaae28cd368127e6bd134eba8a7c44d9ad
habit_test_01683,005457_01,005457,S6759,task_04,Release the Power Cable when the human grasps it.,Power Cable,early,0,all_five,images/test_image_01683.jpg,9754076860257ecff31c7a32d26627eaae28cd368127e6bd134eba8a7c44d9ad
habit_test_01684,005457_01,005457,S6759,task_04,Release the Power Cable when the human grasps it.,Power Cable,ready,1,all_five,images/test_image_01684.jpg,9754076860257ecff31c7a32d26627eaae28cd368127e6bd134eba8a7c44d9ad
habit_test_01685,005458_01,005458,S6759,task_04,Release the Power Cable when the human grasps it.,Power Cable,early,0,all_five,images/test_image_01685.jpg,9754076860257ecff31c7a32d26627eaae28cd368127e6bd134eba8a7c44d9ad
habit_test_01686,005458_01,005458,S6759,task_04,Release the Power Cable when the human grasps it.,Power Cable,ready,1,all_five,images/test_image_01686.jpg,9754076860257ecff31c7a32d26627eaae28cd368127e6bd134eba8a7c44d9ad
habit_test_01687,005459_01,005459,S6759,task_04,Release the Power Cable when the human grasps it.,Power Cable,early,0,all_five,images/test_image_01687.jpg,9754076860257ecff31c7a32d26627eaae28cd368127e6bd134eba8a7c44d9ad
habit_test_01688,005459_01,005459,S6759,task_04,Release the Power Cable when the human grasps it.,Power Cable,ready,1,all_five,images/test_image_01688.jpg,9754076860257ecff31c7a32d26627eaae28cd368127e6bd134eba8a7c44d9ad
habit_test_01689,005460_01,005460,S6759,task_04,Release the Power Cable when the human grasps it.,Power Cable,early,0,all_five,images/test_image_01689.jpg,9754076860257ecff31c7a32d26627eaae28cd368127e6bd134eba8a7c44d9ad
habit_test_01690,005460_01,005460,S6759,task_04,Release the Power Cable when the human grasps it.,Power Cable,ready,1,all_five,images/test_image_01690.jpg,9754076860257ecff31c7a32d26627eaae28cd368127e6bd134eba8a7c44d9ad
habit_test_01691,005461_01,005461,S6759,task_04,Release the Power Cable when the human grasps it.,Power Cable,early,0,all_five,images/test_image_01691.jpg,9754076860257ecff31c7a32d26627eaae28cd368127e6bd134eba8a7c44d9ad
habit_test_01692,005461_01,005461,S6759,task_04,Release the Power Cable when the human grasps it.,Power Cable,ready,1,all_five,images/test_image_01692.jpg,9754076860257ecff31c7a32d26627eaae28cd368127e6bd134eba8a7c44d9ad
habit_test_01693,005462_01,005462,S6759,task_04,Release the Power Cable when the human grasps it.,Power Cable,early,0,all_five,images/test_image_01693.jpg,9754076860257ecff31c7a32d26627eaae28cd368127e6bd134eba8a7c44d9ad
habit_test_01694,005462_01,005462,S6759,task_04,Release the Power Cable when the human grasps it.,Power Cable,ready,1,all_five,images/test_image_01694.jpg,9754076860257ecff31c7a32d26627eaae28cd368127e6bd134eba8a7c44d9ad
habit_test_01695,005463_01,005463,S6759,task_04,Release the Power Cable when the human grasps it.,Power Cable,early,0,all_five,images/test_image_01695.jpg,9754076860257ecff31c7a32d26627eaae28cd368127e6bd134eba8a7c44d9ad
habit_test_01696,005463_01,005463,S6759,task_04,Release the Power Cable when the human grasps it.,Power Cable,ready,1,all_five,images/test_image_01696.jpg,9754076860257ecff31c7a32d26627eaae28cd368127e6bd134eba8a7c44d9ad
habit_test_01697,005465_01,005465,S6759,task_04,Release the Power Cable when the human grasps it.,Power Cable,early,0,all_five,images/test_image_01697.jpg,9754076860257ecff31c7a32d26627eaae28cd368127e6bd134eba8a7c44d9ad
habit_test_01698,005465_01,005465,S6759,task_04,Release the Power Cable when the human grasps it.,Power Cable,ready,1,all_five,images/test_image_01698.jpg,9754076860257ecff31c7a32d26627eaae28cd368127e6bd134eba8a7c44d9ad
habit_test_01699,005466_01,005466,S6759,task_04,Release the Power Cable when the human grasps it.,Power Cable,early,0,all_five,images/test_image_01699.jpg,9754076860257ecff31c7a32d26627eaae28cd368127e6bd134eba8a7c44d9ad
habit_test_01700,005466_01,005466,S6759,task_04,Release the Power Cable when the human grasps it.,Power Cable,ready,1,all_five,images/test_image_01700.jpg,9754076860257ecff31c7a32d26627eaae28cd368127e6bd134eba8a7c44d9ad
habit_test_01701,005467_01,005467,S6759,task_04,Release the Power Cable when the human grasps it.,Power Cable,early,0,all_five,images/test_image_01701.jpg,9754076860257ecff31c7a32d26627eaae28cd368127e6bd134eba8a7c44d9ad
habit_test_01702,005467_01,005467,S6759,task_04,Release the Power Cable when the human grasps it.,Power Cable,ready,1,all_five,images/test_image_01702.jpg,9754076860257ecff31c7a32d26627eaae28cd368127e6bd134eba8a7c44d9ad
habit_test_01703,005468_01,005468,S6759,task_04,Release the Power Cable when the human grasps it.,Power Cable,early,0,all_five,images/test_image_01703.jpg,9754076860257ecff31c7a32d26627eaae28cd368127e6bd134eba8a7c44d9ad
habit_test_01704,005468_01,005468,S6759,task_04,Release the Power Cable when the human grasps it.,Power Cable,ready,1,all_five,images/test_image_01704.jpg,9754076860257ecff31c7a32d26627eaae28cd368127e6bd134eba8a7c44d9ad
habit_test_01705,005469_01,005469,S6759,task_04,Release the Power Cable when the human grasps it.,Power Cable,early,0,all_five,images/test_image_01705.jpg,9754076860257ecff31c7a32d26627eaae28cd368127e6bd134eba8a7c44d9ad
habit_test_01706,005469_01,005469,S6759,task_04,Release the Power Cable when the human grasps it.,Power Cable,ready,1,all_five,images/test_image_01706.jpg,9754076860257ecff31c7a32d26627eaae28cd368127e6bd134eba8a7c44d9ad
habit_test_01707,005470_01,005470,S6759,task_04,Release the Power Cable when the human grasps it.,Power Cable,early,0,all_five,images/test_image_01707.jpg,9754076860257ecff31c7a32d26627eaae28cd368127e6bd134eba8a7c44d9ad
habit_test_01708,005470_01,005470,S6759,task_04,Release the Power Cable when the human grasps it.,Power Cable,ready,1,all_five,images/test_image_01708.jpg,9754076860257ecff31c7a32d26627eaae28cd368127e6bd134eba8a7c44d9ad
habit_test_01709,005471_01,005471,S6759,task_04,Release the Power Cable when the human grasps it.,Power Cable,early,0,all_five,images/test_image_01709.jpg,9754076860257ecff31c7a32d26627eaae28cd368127e6bd134eba8a7c44d9ad
habit_test_01710,005471_01,005471,S6759,task_04,Release the Power Cable when the human grasps it.,Power Cable,ready,1,all_five,images/test_image_01710.jpg,9754076860257ecff31c7a32d26627eaae28cd368127e6bd134eba8a7c44d9ad
habit_test_01711,005472_01,005472,S6759,task_04,Release the Power Cable when the human grasps it.,Power Cable,early,0,all_five,images/test_image_01711.jpg,9754076860257ecff31c7a32d26627eaae28cd368127e6bd134eba8a7c44d9ad
habit_test_01712,005472_01,005472,S6759,task_04,Release the Power Cable when the human grasps it.,Power Cable,ready,1,all_five,images/test_image_01712.jpg,9754076860257ecff31c7a32d26627eaae28cd368127e6bd134eba8a7c44d9ad
habit_test_01713,005473_01,005473,S6759,task_04,Release the Power Cable when the human grasps it.,Power Cable,early,0,all_five,images/test_image_01713.jpg,9754076860257ecff31c7a32d26627eaae28cd368127e6bd134eba8a7c44d9ad
habit_test_01714,005473_01,005473,S6759,task_04,Release the Power Cable when the human grasps it.,Power Cable,ready,1,all_five,images/test_image_01714.jpg,9754076860257ecff31c7a32d26627eaae28cd368127e6bd134eba8a7c44d9ad
habit_test_01715,005687_01,005687,S8975,task_05,Release the end of the 100 cm Hotel Towel you were holding.,100 cm Hotel Towel,early,0,all_five,images/test_image_01715.jpg,b8f0407343ac0a58665b054916f0b32cda25e10cb3eeb1e5026860f505daf894
habit_test_01716,005687_01,005687,S8975,task_05,Release the end of the 100 cm Hotel Towel you were holding.,100 cm Hotel Towel,ready,1,all_five,images/test_image_01716.jpg,b8f0407343ac0a58665b054916f0b32cda25e10cb3eeb1e5026860f505daf894
habit_test_01717,005688_01,005688,S8975,task_05,Release the end of the 100 cm Hotel Towel you were holding.,100 cm Hotel Towel,early,0,all_five,images/test_image_01717.jpg,b8f0407343ac0a58665b054916f0b32cda25e10cb3eeb1e5026860f505daf894
habit_test_01718,005688_01,005688,S8975,task_05,Release the end of the 100 cm Hotel Towel you were holding.,100 cm Hotel Towel,ready,1,all_five,images/test_image_01718.jpg,b8f0407343ac0a58665b054916f0b32cda25e10cb3eeb1e5026860f505daf894
habit_test_01719,005691_01,005691,S8975,task_05,Release the end of the 100 cm Hotel Towel you were holding.,100 cm Hotel Towel,early,0,all_five,images/test_image_01719.jpg,b8f0407343ac0a58665b054916f0b32cda25e10cb3eeb1e5026860f505daf894
habit_test_01720,005691_01,005691,S8975,task_05,Release the end of the 100 cm Hotel Towel you were holding.,100 cm Hotel Towel,ready,1,all_five,images/test_image_01720.jpg,b8f0407343ac0a58665b054916f0b32cda25e10cb3eeb1e5026860f505daf894
habit_test_01721,005692_01,005692,S8975,task_05,Release the end of the 100 cm Hotel Towel you were holding.,100 cm Hotel Towel,early,0,all_five,images/test_image_01721.jpg,b8f0407343ac0a58665b054916f0b32cda25e10cb3eeb1e5026860f505daf894
habit_test_01722,005692_01,005692,S8975,task_05,Release the end of the 100 cm Hotel Towel you were holding.,100 cm Hotel Towel,ready,1,all_five,images/test_image_01722.jpg,b8f0407343ac0a58665b054916f0b32cda25e10cb3eeb1e5026860f505daf894
habit_test_01723,005693_01,005693,S8975,task_05,Release the end of the 100 cm Hotel Towel you were holding.,100 cm Hotel Towel,early,0,all_five,images/test_image_01723.jpg,b8f0407343ac0a58665b054916f0b32cda25e10cb3eeb1e5026860f505daf894
habit_test_01724,005693_01,005693,S8975,task_05,Release the end of the 100 cm Hotel Towel you were holding.,100 cm Hotel Towel,ready,1,all_five,images/test_image_01724.jpg,b8f0407343ac0a58665b054916f0b32cda25e10cb3eeb1e5026860f505daf894
habit_test_01725,005694_01,005694,S8975,task_05,Release the end of the 100 cm Hotel Towel you were holding.,100 cm Hotel Towel,early,0,all_five,images/test_image_01725.jpg,b8f0407343ac0a58665b054916f0b32cda25e10cb3eeb1e5026860f505daf894
habit_test_01726,005694_01,005694,S8975,task_05,Release the end of the 100 cm Hotel Towel you were holding.,100 cm Hotel Towel,ready,1,all_five,images/test_image_01726.jpg,b8f0407343ac0a58665b054916f0b32cda25e10cb3eeb1e5026860f505daf894
habit_test_01727,005695_01,005695,S8975,task_05,Release the end of the 100 cm Hotel Towel you were holding.,100 cm Hotel Towel,early,0,all_five,images/test_image_01727.jpg,b8f0407343ac0a58665b054916f0b32cda25e10cb3eeb1e5026860f505daf894
habit_test_01728,005695_01,005695,S8975,task_05,Release the end of the 100 cm Hotel Towel you were holding.,100 cm Hotel Towel,ready,1,all_five,images/test_image_01728.jpg,b8f0407343ac0a58665b054916f0b32cda25e10cb3eeb1e5026860f505daf894
habit_test_01729,005696_01,005696,S8975,task_05,Release the end of the 100 cm Hotel Towel you were holding.,100 cm Hotel Towel,early,0,all_five,images/test_image_01729.jpg,b8f0407343ac0a58665b054916f0b32cda25e10cb3eeb1e5026860f505daf894
habit_test_01730,005696_01,005696,S8975,task_05,Release the end of the 100 cm Hotel Towel you were holding.,100 cm Hotel Towel,ready,1,all_five,images/test_image_01730.jpg,b8f0407343ac0a58665b054916f0b32cda25e10cb3eeb1e5026860f505daf894
habit_test_01731,005697_01,005697,S8975,task_05,Release the end of the 100 cm Hotel Towel you were holding.,100 cm Hotel Towel,early,0,all_five,images/test_image_01731.jpg,b8f0407343ac0a58665b054916f0b32cda25e10cb3eeb1e5026860f505daf894
habit_test_01732,005697_01,005697,S8975,task_05,Release the end of the 100 cm Hotel Towel you were holding.,100 cm Hotel Towel,ready,1,all_five,images/test_image_01732.jpg,b8f0407343ac0a58665b054916f0b32cda25e10cb3eeb1e5026860f505daf894
habit_test_01733,005698_01,005698,S8975,task_05,Release the end of the 100 cm Hotel Towel you were holding.,100 cm Hotel Towel,early,0,all_five,images/test_image_01733.jpg,b8f0407343ac0a58665b054916f0b32cda25e10cb3eeb1e5026860f505daf894
habit_test_01734,005698_01,005698,S8975,task_05,Release the end of the 100 cm Hotel Towel you were holding.,100 cm Hotel Towel,ready,1,all_five,images/test_image_01734.jpg,b8f0407343ac0a58665b054916f0b32cda25e10cb3eeb1e5026860f505daf894
habit_test_01735,005699_01,005699,S8975,task_05,Release the end of the 100 cm Hotel Towel you were holding.,100 cm Hotel Towel,early,0,all_five,images/test_image_01735.jpg,b8f0407343ac0a58665b054916f0b32cda25e10cb3eeb1e5026860f505daf894
habit_test_01736,005699_01,005699,S8975,task_05,Release the end of the 100 cm Hotel Towel you were holding.,100 cm Hotel Towel,ready,1,all_five,images/test_image_01736.jpg,b8f0407343ac0a58665b054916f0b32cda25e10cb3eeb1e5026860f505daf894
habit_test_01737,005700_01,005700,S8975,task_05,Release the end of the 100 cm Hotel Towel you were holding.,100 cm Hotel Towel,early,0,all_five,images/test_image_01737.jpg,b8f0407343ac0a58665b054916f0b32cda25e10cb3eeb1e5026860f505daf894
habit_test_01738,005700_01,005700,S8975,task_05,Release the end of the 100 cm Hotel Towel you were holding.,100 cm Hotel Towel,ready,1,all_five,images/test_image_01738.jpg,b8f0407343ac0a58665b054916f0b32cda25e10cb3eeb1e5026860f505daf894
habit_test_01739,005701_01,005701,S8975,task_05,Release the end of the 100 cm Hotel Towel you were holding.,100 cm Hotel Towel,early,0,all_five,images/test_image_01739.jpg,b8f0407343ac0a58665b054916f0b32cda25e10cb3eeb1e5026860f505daf894
habit_test_01740,005701_01,005701,S8975,task_05,Release the end of the 100 cm Hotel Towel you were holding.,100 cm Hotel Towel,ready,1,all_five,images/test_image_01740.jpg,b8f0407343ac0a58665b054916f0b32cda25e10cb3eeb1e5026860f505daf894
habit_test_01741,005702_01,005702,S8975,task_05,Release the end of the 100 cm Hotel Towel you were holding.,100 cm Hotel Towel,early,0,all_five,images/test_image_01741.jpg,b8f0407343ac0a58665b054916f0b32cda25e10cb3eeb1e5026860f505daf894
habit_test_01742,005702_01,005702,S8975,task_05,Release the end of the 100 cm Hotel Towel you were holding.,100 cm Hotel Towel,ready,1,all_five,images/test_image_01742.jpg,b8f0407343ac0a58665b054916f0b32cda25e10cb3eeb1e5026860f505daf894
habit_test_01743,005704_01,005704,S8975,task_05,Release the end of the 100 cm Hotel Towel you were holding.,100 cm Hotel Towel,early,0,all_five,images/test_image_01743.jpg,b8f0407343ac0a58665b054916f0b32cda25e10cb3eeb1e5026860f505daf894
habit_test_01744,005704_01,005704,S8975,task_05,Release the end of the 100 cm Hotel Towel you were holding.,100 cm Hotel Towel,ready,1,all_five,images/test_image_01744.jpg,b8f0407343ac0a58665b054916f0b32cda25e10cb3eeb1e5026860f505daf894
habit_test_01745,005922_01,005922,S8975,task_05,Release the end of the 100 cm Hotel Towel you were holding.,100 cm Hotel Towel,early,0,all_five,images/test_image_01745.jpg,b8f0407343ac0a58665b054916f0b32cda25e10cb3eeb1e5026860f505daf894
habit_test_01746,005922_01,005922,S8975,task_05,Release the end of the 100 cm Hotel Towel you were holding.,100 cm Hotel Towel,ready,1,all_five,images/test_image_01746.jpg,b8f0407343ac0a58665b054916f0b32cda25e10cb3eeb1e5026860f505daf894
habit_test_01747,005923_01,005923,S8975,task_05,Release the end of the 100 cm Hotel Towel you were holding.,100 cm Hotel Towel,early,0,all_five,images/test_image_01747.jpg,b8f0407343ac0a58665b054916f0b32cda25e10cb3eeb1e5026860f505daf894
habit_test_01748,005923_01,005923,S8975,task_05,Release the end of the 100 cm Hotel Towel you were holding.,100 cm Hotel Towel,ready,1,all_five,images/test_image_01748.jpg,b8f0407343ac0a58665b054916f0b32cda25e10cb3eeb1e5026860f505daf894
habit_test_01749,005924_01,005924,S8975,task_05,Release the end of the 100 cm Hotel Towel you were holding.,100 cm Hotel Towel,early,0,all_five,images/test_image_01749.jpg,b8f0407343ac0a58665b054916f0b32cda25e10cb3eeb1e5026860f505daf894
habit_test_01750,005924_01,005924,S8975,task_05,Release the end of the 100 cm Hotel Towel you were holding.,100 cm Hotel Towel,ready,1,all_five,images/test_image_01750.jpg,b8f0407343ac0a58665b054916f0b32cda25e10cb3eeb1e5026860f505daf894
habit_test_01751,005925_01,005925,S8975,task_05,Release the end of the 100 cm Hotel Towel you were holding.,100 cm Hotel Towel,early,0,all_five,images/test_image_01751.jpg,b8f0407343ac0a58665b054916f0b32cda25e10cb3eeb1e5026860f505daf894
habit_test_01752,005925_01,005925,S8975,task_05,Release the end of the 100 cm Hotel Towel you were holding.,100 cm Hotel Towel,ready,1,all_five,images/test_image_01752.jpg,b8f0407343ac0a58665b054916f0b32cda25e10cb3eeb1e5026860f505daf894
habit_test_01753,005926_01,005926,S8975,task_05,Release the end of the 100 cm Hotel Towel you were holding.,100 cm Hotel Towel,early,0,all_five,images/test_image_01753.jpg,b8f0407343ac0a58665b054916f0b32cda25e10cb3eeb1e5026860f505daf894
habit_test_01754,005926_01,005926,S8975,task_05,Release the end of the 100 cm Hotel Towel you were holding.,100 cm Hotel Towel,ready,1,all_five,images/test_image_01754.jpg,b8f0407343ac0a58665b054916f0b32cda25e10cb3eeb1e5026860f505daf894
habit_test_01755,005927_01,005927,S8975,task_05,Release the end of the 100 cm Hotel Towel you were holding.,100 cm Hotel Towel,early,0,all_five,images/test_image_01755.jpg,b8f0407343ac0a58665b054916f0b32cda25e10cb3eeb1e5026860f505daf894
habit_test_01756,005927_01,005927,S8975,task_05,Release the end of the 100 cm Hotel Towel you were holding.,100 cm Hotel Towel,ready,1,all_five,images/test_image_01756.jpg,b8f0407343ac0a58665b054916f0b32cda25e10cb3eeb1e5026860f505daf894
habit_test_01757,005929_01,005929,S8975,task_05,Release the end of the 100 cm Hotel Towel you were holding.,100 cm Hotel Towel,early,0,all_five,images/test_image_01757.jpg,b8f0407343ac0a58665b054916f0b32cda25e10cb3eeb1e5026860f505daf894
habit_test_01758,005929_01,005929,S8975,task_05,Release the end of the 100 cm Hotel Towel you were holding.,100 cm Hotel Towel,ready,1,all_five,images/test_image_01758.jpg,b8f0407343ac0a58665b054916f0b32cda25e10cb3eeb1e5026860f505daf894
habit_test_01759,005930_01,005930,S8975,task_05,Release the end of the 100 cm Hotel Towel you were holding.,100 cm Hotel Towel,early,0,all_five,images/test_image_01759.jpg,b8f0407343ac0a58665b054916f0b32cda25e10cb3eeb1e5026860f505daf894
habit_test_01760,005930_01,005930,S8975,task_05,Release the end of the 100 cm Hotel Towel you were holding.,100 cm Hotel Towel,ready,1,all_five,images/test_image_01760.jpg,b8f0407343ac0a58665b054916f0b32cda25e10cb3eeb1e5026860f505daf894
habit_test_01761,005931_01,005931,S8975,task_05,Release the end of the 100 cm Hotel Towel you were holding.,100 cm Hotel Towel,early,0,all_five,images/test_image_01761.jpg,b8f0407343ac0a58665b054916f0b32cda25e10cb3eeb1e5026860f505daf894
habit_test_01762,005931_01,005931,S8975,task_05,Release the end of the 100 cm Hotel Towel you were holding.,100 cm Hotel Towel,ready,1,all_five,images/test_image_01762.jpg,b8f0407343ac0a58665b054916f0b32cda25e10cb3eeb1e5026860f505daf894
habit_test_01763,005932_01,005932,S8975,task_05,Release the end of the 100 cm Hotel Towel you were holding.,100 cm Hotel Towel,early,0,all_five,images/test_image_01763.jpg,b8f0407343ac0a58665b054916f0b32cda25e10cb3eeb1e5026860f505daf894
habit_test_01764,005932_01,005932,S8975,task_05,Release the end of the 100 cm Hotel Towel you were holding.,100 cm Hotel Towel,ready,1,all_five,images/test_image_01764.jpg,b8f0407343ac0a58665b054916f0b32cda25e10cb3eeb1e5026860f505daf894
habit_test_01765,005933_01,005933,S8975,task_05,Release the end of the 100 cm Hotel Towel you were holding.,100 cm Hotel Towel,early,0,all_five,images/test_image_01765.jpg,b8f0407343ac0a58665b054916f0b32cda25e10cb3eeb1e5026860f505daf894
habit_test_01766,005933_01,005933,S8975,task_05,Release the end of the 100 cm Hotel Towel you were holding.,100 cm Hotel Towel,ready,1,all_five,images/test_image_01766.jpg,b8f0407343ac0a58665b054916f0b32cda25e10cb3eeb1e5026860f505daf894
habit_test_01767,005934_01,005934,S8975,task_05,Release the end of the 100 cm Hotel Towel you were holding.,100 cm Hotel Towel,early,0,all_five,images/test_image_01767.jpg,b8f0407343ac0a58665b054916f0b32cda25e10cb3eeb1e5026860f505daf894
habit_test_01768,005934_01,005934,S8975,task_05,Release the end of the 100 cm Hotel Towel you were holding.,100 cm Hotel Towel,ready,1,all_five,images/test_image_01768.jpg,b8f0407343ac0a58665b054916f0b32cda25e10cb3eeb1e5026860f505daf894
habit_test_01769,005935_01,005935,S8975,task_05,Release the end of the 100 cm Hotel Towel you were holding.,100 cm Hotel Towel,early,0,all_five,images/test_image_01769.jpg,b8f0407343ac0a58665b054916f0b32cda25e10cb3eeb1e5026860f505daf894
habit_test_01770,005935_01,005935,S8975,task_05,Release the end of the 100 cm Hotel Towel you were holding.,100 cm Hotel Towel,ready,1,all_five,images/test_image_01770.jpg,b8f0407343ac0a58665b054916f0b32cda25e10cb3eeb1e5026860f505daf894
habit_test_01771,005936_01,005936,S8975,task_05,Release the end of the 100 cm Hotel Towel you were holding.,100 cm Hotel Towel,early,0,all_five,images/test_image_01771.jpg,b8f0407343ac0a58665b054916f0b32cda25e10cb3eeb1e5026860f505daf894
habit_test_01772,005936_01,005936,S8975,task_05,Release the end of the 100 cm Hotel Towel you were holding.,100 cm Hotel Towel,ready,1,all_five,images/test_image_01772.jpg,b8f0407343ac0a58665b054916f0b32cda25e10cb3eeb1e5026860f505daf894
habit_test_01773,005937_01,005937,S8975,task_05,Release the end of the 100 cm Hotel Towel you were holding.,100 cm Hotel Towel,early,0,all_five,images/test_image_01773.jpg,b8f0407343ac0a58665b054916f0b32cda25e10cb3eeb1e5026860f505daf894
habit_test_01774,005937_01,005937,S8975,task_05,Release the end of the 100 cm Hotel Towel you were holding.,100 cm Hotel Towel,ready,1,all_five,images/test_image_01774.jpg,b8f0407343ac0a58665b054916f0b32cda25e10cb3eeb1e5026860f505daf894
habit_test_01775,005938_01,005938,S8975,task_05,Release the end of the 100 cm Hotel Towel you were holding.,100 cm Hotel Towel,early,0,all_five,images/test_image_01775.jpg,b8f0407343ac0a58665b054916f0b32cda25e10cb3eeb1e5026860f505daf894
habit_test_01776,005938_01,005938,S8975,task_05,Release the end of the 100 cm Hotel Towel you were holding.,100 cm Hotel Towel,ready,1,all_five,images/test_image_01776.jpg,b8f0407343ac0a58665b054916f0b32cda25e10cb3eeb1e5026860f505daf894
habit_test_01777,005939_01,005939,S8975,task_05,Release the end of the 100 cm Hotel Towel you were holding.,100 cm Hotel Towel,early,0,all_five,images/test_image_01777.jpg,b8f0407343ac0a58665b054916f0b32cda25e10cb3eeb1e5026860f505daf894
habit_test_01778,005939_01,005939,S8975,task_05,Release the end of the 100 cm Hotel Towel you were holding.,100 cm Hotel Towel,ready,1,all_five,images/test_image_01778.jpg,b8f0407343ac0a58665b054916f0b32cda25e10cb3eeb1e5026860f505daf894
habit_test_01779,005940_01,005940,S8975,task_05,Release the end of the 100 cm Hotel Towel you were holding.,100 cm Hotel Towel,early,0,all_five,images/test_image_01779.jpg,b8f0407343ac0a58665b054916f0b32cda25e10cb3eeb1e5026860f505daf894
habit_test_01780,005940_01,005940,S8975,task_05,Release the end of the 100 cm Hotel Towel you were holding.,100 cm Hotel Towel,ready,1,all_five,images/test_image_01780.jpg,b8f0407343ac0a58665b054916f0b32cda25e10cb3eeb1e5026860f505daf894
habit_test_01781,005941_01,005941,S8975,task_05,Release the end of the 100 cm Hotel Towel you were holding.,100 cm Hotel Towel,early,0,all_five,images/test_image_01781.jpg,b8f0407343ac0a58665b054916f0b32cda25e10cb3eeb1e5026860f505daf894
habit_test_01782,005941_01,005941,S8975,task_05,Release the end of the 100 cm Hotel Towel you were holding.,100 cm Hotel Towel,ready,1,all_five,images/test_image_01782.jpg,b8f0407343ac0a58665b054916f0b32cda25e10cb3eeb1e5026860f505daf894
habit_test_01783,005943_01,005943,S8975,task_05,Release the end of the 100 cm Hotel Towel you were holding.,100 cm Hotel Towel,early,0,all_five,images/test_image_01783.jpg,b8f0407343ac0a58665b054916f0b32cda25e10cb3eeb1e5026860f505daf894
habit_test_01784,005943_01,005943,S8975,task_05,Release the end of the 100 cm Hotel Towel you were holding.,100 cm Hotel Towel,ready,1,all_five,images/test_image_01784.jpg,b8f0407343ac0a58665b054916f0b32cda25e10cb3eeb1e5026860f505daf894
habit_test_01785,005944_01,005944,S8975,task_05,Release the end of the 100 cm Hotel Towel you were holding.,100 cm Hotel Towel,early,0,all_five,images/test_image_01785.jpg,b8f0407343ac0a58665b054916f0b32cda25e10cb3eeb1e5026860f505daf894
habit_test_01786,005944_01,005944,S8975,task_05,Release the end of the 100 cm Hotel Towel you were holding.,100 cm Hotel Towel,ready,1,all_five,images/test_image_01786.jpg,b8f0407343ac0a58665b054916f0b32cda25e10cb3eeb1e5026860f505daf894
habit_test_01787,005945_01,005945,S8975,task_05,Release the end of the 100 cm Hotel Towel you were holding.,100 cm Hotel Towel,early,0,all_five,images/test_image_01787.jpg,b8f0407343ac0a58665b054916f0b32cda25e10cb3eeb1e5026860f505daf894
habit_test_01788,005945_01,005945,S8975,task_05,Release the end of the 100 cm Hotel Towel you were holding.,100 cm Hotel Towel,ready,1,all_five,images/test_image_01788.jpg,b8f0407343ac0a58665b054916f0b32cda25e10cb3eeb1e5026860f505daf894
habit_test_01789,005946_01,005946,S8975,task_05,Release the end of the 100 cm Hotel Towel you were holding.,100 cm Hotel Towel,early,0,all_five,images/test_image_01789.jpg,b8f0407343ac0a58665b054916f0b32cda25e10cb3eeb1e5026860f505daf894
habit_test_01790,005946_01,005946,S8975,task_05,Release the end of the 100 cm Hotel Towel you were holding.,100 cm Hotel Towel,ready,1,all_five,images/test_image_01790.jpg,b8f0407343ac0a58665b054916f0b32cda25e10cb3eeb1e5026860f505daf894
habit_test_01791,005947_01,005947,S8975,task_05,Release the end of the 100 cm Hotel Towel you were holding.,100 cm Hotel Towel,early,0,all_five,images/test_image_01791.jpg,b8f0407343ac0a58665b054916f0b32cda25e10cb3eeb1e5026860f505daf894
habit_test_01792,005947_01,005947,S8975,task_05,Release the end of the 100 cm Hotel Towel you were holding.,100 cm Hotel Towel,ready,1,all_five,images/test_image_01792.jpg,b8f0407343ac0a58665b054916f0b32cda25e10cb3eeb1e5026860f505daf894
habit_test_01793,005948_01,005948,S8975,task_05,Release the end of the 100 cm Hotel Towel you were holding.,100 cm Hotel Towel,early,0,all_five,images/test_image_01793.jpg,b8f0407343ac0a58665b054916f0b32cda25e10cb3eeb1e5026860f505daf894
habit_test_01794,005948_01,005948,S8975,task_05,Release the end of the 100 cm Hotel Towel you were holding.,100 cm Hotel Towel,ready,1,all_five,images/test_image_01794.jpg,b8f0407343ac0a58665b054916f0b32cda25e10cb3eeb1e5026860f505daf894
habit_test_01795,005949_01,005949,S8975,task_05,Release the end of the 100 cm Hotel Towel you were holding.,100 cm Hotel Towel,early,0,all_five,images/test_image_01795.jpg,b8f0407343ac0a58665b054916f0b32cda25e10cb3eeb1e5026860f505daf894
habit_test_01796,005949_01,005949,S8975,task_05,Release the end of the 100 cm Hotel Towel you were holding.,100 cm Hotel Towel,ready,1,all_five,images/test_image_01796.jpg,b8f0407343ac0a58665b054916f0b32cda25e10cb3eeb1e5026860f505daf894
habit_test_01797,005950_01,005950,S8975,task_05,Release the end of the 100 cm Hotel Towel you were holding.,100 cm Hotel Towel,early,0,all_five,images/test_image_01797.jpg,b8f0407343ac0a58665b054916f0b32cda25e10cb3eeb1e5026860f505daf894
habit_test_01798,005950_01,005950,S8975,task_05,Release the end of the 100 cm Hotel Towel you were holding.,100 cm Hotel Towel,ready,1,all_five,images/test_image_01798.jpg,b8f0407343ac0a58665b054916f0b32cda25e10cb3eeb1e5026860f505daf894
habit_test_01799,005951_01,005951,S8975,task_05,Release the end of the 100 cm Hotel Towel you were holding.,100 cm Hotel Towel,early,0,all_five,images/test_image_01799.jpg,b8f0407343ac0a58665b054916f0b32cda25e10cb3eeb1e5026860f505daf894
habit_test_01800,005951_01,005951,S8975,task_05,Release the end of the 100 cm Hotel Towel you were holding.,100 cm Hotel Towel,ready,1,all_five,images/test_image_01800.jpg,b8f0407343ac0a58665b054916f0b32cda25e10cb3eeb1e5026860f505daf894
habit_test_01801,005952_01,005952,S8975,task_05,Release the end of the 100 cm Hotel Towel you were holding.,100 cm Hotel Towel,early,0,all_five,images/test_image_01801.jpg,b8f0407343ac0a58665b054916f0b32cda25e10cb3eeb1e5026860f505daf894
habit_test_01802,005952_01,005952,S8975,task_05,Release the end of the 100 cm Hotel Towel you were holding.,100 cm Hotel Towel,ready,1,all_five,images/test_image_01802.jpg,b8f0407343ac0a58665b054916f0b32cda25e10cb3eeb1e5026860f505daf894
habit_test_01803,005953_01,005953,S8975,task_05,Release the end of the 100 cm Hotel Towel you were holding.,100 cm Hotel Towel,early,0,all_five,images/test_image_01803.jpg,b8f0407343ac0a58665b054916f0b32cda25e10cb3eeb1e5026860f505daf894
habit_test_01804,005953_01,005953,S8975,task_05,Release the end of the 100 cm Hotel Towel you were holding.,100 cm Hotel Towel,ready,1,all_five,images/test_image_01804.jpg,b8f0407343ac0a58665b054916f0b32cda25e10cb3eeb1e5026860f505daf894
habit_test_01805,005954_01,005954,S8975,task_05,Release the end of the 100 cm Hotel Towel you were holding.,100 cm Hotel Towel,early,0,all_five,images/test_image_01805.jpg,b8f0407343ac0a58665b054916f0b32cda25e10cb3eeb1e5026860f505daf894
habit_test_01806,005954_01,005954,S8975,task_05,Release the end of the 100 cm Hotel Towel you were holding.,100 cm Hotel Towel,ready,1,all_five,images/test_image_01806.jpg,b8f0407343ac0a58665b054916f0b32cda25e10cb3eeb1e5026860f505daf894
habit_test_01807,005955_01,005955,S8975,task_05,Release the end of the 100 cm Hotel Towel you were holding.,100 cm Hotel Towel,early,0,all_five,images/test_image_01807.jpg,b8f0407343ac0a58665b054916f0b32cda25e10cb3eeb1e5026860f505daf894
habit_test_01808,005955_01,005955,S8975,task_05,Release the end of the 100 cm Hotel Towel you were holding.,100 cm Hotel Towel,ready,1,all_five,images/test_image_01808.jpg,b8f0407343ac0a58665b054916f0b32cda25e10cb3eeb1e5026860f505daf894
habit_test_01809,005956_01,005956,S8975,task_05,Release the end of the 100 cm Hotel Towel you were holding.,100 cm Hotel Towel,early,0,all_five,images/test_image_01809.jpg,b8f0407343ac0a58665b054916f0b32cda25e10cb3eeb1e5026860f505daf894
habit_test_01810,005956_01,005956,S8975,task_05,Release the end of the 100 cm Hotel Towel you were holding.,100 cm Hotel Towel,ready,1,all_five,images/test_image_01810.jpg,b8f0407343ac0a58665b054916f0b32cda25e10cb3eeb1e5026860f505daf894
habit_test_01811,005957_01,005957,S8975,task_05,Release the end of the 100 cm Hotel Towel you were holding.,100 cm Hotel Towel,early,0,all_five,images/test_image_01811.jpg,b8f0407343ac0a58665b054916f0b32cda25e10cb3eeb1e5026860f505daf894
habit_test_01812,005957_01,005957,S8975,task_05,Release the end of the 100 cm Hotel Towel you were holding.,100 cm Hotel Towel,ready,1,all_five,images/test_image_01812.jpg,b8f0407343ac0a58665b054916f0b32cda25e10cb3eeb1e5026860f505daf894
habit_test_01813,005958_01,005958,S8975,task_05,Release the end of the 100 cm Hotel Towel you were holding.,100 cm Hotel Towel,early,0,all_five,images/test_image_01813.jpg,b8f0407343ac0a58665b054916f0b32cda25e10cb3eeb1e5026860f505daf894
habit_test_01814,005958_01,005958,S8975,task_05,Release the end of the 100 cm Hotel Towel you were holding.,100 cm Hotel Towel,ready,1,all_five,images/test_image_01814.jpg,b8f0407343ac0a58665b054916f0b32cda25e10cb3eeb1e5026860f505daf894
habit_test_01815,005959_01,005959,S8975,task_05,Release the end of the 100 cm Hotel Towel you were holding.,100 cm Hotel Towel,early,0,all_five,images/test_image_01815.jpg,b8f0407343ac0a58665b054916f0b32cda25e10cb3eeb1e5026860f505daf894
habit_test_01816,005959_01,005959,S8975,task_05,Release the end of the 100 cm Hotel Towel you were holding.,100 cm Hotel Towel,ready,1,all_five,images/test_image_01816.jpg,b8f0407343ac0a58665b054916f0b32cda25e10cb3eeb1e5026860f505daf894
habit_test_01817,005960_01,005960,S8975,task_05,Release the end of the 100 cm Hotel Towel you were holding.,100 cm Hotel Towel,early,0,all_five,images/test_image_01817.jpg,b8f0407343ac0a58665b054916f0b32cda25e10cb3eeb1e5026860f505daf894
habit_test_01818,005960_01,005960,S8975,task_05,Release the end of the 100 cm Hotel Towel you were holding.,100 cm Hotel Towel,ready,1,all_five,images/test_image_01818.jpg,b8f0407343ac0a58665b054916f0b32cda25e10cb3eeb1e5026860f505daf894
habit_test_01819,005961_01,005961,S8975,task_05,Release the end of the 100 cm Hotel Towel you were holding.,100 cm Hotel Towel,early,0,all_five,images/test_image_01819.jpg,b8f0407343ac0a58665b054916f0b32cda25e10cb3eeb1e5026860f505daf894
habit_test_01820,005961_01,005961,S8975,task_05,Release the end of the 100 cm Hotel Towel you were holding.,100 cm Hotel Towel,ready,1,all_five,images/test_image_01820.jpg,b8f0407343ac0a58665b054916f0b32cda25e10cb3eeb1e5026860f505daf894
habit_test_01821,005962_01,005962,S8975,task_05,Release the end of the 100 cm Hotel Towel you were holding.,100 cm Hotel Towel,early,0,all_five,images/test_image_01821.jpg,b8f0407343ac0a58665b054916f0b32cda25e10cb3eeb1e5026860f505daf894
habit_test_01822,005962_01,005962,S8975,task_05,Release the end of the 100 cm Hotel Towel you were holding.,100 cm Hotel Towel,ready,1,all_five,images/test_image_01822.jpg,b8f0407343ac0a58665b054916f0b32cda25e10cb3eeb1e5026860f505daf894
habit_test_01823,005963_01,005963,S8975,task_05,Release the end of the 100 cm Hotel Towel you were holding.,100 cm Hotel Towel,early,0,all_five,images/test_image_01823.jpg,b8f0407343ac0a58665b054916f0b32cda25e10cb3eeb1e5026860f505daf894
habit_test_01824,005963_01,005963,S8975,task_05,Release the end of the 100 cm Hotel Towel you were holding.,100 cm Hotel Towel,ready,1,all_five,images/test_image_01824.jpg,b8f0407343ac0a58665b054916f0b32cda25e10cb3eeb1e5026860f505daf894
habit_test_01825,005964_01,005964,S8975,task_05,Release the end of the 100 cm Hotel Towel you were holding.,100 cm Hotel Towel,early,0,all_five,images/test_image_01825.jpg,b8f0407343ac0a58665b054916f0b32cda25e10cb3eeb1e5026860f505daf894
habit_test_01826,005964_01,005964,S8975,task_05,Release the end of the 100 cm Hotel Towel you were holding.,100 cm Hotel Towel,ready,1,all_five,images/test_image_01826.jpg,b8f0407343ac0a58665b054916f0b32cda25e10cb3eeb1e5026860f505daf894
habit_test_01827,005965_01,005965,S8975,task_05,Release the end of the 100 cm Hotel Towel you were holding.,100 cm Hotel Towel,early,0,all_five,images/test_image_01827.jpg,b8f0407343ac0a58665b054916f0b32cda25e10cb3eeb1e5026860f505daf894
habit_test_01828,005965_01,005965,S8975,task_05,Release the end of the 100 cm Hotel Towel you were holding.,100 cm Hotel Towel,ready,1,all_five,images/test_image_01828.jpg,b8f0407343ac0a58665b054916f0b32cda25e10cb3eeb1e5026860f505daf894
habit_test_01829,005966_01,005966,S8975,task_05,Release the end of the 100 cm Hotel Towel you were holding.,100 cm Hotel Towel,early,0,all_five,images/test_image_01829.jpg,b8f0407343ac0a58665b054916f0b32cda25e10cb3eeb1e5026860f505daf894
habit_test_01830,005966_01,005966,S8975,task_05,Release the end of the 100 cm Hotel Towel you were holding.,100 cm Hotel Towel,ready,1,all_five,images/test_image_01830.jpg,b8f0407343ac0a58665b054916f0b32cda25e10cb3eeb1e5026860f505daf894
habit_test_01831,005967_01,005967,S8975,task_05,Release the end of the 100 cm Hotel Towel you were holding.,100 cm Hotel Towel,early,0,all_five,images/test_image_01831.jpg,b8f0407343ac0a58665b054916f0b32cda25e10cb3eeb1e5026860f505daf894
habit_test_01832,005967_01,005967,S8975,task_05,Release the end of the 100 cm Hotel Towel you were holding.,100 cm Hotel Towel,ready,1,all_five,images/test_image_01832.jpg,b8f0407343ac0a58665b054916f0b32cda25e10cb3eeb1e5026860f505daf894
habit_test_01833,005968_01,005968,S8975,task_05,Release the end of the 100 cm Hotel Towel you were holding.,100 cm Hotel Towel,early,0,all_five,images/test_image_01833.jpg,b8f0407343ac0a58665b054916f0b32cda25e10cb3eeb1e5026860f505daf894
habit_test_01834,005968_01,005968,S8975,task_05,Release the end of the 100 cm Hotel Towel you were holding.,100 cm Hotel Towel,ready,1,all_five,images/test_image_01834.jpg,b8f0407343ac0a58665b054916f0b32cda25e10cb3eeb1e5026860f505daf894
habit_test_01835,005969_01,005969,S8975,task_05,Release the end of the 100 cm Hotel Towel you were holding.,100 cm Hotel Towel,early,0,all_five,images/test_image_01835.jpg,b8f0407343ac0a58665b054916f0b32cda25e10cb3eeb1e5026860f505daf894
habit_test_01836,005969_01,005969,S8975,task_05,Release the end of the 100 cm Hotel Towel you were holding.,100 cm Hotel Towel,ready,1,all_five,images/test_image_01836.jpg,b8f0407343ac0a58665b054916f0b32cda25e10cb3eeb1e5026860f505daf894
habit_test_01837,005970_01,005970,S8975,task_05,Release the end of the 100 cm Hotel Towel you were holding.,100 cm Hotel Towel,early,0,all_five,images/test_image_01837.jpg,b8f0407343ac0a58665b054916f0b32cda25e10cb3eeb1e5026860f505daf894
habit_test_01838,005970_01,005970,S8975,task_05,Release the end of the 100 cm Hotel Towel you were holding.,100 cm Hotel Towel,ready,1,all_five,images/test_image_01838.jpg,b8f0407343ac0a58665b054916f0b32cda25e10cb3eeb1e5026860f505daf894
habit_test_01839,005972_01,005972,S8975,task_05,Release the end of the 100 cm Hotel Towel you were holding.,100 cm Hotel Towel,early,0,all_five,images/test_image_01839.jpg,b8f0407343ac0a58665b054916f0b32cda25e10cb3eeb1e5026860f505daf894
habit_test_01840,005972_01,005972,S8975,task_05,Release the end of the 100 cm Hotel Towel you were holding.,100 cm Hotel Towel,ready,1,all_five,images/test_image_01840.jpg,b8f0407343ac0a58665b054916f0b32cda25e10cb3eeb1e5026860f505daf894
habit_test_01841,005973_01,005973,S8975,task_05,Release the end of the 100 cm Hotel Towel you were holding.,100 cm Hotel Towel,early,0,all_five,images/test_image_01841.jpg,b8f0407343ac0a58665b054916f0b32cda25e10cb3eeb1e5026860f505daf894
habit_test_01842,005973_01,005973,S8975,task_05,Release the end of the 100 cm Hotel Towel you were holding.,100 cm Hotel Towel,ready,1,all_five,images/test_image_01842.jpg,b8f0407343ac0a58665b054916f0b32cda25e10cb3eeb1e5026860f505daf894
habit_test_01843,005974_01,005974,S8975,task_05,Release the end of the 100 cm Hotel Towel you were holding.,100 cm Hotel Towel,early,0,all_five,images/test_image_01843.jpg,b8f0407343ac0a58665b054916f0b32cda25e10cb3eeb1e5026860f505daf894
habit_test_01844,005974_01,005974,S8975,task_05,Release the end of the 100 cm Hotel Towel you were holding.,100 cm Hotel Towel,ready,1,all_five,images/test_image_01844.jpg,b8f0407343ac0a58665b054916f0b32cda25e10cb3eeb1e5026860f505daf894
habit_test_01845,005975_01,005975,S8975,task_05,Release the end of the 100 cm Hotel Towel you were holding.,100 cm Hotel Towel,early,0,all_five,images/test_image_01845.jpg,b8f0407343ac0a58665b054916f0b32cda25e10cb3eeb1e5026860f505daf894
habit_test_01846,005975_01,005975,S8975,task_05,Release the end of the 100 cm Hotel Towel you were holding.,100 cm Hotel Towel,ready,1,all_five,images/test_image_01846.jpg,b8f0407343ac0a58665b054916f0b32cda25e10cb3eeb1e5026860f505daf894
habit_test_01847,005976_01,005976,S8975,task_05,Release the end of the 100 cm Hotel Towel you were holding.,100 cm Hotel Towel,early,0,all_five,images/test_image_01847.jpg,b8f0407343ac0a58665b054916f0b32cda25e10cb3eeb1e5026860f505daf894
habit_test_01848,005976_01,005976,S8975,task_05,Release the end of the 100 cm Hotel Towel you were holding.,100 cm Hotel Towel,ready,1,all_five,images/test_image_01848.jpg,b8f0407343ac0a58665b054916f0b32cda25e10cb3eeb1e5026860f505daf894
habit_test_01849,005977_01,005977,S8975,task_05,Release the end of the 100 cm Hotel Towel you were holding.,100 cm Hotel Towel,early,0,all_five,images/test_image_01849.jpg,b8f0407343ac0a58665b054916f0b32cda25e10cb3eeb1e5026860f505daf894
habit_test_01850,005977_01,005977,S8975,task_05,Release the end of the 100 cm Hotel Towel you were holding.,100 cm Hotel Towel,ready,1,all_five,images/test_image_01850.jpg,b8f0407343ac0a58665b054916f0b32cda25e10cb3eeb1e5026860f505daf894
habit_test_01851,005978_01,005978,S8975,task_05,Release the end of the 100 cm Hotel Towel you were holding.,100 cm Hotel Towel,early,0,all_five,images/test_image_01851.jpg,b8f0407343ac0a58665b054916f0b32cda25e10cb3eeb1e5026860f505daf894
habit_test_01852,005978_01,005978,S8975,task_05,Release the end of the 100 cm Hotel Towel you were holding.,100 cm Hotel Towel,ready,1,all_five,images/test_image_01852.jpg,b8f0407343ac0a58665b054916f0b32cda25e10cb3eeb1e5026860f505daf894
habit_test_01853,005979_01,005979,S8975,task_05,Release the end of the 100 cm Hotel Towel you were holding.,100 cm Hotel Towel,early,0,all_five,images/test_image_01853.jpg,b8f0407343ac0a58665b054916f0b32cda25e10cb3eeb1e5026860f505daf894
habit_test_01854,005979_01,005979,S8975,task_05,Release the end of the 100 cm Hotel Towel you were holding.,100 cm Hotel Towel,ready,1,all_five,images/test_image_01854.jpg,b8f0407343ac0a58665b054916f0b32cda25e10cb3eeb1e5026860f505daf894
habit_test_01855,005981_01,005981,S8975,task_05,Release the end of the 100 cm Hotel Towel you were holding.,100 cm Hotel Towel,early,0,all_five,images/test_image_01855.jpg,b8f0407343ac0a58665b054916f0b32cda25e10cb3eeb1e5026860f505daf894
habit_test_01856,005981_01,005981,S8975,task_05,Release the end of the 100 cm Hotel Towel you were holding.,100 cm Hotel Towel,ready,1,all_five,images/test_image_01856.jpg,b8f0407343ac0a58665b054916f0b32cda25e10cb3eeb1e5026860f505daf894
habit_test_01857,005982_01,005982,S8975,task_05,Release the end of the 100 cm Hotel Towel you were holding.,100 cm Hotel Towel,early,0,all_five,images/test_image_01857.jpg,b8f0407343ac0a58665b054916f0b32cda25e10cb3eeb1e5026860f505daf894
habit_test_01858,005982_01,005982,S8975,task_05,Release the end of the 100 cm Hotel Towel you were holding.,100 cm Hotel Towel,ready,1,all_five,images/test_image_01858.jpg,b8f0407343ac0a58665b054916f0b32cda25e10cb3eeb1e5026860f505daf894
habit_test_01859,005983_01,005983,S8975,task_05,Release the end of the 100 cm Hotel Towel you were holding.,100 cm Hotel Towel,early,0,all_five,images/test_image_01859.jpg,b8f0407343ac0a58665b054916f0b32cda25e10cb3eeb1e5026860f505daf894
habit_test_01860,005983_01,005983,S8975,task_05,Release the end of the 100 cm Hotel Towel you were holding.,100 cm Hotel Towel,ready,1,all_five,images/test_image_01860.jpg,b8f0407343ac0a58665b054916f0b32cda25e10cb3eeb1e5026860f505daf894
habit_test_01861,005984_01,005984,S8975,task_05,Release the end of the 100 cm Hotel Towel you were holding.,100 cm Hotel Towel,early,0,all_five,images/test_image_01861.jpg,b8f0407343ac0a58665b054916f0b32cda25e10cb3eeb1e5026860f505daf894
habit_test_01862,005984_01,005984,S8975,task_05,Release the end of the 100 cm Hotel Towel you were holding.,100 cm Hotel Towel,ready,1,all_five,images/test_image_01862.jpg,b8f0407343ac0a58665b054916f0b32cda25e10cb3eeb1e5026860f505daf894
habit_test_01863,005985_01,005985,S8975,task_05,Release the end of the 100 cm Hotel Towel you were holding.,100 cm Hotel Towel,early,0,all_five,images/test_image_01863.jpg,b8f0407343ac0a58665b054916f0b32cda25e10cb3eeb1e5026860f505daf894
habit_test_01864,005985_01,005985,S8975,task_05,Release the end of the 100 cm Hotel Towel you were holding.,100 cm Hotel Towel,ready,1,all_five,images/test_image_01864.jpg,b8f0407343ac0a58665b054916f0b32cda25e10cb3eeb1e5026860f505daf894
habit_test_01865,005986_01,005986,S8975,task_05,Release the end of the 100 cm Hotel Towel you were holding.,100 cm Hotel Towel,early,0,all_five,images/test_image_01865.jpg,b8f0407343ac0a58665b054916f0b32cda25e10cb3eeb1e5026860f505daf894
habit_test_01866,005986_01,005986,S8975,task_05,Release the end of the 100 cm Hotel Towel you were holding.,100 cm Hotel Towel,ready,1,all_five,images/test_image_01866.jpg,b8f0407343ac0a58665b054916f0b32cda25e10cb3eeb1e5026860f505daf894
habit_test_01867,005988_01,005988,S8975,task_05,Release the end of the 100 cm Hotel Towel you were holding.,100 cm Hotel Towel,early,0,all_five,images/test_image_01867.jpg,b8f0407343ac0a58665b054916f0b32cda25e10cb3eeb1e5026860f505daf894
habit_test_01868,005988_01,005988,S8975,task_05,Release the end of the 100 cm Hotel Towel you were holding.,100 cm Hotel Towel,ready,1,all_five,images/test_image_01868.jpg,b8f0407343ac0a58665b054916f0b32cda25e10cb3eeb1e5026860f505daf894
habit_test_01869,005989_01,005989,S8975,task_05,Release the end of the 100 cm Hotel Towel you were holding.,100 cm Hotel Towel,early,0,all_five,images/test_image_01869.jpg,b8f0407343ac0a58665b054916f0b32cda25e10cb3eeb1e5026860f505daf894
habit_test_01870,005989_01,005989,S8975,task_05,Release the end of the 100 cm Hotel Towel you were holding.,100 cm Hotel Towel,ready,1,all_five,images/test_image_01870.jpg,b8f0407343ac0a58665b054916f0b32cda25e10cb3eeb1e5026860f505daf894
habit_test_01871,005990_01,005990,S8975,task_05,Release the end of the 100 cm Hotel Towel you were holding.,100 cm Hotel Towel,early,0,all_five,images/test_image_01871.jpg,b8f0407343ac0a58665b054916f0b32cda25e10cb3eeb1e5026860f505daf894
habit_test_01872,005990_01,005990,S8975,task_05,Release the end of the 100 cm Hotel Towel you were holding.,100 cm Hotel Towel,ready,1,all_five,images/test_image_01872.jpg,b8f0407343ac0a58665b054916f0b32cda25e10cb3eeb1e5026860f505daf894
habit_test_01873,005991_01,005991,S8975,task_05,Release the end of the 100 cm Hotel Towel you were holding.,100 cm Hotel Towel,early,0,all_five,images/test_image_01873.jpg,b8f0407343ac0a58665b054916f0b32cda25e10cb3eeb1e5026860f505daf894
habit_test_01874,005991_01,005991,S8975,task_05,Release the end of the 100 cm Hotel Towel you were holding.,100 cm Hotel Towel,ready,1,all_five,images/test_image_01874.jpg,b8f0407343ac0a58665b054916f0b32cda25e10cb3eeb1e5026860f505daf894
habit_test_01875,005992_01,005992,S8975,task_05,Release the end of the 100 cm Hotel Towel you were holding.,100 cm Hotel Towel,early,0,all_five,images/test_image_01875.jpg,b8f0407343ac0a58665b054916f0b32cda25e10cb3eeb1e5026860f505daf894
habit_test_01876,005992_01,005992,S8975,task_05,Release the end of the 100 cm Hotel Towel you were holding.,100 cm Hotel Towel,ready,1,all_five,images/test_image_01876.jpg,b8f0407343ac0a58665b054916f0b32cda25e10cb3eeb1e5026860f505daf894
habit_test_01877,005993_01,005993,S8975,task_05,Release the end of the 100 cm Hotel Towel you were holding.,100 cm Hotel Towel,early,0,all_five,images/test_image_01877.jpg,b8f0407343ac0a58665b054916f0b32cda25e10cb3eeb1e5026860f505daf894
habit_test_01878,005993_01,005993,S8975,task_05,Release the end of the 100 cm Hotel Towel you were holding.,100 cm Hotel Towel,ready,1,all_five,images/test_image_01878.jpg,b8f0407343ac0a58665b054916f0b32cda25e10cb3eeb1e5026860f505daf894
habit_test_01879,005994_01,005994,S8975,task_05,Release the end of the 100 cm Hotel Towel you were holding.,100 cm Hotel Towel,early,0,all_five,images/test_image_01879.jpg,b8f0407343ac0a58665b054916f0b32cda25e10cb3eeb1e5026860f505daf894
habit_test_01880,005994_01,005994,S8975,task_05,Release the end of the 100 cm Hotel Towel you were holding.,100 cm Hotel Towel,ready,1,all_five,images/test_image_01880.jpg,b8f0407343ac0a58665b054916f0b32cda25e10cb3eeb1e5026860f505daf894
habit_test_01881,005995_01,005995,S8975,task_05,Release the end of the 100 cm Hotel Towel you were holding.,100 cm Hotel Towel,early,0,all_five,images/test_image_01881.jpg,b8f0407343ac0a58665b054916f0b32cda25e10cb3eeb1e5026860f505daf894
habit_test_01882,005995_01,005995,S8975,task_05,Release the end of the 100 cm Hotel Towel you were holding.,100 cm Hotel Towel,ready,1,all_five,images/test_image_01882.jpg,b8f0407343ac0a58665b054916f0b32cda25e10cb3eeb1e5026860f505daf894
habit_test_01883,005996_01,005996,S8975,task_05,Release the end of the 100 cm Hotel Towel you were holding.,100 cm Hotel Towel,early,0,all_five,images/test_image_01883.jpg,b8f0407343ac0a58665b054916f0b32cda25e10cb3eeb1e5026860f505daf894
habit_test_01884,005996_01,005996,S8975,task_05,Release the end of the 100 cm Hotel Towel you were holding.,100 cm Hotel Towel,ready,1,all_five,images/test_image_01884.jpg,b8f0407343ac0a58665b054916f0b32cda25e10cb3eeb1e5026860f505daf894
habit_test_01885,005997_01,005997,S8975,task_05,Release the end of the 100 cm Hotel Towel you were holding.,100 cm Hotel Towel,early,0,all_five,images/test_image_01885.jpg,b8f0407343ac0a58665b054916f0b32cda25e10cb3eeb1e5026860f505daf894
habit_test_01886,005997_01,005997,S8975,task_05,Release the end of the 100 cm Hotel Towel you were holding.,100 cm Hotel Towel,ready,1,all_five,images/test_image_01886.jpg,b8f0407343ac0a58665b054916f0b32cda25e10cb3eeb1e5026860f505daf894
habit_test_01887,005998_01,005998,S8975,task_05,Release the end of the 100 cm Hotel Towel you were holding.,100 cm Hotel Towel,early,0,all_five,images/test_image_01887.jpg,b8f0407343ac0a58665b054916f0b32cda25e10cb3eeb1e5026860f505daf894
habit_test_01888,005998_01,005998,S8975,task_05,Release the end of the 100 cm Hotel Towel you were holding.,100 cm Hotel Towel,ready,1,all_five,images/test_image_01888.jpg,b8f0407343ac0a58665b054916f0b32cda25e10cb3eeb1e5026860f505daf894
habit_test_01889,005999_01,005999,S8975,task_05,Release the end of the 100 cm Hotel Towel you were holding.,100 cm Hotel Towel,early,0,all_five,images/test_image_01889.jpg,b8f0407343ac0a58665b054916f0b32cda25e10cb3eeb1e5026860f505daf894
habit_test_01890,005999_01,005999,S8975,task_05,Release the end of the 100 cm Hotel Towel you were holding.,100 cm Hotel Towel,ready,1,all_five,images/test_image_01890.jpg,b8f0407343ac0a58665b054916f0b32cda25e10cb3eeb1e5026860f505daf894
habit_test_01891,006000_01,006000,S8975,task_05,Release the end of the 100 cm Hotel Towel you were holding.,100 cm Hotel Towel,early,0,all_five,images/test_image_01891.jpg,b8f0407343ac0a58665b054916f0b32cda25e10cb3eeb1e5026860f505daf894
habit_test_01892,006000_01,006000,S8975,task_05,Release the end of the 100 cm Hotel Towel you were holding.,100 cm Hotel Towel,ready,1,all_five,images/test_image_01892.jpg,b8f0407343ac0a58665b054916f0b32cda25e10cb3eeb1e5026860f505daf894
habit_test_01893,006002_01,006002,S8975,task_05,Release the end of the 100 cm Hotel Towel you were holding.,100 cm Hotel Towel,early,0,all_five,images/test_image_01893.jpg,b8f0407343ac0a58665b054916f0b32cda25e10cb3eeb1e5026860f505daf894
habit_test_01894,006002_01,006002,S8975,task_05,Release the end of the 100 cm Hotel Towel you were holding.,100 cm Hotel Towel,ready,1,all_five,images/test_image_01894.jpg,b8f0407343ac0a58665b054916f0b32cda25e10cb3eeb1e5026860f505daf894
habit_test_01895,006003_01,006003,S8975,task_05,Release the end of the 100 cm Hotel Towel you were holding.,100 cm Hotel Towel,early,0,all_five,images/test_image_01895.jpg,b8f0407343ac0a58665b054916f0b32cda25e10cb3eeb1e5026860f505daf894
habit_test_01896,006003_01,006003,S8975,task_05,Release the end of the 100 cm Hotel Towel you were holding.,100 cm Hotel Towel,ready,1,all_five,images/test_image_01896.jpg,b8f0407343ac0a58665b054916f0b32cda25e10cb3eeb1e5026860f505daf894
habit_test_01897,006004_01,006004,S8975,task_05,Release the end of the 100 cm Hotel Towel you were holding.,100 cm Hotel Towel,early,0,all_five,images/test_image_01897.jpg,b8f0407343ac0a58665b054916f0b32cda25e10cb3eeb1e5026860f505daf894
habit_test_01898,006004_01,006004,S8975,task_05,Release the end of the 100 cm Hotel Towel you were holding.,100 cm Hotel Towel,ready,1,all_five,images/test_image_01898.jpg,b8f0407343ac0a58665b054916f0b32cda25e10cb3eeb1e5026860f505daf894
habit_test_01899,006005_01,006005,S8975,task_05,Release the end of the 100 cm Hotel Towel you were holding.,100 cm Hotel Towel,early,0,all_five,images/test_image_01899.jpg,b8f0407343ac0a58665b054916f0b32cda25e10cb3eeb1e5026860f505daf894
habit_test_01900,006005_01,006005,S8975,task_05,Release the end of the 100 cm Hotel Towel you were holding.,100 cm Hotel Towel,ready,1,all_five,images/test_image_01900.jpg,b8f0407343ac0a58665b054916f0b32cda25e10cb3eeb1e5026860f505daf894
habit_test_01901,006006_01,006006,S8975,task_05,Release the end of the 100 cm Hotel Towel you were holding.,100 cm Hotel Towel,early,0,all_five,images/test_image_01901.jpg,b8f0407343ac0a58665b054916f0b32cda25e10cb3eeb1e5026860f505daf894
habit_test_01902,006006_01,006006,S8975,task_05,Release the end of the 100 cm Hotel Towel you were holding.,100 cm Hotel Towel,ready,1,all_five,images/test_image_01902.jpg,b8f0407343ac0a58665b054916f0b32cda25e10cb3eeb1e5026860f505daf894
habit_test_01903,006007_01,006007,S8975,task_05,Release the end of the 100 cm Hotel Towel you were holding.,100 cm Hotel Towel,early,0,all_five,images/test_image_01903.jpg,b8f0407343ac0a58665b054916f0b32cda25e10cb3eeb1e5026860f505daf894
habit_test_01904,006007_01,006007,S8975,task_05,Release the end of the 100 cm Hotel Towel you were holding.,100 cm Hotel Towel,ready,1,all_five,images/test_image_01904.jpg,b8f0407343ac0a58665b054916f0b32cda25e10cb3eeb1e5026860f505daf894
habit_test_01905,006008_01,006008,S8975,task_05,Release the end of the 100 cm Hotel Towel you were holding.,100 cm Hotel Towel,early,0,all_five,images/test_image_01905.jpg,b8f0407343ac0a58665b054916f0b32cda25e10cb3eeb1e5026860f505daf894
habit_test_01906,006008_01,006008,S8975,task_05,Release the end of the 100 cm Hotel Towel you were holding.,100 cm Hotel Towel,ready,1,all_five,images/test_image_01906.jpg,b8f0407343ac0a58665b054916f0b32cda25e10cb3eeb1e5026860f505daf894
habit_test_01907,006010_01,006010,S8975,task_05,Release the end of the 100 cm Hotel Towel you were holding.,100 cm Hotel Towel,early,0,all_five,images/test_image_01907.jpg,b8f0407343ac0a58665b054916f0b32cda25e10cb3eeb1e5026860f505daf894
habit_test_01908,006010_01,006010,S8975,task_05,Release the end of the 100 cm Hotel Towel you were holding.,100 cm Hotel Towel,ready,1,all_five,images/test_image_01908.jpg,b8f0407343ac0a58665b054916f0b32cda25e10cb3eeb1e5026860f505daf894
habit_test_01909,006012_01,006012,S8975,task_05,Release the end of the 100 cm Hotel Towel you were holding.,100 cm Hotel Towel,early,0,all_five,images/test_image_01909.jpg,b8f0407343ac0a58665b054916f0b32cda25e10cb3eeb1e5026860f505daf894
habit_test_01910,006012_01,006012,S8975,task_05,Release the end of the 100 cm Hotel Towel you were holding.,100 cm Hotel Towel,ready,1,all_five,images/test_image_01910.jpg,b8f0407343ac0a58665b054916f0b32cda25e10cb3eeb1e5026860f505daf894
habit_test_01911,006013_01,006013,S8975,task_05,Release the end of the 100 cm Hotel Towel you were holding.,100 cm Hotel Towel,early,0,all_five,images/test_image_01911.jpg,b8f0407343ac0a58665b054916f0b32cda25e10cb3eeb1e5026860f505daf894
habit_test_01912,006013_01,006013,S8975,task_05,Release the end of the 100 cm Hotel Towel you were holding.,100 cm Hotel Towel,ready,1,all_five,images/test_image_01912.jpg,b8f0407343ac0a58665b054916f0b32cda25e10cb3eeb1e5026860f505daf894
habit_test_01913,006014_01,006014,S8975,task_05,Release the end of the 100 cm Hotel Towel you were holding.,100 cm Hotel Towel,early,0,all_five,images/test_image_01913.jpg,b8f0407343ac0a58665b054916f0b32cda25e10cb3eeb1e5026860f505daf894
habit_test_01914,006014_01,006014,S8975,task_05,Release the end of the 100 cm Hotel Towel you were holding.,100 cm Hotel Towel,ready,1,all_five,images/test_image_01914.jpg,b8f0407343ac0a58665b054916f0b32cda25e10cb3eeb1e5026860f505daf894
habit_test_01915,006016_01,006016,S8975,task_05,Release the end of the 100 cm Hotel Towel you were holding.,100 cm Hotel Towel,early,0,all_five,images/test_image_01915.jpg,b8f0407343ac0a58665b054916f0b32cda25e10cb3eeb1e5026860f505daf894
habit_test_01916,006016_01,006016,S8975,task_05,Release the end of the 100 cm Hotel Towel you were holding.,100 cm Hotel Towel,ready,1,all_five,images/test_image_01916.jpg,b8f0407343ac0a58665b054916f0b32cda25e10cb3eeb1e5026860f505daf894
habit_test_01917,006018_01,006018,S8975,task_05,Release the end of the 100 cm Hotel Towel you were holding.,100 cm Hotel Towel,early,0,all_five,images/test_image_01917.jpg,b8f0407343ac0a58665b054916f0b32cda25e10cb3eeb1e5026860f505daf894
habit_test_01918,006018_01,006018,S8975,task_05,Release the end of the 100 cm Hotel Towel you were holding.,100 cm Hotel Towel,ready,1,all_five,images/test_image_01918.jpg,b8f0407343ac0a58665b054916f0b32cda25e10cb3eeb1e5026860f505daf894
habit_test_01919,006019_01,006019,S8975,task_05,Release the end of the 100 cm Hotel Towel you were holding.,100 cm Hotel Towel,early,0,all_five,images/test_image_01919.jpg,b8f0407343ac0a58665b054916f0b32cda25e10cb3eeb1e5026860f505daf894
habit_test_01920,006019_01,006019,S8975,task_05,Release the end of the 100 cm Hotel Towel you were holding.,100 cm Hotel Towel,ready,1,all_five,images/test_image_01920.jpg,b8f0407343ac0a58665b054916f0b32cda25e10cb3eeb1e5026860f505daf894
habit_test_01921,006020_01,006020,S8975,task_05,Release the end of the 100 cm Hotel Towel you were holding.,100 cm Hotel Towel,early,0,all_five,images/test_image_01921.jpg,b8f0407343ac0a58665b054916f0b32cda25e10cb3eeb1e5026860f505daf894
habit_test_01922,006020_01,006020,S8975,task_05,Release the end of the 100 cm Hotel Towel you were holding.,100 cm Hotel Towel,ready,1,all_five,images/test_image_01922.jpg,b8f0407343ac0a58665b054916f0b32cda25e10cb3eeb1e5026860f505daf894
habit_test_01923,006022_01,006022,S8975,task_05,Release the end of the 100 cm Hotel Towel you were holding.,100 cm Hotel Towel,early,0,all_five,images/test_image_01923.jpg,b8f0407343ac0a58665b054916f0b32cda25e10cb3eeb1e5026860f505daf894
habit_test_01924,006022_01,006022,S8975,task_05,Release the end of the 100 cm Hotel Towel you were holding.,100 cm Hotel Towel,ready,1,all_five,images/test_image_01924.jpg,b8f0407343ac0a58665b054916f0b32cda25e10cb3eeb1e5026860f505daf894
habit_test_01925,006024_01,006024,S8975,task_05,Release the end of the 100 cm Hotel Towel you were holding.,100 cm Hotel Towel,early,0,all_five,images/test_image_01925.jpg,b8f0407343ac0a58665b054916f0b32cda25e10cb3eeb1e5026860f505daf894
habit_test_01926,006024_01,006024,S8975,task_05,Release the end of the 100 cm Hotel Towel you were holding.,100 cm Hotel Towel,ready,1,all_five,images/test_image_01926.jpg,b8f0407343ac0a58665b054916f0b32cda25e10cb3eeb1e5026860f505daf894
habit_test_01927,006025_01,006025,S8975,task_05,Release the end of the 100 cm Hotel Towel you were holding.,100 cm Hotel Towel,early,0,all_five,images/test_image_01927.jpg,b8f0407343ac0a58665b054916f0b32cda25e10cb3eeb1e5026860f505daf894
habit_test_01928,006025_01,006025,S8975,task_05,Release the end of the 100 cm Hotel Towel you were holding.,100 cm Hotel Towel,ready,1,all_five,images/test_image_01928.jpg,b8f0407343ac0a58665b054916f0b32cda25e10cb3eeb1e5026860f505daf894
habit_test_01929,006026_01,006026,S8975,task_05,Release the end of the 100 cm Hotel Towel you were holding.,100 cm Hotel Towel,early,0,all_five,images/test_image_01929.jpg,b8f0407343ac0a58665b054916f0b32cda25e10cb3eeb1e5026860f505daf894
habit_test_01930,006026_01,006026,S8975,task_05,Release the end of the 100 cm Hotel Towel you were holding.,100 cm Hotel Towel,ready,1,all_five,images/test_image_01930.jpg,b8f0407343ac0a58665b054916f0b32cda25e10cb3eeb1e5026860f505daf894
habit_test_01931,006027_01,006027,S8975,task_05,Release the end of the 100 cm Hotel Towel you were holding.,100 cm Hotel Towel,early,0,all_five,images/test_image_01931.jpg,b8f0407343ac0a58665b054916f0b32cda25e10cb3eeb1e5026860f505daf894
habit_test_01932,006027_01,006027,S8975,task_05,Release the end of the 100 cm Hotel Towel you were holding.,100 cm Hotel Towel,ready,1,all_five,images/test_image_01932.jpg,b8f0407343ac0a58665b054916f0b32cda25e10cb3eeb1e5026860f505daf894
habit_test_01933,007309_01,007309,S8940,task_06,Release when the human grabs the Airtight Container lid.,Airtight Container lid,early,0,all_five,images/test_image_01933.jpg,f8cfa9e2be3437952aff0024247b68e5dc7cb52fad8f1fbe7bbf4bb10a0ad009
habit_test_01934,007309_01,007309,S8940,task_06,Release when the human grabs the Airtight Container lid.,Airtight Container lid,ready,1,all_five,images/test_image_01934.jpg,f8cfa9e2be3437952aff0024247b68e5dc7cb52fad8f1fbe7bbf4bb10a0ad009
habit_test_01935,007309_02,007309,S8940,task_06,Release when the human grabs the Airtight Container lid.,Airtight Container lid,early,0,all_five,images/test_image_01935.jpg,f8cfa9e2be3437952aff0024247b68e5dc7cb52fad8f1fbe7bbf4bb10a0ad009
habit_test_01936,007309_02,007309,S8940,task_06,Release when the human grabs the Airtight Container lid.,Airtight Container lid,ready,1,all_five,images/test_image_01936.jpg,f8cfa9e2be3437952aff0024247b68e5dc7cb52fad8f1fbe7bbf4bb10a0ad009
habit_test_01937,007310_01,007310,S8940,task_06,Release when the human grabs the Airtight Container lid.,Airtight Container lid,early,0,all_five,images/test_image_01937.jpg,f8cfa9e2be3437952aff0024247b68e5dc7cb52fad8f1fbe7bbf4bb10a0ad009
habit_test_01938,007310_01,007310,S8940,task_06,Release when the human grabs the Airtight Container lid.,Airtight Container lid,ready,1,all_five,images/test_image_01938.jpg,f8cfa9e2be3437952aff0024247b68e5dc7cb52fad8f1fbe7bbf4bb10a0ad009
habit_test_01939,007310_02,007310,S8940,task_06,Release when the human grabs the Airtight Container lid.,Airtight Container lid,early,0,all_five,images/test_image_01939.jpg,f8cfa9e2be3437952aff0024247b68e5dc7cb52fad8f1fbe7bbf4bb10a0ad009
habit_test_01940,007310_02,007310,S8940,task_06,Release when the human grabs the Airtight Container lid.,Airtight Container lid,ready,1,all_five,images/test_image_01940.jpg,f8cfa9e2be3437952aff0024247b68e5dc7cb52fad8f1fbe7bbf4bb10a0ad009
habit_test_01941,007312_01,007312,S8940,task_06,Release when the human grabs the Airtight Container lid.,Airtight Container lid,early,0,all_five,images/test_image_01941.jpg,f8cfa9e2be3437952aff0024247b68e5dc7cb52fad8f1fbe7bbf4bb10a0ad009
habit_test_01942,007312_01,007312,S8940,task_06,Release when the human grabs the Airtight Container lid.,Airtight Container lid,ready,1,all_five,images/test_image_01942.jpg,f8cfa9e2be3437952aff0024247b68e5dc7cb52fad8f1fbe7bbf4bb10a0ad009
habit_test_01943,007312_02,007312,S8940,task_06,Release when the human grabs the Airtight Container lid.,Airtight Container lid,early,0,all_five,images/test_image_01943.jpg,f8cfa9e2be3437952aff0024247b68e5dc7cb52fad8f1fbe7bbf4bb10a0ad009
habit_test_01944,007312_02,007312,S8940,task_06,Release when the human grabs the Airtight Container lid.,Airtight Container lid,ready,1,all_five,images/test_image_01944.jpg,f8cfa9e2be3437952aff0024247b68e5dc7cb52fad8f1fbe7bbf4bb10a0ad009
habit_test_01945,007313_01,007313,S8940,task_06,Release when the human grabs the Airtight Container lid.,Airtight Container lid,early,0,all_five,images/test_image_01945.jpg,f8cfa9e2be3437952aff0024247b68e5dc7cb52fad8f1fbe7bbf4bb10a0ad009
habit_test_01946,007313_01,007313,S8940,task_06,Release when the human grabs the Airtight Container lid.,Airtight Container lid,ready,1,all_five,images/test_image_01946.jpg,f8cfa9e2be3437952aff0024247b68e5dc7cb52fad8f1fbe7bbf4bb10a0ad009
habit_test_01947,007313_02,007313,S8940,task_06,Release when the human grabs the Airtight Container lid.,Airtight Container lid,early,0,all_five,images/test_image_01947.jpg,f8cfa9e2be3437952aff0024247b68e5dc7cb52fad8f1fbe7bbf4bb10a0ad009
habit_test_01948,007313_02,007313,S8940,task_06,Release when the human grabs the Airtight Container lid.,Airtight Container lid,ready,1,all_five,images/test_image_01948.jpg,f8cfa9e2be3437952aff0024247b68e5dc7cb52fad8f1fbe7bbf4bb10a0ad009
habit_test_01949,007314_01,007314,S8940,task_06,Release when the human grabs the Airtight Container lid.,Airtight Container lid,early,0,all_five,images/test_image_01949.jpg,f8cfa9e2be3437952aff0024247b68e5dc7cb52fad8f1fbe7bbf4bb10a0ad009
habit_test_01950,007314_01,007314,S8940,task_06,Release when the human grabs the Airtight Container lid.,Airtight Container lid,ready,1,all_five,images/test_image_01950.jpg,f8cfa9e2be3437952aff0024247b68e5dc7cb52fad8f1fbe7bbf4bb10a0ad009
habit_test_01951,007314_02,007314,S8940,task_06,Release when the human grabs the Airtight Container lid.,Airtight Container lid,early,0,all_five,images/test_image_01951.jpg,f8cfa9e2be3437952aff0024247b68e5dc7cb52fad8f1fbe7bbf4bb10a0ad009
habit_test_01952,007314_02,007314,S8940,task_06,Release when the human grabs the Airtight Container lid.,Airtight Container lid,ready,1,all_five,images/test_image_01952.jpg,f8cfa9e2be3437952aff0024247b68e5dc7cb52fad8f1fbe7bbf4bb10a0ad009
habit_test_01953,007315_01,007315,S8940,task_06,Release when the human grabs the Airtight Container lid.,Airtight Container lid,early,0,all_five,images/test_image_01953.jpg,f8cfa9e2be3437952aff0024247b68e5dc7cb52fad8f1fbe7bbf4bb10a0ad009
habit_test_01954,007315_01,007315,S8940,task_06,Release when the human grabs the Airtight Container lid.,Airtight Container lid,ready,1,all_five,images/test_image_01954.jpg,f8cfa9e2be3437952aff0024247b68e5dc7cb52fad8f1fbe7bbf4bb10a0ad009
habit_test_01955,007315_02,007315,S8940,task_06,Release when the human grabs the Airtight Container lid.,Airtight Container lid,early,0,all_five,images/test_image_01955.jpg,f8cfa9e2be3437952aff0024247b68e5dc7cb52fad8f1fbe7bbf4bb10a0ad009
habit_test_01956,007315_02,007315,S8940,task_06,Release when the human grabs the Airtight Container lid.,Airtight Container lid,ready,1,all_five,images/test_image_01956.jpg,f8cfa9e2be3437952aff0024247b68e5dc7cb52fad8f1fbe7bbf4bb10a0ad009
habit_test_01957,007316_01,007316,S8940,task_06,Release when the human grabs the Airtight Container lid.,Airtight Container lid,early,0,all_five,images/test_image_01957.jpg,f8cfa9e2be3437952aff0024247b68e5dc7cb52fad8f1fbe7bbf4bb10a0ad009
habit_test_01958,007316_01,007316,S8940,task_06,Release when the human grabs the Airtight Container lid.,Airtight Container lid,ready,1,all_five,images/test_image_01958.jpg,f8cfa9e2be3437952aff0024247b68e5dc7cb52fad8f1fbe7bbf4bb10a0ad009
habit_test_01959,007316_02,007316,S8940,task_06,Release when the human grabs the Airtight Container lid.,Airtight Container lid,early,0,all_five,images/test_image_01959.jpg,f8cfa9e2be3437952aff0024247b68e5dc7cb52fad8f1fbe7bbf4bb10a0ad009
habit_test_01960,007316_02,007316,S8940,task_06,Release when the human grabs the Airtight Container lid.,Airtight Container lid,ready,1,all_five,images/test_image_01960.jpg,f8cfa9e2be3437952aff0024247b68e5dc7cb52fad8f1fbe7bbf4bb10a0ad009
habit_test_01961,007317_01,007317,S8940,task_06,Release when the human grabs the Airtight Container lid.,Airtight Container lid,early,0,all_five,images/test_image_01961.jpg,f8cfa9e2be3437952aff0024247b68e5dc7cb52fad8f1fbe7bbf4bb10a0ad009
habit_test_01962,007317_01,007317,S8940,task_06,Release when the human grabs the Airtight Container lid.,Airtight Container lid,ready,1,all_five,images/test_image_01962.jpg,f8cfa9e2be3437952aff0024247b68e5dc7cb52fad8f1fbe7bbf4bb10a0ad009
habit_test_01963,007317_02,007317,S8940,task_06,Release when the human grabs the Airtight Container lid.,Airtight Container lid,early,0,all_five,images/test_image_01963.jpg,f8cfa9e2be3437952aff0024247b68e5dc7cb52fad8f1fbe7bbf4bb10a0ad009
habit_test_01964,007317_02,007317,S8940,task_06,Release when the human grabs the Airtight Container lid.,Airtight Container lid,ready,1,all_five,images/test_image_01964.jpg,f8cfa9e2be3437952aff0024247b68e5dc7cb52fad8f1fbe7bbf4bb10a0ad009
habit_test_01965,007321_01,007321,S8940,task_06,Release when the human grabs the Airtight Container lid.,Airtight Container lid,early,0,all_five,images/test_image_01965.jpg,f8cfa9e2be3437952aff0024247b68e5dc7cb52fad8f1fbe7bbf4bb10a0ad009
habit_test_01966,007321_01,007321,S8940,task_06,Release when the human grabs the Airtight Container lid.,Airtight Container lid,ready,1,all_five,images/test_image_01966.jpg,f8cfa9e2be3437952aff0024247b68e5dc7cb52fad8f1fbe7bbf4bb10a0ad009
habit_test_01967,007321_02,007321,S8940,task_06,Release when the human grabs the Airtight Container lid.,Airtight Container lid,early,0,all_five,images/test_image_01967.jpg,f8cfa9e2be3437952aff0024247b68e5dc7cb52fad8f1fbe7bbf4bb10a0ad009
habit_test_01968,007321_02,007321,S8940,task_06,Release when the human grabs the Airtight Container lid.,Airtight Container lid,ready,1,all_five,images/test_image_01968.jpg,f8cfa9e2be3437952aff0024247b68e5dc7cb52fad8f1fbe7bbf4bb10a0ad009
habit_test_01969,007322_01,007322,S8940,task_06,Release when the human grabs the Airtight Container lid.,Airtight Container lid,early,0,all_five,images/test_image_01969.jpg,f8cfa9e2be3437952aff0024247b68e5dc7cb52fad8f1fbe7bbf4bb10a0ad009
habit_test_01970,007322_01,007322,S8940,task_06,Release when the human grabs the Airtight Container lid.,Airtight Container lid,ready,1,all_five,images/test_image_01970.jpg,f8cfa9e2be3437952aff0024247b68e5dc7cb52fad8f1fbe7bbf4bb10a0ad009
habit_test_01971,007322_02,007322,S8940,task_06,Release when the human grabs the Airtight Container lid.,Airtight Container lid,early,0,all_five,images/test_image_01971.jpg,f8cfa9e2be3437952aff0024247b68e5dc7cb52fad8f1fbe7bbf4bb10a0ad009
habit_test_01972,007322_02,007322,S8940,task_06,Release when the human grabs the Airtight Container lid.,Airtight Container lid,ready,1,all_five,images/test_image_01972.jpg,f8cfa9e2be3437952aff0024247b68e5dc7cb52fad8f1fbe7bbf4bb10a0ad009
habit_test_01973,007323_01,007323,S8940,task_06,Release when the human grabs the Airtight Container lid.,Airtight Container lid,early,0,all_five,images/test_image_01973.jpg,f8cfa9e2be3437952aff0024247b68e5dc7cb52fad8f1fbe7bbf4bb10a0ad009
habit_test_01974,007323_01,007323,S8940,task_06,Release when the human grabs the Airtight Container lid.,Airtight Container lid,ready,1,all_five,images/test_image_01974.jpg,f8cfa9e2be3437952aff0024247b68e5dc7cb52fad8f1fbe7bbf4bb10a0ad009
habit_test_01975,007323_02,007323,S8940,task_06,Release when the human grabs the Airtight Container lid.,Airtight Container lid,early,0,all_five,images/test_image_01975.jpg,f8cfa9e2be3437952aff0024247b68e5dc7cb52fad8f1fbe7bbf4bb10a0ad009
habit_test_01976,007323_02,007323,S8940,task_06,Release when the human grabs the Airtight Container lid.,Airtight Container lid,ready,1,all_five,images/test_image_01976.jpg,f8cfa9e2be3437952aff0024247b68e5dc7cb52fad8f1fbe7bbf4bb10a0ad009
habit_test_01977,007325_01,007325,S8940,task_06,Release when the human grabs the Airtight Container lid.,Airtight Container lid,early,0,all_five,images/test_image_01977.jpg,f8cfa9e2be3437952aff0024247b68e5dc7cb52fad8f1fbe7bbf4bb10a0ad009
habit_test_01978,007325_01,007325,S8940,task_06,Release when the human grabs the Airtight Container lid.,Airtight Container lid,ready,1,all_five,images/test_image_01978.jpg,f8cfa9e2be3437952aff0024247b68e5dc7cb52fad8f1fbe7bbf4bb10a0ad009
habit_test_01979,007325_02,007325,S8940,task_06,Release when the human grabs the Airtight Container lid.,Airtight Container lid,early,0,all_five,images/test_image_01979.jpg,f8cfa9e2be3437952aff0024247b68e5dc7cb52fad8f1fbe7bbf4bb10a0ad009
habit_test_01980,007325_02,007325,S8940,task_06,Release when the human grabs the Airtight Container lid.,Airtight Container lid,ready,1,all_five,images/test_image_01980.jpg,f8cfa9e2be3437952aff0024247b68e5dc7cb52fad8f1fbe7bbf4bb10a0ad009
habit_test_01981,007326_01,007326,S8940,task_06,Release when the human grabs the Airtight Container lid.,Airtight Container lid,early,0,all_five,images/test_image_01981.jpg,f8cfa9e2be3437952aff0024247b68e5dc7cb52fad8f1fbe7bbf4bb10a0ad009
habit_test_01982,007326_01,007326,S8940,task_06,Release when the human grabs the Airtight Container lid.,Airtight Container lid,ready,1,all_five,images/test_image_01982.jpg,f8cfa9e2be3437952aff0024247b68e5dc7cb52fad8f1fbe7bbf4bb10a0ad009
habit_test_01983,007326_02,007326,S8940,task_06,Release when the human grabs the Airtight Container lid.,Airtight Container lid,early,0,all_five,images/test_image_01983.jpg,f8cfa9e2be3437952aff0024247b68e5dc7cb52fad8f1fbe7bbf4bb10a0ad009
habit_test_01984,007326_02,007326,S8940,task_06,Release when the human grabs the Airtight Container lid.,Airtight Container lid,ready,1,all_five,images/test_image_01984.jpg,f8cfa9e2be3437952aff0024247b68e5dc7cb52fad8f1fbe7bbf4bb10a0ad009
habit_test_01985,007327_01,007327,S8940,task_06,Release when the human grabs the Airtight Container lid.,Airtight Container lid,early,0,all_five,images/test_image_01985.jpg,f8cfa9e2be3437952aff0024247b68e5dc7cb52fad8f1fbe7bbf4bb10a0ad009
habit_test_01986,007327_01,007327,S8940,task_06,Release when the human grabs the Airtight Container lid.,Airtight Container lid,ready,1,all_five,images/test_image_01986.jpg,f8cfa9e2be3437952aff0024247b68e5dc7cb52fad8f1fbe7bbf4bb10a0ad009
habit_test_01987,007327_02,007327,S8940,task_06,Release when the human grabs the Airtight Container lid.,Airtight Container lid,early,0,all_five,images/test_image_01987.jpg,f8cfa9e2be3437952aff0024247b68e5dc7cb52fad8f1fbe7bbf4bb10a0ad009
habit_test_01988,007327_02,007327,S8940,task_06,Release when the human grabs the Airtight Container lid.,Airtight Container lid,ready,1,all_five,images/test_image_01988.jpg,f8cfa9e2be3437952aff0024247b68e5dc7cb52fad8f1fbe7bbf4bb10a0ad009
habit_test_01989,007328_01,007328,S8940,task_06,Release when the human grabs the Airtight Container lid.,Airtight Container lid,early,0,all_five,images/test_image_01989.jpg,f8cfa9e2be3437952aff0024247b68e5dc7cb52fad8f1fbe7bbf4bb10a0ad009
habit_test_01990,007328_01,007328,S8940,task_06,Release when the human grabs the Airtight Container lid.,Airtight Container lid,ready,1,all_five,images/test_image_01990.jpg,f8cfa9e2be3437952aff0024247b68e5dc7cb52fad8f1fbe7bbf4bb10a0ad009
habit_test_01991,007328_02,007328,S8940,task_06,Release when the human grabs the Airtight Container lid.,Airtight Container lid,early,0,all_five,images/test_image_01991.jpg,f8cfa9e2be3437952aff0024247b68e5dc7cb52fad8f1fbe7bbf4bb10a0ad009
habit_test_01992,007328_02,007328,S8940,task_06,Release when the human grabs the Airtight Container lid.,Airtight Container lid,ready,1,all_five,images/test_image_01992.jpg,f8cfa9e2be3437952aff0024247b68e5dc7cb52fad8f1fbe7bbf4bb10a0ad009
habit_test_01993,007329_01,007329,S8940,task_06,Release when the human grabs the Airtight Container lid.,Airtight Container lid,early,0,all_five,images/test_image_01993.jpg,f8cfa9e2be3437952aff0024247b68e5dc7cb52fad8f1fbe7bbf4bb10a0ad009
habit_test_01994,007329_01,007329,S8940,task_06,Release when the human grabs the Airtight Container lid.,Airtight Container lid,ready,1,all_five,images/test_image_01994.jpg,f8cfa9e2be3437952aff0024247b68e5dc7cb52fad8f1fbe7bbf4bb10a0ad009
habit_test_01995,007329_02,007329,S8940,task_06,Release when the human grabs the Airtight Container lid.,Airtight Container lid,early,0,all_five,images/test_image_01995.jpg,f8cfa9e2be3437952aff0024247b68e5dc7cb52fad8f1fbe7bbf4bb10a0ad009
habit_test_01996,007329_02,007329,S8940,task_06,Release when the human grabs the Airtight Container lid.,Airtight Container lid,ready,1,all_five,images/test_image_01996.jpg,f8cfa9e2be3437952aff0024247b68e5dc7cb52fad8f1fbe7bbf4bb10a0ad009
habit_test_01997,007331_01,007331,S8940,task_06,Release when the human grabs the Airtight Container lid.,Airtight Container lid,early,0,all_five,images/test_image_01997.jpg,f8cfa9e2be3437952aff0024247b68e5dc7cb52fad8f1fbe7bbf4bb10a0ad009
habit_test_01998,007331_01,007331,S8940,task_06,Release when the human grabs the Airtight Container lid.,Airtight Container lid,ready,1,all_five,images/test_image_01998.jpg,f8cfa9e2be3437952aff0024247b68e5dc7cb52fad8f1fbe7bbf4bb10a0ad009
habit_test_01999,007331_02,007331,S8940,task_06,Release when the human grabs the Airtight Container lid.,Airtight Container lid,early,0,all_five,images/test_image_01999.jpg,f8cfa9e2be3437952aff0024247b68e5dc7cb52fad8f1fbe7bbf4bb10a0ad009
habit_test_02000,007331_02,007331,S8940,task_06,Release when the human grabs the Airtight Container lid.,Airtight Container lid,ready,1,all_five,images/test_image_02000.jpg,f8cfa9e2be3437952aff0024247b68e5dc7cb52fad8f1fbe7bbf4bb10a0ad009
habit_test_02001,007332_01,007332,S8940,task_06,Release when the human grabs the Airtight Container lid.,Airtight Container lid,early,0,all_five,images/test_image_02001.jpg,f8cfa9e2be3437952aff0024247b68e5dc7cb52fad8f1fbe7bbf4bb10a0ad009
habit_test_02002,007332_01,007332,S8940,task_06,Release when the human grabs the Airtight Container lid.,Airtight Container lid,ready,1,all_five,images/test_image_02002.jpg,f8cfa9e2be3437952aff0024247b68e5dc7cb52fad8f1fbe7bbf4bb10a0ad009
habit_test_02003,007332_02,007332,S8940,task_06,Release when the human grabs the Airtight Container lid.,Airtight Container lid,early,0,all_five,images/test_image_02003.jpg,f8cfa9e2be3437952aff0024247b68e5dc7cb52fad8f1fbe7bbf4bb10a0ad009
habit_test_02004,007332_02,007332,S8940,task_06,Release when the human grabs the Airtight Container lid.,Airtight Container lid,ready,1,all_five,images/test_image_02004.jpg,f8cfa9e2be3437952aff0024247b68e5dc7cb52fad8f1fbe7bbf4bb10a0ad009
habit_test_02005,007333_01,007333,S8940,task_06,Release when the human grabs the Airtight Container lid.,Airtight Container lid,early,0,all_five,images/test_image_02005.jpg,f8cfa9e2be3437952aff0024247b68e5dc7cb52fad8f1fbe7bbf4bb10a0ad009
habit_test_02006,007333_01,007333,S8940,task_06,Release when the human grabs the Airtight Container lid.,Airtight Container lid,ready,1,all_five,images/test_image_02006.jpg,f8cfa9e2be3437952aff0024247b68e5dc7cb52fad8f1fbe7bbf4bb10a0ad009
habit_test_02007,007333_02,007333,S8940,task_06,Release when the human grabs the Airtight Container lid.,Airtight Container lid,early,0,all_five,images/test_image_02007.jpg,f8cfa9e2be3437952aff0024247b68e5dc7cb52fad8f1fbe7bbf4bb10a0ad009
habit_test_02008,007333_02,007333,S8940,task_06,Release when the human grabs the Airtight Container lid.,Airtight Container lid,ready,1,all_five,images/test_image_02008.jpg,f8cfa9e2be3437952aff0024247b68e5dc7cb52fad8f1fbe7bbf4bb10a0ad009
habit_test_02009,007334_01,007334,S8940,task_06,Release when the human grabs the Airtight Container lid.,Airtight Container lid,early,0,all_five,images/test_image_02009.jpg,f8cfa9e2be3437952aff0024247b68e5dc7cb52fad8f1fbe7bbf4bb10a0ad009
habit_test_02010,007334_01,007334,S8940,task_06,Release when the human grabs the Airtight Container lid.,Airtight Container lid,ready,1,all_five,images/test_image_02010.jpg,f8cfa9e2be3437952aff0024247b68e5dc7cb52fad8f1fbe7bbf4bb10a0ad009
habit_test_02011,007334_02,007334,S8940,task_06,Release when the human grabs the Airtight Container lid.,Airtight Container lid,early,0,all_five,images/test_image_02011.jpg,f8cfa9e2be3437952aff0024247b68e5dc7cb52fad8f1fbe7bbf4bb10a0ad009
habit_test_02012,007334_02,007334,S8940,task_06,Release when the human grabs the Airtight Container lid.,Airtight Container lid,ready,1,all_five,images/test_image_02012.jpg,f8cfa9e2be3437952aff0024247b68e5dc7cb52fad8f1fbe7bbf4bb10a0ad009
habit_test_02013,008354_01,008354,S7788,task_01,Open the gripper to release the iced cup you were holding.,iced cup,early,0,all_five,images/test_image_02013.jpg,e89aec231aa361bce4a9a9a1b6d253014d6d36c01e83e08de0165fbe21f76228
habit_test_02014,008354_01,008354,S7788,task_01,Open the gripper to release the iced cup you were holding.,iced cup,ready,1,all_five,images/test_image_02014.jpg,e89aec231aa361bce4a9a9a1b6d253014d6d36c01e83e08de0165fbe21f76228
habit_test_02015,008364_01,008364,S7788,task_01,Open the gripper to release the iced cup you were holding.,iced cup,early,0,all_five,images/test_image_02015.jpg,e89aec231aa361bce4a9a9a1b6d253014d6d36c01e83e08de0165fbe21f76228
habit_test_02016,008364_01,008364,S7788,task_01,Open the gripper to release the iced cup you were holding.,iced cup,ready,1,all_five,images/test_image_02016.jpg,e89aec231aa361bce4a9a9a1b6d253014d6d36c01e83e08de0165fbe21f76228
habit_test_02017,008364_02,008364,S7788,task_01,Open the gripper to release the iced cup you were holding.,iced cup,early,0,all_five,images/test_image_02017.jpg,e89aec231aa361bce4a9a9a1b6d253014d6d36c01e83e08de0165fbe21f76228
habit_test_02018,008364_02,008364,S7788,task_01,Open the gripper to release the iced cup you were holding.,iced cup,ready,1,all_five,images/test_image_02018.jpg,e89aec231aa361bce4a9a9a1b6d253014d6d36c01e83e08de0165fbe21f76228
habit_test_02019,008372_02,008372,S7788,task_01,Open the gripper to release the iced cup you were holding.,iced cup,early,0,all_five,images/test_image_02019.jpg,e89aec231aa361bce4a9a9a1b6d253014d6d36c01e83e08de0165fbe21f76228
habit_test_02020,008372_02,008372,S7788,task_01,Open the gripper to release the iced cup you were holding.,iced cup,ready,1,all_five,images/test_image_02020.jpg,e89aec231aa361bce4a9a9a1b6d253014d6d36c01e83e08de0165fbe21f76228
habit_test_02021,008462_01,008462,S7788,task_01,Open the gripper to release the iced cup you were holding.,iced cup,early,0,all_five,images/test_image_02021.jpg,e89aec231aa361bce4a9a9a1b6d253014d6d36c01e83e08de0165fbe21f76228
habit_test_02022,008462_01,008462,S7788,task_01,Open the gripper to release the iced cup you were holding.,iced cup,ready,1,all_five,images/test_image_02022.jpg,e89aec231aa361bce4a9a9a1b6d253014d6d36c01e83e08de0165fbe21f76228
habit_test_02023,008475_01,008475,S7788,task_01,Open the gripper to release the iced cup you were holding.,iced cup,early,0,all_five,images/test_image_02023.jpg,e89aec231aa361bce4a9a9a1b6d253014d6d36c01e83e08de0165fbe21f76228
habit_test_02024,008475_01,008475,S7788,task_01,Open the gripper to release the iced cup you were holding.,iced cup,ready,1,all_five,images/test_image_02024.jpg,e89aec231aa361bce4a9a9a1b6d253014d6d36c01e83e08de0165fbe21f76228
habit_test_02025,008495_02,008495,S7788,task_01,Open the gripper to release the iced cup you were holding.,iced cup,early,0,all_five,images/test_image_02025.jpg,e89aec231aa361bce4a9a9a1b6d253014d6d36c01e83e08de0165fbe21f76228
habit_test_02026,008495_02,008495,S7788,task_01,Open the gripper to release the iced cup you were holding.,iced cup,ready,1,all_five,images/test_image_02026.jpg,e89aec231aa361bce4a9a9a1b6d253014d6d36c01e83e08de0165fbe21f76228
habit_test_02027,008524_02,008524,S7788,task_01,Open the gripper to release the iced cup you were holding.,iced cup,early,0,all_five,images/test_image_02027.jpg,e89aec231aa361bce4a9a9a1b6d253014d6d36c01e83e08de0165fbe21f76228
habit_test_02028,008524_02,008524,S7788,task_01,Open the gripper to release the iced cup you were holding.,iced cup,ready,1,all_five,images/test_image_02028.jpg,e89aec231aa361bce4a9a9a1b6d253014d6d36c01e83e08de0165fbe21f76228
habit_test_02029,009796_02,009796,S7788,task_01,Open the gripper to release the iced cup you were holding.,iced cup,early,0,all_five,images/test_image_02029.jpg,e89aec231aa361bce4a9a9a1b6d253014d6d36c01e83e08de0165fbe21f76228
habit_test_02030,009796_02,009796,S7788,task_01,Open the gripper to release the iced cup you were holding.,iced cup,ready,1,all_five,images/test_image_02030.jpg,e89aec231aa361bce4a9a9a1b6d253014d6d36c01e83e08de0165fbe21f76228
habit_test_02031,009797_02,009797,S7788,task_01,Open the gripper to release the iced cup you were holding.,iced cup,early,0,all_five,images/test_image_02031.jpg,e89aec231aa361bce4a9a9a1b6d253014d6d36c01e83e08de0165fbe21f76228
habit_test_02032,009797_02,009797,S7788,task_01,Open the gripper to release the iced cup you were holding.,iced cup,ready,1,all_five,images/test_image_02032.jpg,e89aec231aa361bce4a9a9a1b6d253014d6d36c01e83e08de0165fbe21f76228
habit_test_02033,009801_02,009801,S7788,task_01,Open the gripper to release the iced cup you were holding.,iced cup,early,0,all_five,images/test_image_02033.jpg,e89aec231aa361bce4a9a9a1b6d253014d6d36c01e83e08de0165fbe21f76228
habit_test_02034,009801_02,009801,S7788,task_01,Open the gripper to release the iced cup you were holding.,iced cup,ready,1,all_five,images/test_image_02034.jpg,e89aec231aa361bce4a9a9a1b6d253014d6d36c01e83e08de0165fbe21f76228
habit_test_02035,009808_02,009808,S8940,task_06,Release when the human grabs the Airtight Container lid.,Airtight Container lid,early,0,all_five,images/test_image_02035.jpg,f8cfa9e2be3437952aff0024247b68e5dc7cb52fad8f1fbe7bbf4bb10a0ad009
habit_test_02036,009808_02,009808,S8940,task_06,Release when the human grabs the Airtight Container lid.,Airtight Container lid,ready,1,all_five,images/test_image_02036.jpg,f8cfa9e2be3437952aff0024247b68e5dc7cb52fad8f1fbe7bbf4bb10a0ad009
habit_test_02037,009809_02,009809,S8940,task_06,Release when the human grabs the Airtight Container lid.,Airtight Container lid,early,0,all_five,images/test_image_02037.jpg,f8cfa9e2be3437952aff0024247b68e5dc7cb52fad8f1fbe7bbf4bb10a0ad009
habit_test_02038,009809_02,009809,S8940,task_06,Release when the human grabs the Airtight Container lid.,Airtight Container lid,ready,1,all_five,images/test_image_02038.jpg,f8cfa9e2be3437952aff0024247b68e5dc7cb52fad8f1fbe7bbf4bb10a0ad009
habit_test_02039,009810_02,009810,S8940,task_06,Release when the human grabs the Airtight Container lid.,Airtight Container lid,early,0,all_five,images/test_image_02039.jpg,f8cfa9e2be3437952aff0024247b68e5dc7cb52fad8f1fbe7bbf4bb10a0ad009
habit_test_02040,009810_02,009810,S8940,task_06,Release when the human grabs the Airtight Container lid.,Airtight Container lid,ready,1,all_five,images/test_image_02040.jpg,f8cfa9e2be3437952aff0024247b68e5dc7cb52fad8f1fbe7bbf4bb10a0ad009
habit_test_02041,009811_02,009811,S8940,task_06,Release when the human grabs the Airtight Container lid.,Airtight Container lid,early,0,all_five,images/test_image_02041.jpg,f8cfa9e2be3437952aff0024247b68e5dc7cb52fad8f1fbe7bbf4bb10a0ad009
habit_test_02042,009811_02,009811,S8940,task_06,Release when the human grabs the Airtight Container lid.,Airtight Container lid,ready,1,all_five,images/test_image_02042.jpg,f8cfa9e2be3437952aff0024247b68e5dc7cb52fad8f1fbe7bbf4bb10a0ad009
habit_test_02043,009812_02,009812,S8940,task_06,Release when the human grabs the Airtight Container lid.,Airtight Container lid,early,0,all_five,images/test_image_02043.jpg,f8cfa9e2be3437952aff0024247b68e5dc7cb52fad8f1fbe7bbf4bb10a0ad009
habit_test_02044,009812_02,009812,S8940,task_06,Release when the human grabs the Airtight Container lid.,Airtight Container lid,ready,1,all_five,images/test_image_02044.jpg,f8cfa9e2be3437952aff0024247b68e5dc7cb52fad8f1fbe7bbf4bb10a0ad009
habit_test_02045,009813_02,009813,S8940,task_06,Release when the human grabs the Airtight Container lid.,Airtight Container lid,early,0,all_five,images/test_image_02045.jpg,f8cfa9e2be3437952aff0024247b68e5dc7cb52fad8f1fbe7bbf4bb10a0ad009
habit_test_02046,009813_02,009813,S8940,task_06,Release when the human grabs the Airtight Container lid.,Airtight Container lid,ready,1,all_five,images/test_image_02046.jpg,f8cfa9e2be3437952aff0024247b68e5dc7cb52fad8f1fbe7bbf4bb10a0ad009
habit_test_02047,009814_02,009814,S8940,task_06,Release when the human grabs the Airtight Container lid.,Airtight Container lid,early,0,all_five,images/test_image_02047.jpg,f8cfa9e2be3437952aff0024247b68e5dc7cb52fad8f1fbe7bbf4bb10a0ad009
habit_test_02048,009814_02,009814,S8940,task_06,Release when the human grabs the Airtight Container lid.,Airtight Container lid,ready,1,all_five,images/test_image_02048.jpg,f8cfa9e2be3437952aff0024247b68e5dc7cb52fad8f1fbe7bbf4bb10a0ad009
habit_test_02049,009815_02,009815,S8940,task_06,Release when the human grabs the Airtight Container lid.,Airtight Container lid,early,0,all_five,images/test_image_02049.jpg,f8cfa9e2be3437952aff0024247b68e5dc7cb52fad8f1fbe7bbf4bb10a0ad009
habit_test_02050,009815_02,009815,S8940,task_06,Release when the human grabs the Airtight Container lid.,Airtight Container lid,ready,1,all_five,images/test_image_02050.jpg,f8cfa9e2be3437952aff0024247b68e5dc7cb52fad8f1fbe7bbf4bb10a0ad009
habit_test_02051,009816_02,009816,S8940,task_06,Release when the human grabs the Airtight Container lid.,Airtight Container lid,early,0,all_five,images/test_image_02051.jpg,f8cfa9e2be3437952aff0024247b68e5dc7cb52fad8f1fbe7bbf4bb10a0ad009
habit_test_02052,009816_02,009816,S8940,task_06,Release when the human grabs the Airtight Container lid.,Airtight Container lid,ready,1,all_five,images/test_image_02052.jpg,f8cfa9e2be3437952aff0024247b68e5dc7cb52fad8f1fbe7bbf4bb10a0ad009
habit_test_02053,009817_02,009817,S8940,task_06,Release when the human grabs the Airtight Container lid.,Airtight Container lid,early,0,all_five,images/test_image_02053.jpg,f8cfa9e2be3437952aff0024247b68e5dc7cb52fad8f1fbe7bbf4bb10a0ad009
habit_test_02054,009817_02,009817,S8940,task_06,Release when the human grabs the Airtight Container lid.,Airtight Container lid,ready,1,all_five,images/test_image_02054.jpg,f8cfa9e2be3437952aff0024247b68e5dc7cb52fad8f1fbe7bbf4bb10a0ad009
habit_test_02055,009818_02,009818,S8940,task_06,Release when the human grabs the Airtight Container lid.,Airtight Container lid,early,0,all_five,images/test_image_02055.jpg,f8cfa9e2be3437952aff0024247b68e5dc7cb52fad8f1fbe7bbf4bb10a0ad009
habit_test_02056,009818_02,009818,S8940,task_06,Release when the human grabs the Airtight Container lid.,Airtight Container lid,ready,1,all_five,images/test_image_02056.jpg,f8cfa9e2be3437952aff0024247b68e5dc7cb52fad8f1fbe7bbf4bb10a0ad009
habit_test_02057,009819_02,009819,S8940,task_06,Release when the human grabs the Airtight Container lid.,Airtight Container lid,early,0,all_five,images/test_image_02057.jpg,f8cfa9e2be3437952aff0024247b68e5dc7cb52fad8f1fbe7bbf4bb10a0ad009
habit_test_02058,009819_02,009819,S8940,task_06,Release when the human grabs the Airtight Container lid.,Airtight Container lid,ready,1,all_five,images/test_image_02058.jpg,f8cfa9e2be3437952aff0024247b68e5dc7cb52fad8f1fbe7bbf4bb10a0ad009
habit_test_02059,009820_02,009820,S8940,task_06,Release when the human grabs the Airtight Container lid.,Airtight Container lid,early,0,all_five,images/test_image_02059.jpg,f8cfa9e2be3437952aff0024247b68e5dc7cb52fad8f1fbe7bbf4bb10a0ad009
habit_test_02060,009820_02,009820,S8940,task_06,Release when the human grabs the Airtight Container lid.,Airtight Container lid,ready,1,all_five,images/test_image_02060.jpg,f8cfa9e2be3437952aff0024247b68e5dc7cb52fad8f1fbe7bbf4bb10a0ad009
habit_test_02061,009821_02,009821,S8940,task_06,Release when the human grabs the Airtight Container lid.,Airtight Container lid,early,0,all_five,images/test_image_02061.jpg,f8cfa9e2be3437952aff0024247b68e5dc7cb52fad8f1fbe7bbf4bb10a0ad009
habit_test_02062,009821_02,009821,S8940,task_06,Release when the human grabs the Airtight Container lid.,Airtight Container lid,ready,1,all_five,images/test_image_02062.jpg,f8cfa9e2be3437952aff0024247b68e5dc7cb52fad8f1fbe7bbf4bb10a0ad009
habit_test_02063,009823_02,009823,S8940,task_06,Release when the human grabs the Airtight Container lid.,Airtight Container lid,early,0,all_five,images/test_image_02063.jpg,f8cfa9e2be3437952aff0024247b68e5dc7cb52fad8f1fbe7bbf4bb10a0ad009
habit_test_02064,009823_02,009823,S8940,task_06,Release when the human grabs the Airtight Container lid.,Airtight Container lid,ready,1,all_five,images/test_image_02064.jpg,f8cfa9e2be3437952aff0024247b68e5dc7cb52fad8f1fbe7bbf4bb10a0ad009
habit_test_02065,009824_02,009824,S8940,task_06,Release when the human grabs the Airtight Container lid.,Airtight Container lid,early,0,all_five,images/test_image_02065.jpg,f8cfa9e2be3437952aff0024247b68e5dc7cb52fad8f1fbe7bbf4bb10a0ad009
habit_test_02066,009824_02,009824,S8940,task_06,Release when the human grabs the Airtight Container lid.,Airtight Container lid,ready,1,all_five,images/test_image_02066.jpg,f8cfa9e2be3437952aff0024247b68e5dc7cb52fad8f1fbe7bbf4bb10a0ad009
habit_test_02067,009825_02,009825,S8940,task_06,Release when the human grabs the Airtight Container lid.,Airtight Container lid,early,0,all_five,images/test_image_02067.jpg,f8cfa9e2be3437952aff0024247b68e5dc7cb52fad8f1fbe7bbf4bb10a0ad009
habit_test_02068,009825_02,009825,S8940,task_06,Release when the human grabs the Airtight Container lid.,Airtight Container lid,ready,1,all_five,images/test_image_02068.jpg,f8cfa9e2be3437952aff0024247b68e5dc7cb52fad8f1fbe7bbf4bb10a0ad009
habit_test_02069,009826_02,009826,S8940,task_06,Release when the human grabs the Airtight Container lid.,Airtight Container lid,early,0,all_five,images/test_image_02069.jpg,f8cfa9e2be3437952aff0024247b68e5dc7cb52fad8f1fbe7bbf4bb10a0ad009
habit_test_02070,009826_02,009826,S8940,task_06,Release when the human grabs the Airtight Container lid.,Airtight Container lid,ready,1,all_five,images/test_image_02070.jpg,f8cfa9e2be3437952aff0024247b68e5dc7cb52fad8f1fbe7bbf4bb10a0ad009
habit_test_02071,009827_02,009827,S8940,task_06,Release when the human grabs the Airtight Container lid.,Airtight Container lid,early,0,all_five,images/test_image_02071.jpg,f8cfa9e2be3437952aff0024247b68e5dc7cb52fad8f1fbe7bbf4bb10a0ad009
habit_test_02072,009827_02,009827,S8940,task_06,Release when the human grabs the Airtight Container lid.,Airtight Container lid,ready,1,all_five,images/test_image_02072.jpg,f8cfa9e2be3437952aff0024247b68e5dc7cb52fad8f1fbe7bbf4bb10a0ad009
habit_test_02073,009828_02,009828,S8940,task_06,Release when the human grabs the Airtight Container lid.,Airtight Container lid,early,0,all_five,images/test_image_02073.jpg,f8cfa9e2be3437952aff0024247b68e5dc7cb52fad8f1fbe7bbf4bb10a0ad009
habit_test_02074,009828_02,009828,S8940,task_06,Release when the human grabs the Airtight Container lid.,Airtight Container lid,ready,1,all_five,images/test_image_02074.jpg,f8cfa9e2be3437952aff0024247b68e5dc7cb52fad8f1fbe7bbf4bb10a0ad009
habit_test_02075,009829_02,009829,S8940,task_06,Release when the human grabs the Airtight Container lid.,Airtight Container lid,early,0,all_five,images/test_image_02075.jpg,f8cfa9e2be3437952aff0024247b68e5dc7cb52fad8f1fbe7bbf4bb10a0ad009
habit_test_02076,009829_02,009829,S8940,task_06,Release when the human grabs the Airtight Container lid.,Airtight Container lid,ready,1,all_five,images/test_image_02076.jpg,f8cfa9e2be3437952aff0024247b68e5dc7cb52fad8f1fbe7bbf4bb10a0ad009
habit_test_02077,009830_02,009830,S8940,task_06,Release when the human grabs the Airtight Container lid.,Airtight Container lid,early,0,all_five,images/test_image_02077.jpg,f8cfa9e2be3437952aff0024247b68e5dc7cb52fad8f1fbe7bbf4bb10a0ad009
habit_test_02078,009830_02,009830,S8940,task_06,Release when the human grabs the Airtight Container lid.,Airtight Container lid,ready,1,all_five,images/test_image_02078.jpg,f8cfa9e2be3437952aff0024247b68e5dc7cb52fad8f1fbe7bbf4bb10a0ad009
habit_test_02079,009831_02,009831,S8940,task_06,Release when the human grabs the Airtight Container lid.,Airtight Container lid,early,0,all_five,images/test_image_02079.jpg,f8cfa9e2be3437952aff0024247b68e5dc7cb52fad8f1fbe7bbf4bb10a0ad009
habit_test_02080,009831_02,009831,S8940,task_06,Release when the human grabs the Airtight Container lid.,Airtight Container lid,ready,1,all_five,images/test_image_02080.jpg,f8cfa9e2be3437952aff0024247b68e5dc7cb52fad8f1fbe7bbf4bb10a0ad009
habit_test_02081,009832_02,009832,S8940,task_06,Release when the human grabs the Airtight Container lid.,Airtight Container lid,early,0,all_five,images/test_image_02081.jpg,f8cfa9e2be3437952aff0024247b68e5dc7cb52fad8f1fbe7bbf4bb10a0ad009
habit_test_02082,009832_02,009832,S8940,task_06,Release when the human grabs the Airtight Container lid.,Airtight Container lid,ready,1,all_five,images/test_image_02082.jpg,f8cfa9e2be3437952aff0024247b68e5dc7cb52fad8f1fbe7bbf4bb10a0ad009
habit_test_02083,009833_02,009833,S8940,task_06,Release when the human grabs the Airtight Container lid.,Airtight Container lid,early,0,all_five,images/test_image_02083.jpg,f8cfa9e2be3437952aff0024247b68e5dc7cb52fad8f1fbe7bbf4bb10a0ad009
habit_test_02084,009833_02,009833,S8940,task_06,Release when the human grabs the Airtight Container lid.,Airtight Container lid,ready,1,all_five,images/test_image_02084.jpg,f8cfa9e2be3437952aff0024247b68e5dc7cb52fad8f1fbe7bbf4bb10a0ad009
habit_test_02085,009834_02,009834,S8940,task_06,Release when the human grabs the Airtight Container lid.,Airtight Container lid,early,0,all_five,images/test_image_02085.jpg,f8cfa9e2be3437952aff0024247b68e5dc7cb52fad8f1fbe7bbf4bb10a0ad009
habit_test_02086,009834_02,009834,S8940,task_06,Release when the human grabs the Airtight Container lid.,Airtight Container lid,ready,1,all_five,images/test_image_02086.jpg,f8cfa9e2be3437952aff0024247b68e5dc7cb52fad8f1fbe7bbf4bb10a0ad009
habit_test_02087,009835_02,009835,S8940,task_06,Release when the human grabs the Airtight Container lid.,Airtight Container lid,early,0,all_five,images/test_image_02087.jpg,f8cfa9e2be3437952aff0024247b68e5dc7cb52fad8f1fbe7bbf4bb10a0ad009
habit_test_02088,009835_02,009835,S8940,task_06,Release when the human grabs the Airtight Container lid.,Airtight Container lid,ready,1,all_five,images/test_image_02088.jpg,f8cfa9e2be3437952aff0024247b68e5dc7cb52fad8f1fbe7bbf4bb10a0ad009
habit_test_02089,009836_02,009836,S8940,task_06,Release when the human grabs the Airtight Container lid.,Airtight Container lid,early,0,all_five,images/test_image_02089.jpg,f8cfa9e2be3437952aff0024247b68e5dc7cb52fad8f1fbe7bbf4bb10a0ad009
habit_test_02090,009836_02,009836,S8940,task_06,Release when the human grabs the Airtight Container lid.,Airtight Container lid,ready,1,all_five,images/test_image_02090.jpg,f8cfa9e2be3437952aff0024247b68e5dc7cb52fad8f1fbe7bbf4bb10a0ad009
habit_test_02091,009837_02,009837,S8940,task_06,Release when the human grabs the Airtight Container lid.,Airtight Container lid,early,0,all_five,images/test_image_02091.jpg,f8cfa9e2be3437952aff0024247b68e5dc7cb52fad8f1fbe7bbf4bb10a0ad009
habit_test_02092,009837_02,009837,S8940,task_06,Release when the human grabs the Airtight Container lid.,Airtight Container lid,ready,1,all_five,images/test_image_02092.jpg,f8cfa9e2be3437952aff0024247b68e5dc7cb52fad8f1fbe7bbf4bb10a0ad009
habit_test_02093,009838_02,009838,S8940,task_06,Release when the human grabs the Airtight Container lid.,Airtight Container lid,early,0,all_five,images/test_image_02093.jpg,f8cfa9e2be3437952aff0024247b68e5dc7cb52fad8f1fbe7bbf4bb10a0ad009
habit_test_02094,009838_02,009838,S8940,task_06,Release when the human grabs the Airtight Container lid.,Airtight Container lid,ready,1,all_five,images/test_image_02094.jpg,f8cfa9e2be3437952aff0024247b68e5dc7cb52fad8f1fbe7bbf4bb10a0ad009
habit_test_02095,009839_02,009839,S8940,task_06,Release when the human grabs the Airtight Container lid.,Airtight Container lid,early,0,all_five,images/test_image_02095.jpg,f8cfa9e2be3437952aff0024247b68e5dc7cb52fad8f1fbe7bbf4bb10a0ad009
habit_test_02096,009839_02,009839,S8940,task_06,Release when the human grabs the Airtight Container lid.,Airtight Container lid,ready,1,all_five,images/test_image_02096.jpg,f8cfa9e2be3437952aff0024247b68e5dc7cb52fad8f1fbe7bbf4bb10a0ad009
habit_test_02097,009842_02,009842,S8940,task_06,Release when the human grabs the Airtight Container lid.,Airtight Container lid,early,0,all_five,images/test_image_02097.jpg,f8cfa9e2be3437952aff0024247b68e5dc7cb52fad8f1fbe7bbf4bb10a0ad009
habit_test_02098,009842_02,009842,S8940,task_06,Release when the human grabs the Airtight Container lid.,Airtight Container lid,ready,1,all_five,images/test_image_02098.jpg,f8cfa9e2be3437952aff0024247b68e5dc7cb52fad8f1fbe7bbf4bb10a0ad009
habit_test_02099,009843_02,009843,S8940,task_06,Release when the human grabs the Airtight Container lid.,Airtight Container lid,early,0,all_five,images/test_image_02099.jpg,f8cfa9e2be3437952aff0024247b68e5dc7cb52fad8f1fbe7bbf4bb10a0ad009
habit_test_02100,009843_02,009843,S8940,task_06,Release when the human grabs the Airtight Container lid.,Airtight Container lid,ready,1,all_five,images/test_image_02100.jpg,f8cfa9e2be3437952aff0024247b68e5dc7cb52fad8f1fbe7bbf4bb10a0ad009
habit_test_02101,009844_02,009844,S8940,task_06,Release when the human grabs the Airtight Container lid.,Airtight Container lid,early,0,all_five,images/test_image_02101.jpg,f8cfa9e2be3437952aff0024247b68e5dc7cb52fad8f1fbe7bbf4bb10a0ad009
habit_test_02102,009844_02,009844,S8940,task_06,Release when the human grabs the Airtight Container lid.,Airtight Container lid,ready,1,all_five,images/test_image_02102.jpg,f8cfa9e2be3437952aff0024247b68e5dc7cb52fad8f1fbe7bbf4bb10a0ad009
habit_test_02103,009845_02,009845,S8940,task_06,Release when the human grabs the Airtight Container lid.,Airtight Container lid,early,0,all_five,images/test_image_02103.jpg,f8cfa9e2be3437952aff0024247b68e5dc7cb52fad8f1fbe7bbf4bb10a0ad009
habit_test_02104,009845_02,009845,S8940,task_06,Release when the human grabs the Airtight Container lid.,Airtight Container lid,ready,1,all_five,images/test_image_02104.jpg,f8cfa9e2be3437952aff0024247b68e5dc7cb52fad8f1fbe7bbf4bb10a0ad009
habit_test_02105,009846_02,009846,S8940,task_06,Release when the human grabs the Airtight Container lid.,Airtight Container lid,early,0,all_five,images/test_image_02105.jpg,f8cfa9e2be3437952aff0024247b68e5dc7cb52fad8f1fbe7bbf4bb10a0ad009
habit_test_02106,009846_02,009846,S8940,task_06,Release when the human grabs the Airtight Container lid.,Airtight Container lid,ready,1,all_five,images/test_image_02106.jpg,f8cfa9e2be3437952aff0024247b68e5dc7cb52fad8f1fbe7bbf4bb10a0ad009
habit_test_02107,009847_02,009847,S8940,task_06,Release when the human grabs the Airtight Container lid.,Airtight Container lid,early,0,all_five,images/test_image_02107.jpg,f8cfa9e2be3437952aff0024247b68e5dc7cb52fad8f1fbe7bbf4bb10a0ad009
habit_test_02108,009847_02,009847,S8940,task_06,Release when the human grabs the Airtight Container lid.,Airtight Container lid,ready,1,all_five,images/test_image_02108.jpg,f8cfa9e2be3437952aff0024247b68e5dc7cb52fad8f1fbe7bbf4bb10a0ad009
habit_test_02109,009848_02,009848,S8940,task_06,Release when the human grabs the Airtight Container lid.,Airtight Container lid,early,0,all_five,images/test_image_02109.jpg,f8cfa9e2be3437952aff0024247b68e5dc7cb52fad8f1fbe7bbf4bb10a0ad009
habit_test_02110,009848_02,009848,S8940,task_06,Release when the human grabs the Airtight Container lid.,Airtight Container lid,ready,1,all_five,images/test_image_02110.jpg,f8cfa9e2be3437952aff0024247b68e5dc7cb52fad8f1fbe7bbf4bb10a0ad009
habit_test_02111,009849_02,009849,S8940,task_06,Release when the human grabs the Airtight Container lid.,Airtight Container lid,early,0,all_five,images/test_image_02111.jpg,f8cfa9e2be3437952aff0024247b68e5dc7cb52fad8f1fbe7bbf4bb10a0ad009
habit_test_02112,009849_02,009849,S8940,task_06,Release when the human grabs the Airtight Container lid.,Airtight Container lid,ready,1,all_five,images/test_image_02112.jpg,f8cfa9e2be3437952aff0024247b68e5dc7cb52fad8f1fbe7bbf4bb10a0ad009
habit_test_02113,009851_02,009851,S8940,task_06,Release when the human grabs the Airtight Container lid.,Airtight Container lid,early,0,all_five,images/test_image_02113.jpg,f8cfa9e2be3437952aff0024247b68e5dc7cb52fad8f1fbe7bbf4bb10a0ad009
habit_test_02114,009851_02,009851,S8940,task_06,Release when the human grabs the Airtight Container lid.,Airtight Container lid,ready,1,all_five,images/test_image_02114.jpg,f8cfa9e2be3437952aff0024247b68e5dc7cb52fad8f1fbe7bbf4bb10a0ad009
habit_test_02115,009852_02,009852,S8940,task_06,Release when the human grabs the Airtight Container lid.,Airtight Container lid,early,0,all_five,images/test_image_02115.jpg,f8cfa9e2be3437952aff0024247b68e5dc7cb52fad8f1fbe7bbf4bb10a0ad009
habit_test_02116,009852_02,009852,S8940,task_06,Release when the human grabs the Airtight Container lid.,Airtight Container lid,ready,1,all_five,images/test_image_02116.jpg,f8cfa9e2be3437952aff0024247b68e5dc7cb52fad8f1fbe7bbf4bb10a0ad009
habit_test_02117,009853_01,009853,S8940,task_06,Release when the human grabs the Airtight Container lid.,Airtight Container lid,early,0,all_five,images/test_image_02117.jpg,f8cfa9e2be3437952aff0024247b68e5dc7cb52fad8f1fbe7bbf4bb10a0ad009
habit_test_02118,009853_01,009853,S8940,task_06,Release when the human grabs the Airtight Container lid.,Airtight Container lid,ready,1,all_five,images/test_image_02118.jpg,f8cfa9e2be3437952aff0024247b68e5dc7cb52fad8f1fbe7bbf4bb10a0ad009
habit_test_02119,009853_02,009853,S8940,task_06,Release when the human grabs the Airtight Container lid.,Airtight Container lid,early,0,all_five,images/test_image_02119.jpg,f8cfa9e2be3437952aff0024247b68e5dc7cb52fad8f1fbe7bbf4bb10a0ad009
habit_test_02120,009853_02,009853,S8940,task_06,Release when the human grabs the Airtight Container lid.,Airtight Container lid,ready,1,all_five,images/test_image_02120.jpg,f8cfa9e2be3437952aff0024247b68e5dc7cb52fad8f1fbe7bbf4bb10a0ad009
habit_test_02121,009854_02,009854,S8940,task_06,Release when the human grabs the Airtight Container lid.,Airtight Container lid,early,0,all_five,images/test_image_02121.jpg,f8cfa9e2be3437952aff0024247b68e5dc7cb52fad8f1fbe7bbf4bb10a0ad009
habit_test_02122,009854_02,009854,S8940,task_06,Release when the human grabs the Airtight Container lid.,Airtight Container lid,ready,1,all_five,images/test_image_02122.jpg,f8cfa9e2be3437952aff0024247b68e5dc7cb52fad8f1fbe7bbf4bb10a0ad009
habit_test_02123,009855_02,009855,S8940,task_06,Release when the human grabs the Airtight Container lid.,Airtight Container lid,early,0,all_five,images/test_image_02123.jpg,f8cfa9e2be3437952aff0024247b68e5dc7cb52fad8f1fbe7bbf4bb10a0ad009
habit_test_02124,009855_02,009855,S8940,task_06,Release when the human grabs the Airtight Container lid.,Airtight Container lid,ready,1,all_five,images/test_image_02124.jpg,f8cfa9e2be3437952aff0024247b68e5dc7cb52fad8f1fbe7bbf4bb10a0ad009
habit_test_02125,009856_02,009856,S8940,task_06,Release when the human grabs the Airtight Container lid.,Airtight Container lid,early,0,all_five,images/test_image_02125.jpg,f8cfa9e2be3437952aff0024247b68e5dc7cb52fad8f1fbe7bbf4bb10a0ad009
habit_test_02126,009856_02,009856,S8940,task_06,Release when the human grabs the Airtight Container lid.,Airtight Container lid,ready,1,all_five,images/test_image_02126.jpg,f8cfa9e2be3437952aff0024247b68e5dc7cb52fad8f1fbe7bbf4bb10a0ad009
habit_test_02127,009858_02,009858,S8940,task_06,Release when the human grabs the Airtight Container lid.,Airtight Container lid,early,0,all_five,images/test_image_02127.jpg,f8cfa9e2be3437952aff0024247b68e5dc7cb52fad8f1fbe7bbf4bb10a0ad009
habit_test_02128,009858_02,009858,S8940,task_06,Release when the human grabs the Airtight Container lid.,Airtight Container lid,ready,1,all_five,images/test_image_02128.jpg,f8cfa9e2be3437952aff0024247b68e5dc7cb52fad8f1fbe7bbf4bb10a0ad009
habit_test_02129,009859_02,009859,S8940,task_06,Release when the human grabs the Airtight Container lid.,Airtight Container lid,early,0,all_five,images/test_image_02129.jpg,f8cfa9e2be3437952aff0024247b68e5dc7cb52fad8f1fbe7bbf4bb10a0ad009
habit_test_02130,009859_02,009859,S8940,task_06,Release when the human grabs the Airtight Container lid.,Airtight Container lid,ready,1,all_five,images/test_image_02130.jpg,f8cfa9e2be3437952aff0024247b68e5dc7cb52fad8f1fbe7bbf4bb10a0ad009
habit_test_02131,009860_02,009860,S8940,task_06,Release when the human grabs the Airtight Container lid.,Airtight Container lid,early,0,all_five,images/test_image_02131.jpg,f8cfa9e2be3437952aff0024247b68e5dc7cb52fad8f1fbe7bbf4bb10a0ad009
habit_test_02132,009860_02,009860,S8940,task_06,Release when the human grabs the Airtight Container lid.,Airtight Container lid,ready,1,all_five,images/test_image_02132.jpg,f8cfa9e2be3437952aff0024247b68e5dc7cb52fad8f1fbe7bbf4bb10a0ad009
habit_test_02133,009861_02,009861,S8940,task_06,Release when the human grabs the Airtight Container lid.,Airtight Container lid,early,0,all_five,images/test_image_02133.jpg,f8cfa9e2be3437952aff0024247b68e5dc7cb52fad8f1fbe7bbf4bb10a0ad009
habit_test_02134,009861_02,009861,S8940,task_06,Release when the human grabs the Airtight Container lid.,Airtight Container lid,ready,1,all_five,images/test_image_02134.jpg,f8cfa9e2be3437952aff0024247b68e5dc7cb52fad8f1fbe7bbf4bb10a0ad009
habit_test_02135,009863_02,009863,S8940,task_06,Release when the human grabs the Airtight Container lid.,Airtight Container lid,early,0,all_five,images/test_image_02135.jpg,f8cfa9e2be3437952aff0024247b68e5dc7cb52fad8f1fbe7bbf4bb10a0ad009
habit_test_02136,009863_02,009863,S8940,task_06,Release when the human grabs the Airtight Container lid.,Airtight Container lid,ready,1,all_five,images/test_image_02136.jpg,f8cfa9e2be3437952aff0024247b68e5dc7cb52fad8f1fbe7bbf4bb10a0ad009
habit_test_02137,009864_02,009864,S8940,task_06,Release when the human grabs the Airtight Container lid.,Airtight Container lid,early,0,all_five,images/test_image_02137.jpg,f8cfa9e2be3437952aff0024247b68e5dc7cb52fad8f1fbe7bbf4bb10a0ad009
habit_test_02138,009864_02,009864,S8940,task_06,Release when the human grabs the Airtight Container lid.,Airtight Container lid,ready,1,all_five,images/test_image_02138.jpg,f8cfa9e2be3437952aff0024247b68e5dc7cb52fad8f1fbe7bbf4bb10a0ad009
habit_test_02139,009865_02,009865,S8940,task_06,Release when the human grabs the Airtight Container lid.,Airtight Container lid,early,0,all_five,images/test_image_02139.jpg,f8cfa9e2be3437952aff0024247b68e5dc7cb52fad8f1fbe7bbf4bb10a0ad009
habit_test_02140,009865_02,009865,S8940,task_06,Release when the human grabs the Airtight Container lid.,Airtight Container lid,ready,1,all_five,images/test_image_02140.jpg,f8cfa9e2be3437952aff0024247b68e5dc7cb52fad8f1fbe7bbf4bb10a0ad009
habit_test_02141,009866_02,009866,S8940,task_06,Release when the human grabs the Airtight Container lid.,Airtight Container lid,early,0,all_five,images/test_image_02141.jpg,f8cfa9e2be3437952aff0024247b68e5dc7cb52fad8f1fbe7bbf4bb10a0ad009
habit_test_02142,009866_02,009866,S8940,task_06,Release when the human grabs the Airtight Container lid.,Airtight Container lid,ready,1,all_five,images/test_image_02142.jpg,f8cfa9e2be3437952aff0024247b68e5dc7cb52fad8f1fbe7bbf4bb10a0ad009
habit_test_02143,009867_02,009867,S8940,task_06,Release when the human grabs the Airtight Container lid.,Airtight Container lid,early,0,all_five,images/test_image_02143.jpg,f8cfa9e2be3437952aff0024247b68e5dc7cb52fad8f1fbe7bbf4bb10a0ad009
habit_test_02144,009867_02,009867,S8940,task_06,Release when the human grabs the Airtight Container lid.,Airtight Container lid,ready,1,all_five,images/test_image_02144.jpg,f8cfa9e2be3437952aff0024247b68e5dc7cb52fad8f1fbe7bbf4bb10a0ad009
habit_test_02145,009868_01,009868,S8940,task_06,Release when the human grabs the Airtight Container lid.,Airtight Container lid,early,0,all_five,images/test_image_02145.jpg,f8cfa9e2be3437952aff0024247b68e5dc7cb52fad8f1fbe7bbf4bb10a0ad009
habit_test_02146,009868_01,009868,S8940,task_06,Release when the human grabs the Airtight Container lid.,Airtight Container lid,ready,1,all_five,images/test_image_02146.jpg,f8cfa9e2be3437952aff0024247b68e5dc7cb52fad8f1fbe7bbf4bb10a0ad009
habit_test_02147,009868_02,009868,S8940,task_06,Release when the human grabs the Airtight Container lid.,Airtight Container lid,early,0,all_five,images/test_image_02147.jpg,f8cfa9e2be3437952aff0024247b68e5dc7cb52fad8f1fbe7bbf4bb10a0ad009
habit_test_02148,009868_02,009868,S8940,task_06,Release when the human grabs the Airtight Container lid.,Airtight Container lid,ready,1,all_five,images/test_image_02148.jpg,f8cfa9e2be3437952aff0024247b68e5dc7cb52fad8f1fbe7bbf4bb10a0ad009
habit_test_02149,009869_01,009869,S8940,task_06,Release when the human grabs the Airtight Container lid.,Airtight Container lid,early,0,all_five,images/test_image_02149.jpg,f8cfa9e2be3437952aff0024247b68e5dc7cb52fad8f1fbe7bbf4bb10a0ad009
habit_test_02150,009869_01,009869,S8940,task_06,Release when the human grabs the Airtight Container lid.,Airtight Container lid,ready,1,all_five,images/test_image_02150.jpg,f8cfa9e2be3437952aff0024247b68e5dc7cb52fad8f1fbe7bbf4bb10a0ad009
habit_test_02151,009869_02,009869,S8940,task_06,Release when the human grabs the Airtight Container lid.,Airtight Container lid,early,0,all_five,images/test_image_02151.jpg,f8cfa9e2be3437952aff0024247b68e5dc7cb52fad8f1fbe7bbf4bb10a0ad009
habit_test_02152,009869_02,009869,S8940,task_06,Release when the human grabs the Airtight Container lid.,Airtight Container lid,ready,1,all_five,images/test_image_02152.jpg,f8cfa9e2be3437952aff0024247b68e5dc7cb52fad8f1fbe7bbf4bb10a0ad009
habit_test_02153,009870_01,009870,S8940,task_06,Release when the human grabs the Airtight Container lid.,Airtight Container lid,early,0,all_five,images/test_image_02153.jpg,f8cfa9e2be3437952aff0024247b68e5dc7cb52fad8f1fbe7bbf4bb10a0ad009
habit_test_02154,009870_01,009870,S8940,task_06,Release when the human grabs the Airtight Container lid.,Airtight Container lid,ready,1,all_five,images/test_image_02154.jpg,f8cfa9e2be3437952aff0024247b68e5dc7cb52fad8f1fbe7bbf4bb10a0ad009
habit_test_02155,009870_02,009870,S8940,task_06,Release when the human grabs the Airtight Container lid.,Airtight Container lid,early,0,all_five,images/test_image_02155.jpg,f8cfa9e2be3437952aff0024247b68e5dc7cb52fad8f1fbe7bbf4bb10a0ad009
habit_test_02156,009870_02,009870,S8940,task_06,Release when the human grabs the Airtight Container lid.,Airtight Container lid,ready,1,all_five,images/test_image_02156.jpg,f8cfa9e2be3437952aff0024247b68e5dc7cb52fad8f1fbe7bbf4bb10a0ad009
habit_test_02157,009871_01,009871,S8940,task_06,Release when the human grabs the Airtight Container lid.,Airtight Container lid,early,0,all_five,images/test_image_02157.jpg,f8cfa9e2be3437952aff0024247b68e5dc7cb52fad8f1fbe7bbf4bb10a0ad009
habit_test_02158,009871_01,009871,S8940,task_06,Release when the human grabs the Airtight Container lid.,Airtight Container lid,ready,1,all_five,images/test_image_02158.jpg,f8cfa9e2be3437952aff0024247b68e5dc7cb52fad8f1fbe7bbf4bb10a0ad009
habit_test_02159,009871_02,009871,S8940,task_06,Release when the human grabs the Airtight Container lid.,Airtight Container lid,early,0,all_five,images/test_image_02159.jpg,f8cfa9e2be3437952aff0024247b68e5dc7cb52fad8f1fbe7bbf4bb10a0ad009
habit_test_02160,009871_02,009871,S8940,task_06,Release when the human grabs the Airtight Container lid.,Airtight Container lid,ready,1,all_five,images/test_image_02160.jpg,f8cfa9e2be3437952aff0024247b68e5dc7cb52fad8f1fbe7bbf4bb10a0ad009
habit_test_02161,009872_01,009872,S8940,task_06,Release when the human grabs the Airtight Container lid.,Airtight Container lid,early,0,all_five,images/test_image_02161.jpg,f8cfa9e2be3437952aff0024247b68e5dc7cb52fad8f1fbe7bbf4bb10a0ad009
habit_test_02162,009872_01,009872,S8940,task_06,Release when the human grabs the Airtight Container lid.,Airtight Container lid,ready,1,all_five,images/test_image_02162.jpg,f8cfa9e2be3437952aff0024247b68e5dc7cb52fad8f1fbe7bbf4bb10a0ad009
habit_test_02163,009872_02,009872,S8940,task_06,Release when the human grabs the Airtight Container lid.,Airtight Container lid,early,0,all_five,images/test_image_02163.jpg,f8cfa9e2be3437952aff0024247b68e5dc7cb52fad8f1fbe7bbf4bb10a0ad009
habit_test_02164,009872_02,009872,S8940,task_06,Release when the human grabs the Airtight Container lid.,Airtight Container lid,ready,1,all_five,images/test_image_02164.jpg,f8cfa9e2be3437952aff0024247b68e5dc7cb52fad8f1fbe7bbf4bb10a0ad009
habit_test_02165,009873_01,009873,S8940,task_06,Release when the human grabs the Airtight Container lid.,Airtight Container lid,early,0,all_five,images/test_image_02165.jpg,f8cfa9e2be3437952aff0024247b68e5dc7cb52fad8f1fbe7bbf4bb10a0ad009
habit_test_02166,009873_01,009873,S8940,task_06,Release when the human grabs the Airtight Container lid.,Airtight Container lid,ready,1,all_five,images/test_image_02166.jpg,f8cfa9e2be3437952aff0024247b68e5dc7cb52fad8f1fbe7bbf4bb10a0ad009
habit_test_02167,009873_02,009873,S8940,task_06,Release when the human grabs the Airtight Container lid.,Airtight Container lid,early,0,all_five,images/test_image_02167.jpg,f8cfa9e2be3437952aff0024247b68e5dc7cb52fad8f1fbe7bbf4bb10a0ad009
habit_test_02168,009873_02,009873,S8940,task_06,Release when the human grabs the Airtight Container lid.,Airtight Container lid,ready,1,all_five,images/test_image_02168.jpg,f8cfa9e2be3437952aff0024247b68e5dc7cb52fad8f1fbe7bbf4bb10a0ad009
habit_test_02169,009874_01,009874,S8940,task_06,Release when the human grabs the Airtight Container lid.,Airtight Container lid,early,0,all_five,images/test_image_02169.jpg,f8cfa9e2be3437952aff0024247b68e5dc7cb52fad8f1fbe7bbf4bb10a0ad009
habit_test_02170,009874_01,009874,S8940,task_06,Release when the human grabs the Airtight Container lid.,Airtight Container lid,ready,1,all_five,images/test_image_02170.jpg,f8cfa9e2be3437952aff0024247b68e5dc7cb52fad8f1fbe7bbf4bb10a0ad009
habit_test_02171,009874_02,009874,S8940,task_06,Release when the human grabs the Airtight Container lid.,Airtight Container lid,early,0,all_five,images/test_image_02171.jpg,f8cfa9e2be3437952aff0024247b68e5dc7cb52fad8f1fbe7bbf4bb10a0ad009
habit_test_02172,009874_02,009874,S8940,task_06,Release when the human grabs the Airtight Container lid.,Airtight Container lid,ready,1,all_five,images/test_image_02172.jpg,f8cfa9e2be3437952aff0024247b68e5dc7cb52fad8f1fbe7bbf4bb10a0ad009
habit_test_02173,009875_01,009875,S8940,task_06,Release when the human grabs the Airtight Container lid.,Airtight Container lid,early,0,all_five,images/test_image_02173.jpg,f8cfa9e2be3437952aff0024247b68e5dc7cb52fad8f1fbe7bbf4bb10a0ad009
habit_test_02174,009875_01,009875,S8940,task_06,Release when the human grabs the Airtight Container lid.,Airtight Container lid,ready,1,all_five,images/test_image_02174.jpg,f8cfa9e2be3437952aff0024247b68e5dc7cb52fad8f1fbe7bbf4bb10a0ad009
habit_test_02175,009875_02,009875,S8940,task_06,Release when the human grabs the Airtight Container lid.,Airtight Container lid,early,0,all_five,images/test_image_02175.jpg,f8cfa9e2be3437952aff0024247b68e5dc7cb52fad8f1fbe7bbf4bb10a0ad009
habit_test_02176,009875_02,009875,S8940,task_06,Release when the human grabs the Airtight Container lid.,Airtight Container lid,ready,1,all_five,images/test_image_02176.jpg,f8cfa9e2be3437952aff0024247b68e5dc7cb52fad8f1fbe7bbf4bb10a0ad009
habit_test_02177,009876_01,009876,S8940,task_06,Release when the human grabs the Airtight Container lid.,Airtight Container lid,early,0,all_five,images/test_image_02177.jpg,f8cfa9e2be3437952aff0024247b68e5dc7cb52fad8f1fbe7bbf4bb10a0ad009
habit_test_02178,009876_01,009876,S8940,task_06,Release when the human grabs the Airtight Container lid.,Airtight Container lid,ready,1,all_five,images/test_image_02178.jpg,f8cfa9e2be3437952aff0024247b68e5dc7cb52fad8f1fbe7bbf4bb10a0ad009
habit_test_02179,009876_02,009876,S8940,task_06,Release when the human grabs the Airtight Container lid.,Airtight Container lid,early,0,all_five,images/test_image_02179.jpg,f8cfa9e2be3437952aff0024247b68e5dc7cb52fad8f1fbe7bbf4bb10a0ad009
habit_test_02180,009876_02,009876,S8940,task_06,Release when the human grabs the Airtight Container lid.,Airtight Container lid,ready,1,all_five,images/test_image_02180.jpg,f8cfa9e2be3437952aff0024247b68e5dc7cb52fad8f1fbe7bbf4bb10a0ad009
habit_test_02181,009879_01,009879,S8940,task_06,Release when the human grabs the Airtight Container lid.,Airtight Container lid,early,0,all_five,images/test_image_02181.jpg,f8cfa9e2be3437952aff0024247b68e5dc7cb52fad8f1fbe7bbf4bb10a0ad009
habit_test_02182,009879_01,009879,S8940,task_06,Release when the human grabs the Airtight Container lid.,Airtight Container lid,ready,1,all_five,images/test_image_02182.jpg,f8cfa9e2be3437952aff0024247b68e5dc7cb52fad8f1fbe7bbf4bb10a0ad009
habit_test_02183,009879_02,009879,S8940,task_06,Release when the human grabs the Airtight Container lid.,Airtight Container lid,early,0,all_five,images/test_image_02183.jpg,f8cfa9e2be3437952aff0024247b68e5dc7cb52fad8f1fbe7bbf4bb10a0ad009
habit_test_02184,009879_02,009879,S8940,task_06,Release when the human grabs the Airtight Container lid.,Airtight Container lid,ready,1,all_five,images/test_image_02184.jpg,f8cfa9e2be3437952aff0024247b68e5dc7cb52fad8f1fbe7bbf4bb10a0ad009
habit_test_02185,009880_01,009880,S8940,task_06,Release when the human grabs the Airtight Container lid.,Airtight Container lid,early,0,all_five,images/test_image_02185.jpg,f8cfa9e2be3437952aff0024247b68e5dc7cb52fad8f1fbe7bbf4bb10a0ad009
habit_test_02186,009880_01,009880,S8940,task_06,Release when the human grabs the Airtight Container lid.,Airtight Container lid,ready,1,all_five,images/test_image_02186.jpg,f8cfa9e2be3437952aff0024247b68e5dc7cb52fad8f1fbe7bbf4bb10a0ad009
habit_test_02187,009880_02,009880,S8940,task_06,Release when the human grabs the Airtight Container lid.,Airtight Container lid,early,0,all_five,images/test_image_02187.jpg,f8cfa9e2be3437952aff0024247b68e5dc7cb52fad8f1fbe7bbf4bb10a0ad009
habit_test_02188,009880_02,009880,S8940,task_06,Release when the human grabs the Airtight Container lid.,Airtight Container lid,ready,1,all_five,images/test_image_02188.jpg,f8cfa9e2be3437952aff0024247b68e5dc7cb52fad8f1fbe7bbf4bb10a0ad009
habit_test_02189,009881_01,009881,S8940,task_06,Release when the human grabs the Airtight Container lid.,Airtight Container lid,early,0,all_five,images/test_image_02189.jpg,f8cfa9e2be3437952aff0024247b68e5dc7cb52fad8f1fbe7bbf4bb10a0ad009
habit_test_02190,009881_01,009881,S8940,task_06,Release when the human grabs the Airtight Container lid.,Airtight Container lid,ready,1,all_five,images/test_image_02190.jpg,f8cfa9e2be3437952aff0024247b68e5dc7cb52fad8f1fbe7bbf4bb10a0ad009
habit_test_02191,009881_02,009881,S8940,task_06,Release when the human grabs the Airtight Container lid.,Airtight Container lid,early,0,all_five,images/test_image_02191.jpg,f8cfa9e2be3437952aff0024247b68e5dc7cb52fad8f1fbe7bbf4bb10a0ad009
habit_test_02192,009881_02,009881,S8940,task_06,Release when the human grabs the Airtight Container lid.,Airtight Container lid,ready,1,all_five,images/test_image_02192.jpg,f8cfa9e2be3437952aff0024247b68e5dc7cb52fad8f1fbe7bbf4bb10a0ad009
habit_test_02193,009882_01,009882,S8940,task_06,Release when the human grabs the Airtight Container lid.,Airtight Container lid,early,0,all_five,images/test_image_02193.jpg,f8cfa9e2be3437952aff0024247b68e5dc7cb52fad8f1fbe7bbf4bb10a0ad009
habit_test_02194,009882_01,009882,S8940,task_06,Release when the human grabs the Airtight Container lid.,Airtight Container lid,ready,1,all_five,images/test_image_02194.jpg,f8cfa9e2be3437952aff0024247b68e5dc7cb52fad8f1fbe7bbf4bb10a0ad009
habit_test_02195,009882_02,009882,S8940,task_06,Release when the human grabs the Airtight Container lid.,Airtight Container lid,early,0,all_five,images/test_image_02195.jpg,f8cfa9e2be3437952aff0024247b68e5dc7cb52fad8f1fbe7bbf4bb10a0ad009
habit_test_02196,009882_02,009882,S8940,task_06,Release when the human grabs the Airtight Container lid.,Airtight Container lid,ready,1,all_five,images/test_image_02196.jpg,f8cfa9e2be3437952aff0024247b68e5dc7cb52fad8f1fbe7bbf4bb10a0ad009
habit_test_02197,009883_01,009883,S8940,task_06,Release when the human grabs the Airtight Container lid.,Airtight Container lid,early,0,all_five,images/test_image_02197.jpg,f8cfa9e2be3437952aff0024247b68e5dc7cb52fad8f1fbe7bbf4bb10a0ad009
habit_test_02198,009883_01,009883,S8940,task_06,Release when the human grabs the Airtight Container lid.,Airtight Container lid,ready,1,all_five,images/test_image_02198.jpg,f8cfa9e2be3437952aff0024247b68e5dc7cb52fad8f1fbe7bbf4bb10a0ad009
habit_test_02199,009883_02,009883,S8940,task_06,Release when the human grabs the Airtight Container lid.,Airtight Container lid,early,0,all_five,images/test_image_02199.jpg,f8cfa9e2be3437952aff0024247b68e5dc7cb52fad8f1fbe7bbf4bb10a0ad009
habit_test_02200,009883_02,009883,S8940,task_06,Release when the human grabs the Airtight Container lid.,Airtight Container lid,ready,1,all_five,images/test_image_02200.jpg,f8cfa9e2be3437952aff0024247b68e5dc7cb52fad8f1fbe7bbf4bb10a0ad009
habit_test_02201,009885_01,009885,S8940,task_06,Release when the human grabs the Airtight Container lid.,Airtight Container lid,early,0,all_five,images/test_image_02201.jpg,f8cfa9e2be3437952aff0024247b68e5dc7cb52fad8f1fbe7bbf4bb10a0ad009
habit_test_02202,009885_01,009885,S8940,task_06,Release when the human grabs the Airtight Container lid.,Airtight Container lid,ready,1,all_five,images/test_image_02202.jpg,f8cfa9e2be3437952aff0024247b68e5dc7cb52fad8f1fbe7bbf4bb10a0ad009
habit_test_02203,009885_02,009885,S8940,task_06,Release when the human grabs the Airtight Container lid.,Airtight Container lid,early,0,all_five,images/test_image_02203.jpg,f8cfa9e2be3437952aff0024247b68e5dc7cb52fad8f1fbe7bbf4bb10a0ad009
habit_test_02204,009885_02,009885,S8940,task_06,Release when the human grabs the Airtight Container lid.,Airtight Container lid,ready,1,all_five,images/test_image_02204.jpg,f8cfa9e2be3437952aff0024247b68e5dc7cb52fad8f1fbe7bbf4bb10a0ad009
habit_test_02205,009886_01,009886,S8940,task_06,Release when the human grabs the Airtight Container lid.,Airtight Container lid,early,0,all_five,images/test_image_02205.jpg,f8cfa9e2be3437952aff0024247b68e5dc7cb52fad8f1fbe7bbf4bb10a0ad009
habit_test_02206,009886_01,009886,S8940,task_06,Release when the human grabs the Airtight Container lid.,Airtight Container lid,ready,1,all_five,images/test_image_02206.jpg,f8cfa9e2be3437952aff0024247b68e5dc7cb52fad8f1fbe7bbf4bb10a0ad009
habit_test_02207,009886_02,009886,S8940,task_06,Release when the human grabs the Airtight Container lid.,Airtight Container lid,early,0,all_five,images/test_image_02207.jpg,f8cfa9e2be3437952aff0024247b68e5dc7cb52fad8f1fbe7bbf4bb10a0ad009
habit_test_02208,009886_02,009886,S8940,task_06,Release when the human grabs the Airtight Container lid.,Airtight Container lid,ready,1,all_five,images/test_image_02208.jpg,f8cfa9e2be3437952aff0024247b68e5dc7cb52fad8f1fbe7bbf4bb10a0ad009
habit_test_02209,009887_01,009887,S8940,task_06,Release when the human grabs the Airtight Container lid.,Airtight Container lid,early,0,all_five,images/test_image_02209.jpg,f8cfa9e2be3437952aff0024247b68e5dc7cb52fad8f1fbe7bbf4bb10a0ad009
habit_test_02210,009887_01,009887,S8940,task_06,Release when the human grabs the Airtight Container lid.,Airtight Container lid,ready,1,all_five,images/test_image_02210.jpg,f8cfa9e2be3437952aff0024247b68e5dc7cb52fad8f1fbe7bbf4bb10a0ad009
habit_test_02211,009887_02,009887,S8940,task_06,Release when the human grabs the Airtight Container lid.,Airtight Container lid,early,0,all_five,images/test_image_02211.jpg,f8cfa9e2be3437952aff0024247b68e5dc7cb52fad8f1fbe7bbf4bb10a0ad009
habit_test_02212,009887_02,009887,S8940,task_06,Release when the human grabs the Airtight Container lid.,Airtight Container lid,ready,1,all_five,images/test_image_02212.jpg,f8cfa9e2be3437952aff0024247b68e5dc7cb52fad8f1fbe7bbf4bb10a0ad009
habit_test_02213,009889_01,009889,S8940,task_06,Release when the human grabs the Airtight Container lid.,Airtight Container lid,early,0,all_five,images/test_image_02213.jpg,f8cfa9e2be3437952aff0024247b68e5dc7cb52fad8f1fbe7bbf4bb10a0ad009
habit_test_02214,009889_01,009889,S8940,task_06,Release when the human grabs the Airtight Container lid.,Airtight Container lid,ready,1,all_five,images/test_image_02214.jpg,f8cfa9e2be3437952aff0024247b68e5dc7cb52fad8f1fbe7bbf4bb10a0ad009
habit_test_02215,009889_02,009889,S8940,task_06,Release when the human grabs the Airtight Container lid.,Airtight Container lid,early,0,all_five,images/test_image_02215.jpg,f8cfa9e2be3437952aff0024247b68e5dc7cb52fad8f1fbe7bbf4bb10a0ad009
habit_test_02216,009889_02,009889,S8940,task_06,Release when the human grabs the Airtight Container lid.,Airtight Container lid,ready,1,all_five,images/test_image_02216.jpg,f8cfa9e2be3437952aff0024247b68e5dc7cb52fad8f1fbe7bbf4bb10a0ad009
habit_test_02217,009892_01,009892,S8940,task_06,Release when the human grabs the Airtight Container lid.,Airtight Container lid,early,0,all_five,images/test_image_02217.jpg,f8cfa9e2be3437952aff0024247b68e5dc7cb52fad8f1fbe7bbf4bb10a0ad009
habit_test_02218,009892_01,009892,S8940,task_06,Release when the human grabs the Airtight Container lid.,Airtight Container lid,ready,1,all_five,images/test_image_02218.jpg,f8cfa9e2be3437952aff0024247b68e5dc7cb52fad8f1fbe7bbf4bb10a0ad009
habit_test_02219,009892_02,009892,S8940,task_06,Release when the human grabs the Airtight Container lid.,Airtight Container lid,early,0,all_five,images/test_image_02219.jpg,f8cfa9e2be3437952aff0024247b68e5dc7cb52fad8f1fbe7bbf4bb10a0ad009
habit_test_02220,009892_02,009892,S8940,task_06,Release when the human grabs the Airtight Container lid.,Airtight Container lid,ready,1,all_five,images/test_image_02220.jpg,f8cfa9e2be3437952aff0024247b68e5dc7cb52fad8f1fbe7bbf4bb10a0ad009
habit_test_02221,009893_01,009893,S8940,task_06,Release when the human grabs the Airtight Container lid.,Airtight Container lid,early,0,all_five,images/test_image_02221.jpg,f8cfa9e2be3437952aff0024247b68e5dc7cb52fad8f1fbe7bbf4bb10a0ad009
habit_test_02222,009893_01,009893,S8940,task_06,Release when the human grabs the Airtight Container lid.,Airtight Container lid,ready,1,all_five,images/test_image_02222.jpg,f8cfa9e2be3437952aff0024247b68e5dc7cb52fad8f1fbe7bbf4bb10a0ad009
habit_test_02223,009893_02,009893,S8940,task_06,Release when the human grabs the Airtight Container lid.,Airtight Container lid,early,0,all_five,images/test_image_02223.jpg,f8cfa9e2be3437952aff0024247b68e5dc7cb52fad8f1fbe7bbf4bb10a0ad009
habit_test_02224,009893_02,009893,S8940,task_06,Release when the human grabs the Airtight Container lid.,Airtight Container lid,ready,1,all_five,images/test_image_02224.jpg,f8cfa9e2be3437952aff0024247b68e5dc7cb52fad8f1fbe7bbf4bb10a0ad009
habit_test_02225,009894_01,009894,S8940,task_06,Release when the human grabs the Airtight Container lid.,Airtight Container lid,early,0,all_five,images/test_image_02225.jpg,f8cfa9e2be3437952aff0024247b68e5dc7cb52fad8f1fbe7bbf4bb10a0ad009
habit_test_02226,009894_01,009894,S8940,task_06,Release when the human grabs the Airtight Container lid.,Airtight Container lid,ready,1,all_five,images/test_image_02226.jpg,f8cfa9e2be3437952aff0024247b68e5dc7cb52fad8f1fbe7bbf4bb10a0ad009
habit_test_02227,009894_02,009894,S8940,task_06,Release when the human grabs the Airtight Container lid.,Airtight Container lid,early,0,all_five,images/test_image_02227.jpg,f8cfa9e2be3437952aff0024247b68e5dc7cb52fad8f1fbe7bbf4bb10a0ad009
habit_test_02228,009894_02,009894,S8940,task_06,Release when the human grabs the Airtight Container lid.,Airtight Container lid,ready,1,all_five,images/test_image_02228.jpg,f8cfa9e2be3437952aff0024247b68e5dc7cb52fad8f1fbe7bbf4bb10a0ad009
habit_test_02229,009895_01,009895,S8940,task_06,Release when the human grabs the Airtight Container lid.,Airtight Container lid,early,0,all_five,images/test_image_02229.jpg,f8cfa9e2be3437952aff0024247b68e5dc7cb52fad8f1fbe7bbf4bb10a0ad009
habit_test_02230,009895_01,009895,S8940,task_06,Release when the human grabs the Airtight Container lid.,Airtight Container lid,ready,1,all_five,images/test_image_02230.jpg,f8cfa9e2be3437952aff0024247b68e5dc7cb52fad8f1fbe7bbf4bb10a0ad009
habit_test_02231,009895_02,009895,S8940,task_06,Release when the human grabs the Airtight Container lid.,Airtight Container lid,early,0,all_five,images/test_image_02231.jpg,f8cfa9e2be3437952aff0024247b68e5dc7cb52fad8f1fbe7bbf4bb10a0ad009
habit_test_02232,009895_02,009895,S8940,task_06,Release when the human grabs the Airtight Container lid.,Airtight Container lid,ready,1,all_five,images/test_image_02232.jpg,f8cfa9e2be3437952aff0024247b68e5dc7cb52fad8f1fbe7bbf4bb10a0ad009
habit_test_02233,009896_01,009896,S8940,task_06,Release when the human grabs the Airtight Container lid.,Airtight Container lid,early,0,all_five,images/test_image_02233.jpg,f8cfa9e2be3437952aff0024247b68e5dc7cb52fad8f1fbe7bbf4bb10a0ad009
habit_test_02234,009896_01,009896,S8940,task_06,Release when the human grabs the Airtight Container lid.,Airtight Container lid,ready,1,all_five,images/test_image_02234.jpg,f8cfa9e2be3437952aff0024247b68e5dc7cb52fad8f1fbe7bbf4bb10a0ad009
habit_test_02235,009896_02,009896,S8940,task_06,Release when the human grabs the Airtight Container lid.,Airtight Container lid,early,0,all_five,images/test_image_02235.jpg,f8cfa9e2be3437952aff0024247b68e5dc7cb52fad8f1fbe7bbf4bb10a0ad009
habit_test_02236,009896_02,009896,S8940,task_06,Release when the human grabs the Airtight Container lid.,Airtight Container lid,ready,1,all_five,images/test_image_02236.jpg,f8cfa9e2be3437952aff0024247b68e5dc7cb52fad8f1fbe7bbf4bb10a0ad009
habit_test_02237,009897_01,009897,S8940,task_06,Release when the human grabs the Airtight Container lid.,Airtight Container lid,early,0,all_five,images/test_image_02237.jpg,f8cfa9e2be3437952aff0024247b68e5dc7cb52fad8f1fbe7bbf4bb10a0ad009
habit_test_02238,009897_01,009897,S8940,task_06,Release when the human grabs the Airtight Container lid.,Airtight Container lid,ready,1,all_five,images/test_image_02238.jpg,f8cfa9e2be3437952aff0024247b68e5dc7cb52fad8f1fbe7bbf4bb10a0ad009
habit_test_02239,009897_02,009897,S8940,task_06,Release when the human grabs the Airtight Container lid.,Airtight Container lid,early,0,all_five,images/test_image_02239.jpg,f8cfa9e2be3437952aff0024247b68e5dc7cb52fad8f1fbe7bbf4bb10a0ad009
habit_test_02240,009897_02,009897,S8940,task_06,Release when the human grabs the Airtight Container lid.,Airtight Container lid,ready,1,all_five,images/test_image_02240.jpg,f8cfa9e2be3437952aff0024247b68e5dc7cb52fad8f1fbe7bbf4bb10a0ad009
habit_test_02241,009898_01,009898,S8940,task_06,Release when the human grabs the Airtight Container lid.,Airtight Container lid,early,0,all_five,images/test_image_02241.jpg,f8cfa9e2be3437952aff0024247b68e5dc7cb52fad8f1fbe7bbf4bb10a0ad009
habit_test_02242,009898_01,009898,S8940,task_06,Release when the human grabs the Airtight Container lid.,Airtight Container lid,ready,1,all_five,images/test_image_02242.jpg,f8cfa9e2be3437952aff0024247b68e5dc7cb52fad8f1fbe7bbf4bb10a0ad009
habit_test_02243,009898_02,009898,S8940,task_06,Release when the human grabs the Airtight Container lid.,Airtight Container lid,early,0,all_five,images/test_image_02243.jpg,f8cfa9e2be3437952aff0024247b68e5dc7cb52fad8f1fbe7bbf4bb10a0ad009
habit_test_02244,009898_02,009898,S8940,task_06,Release when the human grabs the Airtight Container lid.,Airtight Container lid,ready,1,all_five,images/test_image_02244.jpg,f8cfa9e2be3437952aff0024247b68e5dc7cb52fad8f1fbe7bbf4bb10a0ad009
habit_test_02245,009899_01,009899,S8940,task_06,Release when the human grabs the Airtight Container lid.,Airtight Container lid,early,0,all_five,images/test_image_02245.jpg,f8cfa9e2be3437952aff0024247b68e5dc7cb52fad8f1fbe7bbf4bb10a0ad009
habit_test_02246,009899_01,009899,S8940,task_06,Release when the human grabs the Airtight Container lid.,Airtight Container lid,ready,1,all_five,images/test_image_02246.jpg,f8cfa9e2be3437952aff0024247b68e5dc7cb52fad8f1fbe7bbf4bb10a0ad009
habit_test_02247,009899_02,009899,S8940,task_06,Release when the human grabs the Airtight Container lid.,Airtight Container lid,early,0,all_five,images/test_image_02247.jpg,f8cfa9e2be3437952aff0024247b68e5dc7cb52fad8f1fbe7bbf4bb10a0ad009
habit_test_02248,009899_02,009899,S8940,task_06,Release when the human grabs the Airtight Container lid.,Airtight Container lid,ready,1,all_five,images/test_image_02248.jpg,f8cfa9e2be3437952aff0024247b68e5dc7cb52fad8f1fbe7bbf4bb10a0ad009
habit_test_02249,009900_01,009900,S8940,task_06,Release when the human grabs the Airtight Container lid.,Airtight Container lid,early,0,all_five,images/test_image_02249.jpg,f8cfa9e2be3437952aff0024247b68e5dc7cb52fad8f1fbe7bbf4bb10a0ad009
habit_test_02250,009900_01,009900,S8940,task_06,Release when the human grabs the Airtight Container lid.,Airtight Container lid,ready,1,all_five,images/test_image_02250.jpg,f8cfa9e2be3437952aff0024247b68e5dc7cb52fad8f1fbe7bbf4bb10a0ad009
habit_test_02251,009900_02,009900,S8940,task_06,Release when the human grabs the Airtight Container lid.,Airtight Container lid,early,0,all_five,images/test_image_02251.jpg,f8cfa9e2be3437952aff0024247b68e5dc7cb52fad8f1fbe7bbf4bb10a0ad009
habit_test_02252,009900_02,009900,S8940,task_06,Release when the human grabs the Airtight Container lid.,Airtight Container lid,ready,1,all_five,images/test_image_02252.jpg,f8cfa9e2be3437952aff0024247b68e5dc7cb52fad8f1fbe7bbf4bb10a0ad009
habit_test_02253,009901_01,009901,S8940,task_06,Release when the human grabs the Airtight Container lid.,Airtight Container lid,early,0,all_five,images/test_image_02253.jpg,f8cfa9e2be3437952aff0024247b68e5dc7cb52fad8f1fbe7bbf4bb10a0ad009
habit_test_02254,009901_01,009901,S8940,task_06,Release when the human grabs the Airtight Container lid.,Airtight Container lid,ready,1,all_five,images/test_image_02254.jpg,f8cfa9e2be3437952aff0024247b68e5dc7cb52fad8f1fbe7bbf4bb10a0ad009
habit_test_02255,009901_02,009901,S8940,task_06,Release when the human grabs the Airtight Container lid.,Airtight Container lid,early,0,all_five,images/test_image_02255.jpg,f8cfa9e2be3437952aff0024247b68e5dc7cb52fad8f1fbe7bbf4bb10a0ad009
habit_test_02256,009901_02,009901,S8940,task_06,Release when the human grabs the Airtight Container lid.,Airtight Container lid,ready,1,all_five,images/test_image_02256.jpg,f8cfa9e2be3437952aff0024247b68e5dc7cb52fad8f1fbe7bbf4bb10a0ad009
